version 1.00
910
[1.24984,0.908486,0.680856][0.708661,-0.291339,0.637795][17.9574,-31.0057,0][1.24809,0.868274,0.618864][0.677165,-0.732283,-0.0787402][17.9613,-31.0082,0][1.24674,0.973686,0.56964][0.708661,0.677165,0.204724][17.9644,-31.0016,0][1.24984,0.908486,0.680856][0.708661,-0.291339,0.637795][17.9574,-31.0057,0][1.24674,0.973686,0.56964][0.708661,0.677165,0.204724][17.9644,-31.0016,0][1.25002,0.925452,0.687322][0.661417,0.614173,-0.433071][17.957,-31.0047,0][1.24961,0.892266,0.67273][0.692913,-0.409449,0.590551][17.958,-31.0067,0][1.24809,0.868274,0.618864][0.677165,-0.732283,-0.0787402][17.9613,-31.0082,0][1.24984,0.908486,0.680856][0.708661,-0.291339,0.637795][17.9574,-31.0057,0][1.24809,0.868274,0.618864][0.677165,-0.732283,-0.0787402][17.9613,-31.0082,0][1.24961,0.892266,0.67273][0.692913,-0.409449,0.590551][17.958,-31.0067,0][1.24875,0.869424,0.642254][0.669291,-0.724409,0.165354][17.9599,-31.0082,0][1.24875,0.869424,0.642254][0.669291,-0.724409,0.165354][17.9599,-31.0082,0][1.24961,0.892266,0.67273][0.692913,-0.409449,0.590551][17.958,-31.0067,0][1.24927,0.878286,0.660588][0.677165,-0.598425,0.433071][17.9587,-31.0076,0][1.24738,0.873414,0.594182][0.685039,-0.692913,-0.212598][17.9629,-31.0079,0][1.24674,0.973686,0.56964][0.708661,0.677165,0.204724][17.9644,-31.0016,0][1.24809,0.868274,0.618864][0.677165,-0.732283,-0.0787402][17.9613,-31.0082,0][1.24674,0.973686,0.56964][0.708661,0.677165,0.204724][17.9644,-31.0016,0][1.24738,0.873414,0.594182][0.685039,-0.692913,-0.212598][17.9629,-31.0079,0][1.24669,0.881852,0.569886][0.692913,-0.669291,-0.267717][17.9644,-31.0074,0][1.24601,0.89152,0.545956][0.700787,-0.653543,-0.283465][17.9659,-31.0068,0][1.24674,0.973686,0.56964][0.708661,0.677165,0.204724][17.9644,-31.0016,0][1.24669,0.881852,0.569886][0.692913,-0.669291,-0.267717][17.9644,-31.0074,0][1.24674,0.973686,0.56964][0.708661,0.677165,0.204724][17.9644,-31.0016,0][1.24601,0.89152,0.545956][0.700787,-0.653543,-0.283465][17.9659,-31.0068,0][1.24592,0.892782,0.54289][0.716535,-0.637795,-0.283465][17.9661,-31.0067,0][1.16285,1.16332,-0.27596][0.700787,0.708661,0.00787402][18.0172,-30.9898,0][1.15881,1.08201,-0.316918][0.700787,-0.700787,-0.141732][18.0198,-30.9949,0][1.15962,1.16687,-0.309194][0.700787,0.708661,0][18.0193,-30.9896,0][1.15881,1.08201,-0.316918][0.700787,-0.700787,-0.141732][18.0198,-30.9949,0][1.16285,1.16332,-0.27596][0.700787,0.708661,0.00787402][18.0172,-30.9898,0][1.16203,1.07853,-0.284402][0.700787,-0.700787,-0.149606][18.0178,-30.9951,0][1.16608,1.15949,-0.24276][0.700787,0.708661,0.015748][18.0152,-30.99,0][1.16203,1.07853,-0.284402][0.700787,-0.700787,-0.149606][18.0178,-30.9951,0][1.16285,1.16332,-0.27596][0.700787,0.708661,0.00787402][18.0172,-30.9898,0][1.16203,1.07853,-0.284402][0.700787,-0.700787,-0.149606][18.0178,-30.9951,0][1.16608,1.15949,-0.24276][0.700787,0.708661,0.015748][18.0152,-30.99,0][1.16526,1.07477,-0.25192][0.700787,-0.700787,-0.149606][18.0157,-30.9953,0][1.1693,1.15538,-0.209594][0.700787,0.708661,0.023622][18.0131,-30.9903,0][1.16526,1.07477,-0.25192][0.700787,-0.700787,-0.149606][18.0157,-30.9953,0][1.16608,1.15949,-0.24276][0.700787,0.708661,0.015748][18.0152,-30.99,0][1.16526,1.07477,-0.25192][0.700787,-0.700787,-0.149606][18.0157,-30.9953,0][1.1693,1.15538,-0.209594][0.700787,0.708661,0.023622][18.0131,-30.9903,0][1.16849,1.07074,-0.219472][0.700787,-0.700787,-0.15748][18.0137,-30.9956,0][1.17253,1.15099,-0.176469][0.700787,0.708661,0.0314961][18.011,-30.9906,0][1.16849,1.07074,-0.219472][0.700787,-0.700787,-0.15748][18.0137,-30.9956,0][1.1693,1.15538,-0.209594][0.700787,0.708661,0.023622][18.0131,-30.9903,0][1.16849,1.07074,-0.219472][0.700787,-0.700787,-0.15748][18.0137,-30.9956,0][1.17253,1.15099,-0.176469][0.700787,0.708661,0.0314961][18.011,-30.9906,0][1.17171,1.06644,-0.187061][0.700787,-0.692913,-0.165354][18.0117,-30.9958,0][1.17576,1.14632,-0.143381][0.700787,0.708661,0.0314961][18.009,-30.9909,0][1.17171,1.06644,-0.187061][0.700787,-0.692913,-0.165354][18.0117,-30.9958,0][1.17253,1.15099,-0.176469][0.700787,0.708661,0.0314961][18.011,-30.9906,0][1.17171,1.06644,-0.187061][0.700787,-0.692913,-0.165354][18.0117,-30.9958,0][1.17576,1.14632,-0.143381][0.700787,0.708661,0.0314961][18.009,-30.9909,0][1.17494,1.06186,-0.154689][0.700787,-0.692913,-0.173228][18.0097,-30.9961,0][1.17494,1.06186,-0.154689][0.700787,-0.692913,-0.173228][18.0097,-30.9961,0][1.17898,1.14137,-0.110337][0.700787,0.708661,0.0393701][18.0069,-30.9912,0][1.17817,1.05701,-0.122359][0.700787,-0.692913,-0.173228][18.0076,-30.9964,0][1.17898,1.14137,-0.110337][0.700787,0.708661,0.0393701][18.0069,-30.9912,0][1.17494,1.06186,-0.154689][0.700787,-0.692913,-0.173228][18.0097,-30.9961,0][1.17576,1.14632,-0.143381][0.700787,0.708661,0.0314961][18.009,-30.9909,0][1.18221,1.13614,-0.0773366][0.700787,0.708661,0.0472441][18.0048,-30.9915,0][1.17817,1.05701,-0.122359][0.700787,-0.692913,-0.173228][18.0076,-30.9964,0][1.17898,1.14137,-0.110337][0.700787,0.708661,0.0393701][18.0069,-30.9912,0][1.17817,1.05701,-0.122359][0.700787,-0.692913,-0.173228][18.0076,-30.9964,0][1.18221,1.13614,-0.0773366][0.700787,0.708661,0.0472441][18.0048,-30.9915,0][1.18139,1.05189,-0.0900726][0.700787,-0.692913,-0.181102][18.0056,-30.9968,0][1.18543,1.13064,-0.0443846][0.700787,0.708661,0.0551181][18.0028,-30.9918,0][1.18139,1.05189,-0.0900726][0.700787,-0.692913,-0.181102][18.0056,-30.9968,0][1.18221,1.13614,-0.0773366][0.700787,0.708661,0.0472441][18.0048,-30.9915,0][1.18139,1.05189,-0.0900726][0.700787,-0.692913,-0.181102][18.0056,-30.9968,0][1.18543,1.13064,-0.0443846][0.700787,0.708661,0.0551181][18.0028,-30.9918,0][1.18462,1.04649,-0.0578326][0.700787,-0.692913,-0.188976][18.0036,-30.9971,0][1.18866,1.12485,-0.0114807][0.700787,0.708661,0.0551181][18.0007,-30.9922,0][1.18462,1.04649,-0.0578326][0.700787,-0.692913,-0.188976][18.0036,-30.9971,0][1.18543,1.13064,-0.0443846][0.700787,0.708661,0.0551181][18.0028,-30.9918,0][1.18462,1.04649,-0.0578326][0.700787,-0.692913,-0.188976][18.0036,-30.9971,0][1.18866,1.12485,-0.0114807][0.700787,0.708661,0.0551181][18.0007,-30.9922,0][1.18785,1.04082,-0.0256426][0.700787,-0.692913,-0.19685][18.0016,-30.9974,0][1.19189,1.11878,0.0213694][0.700787,0.708661,0.0629921][17.9987,-30.9926,0][1.18785,1.04082,-0.0256426][0.700787,-0.692913,-0.19685][18.0016,-30.9974,0][1.18866,1.12485,-0.0114807][0.700787,0.708661,0.0551181][18.0007,-30.9922,0][1.18785,1.04082,-0.0256426][0.700787,-0.692913,-0.19685][18.0016,-30.9974,0][1.19189,1.11878,0.0213694][0.700787,0.708661,0.0629921][17.9987,-30.9926,0][1.19107,1.03488,0.00649736][0.700787,-0.685039,-0.19685][17.9996,-30.9978,0][1.19511,1.11244,0.0541674][0.700787,0.708661,0.0708661][17.9966,-30.993,0][1.19107,1.03488,0.00649736][0.700787,-0.685039,-0.19685][17.9996,-30.9978,0][1.19189,1.11878,0.0213694][0.700787,0.708661,0.0629921][17.9987,-30.9926,0][1.19107,1.03488,0.00649736][0.700787,-0.685039,-0.19685][17.9996,-30.9978,0][1.19511,1.11244,0.0541674][0.700787,0.708661,0.0708661][17.9966,-30.993,0][1.1943,1.02867,0.0385854][0.700787,-0.685039,-0.204724][17.9976,-30.9982,0][1.19834,1.10582,0.0869074][0.700787,0.708661,0.0787402][17.9946,-30.9934,0][1.1943,1.02867,0.0385854][0.700787,-0.685039,-0.204724][17.9976,-30.9982,0][1.19511,1.11244,0.0541674][0.700787,0.708661,0.0708661][17.9966,-30.993,0][1.1943,1.02867,0.0385854][0.700787,-0.685039,-0.204724][17.9976,-30.9982,0][1.19834,1.10582,0.0869074][0.700787,0.708661,0.0787402][17.9946,-30.9934,0][1.19752,1.02218,0.0706174][0.700787,-0.685039,-0.212598][17.9956,-30.9986,0][1.20157,1.09893,0.119587][0.700787,0.708661,0.0787402][17.9925,-30.9938,0][1.19752,1.02218,0.0706174][0.700787,-0.685039,-0.212598][17.9956,-30.9986,0][1.19834,1.10582,0.0869074][0.700787,0.708661,0.0787402][17.9946,-30.9934,0][1.19752,1.02218,0.0706174][0.700787,-0.685039,-0.212598][17.9956,-30.9986,0][1.20157,1.09893,0.119587][0.700787,0.708661,0.0787402][17.9925,-30.9938,0][1.20075,1.01543,0.102591][0.700787,-0.685039,-0.220472][17.9936,-30.999,0][1.20479,1.09176,0.152207][0.700787,0.700787,0.0866142][17.9905,-30.9943,0][1.20075,1.01543,0.102591][0.700787,-0.685039,-0.220472][17.9936,-30.999,0][1.20157,1.09893,0.119587][0.700787,0.708661,0.0787402][17.9925,-30.9938,0][1.20075,1.01543,0.102591][0.700787,-0.685039,-0.220472][17.9936,-30.999,0][1.20479,1.09176,0.152207][0.700787,0.700787,0.0866142][17.9905,-30.9943,0][1.20398,1.0084,0.134505][0.700787,-0.677165,-0.220472][17.9916,-30.9995,0][1.20802,1.08431,0.184765][0.700787,0.700787,0.0944882][17.9885,-30.9947,0][1.20398,1.0084,0.134505][0.700787,-0.677165,-0.220472][17.9916,-30.9995,0][1.20479,1.09176,0.152207][0.700787,0.700787,0.0866142][17.9905,-30.9943,0][1.20398,1.0084,0.134505][0.700787,-0.677165,-0.220472][17.9916,-30.9995,0][1.20802,1.08431,0.184765][0.700787,0.700787,0.0944882][17.9885,-30.9947,0][1.2072,1.00111,0.166357][0.700787,-0.677165,-0.228346][17.9896,-30.9999,0][1.21125,1.07659,0.217256][0.700787,0.700787,0.102362][17.9864,-30.9952,0][1.2072,1.00111,0.166357][0.700787,-0.677165,-0.228346][17.9896,-30.9999,0][1.20802,1.08431,0.184765][0.700787,0.700787,0.0944882][17.9885,-30.9947,0][1.2072,1.00111,0.166357][0.700787,-0.677165,-0.228346][17.9896,-30.9999,0][1.21125,1.07659,0.217256][0.700787,0.700787,0.102362][17.9864,-30.9952,0][1.21043,0.993546,0.198143][0.700787,-0.677165,-0.23622][17.9876,-31.0004,0][1.21447,1.06859,0.249678][0.700787,0.700787,0.102362][17.9844,-30.9957,0][1.21043,0.993546,0.198143][0.700787,-0.677165,-0.23622][17.9876,-31.0004,0][1.21125,1.07659,0.217256][0.700787,0.700787,0.102362][17.9864,-30.9952,0][1.21043,0.993546,0.198143][0.700787,-0.677165,-0.23622][17.9876,-31.0004,0][1.21447,1.06859,0.249678][0.700787,0.700787,0.102362][17.9844,-30.9957,0][1.21366,0.985716,0.229864][0.700787,-0.677165,-0.23622][17.9856,-31.0009,0][1.2177,1.06032,0.28203][0.700787,0.700787,0.110236][17.9824,-30.9962,0][1.21366,0.985716,0.229864][0.700787,-0.677165,-0.23622][17.9856,-31.0009,0][1.21447,1.06859,0.249678][0.700787,0.700787,0.102362][17.9844,-30.9957,0][1.21366,0.985716,0.229864][0.700787,-0.677165,-0.23622][17.9856,-31.0009,0][1.2177,1.06032,0.28203][0.700787,0.700787,0.110236][17.9824,-30.9962,0][1.21688,0.977614,0.261514][0.700787,-0.669291,-0.244094][17.9837,-31.0014,0][1.22093,1.05178,0.314308][0.700787,0.700787,0.11811][17.9804,-30.9968,0][1.21688,0.977614,0.261514][0.700787,-0.669291,-0.244094][17.9837,-31.0014,0][1.2177,1.06032,0.28203][0.700787,0.700787,0.110236][17.9824,-30.9962,0][1.21688,0.977614,0.261514][0.700787,-0.669291,-0.244094][17.9837,-31.0014,0][1.22093,1.05178,0.314308][0.700787,0.700787,0.11811][17.9804,-30.9968,0][1.22011,0.96925,0.293094][0.700787,-0.669291,-0.251969][17.9817,-31.0019,0][1.22415,1.04296,0.346512][0.700787,0.700787,0.125984][17.9783,-30.9973,0][1.22011,0.96925,0.293094][0.700787,-0.669291,-0.251969][17.9817,-31.0019,0][1.22093,1.05178,0.314308][0.700787,0.700787,0.11811][17.9804,-30.9968,0][1.22011,0.96925,0.293094][0.700787,-0.669291,-0.251969][17.9817,-31.0019,0][1.22415,1.04296,0.346512][0.700787,0.700787,0.125984][17.9783,-30.9973,0][1.22334,0.960616,0.3246][0.700787,-0.669291,-0.259843][17.9797,-31.0025,0][1.22738,1.03388,0.378638][0.700787,0.700787,0.125984][17.9763,-30.9979,0][1.22334,0.960616,0.3246][0.700787,-0.669291,-0.259843][17.9797,-31.0025,0][1.22415,1.04296,0.346512][0.700787,0.700787,0.125984][17.9783,-30.9973,0][1.22334,0.960616,0.3246][0.700787,-0.669291,-0.259843][17.9797,-31.0025,0][1.22738,1.03388,0.378638][0.700787,0.700787,0.125984][17.9763,-30.9979,0][1.22656,0.951718,0.35603][0.700787,-0.669291,-0.259843][17.9777,-31.003,0][1.23061,1.02452,0.410684][0.700787,0.700787,0.133858][17.9743,-30.9985,0][1.22656,0.951718,0.35603][0.700787,-0.669291,-0.259843][17.9777,-31.003,0][1.22738,1.03388,0.378638][0.700787,0.700787,0.125984][17.9763,-30.9979,0][1.22656,0.951718,0.35603][0.700787,-0.669291,-0.259843][17.9777,-31.003,0][1.23061,1.02452,0.410684][0.700787,0.700787,0.133858][17.9743,-30.9985,0][1.22979,0.942554,0.387382][0.700787,-0.661417,-0.267717][17.9758,-31.0036,0][1.23383,1.01489,0.44265][0.700787,0.692913,0.141732][17.9723,-30.9991,0][1.22979,0.942554,0.387382][0.700787,-0.661417,-0.267717][17.9758,-31.0036,0][1.23061,1.02452,0.410684][0.700787,0.700787,0.133858][17.9743,-30.9985,0][1.22979,0.942554,0.387382][0.700787,-0.661417,-0.267717][17.9758,-31.0036,0][1.23383,1.01489,0.44265][0.700787,0.692913,0.141732][17.9723,-30.9991,0][1.23302,0.933126,0.418654][0.700787,-0.661417,-0.275591][17.9738,-31.0042,0][1.23706,1.00499,0.47453][0.700787,0.692913,0.149606][17.9703,-30.9997,0][1.23302,0.933126,0.418654][0.700787,-0.661417,-0.275591][17.9738,-31.0042,0][1.23383,1.01489,0.44265][0.700787,0.692913,0.141732][17.9723,-30.9991,0][1.23302,0.933126,0.418654][0.700787,-0.661417,-0.275591][17.9738,-31.0042,0][1.23706,1.00499,0.47453][0.700787,0.692913,0.149606][17.9703,-30.9997,0][1.23624,0.923432,0.449842][0.700787,-0.661417,-0.283465][17.9719,-31.0048,0][1.24029,0.994826,0.506322][0.700787,0.692913,0.149606][17.9684,-31.0003,0][1.23624,0.923432,0.449842][0.700787,-0.661417,-0.283465][17.9719,-31.0048,0][1.23706,1.00499,0.47453][0.700787,0.692913,0.149606][17.9703,-30.9997,0][1.23624,0.923432,0.449842][0.700787,-0.661417,-0.283465][17.9719,-31.0048,0][1.24029,0.994826,0.506322][0.700787,0.692913,0.149606][17.9684,-31.0003,0][1.23947,0.913478,0.480946][0.700787,-0.653543,-0.283465][17.9699,-31.0054,0][1.24351,0.984388,0.538028][0.700787,0.692913,0.15748][17.9664,-31.001,0][1.23947,0.913478,0.480946][0.700787,-0.653543,-0.283465][17.9699,-31.0054,0][1.24029,0.994826,0.506322][0.700787,0.692913,0.149606][17.9684,-31.0003,0][1.23947,0.913478,0.480946][0.700787,-0.653543,-0.283465][17.9699,-31.0054,0][1.24351,0.984388,0.538028][0.700787,0.692913,0.15748][17.9664,-31.001,0][1.2427,0.90326,0.511962][0.700787,-0.653543,-0.291339][17.968,-31.006,0][1.24674,0.973686,0.56964][0.708661,0.677165,0.204724][17.9644,-31.0016,0][1.2427,0.90326,0.511962][0.700787,-0.653543,-0.291339][17.968,-31.006,0][1.24351,0.984388,0.538028][0.700787,0.692913,0.15748][17.9664,-31.001,0][1.2427,0.90326,0.511962][0.700787,-0.653543,-0.291339][17.968,-31.006,0][1.24674,0.973686,0.56964][0.708661,0.677165,0.204724][17.9644,-31.0016,0][1.24592,0.892782,0.54289][0.716535,-0.637795,-0.283465][17.9661,-31.0067,0][1.1266,1.10175,-0.64326][0.322835,-0.330709,0.889764][18.0402,-30.9936,0][1.12741,1.18696,-0.643214][0.307087,0.314961,0.897638][18.0402,-30.9883,0][1.13058,1.18612,-0.609384][0.700787,0.708661,-0.0472441][18.0381,-30.9884,0][1.1266,1.10175,-0.64326][0.322835,-0.330709,0.889764][18.0402,-30.9936,0][1.13058,1.18612,-0.609384][0.700787,0.708661,-0.0472441][18.0381,-30.9884,0][1.12977,1.10091,-0.610628][0.700787,-0.708661,-0.0866142][18.0382,-30.9937,0][1.13381,1.18511,-0.57596][0.700787,0.708661,-0.0472441][18.036,-30.9884,0][1.12977,1.10091,-0.610628][0.700787,-0.708661,-0.0866142][18.0382,-30.9937,0][1.13058,1.18612,-0.609384][0.700787,0.708661,-0.0472441][18.0381,-30.9884,0][1.12977,1.10091,-0.610628][0.700787,-0.708661,-0.0866142][18.0382,-30.9937,0][1.13381,1.18511,-0.57596][0.700787,0.708661,-0.0472441][18.036,-30.9884,0][1.13299,1.09992,-0.577926][0.700787,-0.708661,-0.0944882][18.0361,-30.9938,0][1.13704,1.18382,-0.54255][0.700787,0.708661,-0.0393701][18.0339,-30.9885,0][1.13299,1.09992,-0.577926][0.700787,-0.708661,-0.0944882][18.0361,-30.9938,0][1.13381,1.18511,-0.57596][0.700787,0.708661,-0.0472441][18.036,-30.9884,0][1.13299,1.09992,-0.577926][0.700787,-0.708661,-0.0944882][18.0361,-30.9938,0][1.13704,1.18382,-0.54255][0.700787,0.708661,-0.0393701][18.0339,-30.9885,0][1.13622,1.09864,-0.545236][0.700787,-0.708661,-0.102362][18.0341,-30.9938,0][1.14026,1.18224,-0.509152][0.700787,0.708661,-0.0314961][18.0318,-30.9886,0][1.13622,1.09864,-0.545236][0.700787,-0.708661,-0.102362][18.0341,-30.9938,0][1.13704,1.18382,-0.54255][0.700787,0.708661,-0.0393701][18.0339,-30.9885,0][1.13622,1.09864,-0.545236][0.700787,-0.708661,-0.102362][18.0341,-30.9938,0][1.14026,1.18224,-0.509152][0.700787,0.708661,-0.0314961][18.0318,-30.9886,0][1.13945,1.0971,-0.512558][0.700787,-0.708661,-0.102362][18.032,-30.9939,0][1.14349,1.18038,-0.47577][0.700787,0.708661,-0.023622][18.0297,-30.9887,0][1.13945,1.0971,-0.512558][0.700787,-0.708661,-0.102362][18.032,-30.9939,0][1.14026,1.18224,-0.509152][0.700787,0.708661,-0.0314961][18.0318,-30.9886,0][1.13945,1.0971,-0.512558][0.700787,-0.708661,-0.102362][18.032,-30.9939,0][1.14349,1.18038,-0.47577][0.700787,0.708661,-0.023622][18.0297,-30.9887,0][1.14267,1.09527,-0.479898][0.700787,-0.708661,-0.110236][18.03,-30.994,0][1.14672,1.17824,-0.442408][0.700787,0.708661,-0.023622][18.0276,-30.9889,0][1.14267,1.09527,-0.479898][0.700787,-0.708661,-0.110236][18.03,-30.994,0][1.14349,1.18038,-0.47577][0.700787,0.708661,-0.023622][18.0297,-30.9887,0][1.14267,1.09527,-0.479898][0.700787,-0.708661,-0.110236][18.03,-30.994,0][1.14672,1.17824,-0.442408][0.700787,0.708661,-0.023622][18.0276,-30.9889,0][1.1459,1.09317,-0.447256][0.700787,-0.708661,-0.11811][18.028,-30.9942,0][1.14994,1.17582,-0.409066][0.700787,0.708661,-0.015748][18.0256,-30.989,0][1.1459,1.09317,-0.447256][0.700787,-0.708661,-0.11811][18.028,-30.9942,0][1.14672,1.17824,-0.442408][0.700787,0.708661,-0.023622][18.0276,-30.9889,0][1.1459,1.09317,-0.447256][0.700787,-0.708661,-0.11811][18.028,-30.9942,0][1.14994,1.17582,-0.409066][0.700787,0.708661,-0.015748][18.0256,-30.989,0][1.14913,1.09079,-0.414634][0.700787,-0.708661,-0.125984][18.0259,-30.9943,0][1.15317,1.17312,-0.375748][0.700787,0.708661,-0.00787402][18.0235,-30.9892,0][1.14913,1.09079,-0.414634][0.700787,-0.708661,-0.125984][18.0259,-30.9943,0][1.14994,1.17582,-0.409066][0.700787,0.708661,-0.015748][18.0256,-30.989,0][1.14913,1.09079,-0.414634][0.700787,-0.708661,-0.125984][18.0259,-30.9943,0][1.15317,1.17312,-0.375748][0.700787,0.708661,-0.00787402][18.0235,-30.9892,0][1.15235,1.08814,-0.382036][0.700787,-0.700787,-0.125984][18.0239,-30.9945,0][1.1564,1.17014,-0.342456][0.700787,0.708661,0][18.0214,-30.9894,0][1.15235,1.08814,-0.382036][0.700787,-0.700787,-0.125984][18.0239,-30.9945,0][1.15317,1.17312,-0.375748][0.700787,0.708661,-0.00787402][18.0235,-30.9892,0][1.15235,1.08814,-0.382036][0.700787,-0.700787,-0.125984][18.0239,-30.9945,0][1.1564,1.17014,-0.342456][0.700787,0.708661,0][18.0214,-30.9894,0][1.15558,1.08521,-0.349462][0.700787,-0.700787,-0.133858][18.0218,-30.9947,0][1.15962,1.16687,-0.309194][0.700787,0.708661,0][18.0193,-30.9896,0][1.15558,1.08521,-0.349462][0.700787,-0.700787,-0.133858][18.0218,-30.9947,0][1.1564,1.17014,-0.342456][0.700787,0.708661,0][18.0214,-30.9894,0][1.15558,1.08521,-0.349462][0.700787,-0.700787,-0.133858][18.0218,-30.9947,0][1.15962,1.16687,-0.309194][0.700787,0.708661,0][18.0193,-30.9896,0][1.15881,1.08201,-0.316918][0.700787,-0.700787,-0.141732][18.0198,-30.9949,0][1.22168,1.19676,-0.688004][0.598425,-0.370079,-0.708661][18.043,-30.9877,0][1.42712,1.52988,-0.688082][0.669291,0.503937,-0.543307][18.043,-30.9669,0][1.42712,1.52989,-0.644562][0.669291,0.503937,0.543307][18.0403,-30.9669,0][1.22168,1.19676,-0.688004][0.598425,-0.370079,-0.708661][18.043,-30.9877,0][1.42712,1.52989,-0.644562][0.669291,0.503937,0.543307][18.0403,-30.9669,0][1.22168,1.19677,-0.644484][0.606299,-0.370079,0.700787][18.0403,-30.9877,0][1.22168,1.19677,-0.644484][0.606299,-0.370079,0.700787][18.0403,-30.9877,0][1.184,1.13567,-0.68799][0.598425,-0.370079,-0.708661][18.043,-30.9915,0][1.22168,1.19676,-0.688004][0.598425,-0.370079,-0.708661][18.043,-30.9877,0][1.184,1.13567,-0.68799][0.598425,-0.370079,-0.708661][18.043,-30.9915,0][1.22168,1.19677,-0.644484][0.606299,-0.370079,0.700787][18.0403,-30.9877,0][1.16294,1.10153,-0.644462][0.606299,-0.370079,0.700787][18.0403,-30.9937,0][1.184,1.13567,-0.68799][0.598425,-0.370079,-0.708661][18.043,-30.9915,0][1.16294,1.10153,-0.644462][0.606299,-0.370079,0.700787][18.0403,-30.9937,0][1.1759,1.12253,-0.687988][0.598425,-0.370079,-0.708661][18.043,-30.9923,0][1.1759,1.12253,-0.687988][0.598425,-0.370079,-0.708661][18.043,-30.9923,0][1.16294,1.10153,-0.644462][0.606299,-0.370079,0.700787][18.0403,-30.9937,0][1.16294,1.10152,-0.687982][0.598425,-0.370079,-0.708661][18.043,-30.9937,0][0.859332,0.609208,-0.687868][0.598425,-0.370079,-0.708661][18.043,-31.0244,0][1.16294,1.10152,-0.687982][0.598425,-0.370079,-0.708661][18.043,-30.9937,0][1.16294,1.10153,-0.644462][0.606299,-0.370079,0.700787][18.0403,-30.9937,0][1.16294,1.10153,-0.644462][0.606299,-0.370079,0.700787][18.0403,-30.9937,0][0.773558,0.470132,-0.644314][0.299213,-0.748031,0.590551][18.0403,-31.0331,0][0.859332,0.609208,-0.687868][0.598425,-0.370079,-0.708661][18.043,-31.0244,0][0.773558,0.470122,-0.687836][0.299213,-0.748031,-0.590551][18.043,-31.0331,0][0.859332,0.609208,-0.687868][0.598425,-0.370079,-0.708661][18.043,-31.0244,0][0.773558,0.470132,-0.644314][0.299213,-0.748031,0.590551][18.0403,-31.0331,0][-1.08195,1.18576,-0.60852][0.708661,0.700787,0.0866142][18.038,-30.9884,0][-1.07995,1.10209,-0.642588][0.299213,-0.291339,0.905512][18.0402,-30.9936,0][-1.07878,1.18661,-0.642362][0.291339,0.275591,0.913386][18.0401,-30.9883,0][-1.07995,1.10209,-0.642588][0.299213,-0.291339,0.905512][18.0402,-30.9936,0][-1.08195,1.18576,-0.60852][0.708661,0.700787,0.0866142][18.038,-30.9884,0][-1.08312,1.10124,-0.609944][0.700787,-0.708661,0.0472441][18.0381,-30.9937,0][-1.08518,1.18474,-0.5751][0.708661,0.700787,0.0944882][18.0359,-30.9885,0][-1.08312,1.10124,-0.609944][0.700787,-0.708661,0.0472441][18.0381,-30.9937,0][-1.08195,1.18576,-0.60852][0.708661,0.700787,0.0866142][18.038,-30.9884,0][-1.08312,1.10124,-0.609944][0.700787,-0.708661,0.0472441][18.0381,-30.9937,0][-1.08518,1.18474,-0.5751][0.708661,0.700787,0.0944882][18.0359,-30.9885,0][-1.08635,1.10024,-0.57724][0.700787,-0.708661,0.0472441][18.0361,-30.9937,0][-1.08841,1.18344,-0.541692][0.708661,0.700787,0.102362][18.0339,-30.9885,0][-1.08635,1.10024,-0.57724][0.700787,-0.708661,0.0472441][18.0361,-30.9937,0][-1.08518,1.18474,-0.5751][0.708661,0.700787,0.0944882][18.0359,-30.9885,0][-1.08635,1.10024,-0.57724][0.700787,-0.708661,0.0472441][18.0361,-30.9937,0][-1.08841,1.18344,-0.541692][0.708661,0.700787,0.102362][18.0339,-30.9885,0][-1.08958,1.09896,-0.544548][0.700787,-0.708661,0.0393701][18.034,-30.9938,0][-1.09163,1.18186,-0.508296][0.708661,0.692913,0.102362][18.0318,-30.9886,0][-1.08958,1.09896,-0.544548][0.700787,-0.708661,0.0393701][18.034,-30.9938,0][-1.08841,1.18344,-0.541692][0.708661,0.700787,0.102362][18.0339,-30.9885,0][-1.08958,1.09896,-0.544548][0.700787,-0.708661,0.0393701][18.034,-30.9938,0][-1.09163,1.18186,-0.508296][0.708661,0.692913,0.102362][18.0318,-30.9886,0][-1.0928,1.0974,-0.511868][0.700787,-0.708661,0.0314961][18.032,-30.9939,0][-1.09486,1.17999,-0.47492][0.708661,0.692913,0.110236][18.0297,-30.9888,0][-1.0928,1.0974,-0.511868][0.700787,-0.708661,0.0314961][18.032,-30.9939,0][-1.09163,1.18186,-0.508296][0.708661,0.692913,0.102362][18.0318,-30.9886,0][-1.0928,1.0974,-0.511868][0.700787,-0.708661,0.0314961][18.032,-30.9939,0][-1.09486,1.17999,-0.47492][0.708661,0.692913,0.110236][18.0297,-30.9888,0][-1.09603,1.09557,-0.479204][0.700787,-0.708661,0.023622][18.0299,-30.994,0][-1.09809,1.17785,-0.44156][0.708661,0.692913,0.11811][18.0276,-30.9889,0][-1.09603,1.09557,-0.479204][0.700787,-0.708661,0.023622][18.0299,-30.994,0][-1.09486,1.17999,-0.47492][0.708661,0.692913,0.110236][18.0297,-30.9888,0][-1.09603,1.09557,-0.479204][0.700787,-0.708661,0.023622][18.0299,-30.994,0][-1.09809,1.17785,-0.44156][0.708661,0.692913,0.11811][18.0276,-30.9889,0][-1.09926,1.09347,-0.44656][0.700787,-0.708661,0.023622][18.0279,-30.9942,0][-1.10131,1.17542,-0.408222][0.708661,0.692913,0.125984][18.0255,-30.989,0][-1.09926,1.09347,-0.44656][0.700787,-0.708661,0.023622][18.0279,-30.9942,0][-1.09809,1.17785,-0.44156][0.708661,0.692913,0.11811][18.0276,-30.9889,0][-1.09926,1.09347,-0.44656][0.700787,-0.708661,0.023622][18.0279,-30.9942,0][-1.10131,1.17542,-0.408222][0.708661,0.692913,0.125984][18.0255,-30.989,0][-1.10248,1.09108,-0.413936][0.700787,-0.708661,0.015748][18.0259,-30.9943,0][-1.10454,1.17271,-0.374908][0.708661,0.692913,0.125984][18.0234,-30.9892,0][-1.10248,1.09108,-0.413936][0.700787,-0.708661,0.015748][18.0259,-30.9943,0][-1.10131,1.17542,-0.408222][0.708661,0.692913,0.125984][18.0255,-30.989,0][-1.10248,1.09108,-0.413936][0.700787,-0.708661,0.015748][18.0259,-30.9943,0][-1.10454,1.17271,-0.374908][0.708661,0.692913,0.125984][18.0234,-30.9892,0][-1.10571,1.08843,-0.381336][0.700787,-0.708661,0.00787402][18.0238,-30.9945,0][-1.10777,1.16971,-0.341618][0.708661,0.692913,0.133858][18.0213,-30.9894,0][-1.10571,1.08843,-0.381336][0.700787,-0.708661,0.00787402][18.0238,-30.9945,0][-1.10454,1.17271,-0.374908][0.708661,0.692913,0.125984][18.0234,-30.9892,0][-1.10571,1.08843,-0.381336][0.700787,-0.708661,0.00787402][18.0238,-30.9945,0][-1.10777,1.16971,-0.341618][0.708661,0.692913,0.133858][18.0213,-30.9894,0][-1.10893,1.08549,-0.34876][0.700787,-0.708661,0][18.0218,-30.9947,0][-1.11099,1.16644,-0.308358][0.708661,0.692913,0.141732][18.0193,-30.9896,0][-1.10893,1.08549,-0.34876][0.700787,-0.708661,0][18.0218,-30.9947,0][-1.10777,1.16971,-0.341618][0.708661,0.692913,0.133858][18.0213,-30.9894,0][-1.10893,1.08549,-0.34876][0.700787,-0.708661,0][18.0218,-30.9947,0][-1.11099,1.16644,-0.308358][0.708661,0.692913,0.141732][18.0193,-30.9896,0][-1.11216,1.08228,-0.316212][0.700787,-0.708661,-0.00787402][18.0198,-30.9949,0][-1.11422,1.16289,-0.27513][0.708661,0.692913,0.149606][18.0172,-30.9898,0][-1.11216,1.08228,-0.316212][0.700787,-0.708661,-0.00787402][18.0198,-30.9949,0][-1.11099,1.16644,-0.308358][0.708661,0.692913,0.141732][18.0193,-30.9896,0][-1.11216,1.08228,-0.316212][0.700787,-0.708661,-0.00787402][18.0198,-30.9949,0][-1.11422,1.16289,-0.27513][0.708661,0.692913,0.149606][18.0172,-30.9898,0][-1.11539,1.07879,-0.283696][0.700787,-0.708661,-0.00787402][18.0177,-30.9951,0][-1.11744,1.15905,-0.241932][0.708661,0.685039,0.149606][18.0151,-30.9901,0][-1.11539,1.07879,-0.283696][0.700787,-0.708661,-0.00787402][18.0177,-30.9951,0][-1.11422,1.16289,-0.27513][0.708661,0.692913,0.149606][18.0172,-30.9898,0][-1.11539,1.07879,-0.283696][0.700787,-0.708661,-0.00787402][18.0177,-30.9951,0][-1.11744,1.15905,-0.241932][0.708661,0.685039,0.149606][18.0151,-30.9901,0][-1.11861,1.07503,-0.25121][0.700787,-0.708661,-0.015748][18.0157,-30.9953,0][-1.12067,1.15493,-0.208772][0.708661,0.685039,0.15748][18.013,-30.9903,0][-1.11861,1.07503,-0.25121][0.700787,-0.708661,-0.015748][18.0157,-30.9953,0][-1.11744,1.15905,-0.241932][0.708661,0.685039,0.149606][18.0151,-30.9901,0][-1.11861,1.07503,-0.25121][0.700787,-0.708661,-0.015748][18.0157,-30.9953,0][-1.12067,1.15493,-0.208772][0.708661,0.685039,0.15748][18.013,-30.9903,0][-1.12184,1.071,-0.21876][0.700787,-0.708661,-0.023622][18.0137,-30.9956,0][-1.1239,1.15054,-0.175649][0.708661,0.685039,0.165354][18.011,-30.9906,0][-1.12184,1.071,-0.21876][0.700787,-0.708661,-0.023622][18.0137,-30.9956,0][-1.12067,1.15493,-0.208772][0.708661,0.685039,0.15748][18.013,-30.9903,0][-1.12184,1.071,-0.21876][0.700787,-0.708661,-0.023622][18.0137,-30.9956,0][-1.1239,1.15054,-0.175649][0.708661,0.685039,0.165354][18.011,-30.9906,0][-1.12507,1.06669,-0.186347][0.700787,-0.708661,-0.0314961][18.0116,-30.9958,0][-1.12712,1.14586,-0.142567][0.708661,0.685039,0.173228][18.0089,-30.9909,0][-1.12507,1.06669,-0.186347][0.700787,-0.708661,-0.0314961][18.0116,-30.9958,0][-1.1239,1.15054,-0.175649][0.708661,0.685039,0.165354][18.011,-30.9906,0][-1.12507,1.06669,-0.186347][0.700787,-0.708661,-0.0314961][18.0116,-30.9958,0][-1.12712,1.14586,-0.142567][0.708661,0.685039,0.173228][18.0089,-30.9909,0][-1.12829,1.0621,-0.153975][0.700787,-0.708661,-0.0314961][18.0096,-30.9961,0][-1.13035,1.1409,-0.109525][0.708661,0.685039,0.173228][18.0068,-30.9912,0][-1.12829,1.0621,-0.153975][0.700787,-0.708661,-0.0314961][18.0096,-30.9961,0][-1.12712,1.14586,-0.142567][0.708661,0.685039,0.173228][18.0089,-30.9909,0][-1.12829,1.0621,-0.153975][0.700787,-0.708661,-0.0314961][18.0096,-30.9961,0][-1.13035,1.1409,-0.109525][0.708661,0.685039,0.173228][18.0068,-30.9912,0][-1.13152,1.05725,-0.121641][0.700787,-0.708661,-0.0393701][18.0076,-30.9964,0][-1.13358,1.13567,-0.0765286][0.708661,0.677165,0.181102][18.0048,-30.9915,0][-1.13152,1.05725,-0.121641][0.700787,-0.708661,-0.0393701][18.0076,-30.9964,0][-1.13035,1.1409,-0.109525][0.708661,0.685039,0.173228][18.0068,-30.9912,0][-1.13152,1.05725,-0.121641][0.700787,-0.708661,-0.0393701][18.0076,-30.9964,0][-1.13358,1.13567,-0.0765286][0.708661,0.677165,0.181102][18.0048,-30.9915,0][-1.13475,1.05212,-0.0893526][0.700787,-0.708661,-0.0472441][18.0056,-30.9967,0][-1.1368,1.13015,-0.0435806][0.708661,0.677165,0.188976][18.0027,-30.9919,0][-1.13475,1.05212,-0.0893526][0.700787,-0.708661,-0.0472441][18.0056,-30.9967,0][-1.13358,1.13567,-0.0765286][0.708661,0.677165,0.181102][18.0048,-30.9915,0][-1.13475,1.05212,-0.0893526][0.700787,-0.708661,-0.0472441][18.0056,-30.9967,0][-1.1368,1.13015,-0.0435806][0.708661,0.677165,0.188976][18.0027,-30.9919,0][-1.13797,1.04672,-0.0571126][0.700787,-0.708661,-0.0551181][18.0036,-30.9971,0][-1.14003,1.12436,-0.0106826][0.708661,0.677165,0.188976][18.0007,-30.9922,0][-1.13797,1.04672,-0.0571126][0.700787,-0.708661,-0.0551181][18.0036,-30.9971,0][-1.1368,1.13015,-0.0435806][0.708661,0.677165,0.188976][18.0027,-30.9919,0][-1.13797,1.04672,-0.0571126][0.700787,-0.708661,-0.0551181][18.0036,-30.9971,0][-1.14003,1.12436,-0.0106826][0.708661,0.677165,0.188976][18.0007,-30.9922,0][-1.1412,1.04104,-0.0249186][0.700787,-0.708661,-0.0551181][18.0016,-30.9974,0][-1.14326,1.11829,0.0221654][0.708661,0.677165,0.19685][17.9986,-30.9926,0][-1.1412,1.04104,-0.0249186][0.700787,-0.708661,-0.0551181][18.0016,-30.9974,0][-1.14003,1.12436,-0.0106826][0.708661,0.677165,0.188976][18.0007,-30.9922,0][-1.1412,1.04104,-0.0249186][0.700787,-0.708661,-0.0551181][18.0016,-30.9974,0][-1.14326,1.11829,0.0221654][0.708661,0.677165,0.19685][17.9986,-30.9926,0][-1.14443,1.03509,0.00722334][0.700787,-0.708661,-0.0629921][17.9995,-30.9978,0][-1.14648,1.11194,0.0549574][0.708661,0.677165,0.204724][17.9966,-30.993,0][-1.14443,1.03509,0.00722334][0.700787,-0.708661,-0.0629921][17.9995,-30.9978,0][-1.14326,1.11829,0.0221654][0.708661,0.677165,0.19685][17.9986,-30.9926,0][-1.14443,1.03509,0.00722334][0.700787,-0.708661,-0.0629921][17.9995,-30.9978,0][-1.14648,1.11194,0.0549574][0.708661,0.677165,0.204724][17.9966,-30.993,0][-1.14765,1.02887,0.0393114][0.700787,-0.708661,-0.0708661][17.9975,-30.9982,0][-1.14971,1.10531,0.0876934][0.708661,0.669291,0.212598][17.9945,-30.9934,0][-1.14765,1.02887,0.0393114][0.700787,-0.708661,-0.0708661][17.9975,-30.9982,0][-1.14648,1.11194,0.0549574][0.708661,0.677165,0.204724][17.9966,-30.993,0][-1.14765,1.02887,0.0393114][0.700787,-0.708661,-0.0708661][17.9975,-30.9982,0][-1.14971,1.10531,0.0876934][0.708661,0.669291,0.212598][17.9945,-30.9934,0][-1.15088,1.02238,0.0713454][0.700787,-0.708661,-0.0787402][17.9955,-30.9986,0][-1.15294,1.09841,0.120369][0.708661,0.669291,0.212598][17.9925,-30.9938,0][-1.15088,1.02238,0.0713454][0.700787,-0.708661,-0.0787402][17.9955,-30.9986,0][-1.14971,1.10531,0.0876934][0.708661,0.669291,0.212598][17.9945,-30.9934,0][-1.15088,1.02238,0.0713454][0.700787,-0.708661,-0.0787402][17.9955,-30.9986,0][-1.15294,1.09841,0.120369][0.708661,0.669291,0.212598][17.9925,-30.9938,0][-1.15411,1.01562,0.103321][0.700787,-0.708661,-0.0787402][17.9935,-30.999,0][-1.15616,1.09123,0.152985][0.708661,0.669291,0.220472][17.9904,-30.9943,0][-1.15411,1.01562,0.103321][0.700787,-0.708661,-0.0787402][17.9935,-30.999,0][-1.15294,1.09841,0.120369][0.708661,0.669291,0.212598][17.9925,-30.9938,0][-1.15411,1.01562,0.103321][0.700787,-0.708661,-0.0787402][17.9935,-30.999,0][-1.15616,1.09123,0.152985][0.708661,0.669291,0.220472][17.9904,-30.9943,0][-1.15733,1.00859,0.135237][0.700787,-0.708661,-0.0866142][17.9915,-30.9995,0][-1.15939,1.08378,0.185537][0.708661,0.669291,0.228346][17.9884,-30.9948,0][-1.15733,1.00859,0.135237][0.700787,-0.708661,-0.0866142][17.9915,-30.9995,0][-1.15616,1.09123,0.152985][0.708661,0.669291,0.220472][17.9904,-30.9943,0][-1.15733,1.00859,0.135237][0.700787,-0.708661,-0.0866142][17.9915,-30.9995,0][-1.15939,1.08378,0.185537][0.708661,0.669291,0.228346][17.9884,-30.9948,0][-1.16056,1.00129,0.167089][0.700787,-0.708661,-0.0944882][17.9896,-30.9999,0][-1.16262,1.07605,0.218024][0.708661,0.661417,0.23622][17.9864,-30.9952,0][-1.16056,1.00129,0.167089][0.700787,-0.708661,-0.0944882][17.9896,-30.9999,0][-1.15939,1.08378,0.185537][0.708661,0.669291,0.228346][17.9884,-30.9948,0][-1.16056,1.00129,0.167089][0.700787,-0.708661,-0.0944882][17.9896,-30.9999,0][-1.16262,1.07605,0.218024][0.708661,0.661417,0.23622][17.9864,-30.9952,0][-1.16379,0.993722,0.198877][0.700787,-0.700787,-0.102362][17.9876,-31.0004,0][-1.16584,1.06805,0.250442][0.708661,0.661417,0.23622][17.9843,-30.9957,0][-1.16379,0.993722,0.198877][0.700787,-0.700787,-0.102362][17.9876,-31.0004,0][-1.16262,1.07605,0.218024][0.708661,0.661417,0.23622][17.9864,-30.9952,0][-1.16379,0.993722,0.198877][0.700787,-0.700787,-0.102362][17.9876,-31.0004,0][-1.16584,1.06805,0.250442][0.708661,0.661417,0.23622][17.9843,-30.9957,0][-1.16701,0.985886,0.2306][0.700787,-0.700787,-0.102362][17.9856,-31.0009,0][-1.16907,1.05977,0.28279][0.708661,0.661417,0.244094][17.9823,-30.9963,0][-1.16701,0.985886,0.2306][0.700787,-0.700787,-0.102362][17.9856,-31.0009,0][-1.16584,1.06805,0.250442][0.708661,0.661417,0.23622][17.9843,-30.9957,0][-1.16701,0.985886,0.2306][0.700787,-0.700787,-0.102362][17.9856,-31.0009,0][-1.16907,1.05977,0.28279][0.708661,0.661417,0.244094][17.9823,-30.9963,0][-1.17024,0.97778,0.262252][0.700787,-0.700787,-0.110236][17.9836,-31.0014,0][-1.1723,1.05122,0.315064][0.708661,0.661417,0.251969][17.9803,-30.9968,0][-1.17024,0.97778,0.262252][0.700787,-0.700787,-0.110236][17.9836,-31.0014,0][-1.16907,1.05977,0.28279][0.708661,0.661417,0.244094][17.9823,-30.9963,0][-1.17024,0.97778,0.262252][0.700787,-0.700787,-0.110236][17.9836,-31.0014,0][-1.1723,1.05122,0.315064][0.708661,0.661417,0.251969][17.9803,-30.9968,0][-1.17346,0.969406,0.293834][0.700787,-0.700787,-0.11811][17.9816,-31.0019,0][-1.17552,1.0424,0.347262][0.708661,0.653543,0.251969][17.9783,-30.9974,0][-1.17346,0.969406,0.293834][0.700787,-0.700787,-0.11811][17.9816,-31.0019,0][-1.1723,1.05122,0.315064][0.708661,0.661417,0.251969][17.9803,-30.9968,0][-1.17346,0.969406,0.293834][0.700787,-0.700787,-0.11811][17.9816,-31.0019,0][-1.17552,1.0424,0.347262][0.708661,0.653543,0.251969][17.9783,-30.9974,0][-1.17669,0.960768,0.32534][0.700787,-0.700787,-0.125984][17.9797,-31.0025,0][-1.17875,1.03331,0.379384][0.708661,0.653543,0.259843][17.9763,-30.9979,0][-1.17669,0.960768,0.32534][0.700787,-0.700787,-0.125984][17.9797,-31.0025,0][-1.17552,1.0424,0.347262][0.708661,0.653543,0.251969][17.9783,-30.9974,0][-1.17669,0.960768,0.32534][0.700787,-0.700787,-0.125984][17.9797,-31.0025,0][-1.17875,1.03331,0.379384][0.708661,0.653543,0.259843][17.9763,-30.9979,0][-1.17992,0.951862,0.356772][0.700787,-0.700787,-0.125984][17.9777,-31.003,0][-1.18197,1.02394,0.411424][0.708661,0.653543,0.267717][17.9743,-30.9985,0][-1.17992,0.951862,0.356772][0.700787,-0.700787,-0.125984][17.9777,-31.003,0][-1.17875,1.03331,0.379384][0.708661,0.653543,0.259843][17.9763,-30.9979,0][-1.17992,0.951862,0.356772][0.700787,-0.700787,-0.125984][17.9777,-31.003,0][-1.18197,1.02394,0.411424][0.708661,0.653543,0.267717][17.9743,-30.9985,0][-1.18314,0.942692,0.388124][0.700787,-0.700787,-0.133858][17.9757,-31.0036,0][-1.1852,1.01431,0.443384][0.708661,0.653543,0.267717][17.9723,-30.9991,0][-1.18314,0.942692,0.388124][0.700787,-0.700787,-0.133858][17.9757,-31.0036,0][-1.18197,1.02394,0.411424][0.708661,0.653543,0.267717][17.9743,-30.9985,0][-1.18314,0.942692,0.388124][0.700787,-0.700787,-0.133858][17.9757,-31.0036,0][-1.1852,1.01431,0.443384][0.708661,0.653543,0.267717][17.9723,-30.9991,0][-1.18637,0.933256,0.419396][0.700787,-0.700787,-0.141732][17.9738,-31.0042,0][-1.18843,1.00441,0.47526][0.708661,0.645669,0.275591][17.9703,-30.9997,0][-1.18637,0.933256,0.419396][0.700787,-0.700787,-0.141732][17.9738,-31.0042,0][-1.1852,1.01431,0.443384][0.708661,0.653543,0.267717][17.9723,-30.9991,0][-1.18637,0.933256,0.419396][0.700787,-0.700787,-0.141732][17.9738,-31.0042,0][-1.18843,1.00441,0.47526][0.708661,0.645669,0.275591][17.9703,-30.9997,0][-1.1896,0.923558,0.450586][0.700787,-0.692913,-0.149606][17.9718,-31.0048,0][-1.19165,0.994234,0.507048][0.708661,0.645669,0.283465][17.9683,-31.0004,0][-1.1896,0.923558,0.450586][0.700787,-0.692913,-0.149606][17.9718,-31.0048,0][-1.18843,1.00441,0.47526][0.708661,0.645669,0.275591][17.9703,-30.9997,0][-1.1896,0.923558,0.450586][0.700787,-0.692913,-0.149606][17.9718,-31.0048,0][-1.19165,0.994234,0.507048][0.708661,0.645669,0.283465][17.9683,-31.0004,0][-1.19282,0.913596,0.481692][0.700787,-0.692913,-0.149606][17.9699,-31.0054,0][-1.19488,0.98379,0.538746][0.708661,0.645669,0.291339][17.9663,-31.001,0][-1.19282,0.913596,0.481692][0.700787,-0.692913,-0.149606][17.9699,-31.0054,0][-1.19165,0.994234,0.507048][0.708661,0.645669,0.283465][17.9683,-31.0004,0][-1.19282,0.913596,0.481692][0.700787,-0.692913,-0.149606][17.9699,-31.0054,0][-1.19488,0.98379,0.538746][0.708661,0.645669,0.291339][17.9663,-31.001,0][-1.19605,0.903374,0.51271][0.700787,-0.692913,-0.15748][17.968,-31.006,0][-1.19811,0.97308,0.570356][0.700787,0.653543,0.291339][17.9643,-31.0017,0][-1.19605,0.903374,0.51271][0.700787,-0.692913,-0.15748][17.968,-31.006,0][-1.19488,0.98379,0.538746][0.708661,0.645669,0.291339][17.9663,-31.001,0][-1.19605,0.903374,0.51271][0.700787,-0.692913,-0.15748][17.968,-31.006,0][-1.19811,0.97308,0.570356][0.700787,0.653543,0.291339][17.9643,-31.0017,0][-1.19928,0.892886,0.543638][0.700787,-0.677165,-0.204724][17.966,-31.0067,0][-1.20183,0.891942,0.673448][0.661417,-0.417323,0.622047][17.9579,-31.0068,0][-1.2013,0.86831,0.619612][0.669291,-0.740157,-0.0472441][17.9613,-31.0082,0][-1.20163,0.908012,0.68156][0.677165,-0.307087,0.669291][17.9574,-31.0057,0][-1.2013,0.86831,0.619612][0.669291,-0.740157,-0.0472441][17.9613,-31.0082,0][-1.20183,0.891942,0.673448][0.661417,-0.417323,0.622047][17.9579,-31.0068,0][-1.20173,0.869374,0.642996][0.653543,-0.732283,0.19685][17.9598,-31.0082,0][-1.20173,0.869374,0.642996][0.653543,-0.732283,0.19685][17.9598,-31.0082,0][-1.20183,0.891942,0.673448][0.661417,-0.417323,0.622047][17.9579,-31.0068,0][-1.20189,0.878108,0.661318][0.645669,-0.606299,0.464567][17.9587,-31.0076,0][-1.20163,0.908012,0.68156][0.677165,-0.307087,0.669291][17.9574,-31.0057,0][-1.2013,0.86831,0.619612][0.669291,-0.740157,-0.0472441][17.9613,-31.0082,0][-1.19811,0.97308,0.570356][0.700787,0.653543,0.291339][17.9643,-31.0017,0][-1.20163,0.908012,0.68156][0.677165,-0.307087,0.669291][17.9574,-31.0057,0][-1.19811,0.97308,0.570356][0.700787,0.653543,0.291339][17.9643,-31.0017,0][-1.20139,0.924824,0.688016][0.677165,0.614173,-0.401575][17.957,-31.0047,0][-1.2007,0.873494,0.594936][0.692913,-0.700787,-0.181102][17.9628,-31.0079,0][-1.19811,0.97308,0.570356][0.700787,0.653543,0.291339][17.9643,-31.0017,0][-1.2013,0.86831,0.619612][0.669291,-0.740157,-0.0472441][17.9613,-31.0082,0][-1.20004,0.881948,0.570642][0.700787,-0.677165,-0.23622][17.9643,-31.0074,0][-1.19811,0.97308,0.570356][0.700787,0.653543,0.291339][17.9643,-31.0017,0][-1.2007,0.873494,0.594936][0.692913,-0.700787,-0.181102][17.9628,-31.0079,0][-1.19811,0.97308,0.570356][0.700787,0.653543,0.291339][17.9643,-31.0017,0][-1.20004,0.881948,0.570642][0.700787,-0.677165,-0.23622][17.9643,-31.0074,0][-1.19936,0.891624,0.546712][0.700787,-0.661417,-0.251969][17.9658,-31.0068,0][-1.19811,0.97308,0.570356][0.700787,0.653543,0.291339][17.9643,-31.0017,0][-1.19936,0.891624,0.546712][0.700787,-0.661417,-0.251969][17.9658,-31.0068,0][-1.19928,0.892886,0.543638][0.700787,-0.677165,-0.204724][17.966,-31.0067,0][1.20142,0.924824,0.688016][-0.677165,0.614173,-0.401575][17.9249,-30.957,0][1.24674,0.973686,0.56964][0.708661,0.677165,0.204724][17.9221,-30.9644,0][1.19814,0.97308,0.570356][-0.700787,0.653543,0.291339][17.9251,-30.9643,0][1.24674,0.973686,0.56964][0.708661,0.677165,0.204724][17.9221,-30.9644,0][1.20142,0.924824,0.688016][-0.677165,0.614173,-0.401575][17.9249,-30.957,0][1.25002,0.925452,0.687322][0.661417,0.614173,-0.433071][17.9219,-30.957,0][-1.20139,0.924824,0.688016][0.677165,0.614173,-0.401575][18.0751,-30.957,0][-1.19811,0.97308,0.570356][0.700787,0.653543,0.291339][18.0749,-30.9643,0][-1.2467,0.973686,0.56964][-0.708661,0.677165,0.204724][18.0779,-30.9644,0][-1.2467,0.973686,0.56964][-0.708661,0.677165,0.204724][18.0779,-30.9644,0][-1.24998,0.925452,0.687322][-0.661417,0.614173,-0.433071][18.0781,-30.957,0][-1.20139,0.924824,0.688016][0.677165,0.614173,-0.401575][18.0751,-30.957,0][1.19492,0.98379,0.538746][-0.708661,0.645669,0.291339][17.9253,-30.9663,0][1.19814,0.97308,0.570356][-0.700787,0.653543,0.291339][17.9251,-30.9643,0][1.24351,0.984388,0.538028][0.700787,0.692913,0.15748][17.9223,-30.9664,0][1.24351,0.984388,0.538028][0.700787,0.692913,0.15748][17.9223,-30.9664,0][1.19814,0.97308,0.570356][-0.700787,0.653543,0.291339][17.9251,-30.9643,0][1.24674,0.973686,0.56964][0.708661,0.677165,0.204724][17.9221,-30.9644,0][-1.19488,0.98379,0.538746][0.708661,0.645669,0.291339][18.0747,-30.9663,0][-1.24348,0.984388,0.538028][-0.700787,0.692913,0.15748][18.0777,-30.9664,0][-1.19811,0.97308,0.570356][0.700787,0.653543,0.291339][18.0749,-30.9643,0][-1.24348,0.984388,0.538028][-0.700787,0.692913,0.15748][18.0777,-30.9664,0][-1.2467,0.973686,0.56964][-0.708661,0.677165,0.204724][18.0779,-30.9644,0][-1.19811,0.97308,0.570356][0.700787,0.653543,0.291339][18.0749,-30.9643,0][1.19169,0.994234,0.507048][-0.708661,0.645669,0.283465][17.9255,-30.9683,0][1.19492,0.98379,0.538746][-0.708661,0.645669,0.291339][17.9253,-30.9663,0][1.24029,0.994826,0.506322][0.700787,0.692913,0.149606][17.9225,-30.9684,0][1.24029,0.994826,0.506322][0.700787,0.692913,0.149606][17.9225,-30.9684,0][1.19492,0.98379,0.538746][-0.708661,0.645669,0.291339][17.9253,-30.9663,0][1.24351,0.984388,0.538028][0.700787,0.692913,0.15748][17.9223,-30.9664,0][-1.19165,0.994234,0.507048][0.708661,0.645669,0.283465][18.0745,-30.9683,0][-1.24025,0.994826,0.506322][-0.700787,0.692913,0.149606][18.0775,-30.9684,0][-1.19488,0.98379,0.538746][0.708661,0.645669,0.291339][18.0747,-30.9663,0][-1.24025,0.994826,0.506322][-0.700787,0.692913,0.149606][18.0775,-30.9684,0][-1.24348,0.984388,0.538028][-0.700787,0.692913,0.15748][18.0777,-30.9664,0][-1.19488,0.98379,0.538746][0.708661,0.645669,0.291339][18.0747,-30.9663,0][1.19169,0.994234,0.507048][-0.708661,0.645669,0.283465][17.9255,-30.9683,0][1.23706,1.00499,0.47453][0.700787,0.692913,0.149606][17.9227,-30.9703,0][1.18846,1.00441,0.47526][-0.708661,0.645669,0.275591][17.9257,-30.9703,0][1.23706,1.00499,0.47453][0.700787,0.692913,0.149606][17.9227,-30.9703,0][1.19169,0.994234,0.507048][-0.708661,0.645669,0.283465][17.9255,-30.9683,0][1.24029,0.994826,0.506322][0.700787,0.692913,0.149606][17.9225,-30.9684,0][-1.18843,1.00441,0.47526][0.708661,0.645669,0.275591][18.0743,-30.9703,0][-1.23702,1.00499,0.47453][-0.700787,0.692913,0.149606][18.0773,-30.9703,0][-1.19165,0.994234,0.507048][0.708661,0.645669,0.283465][18.0745,-30.9683,0][-1.23702,1.00499,0.47453][-0.700787,0.692913,0.149606][18.0773,-30.9703,0][-1.24025,0.994826,0.506322][-0.700787,0.692913,0.149606][18.0775,-30.9684,0][-1.19165,0.994234,0.507048][0.708661,0.645669,0.283465][18.0745,-30.9683,0][1.18846,1.00441,0.47526][-0.708661,0.645669,0.275591][17.9257,-30.9703,0][1.23383,1.01489,0.44265][0.700787,0.692913,0.141732][17.9229,-30.9723,0][1.18524,1.01431,0.443384][-0.708661,0.653543,0.267717][17.9259,-30.9723,0][1.23383,1.01489,0.44265][0.700787,0.692913,0.141732][17.9229,-30.9723,0][1.18846,1.00441,0.47526][-0.708661,0.645669,0.275591][17.9257,-30.9703,0][1.23706,1.00499,0.47453][0.700787,0.692913,0.149606][17.9227,-30.9703,0][-1.1852,1.01431,0.443384][0.708661,0.653543,0.267717][18.0741,-30.9723,0][-1.2338,1.01489,0.44265][-0.700787,0.692913,0.141732][18.0771,-30.9723,0][-1.18843,1.00441,0.47526][0.708661,0.645669,0.275591][18.0743,-30.9703,0][-1.2338,1.01489,0.44265][-0.700787,0.692913,0.141732][18.0771,-30.9723,0][-1.23702,1.00499,0.47453][-0.700787,0.692913,0.149606][18.0773,-30.9703,0][-1.18843,1.00441,0.47526][0.708661,0.645669,0.275591][18.0743,-30.9703,0][1.18524,1.01431,0.443384][-0.708661,0.653543,0.267717][17.9259,-30.9723,0][1.23061,1.02452,0.410684][0.700787,0.700787,0.133858][17.9231,-30.9743,0][1.18201,1.02394,0.411424][-0.708661,0.653543,0.267717][17.9261,-30.9743,0][1.23061,1.02452,0.410684][0.700787,0.700787,0.133858][17.9231,-30.9743,0][1.18524,1.01431,0.443384][-0.708661,0.653543,0.267717][17.9259,-30.9723,0][1.23383,1.01489,0.44265][0.700787,0.692913,0.141732][17.9229,-30.9723,0][-1.18197,1.02394,0.411424][0.708661,0.653543,0.267717][18.0739,-30.9743,0][-1.23057,1.02452,0.410684][-0.700787,0.700787,0.133858][18.0769,-30.9743,0][-1.1852,1.01431,0.443384][0.708661,0.653543,0.267717][18.0741,-30.9723,0][-1.23057,1.02452,0.410684][-0.700787,0.700787,0.133858][18.0769,-30.9743,0][-1.2338,1.01489,0.44265][-0.700787,0.692913,0.141732][18.0771,-30.9723,0][-1.1852,1.01431,0.443384][0.708661,0.653543,0.267717][18.0741,-30.9723,0][1.18201,1.02394,0.411424][-0.708661,0.653543,0.267717][17.9261,-30.9743,0][1.22738,1.03388,0.378638][0.700787,0.700787,0.125984][17.9233,-30.9763,0][1.17878,1.03331,0.379384][-0.708661,0.653543,0.259843][17.9263,-30.9763,0][1.22738,1.03388,0.378638][0.700787,0.700787,0.125984][17.9233,-30.9763,0][1.18201,1.02394,0.411424][-0.708661,0.653543,0.267717][17.9261,-30.9743,0][1.23061,1.02452,0.410684][0.700787,0.700787,0.133858][17.9231,-30.9743,0][-1.17875,1.03331,0.379384][0.708661,0.653543,0.259843][18.0737,-30.9763,0][-1.22735,1.03388,0.378638][-0.700787,0.700787,0.125984][18.0767,-30.9763,0][-1.18197,1.02394,0.411424][0.708661,0.653543,0.267717][18.0739,-30.9743,0][-1.22735,1.03388,0.378638][-0.700787,0.700787,0.125984][18.0767,-30.9763,0][-1.23057,1.02452,0.410684][-0.700787,0.700787,0.133858][18.0769,-30.9743,0][-1.18197,1.02394,0.411424][0.708661,0.653543,0.267717][18.0739,-30.9743,0][1.17878,1.03331,0.379384][-0.708661,0.653543,0.259843][17.9263,-30.9763,0][1.22415,1.04296,0.346512][0.700787,0.700787,0.125984][17.9235,-30.9783,0][1.17556,1.0424,0.347262][-0.708661,0.653543,0.251969][17.9265,-30.9783,0][1.22415,1.04296,0.346512][0.700787,0.700787,0.125984][17.9235,-30.9783,0][1.17878,1.03331,0.379384][-0.708661,0.653543,0.259843][17.9263,-30.9763,0][1.22738,1.03388,0.378638][0.700787,0.700787,0.125984][17.9233,-30.9763,0][-1.17552,1.0424,0.347262][0.708661,0.653543,0.251969][18.0735,-30.9783,0][-1.22412,1.04296,0.346512][-0.700787,0.700787,0.125984][18.0765,-30.9783,0][-1.17875,1.03331,0.379384][0.708661,0.653543,0.259843][18.0737,-30.9763,0][-1.22412,1.04296,0.346512][-0.700787,0.700787,0.125984][18.0765,-30.9783,0][-1.22735,1.03388,0.378638][-0.700787,0.700787,0.125984][18.0767,-30.9763,0][-1.17875,1.03331,0.379384][0.708661,0.653543,0.259843][18.0737,-30.9763,0][1.17556,1.0424,0.347262][-0.708661,0.653543,0.251969][17.9265,-30.9783,0][1.22093,1.05178,0.314308][0.700787,0.700787,0.11811][17.9237,-30.9804,0][1.17233,1.05122,0.315064][-0.708661,0.661417,0.251969][17.9267,-30.9803,0][1.22093,1.05178,0.314308][0.700787,0.700787,0.11811][17.9237,-30.9804,0][1.17556,1.0424,0.347262][-0.708661,0.653543,0.251969][17.9265,-30.9783,0][1.22415,1.04296,0.346512][0.700787,0.700787,0.125984][17.9235,-30.9783,0][-1.1723,1.05122,0.315064][0.708661,0.661417,0.251969][18.0733,-30.9803,0][-1.22089,1.05178,0.314308][-0.700787,0.700787,0.11811][18.0763,-30.9804,0][-1.17552,1.0424,0.347262][0.708661,0.653543,0.251969][18.0735,-30.9783,0][-1.22089,1.05178,0.314308][-0.700787,0.700787,0.11811][18.0763,-30.9804,0][-1.22412,1.04296,0.346512][-0.700787,0.700787,0.125984][18.0765,-30.9783,0][-1.17552,1.0424,0.347262][0.708661,0.653543,0.251969][18.0735,-30.9783,0][1.17233,1.05122,0.315064][-0.708661,0.661417,0.251969][17.9267,-30.9803,0][1.2177,1.06032,0.28203][0.700787,0.700787,0.110236][17.9239,-30.9824,0][1.1691,1.05977,0.28279][-0.708661,0.661417,0.244094][17.9269,-30.9823,0][1.2177,1.06032,0.28203][0.700787,0.700787,0.110236][17.9239,-30.9824,0][1.17233,1.05122,0.315064][-0.708661,0.661417,0.251969][17.9267,-30.9803,0][1.22093,1.05178,0.314308][0.700787,0.700787,0.11811][17.9237,-30.9804,0][-1.16907,1.05977,0.28279][0.708661,0.661417,0.244094][18.0731,-30.9823,0][-1.21767,1.06032,0.28203][-0.700787,0.700787,0.110236][18.0761,-30.9824,0][-1.1723,1.05122,0.315064][0.708661,0.661417,0.251969][18.0733,-30.9803,0][-1.21767,1.06032,0.28203][-0.700787,0.700787,0.110236][18.0761,-30.9824,0][-1.22089,1.05178,0.314308][-0.700787,0.700787,0.11811][18.0763,-30.9804,0][-1.1723,1.05122,0.315064][0.708661,0.661417,0.251969][18.0733,-30.9803,0][1.1691,1.05977,0.28279][-0.708661,0.661417,0.244094][17.9269,-30.9823,0][1.21447,1.06859,0.249678][0.700787,0.700787,0.102362][17.9241,-30.9844,0][1.16588,1.06805,0.250442][-0.708661,0.661417,0.23622][17.9271,-30.9843,0][1.21447,1.06859,0.249678][0.700787,0.700787,0.102362][17.9241,-30.9844,0][1.1691,1.05977,0.28279][-0.708661,0.661417,0.244094][17.9269,-30.9823,0][1.2177,1.06032,0.28203][0.700787,0.700787,0.110236][17.9239,-30.9824,0][-1.16584,1.06805,0.250442][0.708661,0.661417,0.23622][18.0729,-30.9843,0][-1.21444,1.06859,0.249678][-0.700787,0.700787,0.102362][18.0759,-30.9844,0][-1.16907,1.05977,0.28279][0.708661,0.661417,0.244094][18.0731,-30.9823,0][-1.21444,1.06859,0.249678][-0.700787,0.700787,0.102362][18.0759,-30.9844,0][-1.21767,1.06032,0.28203][-0.700787,0.700787,0.110236][18.0761,-30.9824,0][-1.16907,1.05977,0.28279][0.708661,0.661417,0.244094][18.0731,-30.9823,0][-1.07878,1.18661,-0.642362][0.291339,0.275591,0.913386][18.0674,-31.0401,0][-1.12738,1.18696,-0.643214][-0.307087,0.314961,0.897638][18.0705,-31.0402,0][-1.08195,1.18576,-0.60852][0.708661,0.700787,0.0866142][18.0676,-31.038,0][-1.12738,1.18696,-0.643214][-0.307087,0.314961,0.897638][18.0705,-31.0402,0][-1.13055,1.18612,-0.609384][-0.700787,0.708661,-0.0472441][18.0707,-31.0381,0][-1.08195,1.18576,-0.60852][0.708661,0.700787,0.0866142][18.0676,-31.038,0][-1.08195,1.18576,-0.60852][0.708661,0.700787,0.0866142][18.0676,-31.038,0][-1.13055,1.18612,-0.609384][-0.700787,0.708661,-0.0472441][18.0707,-31.0381,0][-1.08518,1.18474,-0.5751][0.708661,0.700787,0.0944882][18.0678,-31.0359,0][-1.13055,1.18612,-0.609384][-0.700787,0.708661,-0.0472441][18.0707,-31.0381,0][-1.13378,1.18511,-0.57596][-0.700787,0.708661,-0.0472441][18.0709,-31.036,0][-1.08518,1.18474,-0.5751][0.708661,0.700787,0.0944882][18.0678,-31.0359,0][-1.08518,1.18474,-0.5751][0.708661,0.700787,0.0944882][18.0678,-31.0359,0][-1.13378,1.18511,-0.57596][-0.700787,0.708661,-0.0472441][18.0709,-31.036,0][-1.08841,1.18344,-0.541692][0.708661,0.700787,0.102362][18.068,-31.0339,0][-1.13378,1.18511,-0.57596][-0.700787,0.708661,-0.0472441][18.0709,-31.036,0][-1.137,1.18382,-0.54255][-0.700787,0.708661,-0.0393701][18.0711,-31.0339,0][-1.08841,1.18344,-0.541692][0.708661,0.700787,0.102362][18.068,-31.0339,0][-1.08841,1.18344,-0.541692][0.708661,0.700787,0.102362][18.068,-31.0339,0][-1.137,1.18382,-0.54255][-0.700787,0.708661,-0.0393701][18.0711,-31.0339,0][-1.09163,1.18186,-0.508296][0.708661,0.692913,0.102362][18.0682,-31.0318,0][-1.137,1.18382,-0.54255][-0.700787,0.708661,-0.0393701][18.0711,-31.0339,0][-1.14023,1.18224,-0.509152][-0.700787,0.708661,-0.0314961][18.0713,-31.0318,0][-1.09163,1.18186,-0.508296][0.708661,0.692913,0.102362][18.0682,-31.0318,0][-1.09163,1.18186,-0.508296][0.708661,0.692913,0.102362][18.0682,-31.0318,0][-1.14023,1.18224,-0.509152][-0.700787,0.708661,-0.0314961][18.0713,-31.0318,0][-1.09486,1.17999,-0.47492][0.708661,0.692913,0.110236][18.0684,-31.0297,0][-1.14023,1.18224,-0.509152][-0.700787,0.708661,-0.0314961][18.0713,-31.0318,0][-1.14346,1.18038,-0.47577][-0.700787,0.708661,-0.023622][18.0715,-31.0297,0][-1.09486,1.17999,-0.47492][0.708661,0.692913,0.110236][18.0684,-31.0297,0][-1.09486,1.17999,-0.47492][0.708661,0.692913,0.110236][18.0684,-31.0297,0][-1.14346,1.18038,-0.47577][-0.700787,0.708661,-0.023622][18.0715,-31.0297,0][-1.09809,1.17785,-0.44156][0.708661,0.692913,0.11811][18.0686,-31.0276,0][-1.14346,1.18038,-0.47577][-0.700787,0.708661,-0.023622][18.0715,-31.0297,0][-1.14668,1.17824,-0.442408][-0.700787,0.708661,-0.023622][18.0717,-31.0276,0][-1.09809,1.17785,-0.44156][0.708661,0.692913,0.11811][18.0686,-31.0276,0][-1.09809,1.17785,-0.44156][0.708661,0.692913,0.11811][18.0686,-31.0276,0][-1.14668,1.17824,-0.442408][-0.700787,0.708661,-0.023622][18.0717,-31.0276,0][-1.10131,1.17542,-0.408222][0.708661,0.692913,0.125984][18.0688,-31.0255,0][-1.14668,1.17824,-0.442408][-0.700787,0.708661,-0.023622][18.0717,-31.0276,0][-1.14991,1.17582,-0.409066][-0.700787,0.708661,-0.015748][18.0719,-31.0256,0][-1.10131,1.17542,-0.408222][0.708661,0.692913,0.125984][18.0688,-31.0255,0][-1.10131,1.17542,-0.408222][0.708661,0.692913,0.125984][18.0688,-31.0255,0][-1.14991,1.17582,-0.409066][-0.700787,0.708661,-0.015748][18.0719,-31.0256,0][-1.10454,1.17271,-0.374908][0.708661,0.692913,0.125984][18.069,-31.0234,0][-1.14991,1.17582,-0.409066][-0.700787,0.708661,-0.015748][18.0719,-31.0256,0][-1.15314,1.17312,-0.375748][-0.700787,0.708661,-0.00787402][18.0721,-31.0235,0][-1.10454,1.17271,-0.374908][0.708661,0.692913,0.125984][18.069,-31.0234,0][1.08199,1.18576,-0.60852][-0.708661,0.700787,0.0866142][17.9324,-31.038,0][1.12741,1.18696,-0.643214][0.307087,0.314961,0.897638][17.9295,-31.0402,0][1.07882,1.18661,-0.642362][-0.291339,0.275591,0.913386][17.9326,-31.0401,0][1.12741,1.18696,-0.643214][0.307087,0.314961,0.897638][17.9295,-31.0402,0][1.08199,1.18576,-0.60852][-0.708661,0.700787,0.0866142][17.9324,-31.038,0][1.13058,1.18612,-0.609384][0.700787,0.708661,-0.0472441][17.9293,-31.0381,0][1.08521,1.18474,-0.5751][-0.708661,0.700787,0.0944882][17.9322,-31.0359,0][1.13058,1.18612,-0.609384][0.700787,0.708661,-0.0472441][17.9293,-31.0381,0][1.08199,1.18576,-0.60852][-0.708661,0.700787,0.0866142][17.9324,-31.038,0][1.13058,1.18612,-0.609384][0.700787,0.708661,-0.0472441][17.9293,-31.0381,0][1.08521,1.18474,-0.5751][-0.708661,0.700787,0.0944882][17.9322,-31.0359,0][1.13381,1.18511,-0.57596][0.700787,0.708661,-0.0472441][17.9291,-31.036,0][1.08844,1.18344,-0.541692][-0.708661,0.700787,0.102362][17.932,-31.0339,0][1.13381,1.18511,-0.57596][0.700787,0.708661,-0.0472441][17.9291,-31.036,0][1.08521,1.18474,-0.5751][-0.708661,0.700787,0.0944882][17.9322,-31.0359,0][1.13381,1.18511,-0.57596][0.700787,0.708661,-0.0472441][17.9291,-31.036,0][1.08844,1.18344,-0.541692][-0.708661,0.700787,0.102362][17.932,-31.0339,0][1.13704,1.18382,-0.54255][0.700787,0.708661,-0.0393701][17.9289,-31.0339,0][1.09167,1.18186,-0.508296][-0.708661,0.692913,0.102362][17.9318,-31.0318,0][1.13704,1.18382,-0.54255][0.700787,0.708661,-0.0393701][17.9289,-31.0339,0][1.08844,1.18344,-0.541692][-0.708661,0.700787,0.102362][17.932,-31.0339,0][1.13704,1.18382,-0.54255][0.700787,0.708661,-0.0393701][17.9289,-31.0339,0][1.09167,1.18186,-0.508296][-0.708661,0.692913,0.102362][17.9318,-31.0318,0][1.14026,1.18224,-0.509152][0.700787,0.708661,-0.0314961][17.9287,-31.0318,0][1.09489,1.17999,-0.47492][-0.708661,0.692913,0.110236][17.9316,-31.0297,0][1.14026,1.18224,-0.509152][0.700787,0.708661,-0.0314961][17.9287,-31.0318,0][1.09167,1.18186,-0.508296][-0.708661,0.692913,0.102362][17.9318,-31.0318,0][1.14026,1.18224,-0.509152][0.700787,0.708661,-0.0314961][17.9287,-31.0318,0][1.09489,1.17999,-0.47492][-0.708661,0.692913,0.110236][17.9316,-31.0297,0][1.14349,1.18038,-0.47577][0.700787,0.708661,-0.023622][17.9285,-31.0297,0][1.09812,1.17785,-0.44156][-0.708661,0.692913,0.11811][17.9314,-31.0276,0][1.14349,1.18038,-0.47577][0.700787,0.708661,-0.023622][17.9285,-31.0297,0][1.09489,1.17999,-0.47492][-0.708661,0.692913,0.110236][17.9316,-31.0297,0][1.14349,1.18038,-0.47577][0.700787,0.708661,-0.023622][17.9285,-31.0297,0][1.09812,1.17785,-0.44156][-0.708661,0.692913,0.11811][17.9314,-31.0276,0][1.14672,1.17824,-0.442408][0.700787,0.708661,-0.023622][17.9283,-31.0276,0][1.10135,1.17542,-0.408222][-0.708661,0.692913,0.125984][17.9312,-31.0255,0][1.14672,1.17824,-0.442408][0.700787,0.708661,-0.023622][17.9283,-31.0276,0][1.09812,1.17785,-0.44156][-0.708661,0.692913,0.11811][17.9314,-31.0276,0][1.14672,1.17824,-0.442408][0.700787,0.708661,-0.023622][17.9283,-31.0276,0][1.10135,1.17542,-0.408222][-0.708661,0.692913,0.125984][17.9312,-31.0255,0][1.14994,1.17582,-0.409066][0.700787,0.708661,-0.015748][17.9281,-31.0256,0][1.10457,1.17271,-0.374908][-0.708661,0.692913,0.125984][17.931,-31.0234,0][1.14994,1.17582,-0.409066][0.700787,0.708661,-0.015748][17.9281,-31.0256,0][1.10135,1.17542,-0.408222][-0.708661,0.692913,0.125984][17.9312,-31.0255,0][1.14994,1.17582,-0.409066][0.700787,0.708661,-0.015748][17.9281,-31.0256,0][1.10457,1.17271,-0.374908][-0.708661,0.692913,0.125984][17.931,-31.0234,0][1.15317,1.17312,-0.375748][0.700787,0.708661,-0.00787402][17.9279,-31.0235,0][1.1078,1.16971,-0.341618][-0.708661,0.692913,0.133858][17.9308,-31.0214,0][1.15317,1.17312,-0.375748][0.700787,0.708661,-0.00787402][17.9279,-31.0235,0][1.10457,1.17271,-0.374908][-0.708661,0.692913,0.125984][17.931,-31.0234,0][1.15317,1.17312,-0.375748][0.700787,0.708661,-0.00787402][17.9279,-31.0235,0][1.1078,1.16971,-0.341618][-0.708661,0.692913,0.133858][17.9308,-31.0214,0][1.1564,1.17014,-0.342456][0.700787,0.708661,0][17.9277,-31.0214,0][-1.10454,1.17271,-0.374908][0.708661,0.692913,0.125984][18.069,-31.0234,0][-1.15314,1.17312,-0.375748][-0.700787,0.708661,-0.00787402][18.0721,-31.0235,0][-1.10777,1.16971,-0.341618][0.708661,0.692913,0.133858][18.0692,-31.0214,0][-1.15314,1.17312,-0.375748][-0.700787,0.708661,-0.00787402][18.0721,-31.0235,0][-1.15636,1.17014,-0.342456][-0.700787,0.708661,0][18.0723,-31.0214,0][-1.10777,1.16971,-0.341618][0.708661,0.692913,0.133858][18.0692,-31.0214,0][1.11103,1.16644,-0.308358][-0.708661,0.692913,0.141732][17.9306,-31.0193,0][1.1564,1.17014,-0.342456][0.700787,0.708661,0][17.9277,-31.0214,0][1.1078,1.16971,-0.341618][-0.708661,0.692913,0.133858][17.9308,-31.0214,0][1.1564,1.17014,-0.342456][0.700787,0.708661,0][17.9277,-31.0214,0][1.11103,1.16644,-0.308358][-0.708661,0.692913,0.141732][17.9306,-31.0193,0][1.15962,1.16687,-0.309194][0.700787,0.708661,0][17.9275,-31.0193,0][-1.10777,1.16971,-0.341618][0.708661,0.692913,0.133858][18.0692,-31.0214,0][-1.15636,1.17014,-0.342456][-0.700787,0.708661,0][18.0723,-31.0214,0][-1.11099,1.16644,-0.308358][0.708661,0.692913,0.141732][18.0694,-31.0193,0][-1.15636,1.17014,-0.342456][-0.700787,0.708661,0][18.0723,-31.0214,0][-1.15959,1.16687,-0.309194][-0.700787,0.708661,0][18.0725,-31.0193,0][-1.11099,1.16644,-0.308358][0.708661,0.692913,0.141732][18.0694,-31.0193,0][-1.11099,1.16644,-0.308358][0.708661,0.692913,0.141732][18.0694,-31.0193,0][-1.15959,1.16687,-0.309194][-0.700787,0.708661,0][18.0725,-31.0193,0][-1.11422,1.16289,-0.27513][0.708661,0.692913,0.149606][18.0696,-31.0172,0][-1.15959,1.16687,-0.309194][-0.700787,0.708661,0][18.0725,-31.0193,0][-1.16282,1.16332,-0.27596][-0.700787,0.708661,0.00787402][18.0727,-31.0172,0][-1.11422,1.16289,-0.27513][0.708661,0.692913,0.149606][18.0696,-31.0172,0][1.11425,1.16289,-0.27513][-0.708661,0.692913,0.149606][17.9304,-31.0172,0][1.15962,1.16687,-0.309194][0.700787,0.708661,0][17.9275,-31.0193,0][1.11103,1.16644,-0.308358][-0.708661,0.692913,0.141732][17.9306,-31.0193,0][1.15962,1.16687,-0.309194][0.700787,0.708661,0][17.9275,-31.0193,0][1.11425,1.16289,-0.27513][-0.708661,0.692913,0.149606][17.9304,-31.0172,0][1.16285,1.16332,-0.27596][0.700787,0.708661,0.00787402][17.9273,-31.0172,0][-1.11422,1.16289,-0.27513][0.708661,0.692913,0.149606][18.0696,-31.0172,0][-1.16282,1.16332,-0.27596][-0.700787,0.708661,0.00787402][18.0727,-31.0172,0][-1.11744,1.15905,-0.241932][0.708661,0.685039,0.149606][18.0698,-31.0151,0][-1.16282,1.16332,-0.27596][-0.700787,0.708661,0.00787402][18.0727,-31.0172,0][-1.16604,1.15949,-0.24276][-0.700787,0.708661,0.015748][18.0729,-31.0152,0][-1.11744,1.15905,-0.241932][0.708661,0.685039,0.149606][18.0698,-31.0151,0][1.11748,1.15905,-0.241932][-0.708661,0.685039,0.149606][17.9302,-31.0151,0][1.16285,1.16332,-0.27596][0.700787,0.708661,0.00787402][17.9273,-31.0172,0][1.11425,1.16289,-0.27513][-0.708661,0.692913,0.149606][17.9304,-31.0172,0][1.16285,1.16332,-0.27596][0.700787,0.708661,0.00787402][17.9273,-31.0172,0][1.11748,1.15905,-0.241932][-0.708661,0.685039,0.149606][17.9302,-31.0151,0][1.16608,1.15949,-0.24276][0.700787,0.708661,0.015748][17.9271,-31.0152,0][1.12071,1.15493,-0.208772][-0.708661,0.685039,0.15748][17.93,-31.013,0][1.16608,1.15949,-0.24276][0.700787,0.708661,0.015748][17.9271,-31.0152,0][1.11748,1.15905,-0.241932][-0.708661,0.685039,0.149606][17.9302,-31.0151,0][1.16608,1.15949,-0.24276][0.700787,0.708661,0.015748][17.9271,-31.0152,0][1.12071,1.15493,-0.208772][-0.708661,0.685039,0.15748][17.93,-31.013,0][1.1693,1.15538,-0.209594][0.700787,0.708661,0.023622][17.9269,-31.0131,0][1.12716,1.14586,-0.142567][-0.708661,0.685039,0.173228][17.9296,-31.0089,0][1.17253,1.15099,-0.176469][0.700787,0.708661,0.0314961][17.9267,-31.011,0][1.12393,1.15054,-0.175649][-0.708661,0.685039,0.165354][17.9298,-31.011,0][1.17253,1.15099,-0.176469][0.700787,0.708661,0.0314961][17.9267,-31.011,0][1.12716,1.14586,-0.142567][-0.708661,0.685039,0.173228][17.9296,-31.0089,0][1.17576,1.14632,-0.143381][0.700787,0.708661,0.0314961][17.9265,-31.009,0][1.13039,1.1409,-0.109525][-0.708661,0.685039,0.173228][17.9294,-31.0068,0][1.17576,1.14632,-0.143381][0.700787,0.708661,0.0314961][17.9265,-31.009,0][1.12716,1.14586,-0.142567][-0.708661,0.685039,0.173228][17.9296,-31.0089,0][1.17576,1.14632,-0.143381][0.700787,0.708661,0.0314961][17.9265,-31.009,0][1.13039,1.1409,-0.109525][-0.708661,0.685039,0.173228][17.9294,-31.0068,0][1.17898,1.14137,-0.110337][0.700787,0.708661,0.0393701][17.9263,-31.0069,0][1.13361,1.13567,-0.0765286][-0.708661,0.677165,0.181102][17.9291,-31.0048,0][1.17898,1.14137,-0.110337][0.700787,0.708661,0.0393701][17.9263,-31.0069,0][1.13039,1.1409,-0.109525][-0.708661,0.685039,0.173228][17.9294,-31.0068,0][1.17898,1.14137,-0.110337][0.700787,0.708661,0.0393701][17.9263,-31.0069,0][1.13361,1.13567,-0.0765286][-0.708661,0.677165,0.181102][17.9291,-31.0048,0][1.18221,1.13614,-0.0773366][0.700787,0.708661,0.0472441][17.9261,-31.0048,0][1.13684,1.13015,-0.0435806][-0.708661,0.677165,0.188976][17.9289,-31.0027,0][1.18221,1.13614,-0.0773366][0.700787,0.708661,0.0472441][17.9261,-31.0048,0][1.13361,1.13567,-0.0765286][-0.708661,0.677165,0.181102][17.9291,-31.0048,0][1.18221,1.13614,-0.0773366][0.700787,0.708661,0.0472441][17.9261,-31.0048,0][1.13684,1.13015,-0.0435806][-0.708661,0.677165,0.188976][17.9289,-31.0027,0][1.18543,1.13064,-0.0443846][0.700787,0.708661,0.0551181][17.9259,-31.0028,0][1.14006,1.12436,-0.0106826][-0.708661,0.677165,0.188976][17.9287,-31.0007,0][1.18543,1.13064,-0.0443846][0.700787,0.708661,0.0551181][17.9259,-31.0028,0][1.13684,1.13015,-0.0435806][-0.708661,0.677165,0.188976][17.9289,-31.0027,0][1.18543,1.13064,-0.0443846][0.700787,0.708661,0.0551181][17.9259,-31.0028,0][1.14006,1.12436,-0.0106826][-0.708661,0.677165,0.188976][17.9287,-31.0007,0][1.18866,1.12485,-0.0114807][0.700787,0.708661,0.0551181][17.9257,-31.0007,0][1.14329,1.11829,0.0221654][-0.708661,0.677165,0.19685][17.9285,-30.9986,0][1.18866,1.12485,-0.0114807][0.700787,0.708661,0.0551181][17.9257,-31.0007,0][1.14006,1.12436,-0.0106826][-0.708661,0.677165,0.188976][17.9287,-31.0007,0][1.18866,1.12485,-0.0114807][0.700787,0.708661,0.0551181][17.9257,-31.0007,0][1.14329,1.11829,0.0221654][-0.708661,0.677165,0.19685][17.9285,-30.9986,0][1.19189,1.11878,0.0213694][0.700787,0.708661,0.0629921][17.9255,-30.9987,0][1.14652,1.11194,0.0549574][-0.708661,0.677165,0.204724][17.9283,-30.9966,0][1.19189,1.11878,0.0213694][0.700787,0.708661,0.0629921][17.9255,-30.9987,0][1.14329,1.11829,0.0221654][-0.708661,0.677165,0.19685][17.9285,-30.9986,0][1.19189,1.11878,0.0213694][0.700787,0.708661,0.0629921][17.9255,-30.9987,0][1.14652,1.11194,0.0549574][-0.708661,0.677165,0.204724][17.9283,-30.9966,0][1.19511,1.11244,0.0541674][0.700787,0.708661,0.0708661][17.9253,-30.9966,0][1.14974,1.10531,0.0876934][-0.708661,0.669291,0.212598][17.9281,-30.9945,0][1.19511,1.11244,0.0541674][0.700787,0.708661,0.0708661][17.9253,-30.9966,0][1.14652,1.11194,0.0549574][-0.708661,0.677165,0.204724][17.9283,-30.9966,0][1.19511,1.11244,0.0541674][0.700787,0.708661,0.0708661][17.9253,-30.9966,0][1.14974,1.10531,0.0876934][-0.708661,0.669291,0.212598][17.9281,-30.9945,0][1.19834,1.10582,0.0869074][0.700787,0.708661,0.0787402][17.9251,-30.9946,0][1.15297,1.09841,0.120369][-0.708661,0.669291,0.212598][17.9279,-30.9925,0][1.19834,1.10582,0.0869074][0.700787,0.708661,0.0787402][17.9251,-30.9946,0][1.14974,1.10531,0.0876934][-0.708661,0.669291,0.212598][17.9281,-30.9945,0][1.19834,1.10582,0.0869074][0.700787,0.708661,0.0787402][17.9251,-30.9946,0][1.15297,1.09841,0.120369][-0.708661,0.669291,0.212598][17.9279,-30.9925,0][1.20157,1.09893,0.119587][0.700787,0.708661,0.0787402][17.9249,-30.9925,0][1.20157,1.09893,0.119587][0.700787,0.708661,0.0787402][17.9249,-30.9925,0][1.1562,1.09123,0.152985][-0.708661,0.669291,0.220472][17.9277,-30.9904,0][1.20479,1.09176,0.152207][0.700787,0.700787,0.0866142][17.9247,-30.9905,0][1.1562,1.09123,0.152985][-0.708661,0.669291,0.220472][17.9277,-30.9904,0][1.20157,1.09893,0.119587][0.700787,0.708661,0.0787402][17.9249,-30.9925,0][1.15297,1.09841,0.120369][-0.708661,0.669291,0.212598][17.9279,-30.9925,0][1.15942,1.08378,0.185537][-0.708661,0.669291,0.228346][17.9275,-30.9884,0][1.20479,1.09176,0.152207][0.700787,0.700787,0.0866142][17.9247,-30.9905,0][1.1562,1.09123,0.152985][-0.708661,0.669291,0.220472][17.9277,-30.9904,0][1.20479,1.09176,0.152207][0.700787,0.700787,0.0866142][17.9247,-30.9905,0][1.15942,1.08378,0.185537][-0.708661,0.669291,0.228346][17.9275,-30.9884,0][1.20802,1.08431,0.184765][0.700787,0.700787,0.0944882][17.9245,-30.9885,0][1.16265,1.07605,0.218024][-0.708661,0.661417,0.23622][17.9273,-30.9864,0][1.20802,1.08431,0.184765][0.700787,0.700787,0.0944882][17.9245,-30.9885,0][1.15942,1.08378,0.185537][-0.708661,0.669291,0.228346][17.9275,-30.9884,0][1.20802,1.08431,0.184765][0.700787,0.700787,0.0944882][17.9245,-30.9885,0][1.16265,1.07605,0.218024][-0.708661,0.661417,0.23622][17.9273,-30.9864,0][1.21125,1.07659,0.217256][0.700787,0.700787,0.102362][17.9243,-30.9864,0][1.16588,1.06805,0.250442][-0.708661,0.661417,0.23622][17.9271,-30.9843,0][1.21125,1.07659,0.217256][0.700787,0.700787,0.102362][17.9243,-30.9864,0][1.16265,1.07605,0.218024][-0.708661,0.661417,0.23622][17.9273,-30.9864,0][1.21125,1.07659,0.217256][0.700787,0.700787,0.102362][17.9243,-30.9864,0][1.16588,1.06805,0.250442][-0.708661,0.661417,0.23622][17.9271,-30.9843,0][1.21447,1.06859,0.249678][0.700787,0.700787,0.102362][17.9241,-30.9844,0][-1.11744,1.15905,-0.241932][0.708661,0.685039,0.149606][18.0698,-31.0151,0][-1.16604,1.15949,-0.24276][-0.700787,0.708661,0.015748][18.0729,-31.0152,0][-1.12067,1.15493,-0.208772][0.708661,0.685039,0.15748][18.07,-31.013,0][-1.16604,1.15949,-0.24276][-0.700787,0.708661,0.015748][18.0729,-31.0152,0][-1.16927,1.15538,-0.209594][-0.700787,0.708661,0.023622][18.0731,-31.0131,0][-1.12067,1.15493,-0.208772][0.708661,0.685039,0.15748][18.07,-31.013,0][-1.1239,1.15054,-0.175649][0.708661,0.685039,0.165354][18.0702,-31.011,0][-1.17249,1.15099,-0.176469][-0.700787,0.708661,0.0314961][18.0733,-31.011,0][-1.12712,1.14586,-0.142567][0.708661,0.685039,0.173228][18.0704,-31.0089,0][-1.17249,1.15099,-0.176469][-0.700787,0.708661,0.0314961][18.0733,-31.011,0][-1.17572,1.14632,-0.143381][-0.700787,0.708661,0.0314961][18.0735,-31.009,0][-1.12712,1.14586,-0.142567][0.708661,0.685039,0.173228][18.0704,-31.0089,0][-1.12712,1.14586,-0.142567][0.708661,0.685039,0.173228][18.0704,-31.0089,0][-1.17572,1.14632,-0.143381][-0.700787,0.708661,0.0314961][18.0735,-31.009,0][-1.13035,1.1409,-0.109525][0.708661,0.685039,0.173228][18.0706,-31.0068,0][-1.17572,1.14632,-0.143381][-0.700787,0.708661,0.0314961][18.0735,-31.009,0][-1.17895,1.14137,-0.110337][-0.700787,0.708661,0.0393701][18.0737,-31.0069,0][-1.13035,1.1409,-0.109525][0.708661,0.685039,0.173228][18.0706,-31.0068,0][-1.13035,1.1409,-0.109525][0.708661,0.685039,0.173228][18.0706,-31.0068,0][-1.17895,1.14137,-0.110337][-0.700787,0.708661,0.0393701][18.0737,-31.0069,0][-1.13358,1.13567,-0.0765286][0.708661,0.677165,0.181102][18.0709,-31.0048,0][-1.17895,1.14137,-0.110337][-0.700787,0.708661,0.0393701][18.0737,-31.0069,0][-1.18217,1.13614,-0.0773366][-0.700787,0.708661,0.0472441][18.0739,-31.0048,0][-1.13358,1.13567,-0.0765286][0.708661,0.677165,0.181102][18.0709,-31.0048,0][-1.13358,1.13567,-0.0765286][0.708661,0.677165,0.181102][18.0709,-31.0048,0][-1.18217,1.13614,-0.0773366][-0.700787,0.708661,0.0472441][18.0739,-31.0048,0][-1.1368,1.13015,-0.0435806][0.708661,0.677165,0.188976][18.0711,-31.0027,0][-1.18217,1.13614,-0.0773366][-0.700787,0.708661,0.0472441][18.0739,-31.0048,0][-1.1854,1.13064,-0.0443846][-0.700787,0.708661,0.0551181][18.0741,-31.0028,0][-1.1368,1.13015,-0.0435806][0.708661,0.677165,0.188976][18.0711,-31.0027,0][-1.1368,1.13015,-0.0435806][0.708661,0.677165,0.188976][18.0711,-31.0027,0][-1.1854,1.13064,-0.0443846][-0.700787,0.708661,0.0551181][18.0741,-31.0028,0][-1.14003,1.12436,-0.0106826][0.708661,0.677165,0.188976][18.0713,-31.0007,0][-1.1854,1.13064,-0.0443846][-0.700787,0.708661,0.0551181][18.0741,-31.0028,0][-1.18863,1.12485,-0.0114807][-0.700787,0.708661,0.0551181][18.0743,-31.0007,0][-1.14003,1.12436,-0.0106826][0.708661,0.677165,0.188976][18.0713,-31.0007,0][-1.14003,1.12436,-0.0106826][0.708661,0.677165,0.188976][18.0713,-31.0007,0][-1.18863,1.12485,-0.0114807][-0.700787,0.708661,0.0551181][18.0743,-31.0007,0][-1.14326,1.11829,0.0221654][0.708661,0.677165,0.19685][18.0715,-30.9986,0][-1.18863,1.12485,-0.0114807][-0.700787,0.708661,0.0551181][18.0743,-31.0007,0][-1.19185,1.11878,0.0213694][-0.700787,0.708661,0.0629921][18.0745,-30.9987,0][-1.14326,1.11829,0.0221654][0.708661,0.677165,0.19685][18.0715,-30.9986,0][-1.14326,1.11829,0.0221654][0.708661,0.677165,0.19685][18.0715,-30.9986,0][-1.19185,1.11878,0.0213694][-0.700787,0.708661,0.0629921][18.0745,-30.9987,0][-1.14648,1.11194,0.0549574][0.708661,0.677165,0.204724][18.0717,-30.9966,0][-1.19185,1.11878,0.0213694][-0.700787,0.708661,0.0629921][18.0745,-30.9987,0][-1.19508,1.11244,0.0541674][-0.700787,0.708661,0.0708661][18.0747,-30.9966,0][-1.14648,1.11194,0.0549574][0.708661,0.677165,0.204724][18.0717,-30.9966,0][-1.14648,1.11194,0.0549574][0.708661,0.677165,0.204724][18.0717,-30.9966,0][-1.19508,1.11244,0.0541674][-0.700787,0.708661,0.0708661][18.0747,-30.9966,0][-1.14971,1.10531,0.0876934][0.708661,0.669291,0.212598][18.0719,-30.9945,0][-1.19508,1.11244,0.0541674][-0.700787,0.708661,0.0708661][18.0747,-30.9966,0][-1.19831,1.10582,0.0869074][-0.700787,0.708661,0.0787402][18.0749,-30.9946,0][-1.14971,1.10531,0.0876934][0.708661,0.669291,0.212598][18.0719,-30.9945,0][-1.14971,1.10531,0.0876934][0.708661,0.669291,0.212598][18.0719,-30.9945,0][-1.19831,1.10582,0.0869074][-0.700787,0.708661,0.0787402][18.0749,-30.9946,0][-1.15294,1.09841,0.120369][0.708661,0.669291,0.212598][18.0721,-30.9925,0][-1.19831,1.10582,0.0869074][-0.700787,0.708661,0.0787402][18.0749,-30.9946,0][-1.20153,1.09893,0.119587][-0.700787,0.708661,0.0787402][18.0751,-30.9925,0][-1.15294,1.09841,0.120369][0.708661,0.669291,0.212598][18.0721,-30.9925,0][-1.20153,1.09893,0.119587][-0.700787,0.708661,0.0787402][18.0751,-30.9925,0][-1.20476,1.09176,0.152207][-0.700787,0.700787,0.0866142][18.0753,-30.9905,0][-1.15616,1.09123,0.152985][0.708661,0.669291,0.220472][18.0723,-30.9904,0][-1.15294,1.09841,0.120369][0.708661,0.669291,0.212598][18.0721,-30.9925,0][-1.20153,1.09893,0.119587][-0.700787,0.708661,0.0787402][18.0751,-30.9925,0][-1.15616,1.09123,0.152985][0.708661,0.669291,0.220472][18.0723,-30.9904,0][-1.15616,1.09123,0.152985][0.708661,0.669291,0.220472][18.0723,-30.9904,0][-1.20476,1.09176,0.152207][-0.700787,0.700787,0.0866142][18.0753,-30.9905,0][-1.15939,1.08378,0.185537][0.708661,0.669291,0.228346][18.0725,-30.9884,0][-1.20476,1.09176,0.152207][-0.700787,0.700787,0.0866142][18.0753,-30.9905,0][-1.20799,1.08431,0.184765][-0.700787,0.700787,0.0944882][18.0755,-30.9885,0][-1.15939,1.08378,0.185537][0.708661,0.669291,0.228346][18.0725,-30.9884,0][-1.15939,1.08378,0.185537][0.708661,0.669291,0.228346][18.0725,-30.9884,0][-1.20799,1.08431,0.184765][-0.700787,0.700787,0.0944882][18.0755,-30.9885,0][-1.16262,1.07605,0.218024][0.708661,0.661417,0.23622][18.0727,-30.9864,0][-1.20799,1.08431,0.184765][-0.700787,0.700787,0.0944882][18.0755,-30.9885,0][-1.21121,1.07659,0.217256][-0.700787,0.700787,0.102362][18.0757,-30.9864,0][-1.16262,1.07605,0.218024][0.708661,0.661417,0.23622][18.0727,-30.9864,0][-1.16262,1.07605,0.218024][0.708661,0.661417,0.23622][18.0727,-30.9864,0][-1.21121,1.07659,0.217256][-0.700787,0.700787,0.102362][18.0757,-30.9864,0][-1.16584,1.06805,0.250442][0.708661,0.661417,0.23622][18.0729,-30.9843,0][-1.21121,1.07659,0.217256][-0.700787,0.700787,0.102362][18.0757,-30.9864,0][-1.21444,1.06859,0.249678][-0.700787,0.700787,0.102362][18.0759,-30.9844,0][-1.16584,1.06805,0.250442][0.708661,0.661417,0.23622][18.0729,-30.9843,0][1.12393,1.15054,-0.175649][-0.708661,0.685039,0.165354][17.9298,-31.011,0][1.1693,1.15538,-0.209594][0.700787,0.708661,0.023622][17.9269,-31.0131,0][1.12071,1.15493,-0.208772][-0.708661,0.685039,0.15748][17.93,-31.013,0][1.1693,1.15538,-0.209594][0.700787,0.708661,0.023622][17.9269,-31.0131,0][1.12393,1.15054,-0.175649][-0.708661,0.685039,0.165354][17.9298,-31.011,0][1.17253,1.15099,-0.176469][0.700787,0.708661,0.0314961][17.9267,-31.011,0][-1.12067,1.15493,-0.208772][0.708661,0.685039,0.15748][18.07,-31.013,0][-1.16927,1.15538,-0.209594][-0.700787,0.708661,0.023622][18.0731,-31.0131,0][-1.1239,1.15054,-0.175649][0.708661,0.685039,0.165354][18.0702,-31.011,0][-1.16927,1.15538,-0.209594][-0.700787,0.708661,0.023622][18.0731,-31.0131,0][-1.17249,1.15099,-0.176469][-0.700787,0.708661,0.0314961][18.0733,-31.011,0][-1.1239,1.15054,-0.175649][0.708661,0.685039,0.165354][18.0702,-31.011,0][1.8445e-05,1.11471,-0.644464][0,0.637795,0.771654][18,-31.0403,0][-0.807646,1.34967,-0.68804][0.19685,0.677165,-0.708661][18.0505,-31.043,0][-1.24985,1.47833,-0.64455][0.19685,0.677165,0.708661][18.0781,-31.0403,0][-0.807646,1.34967,-0.68804][0.19685,0.677165,-0.708661][18.0505,-31.043,0][1.8445e-05,1.11471,-0.644464][0,0.637795,0.771654][18,-31.0403,0][-0.436946,1.24182,-0.688016][0.19685,0.677165,-0.708661][18.0273,-31.043,0][-0.436946,1.24182,-0.688016][0.19685,0.677165,-0.708661][18.0273,-31.043,0][1.8445e-05,1.11471,-0.644464][0,0.637795,0.771654][18,-31.0403,0][-0.173158,1.16508,-0.687998][0.19685,0.677165,-0.708661][18.0108,-31.043,0][1.8445e-05,1.11471,-0.644464][0,0.637795,0.771654][18,-31.0403,0][-0.141404,1.15584,-0.687996][0.19685,0.677165,-0.708661][18.0088,-31.043,0][-0.173158,1.16508,-0.687998][0.19685,0.677165,-0.708661][18.0108,-31.043,0][-0.141404,1.15584,-0.687996][0.19685,0.677165,-0.708661][18.0088,-31.043,0][1.8445e-05,1.11471,-0.644464][0,0.637795,0.771654][18,-31.0403,0][1.8445e-05,1.11469,-0.687986][0,0.629921,-0.779528][18,-31.043,0][-1.07856,1.42849,-0.688058][0.19685,0.677165,-0.708661][18.0674,-31.043,0][-1.24985,1.47833,-0.64455][0.19685,0.677165,0.708661][18.0781,-31.0403,0][-0.807646,1.34967,-0.68804][0.19685,0.677165,-0.708661][18.0505,-31.043,0][-1.09363,1.43287,-0.68806][0.19685,0.677165,-0.708661][18.0684,-31.043,0][-1.24985,1.47833,-0.64455][0.19685,0.677165,0.708661][18.0781,-31.0403,0][-1.07856,1.42849,-0.688058][0.19685,0.677165,-0.708661][18.0674,-31.043,0][-1.24985,1.47833,-0.64455][0.19685,0.677165,0.708661][18.0781,-31.0403,0][-1.09363,1.43287,-0.68806][0.19685,0.677165,-0.708661][18.0684,-31.043,0][-1.11179,1.43816,-0.68806][0.19685,0.677165,-0.708661][18.0695,-31.043,0][-1.12261,1.44131,-0.688062][0.19685,0.677165,-0.708661][18.0702,-31.043,0][-1.24985,1.47833,-0.64455][0.19685,0.677165,0.708661][18.0781,-31.0403,0][-1.11179,1.43816,-0.68806][0.19685,0.677165,-0.708661][18.0695,-31.043,0][-1.24985,1.47833,-0.64455][0.19685,0.677165,0.708661][18.0781,-31.0403,0][-1.12261,1.44131,-0.688062][0.19685,0.677165,-0.708661][18.0702,-31.043,0][-1.13281,1.44427,-0.688062][0.19685,0.677165,-0.708661][18.0708,-31.043,0][-1.24985,1.47832,-0.68807][0.19685,0.677165,-0.708661][18.0781,-31.043,0][-1.24985,1.47833,-0.64455][0.19685,0.677165,0.708661][18.0781,-31.0403,0][-1.13281,1.44427,-0.688062][0.19685,0.677165,-0.708661][18.0708,-31.043,0][-1.24985,1.47832,-0.68807][0.19685,0.677165,-0.708661][18.0781,-31.043,0][-1.33375,1.50274,-0.644556][0.188976,0.677165,0.708661][18.0834,-31.0403,0][-1.24985,1.47833,-0.64455][0.19685,0.677165,0.708661][18.0781,-31.0403,0][-1.33375,1.50274,-0.644556][0.188976,0.677165,0.708661][18.0834,-31.0403,0][-1.24985,1.47832,-0.68807][0.19685,0.677165,-0.708661][18.0781,-31.043,0][-1.33375,1.50273,-0.688076][0.19685,0.677165,-0.708661][18.0834,-31.043,0][-1.33375,1.50273,-0.688076][0.19685,0.677165,-0.708661][18.0834,-31.043,0][-1.42708,1.52989,-0.644562][-0.669291,0.503937,0.543307][18.0892,-31.0403,0][-1.33375,1.50274,-0.644556][0.188976,0.677165,0.708661][18.0834,-31.0403,0][-1.42708,1.52989,-0.644562][-0.669291,0.503937,0.543307][18.0892,-31.0403,0][-1.33375,1.50273,-0.688076][0.19685,0.677165,-0.708661][18.0834,-31.043,0][-1.42708,1.52988,-0.688082][-0.669291,0.503937,-0.543307][18.0892,-31.043,0][0.715012,1.32271,-0.688034][-0.19685,0.677165,-0.708661][17.9553,-31.043,0][1.8445e-05,1.11471,-0.644464][0,0.637795,0.771654][18,-31.0403,0][1.24988,1.47833,-0.64455][-0.19685,0.677165,0.708661][17.9219,-31.0403,0][1.8445e-05,1.11471,-0.644464][0,0.637795,0.771654][18,-31.0403,0][0.715012,1.32271,-0.688034][-0.19685,0.677165,-0.708661][17.9553,-31.043,0][0.390566,1.22832,-0.688012][-0.19685,0.677165,-0.708661][17.9756,-31.043,0][0.715012,1.32271,-0.688034][-0.19685,0.677165,-0.708661][17.9553,-31.043,0][1.24988,1.47833,-0.64455][-0.19685,0.677165,0.708661][17.9219,-31.0403,0][1.08594,1.43063,-0.68806][-0.19685,0.677165,-0.708661][17.9321,-31.043,0][1.8445e-05,1.11471,-0.644464][0,0.637795,0.771654][18,-31.0403,0][0.390566,1.22832,-0.688012][-0.19685,0.677165,-0.708661][17.9756,-31.043,0][0.253476,1.18843,-0.688002][-0.19685,0.677165,-0.708661][17.9842,-31.043,0][1.8445e-05,1.11471,-0.644464][0,0.637795,0.771654][18,-31.0403,0][0.253476,1.18843,-0.688002][-0.19685,0.677165,-0.708661][17.9842,-31.043,0][0.238674,1.18413,-0.688002][-0.19685,0.677165,-0.708661][17.9851,-31.043,0][0.238674,1.18413,-0.688002][-0.19685,0.677165,-0.708661][17.9851,-31.043,0][1.8445e-05,1.11469,-0.687986][0,0.629921,-0.779528][18,-31.043,0][1.8445e-05,1.11471,-0.644464][0,0.637795,0.771654][18,-31.0403,0][1.08594,1.43063,-0.68806][-0.19685,0.677165,-0.708661][17.9321,-31.043,0][1.24988,1.47833,-0.64455][-0.19685,0.677165,0.708661][17.9219,-31.0403,0][1.10529,1.43626,-0.68806][-0.19685,0.677165,-0.708661][17.9309,-31.043,0][1.24988,1.47832,-0.68807][-0.19685,0.677165,-0.708661][17.9219,-31.043,0][1.10529,1.43626,-0.68806][-0.19685,0.677165,-0.708661][17.9309,-31.043,0][1.24988,1.47833,-0.64455][-0.19685,0.677165,0.708661][17.9219,-31.0403,0][1.33378,1.50274,-0.644556][-0.188976,0.677165,0.708661][17.9166,-31.0403,0][1.24988,1.47832,-0.68807][-0.19685,0.677165,-0.708661][17.9219,-31.043,0][1.24988,1.47833,-0.64455][-0.19685,0.677165,0.708661][17.9219,-31.0403,0][1.24988,1.47832,-0.68807][-0.19685,0.677165,-0.708661][17.9219,-31.043,0][1.33378,1.50274,-0.644556][-0.188976,0.677165,0.708661][17.9166,-31.0403,0][1.33378,1.50273,-0.688076][-0.19685,0.677165,-0.708661][17.9166,-31.043,0][1.42712,1.52989,-0.644562][0.669291,0.503937,0.543307][17.9108,-31.0403,0][1.33378,1.50273,-0.688076][-0.19685,0.677165,-0.708661][17.9166,-31.043,0][1.33378,1.50274,-0.644556][-0.188976,0.677165,0.708661][17.9166,-31.0403,0][1.33378,1.50273,-0.688076][-0.19685,0.677165,-0.708661][17.9166,-31.043,0][1.42712,1.52989,-0.644562][0.669291,0.503937,0.543307][17.9108,-31.0403,0][1.42712,1.52988,-0.688082][0.669291,0.503937,-0.543307][17.9108,-31.043,0][-1.24998,0.925452,0.687322][-0.661417,0.614173,-0.433071][17.9219,-31.0047,0][-1.2498,0.908486,0.680856][-0.708661,-0.291339,0.637795][17.9219,-31.0057,0][-1.24998,0.925452,0.687322][-0.937008,-0.330709,-0.0944882][17.9219,-31.0047,0][1.24984,0.908486,0.680856][0.708661,-0.291339,0.637795][18.0781,-31.0057,0][1.20142,0.924824,0.688016][-0.929134,-0.362205,-0.0472441][18.0751,-31.0047,0][1.20167,0.908012,0.68156][-0.677165,-0.307087,0.669291][18.0751,-31.0057,0][1.20142,0.924824,0.688016][-0.929134,-0.362205,-0.0472441][18.0751,-31.0047,0][1.24984,0.908486,0.680856][0.708661,-0.291339,0.637795][18.0781,-31.0057,0][1.25002,0.925452,0.687322][0.937008,-0.330709,-0.0944882][18.0781,-31.0047,0][-1.2498,0.908486,0.680856][-0.708661,-0.291339,0.637795][17.9219,-31.0057,0][-1.20139,0.924824,0.688016][0.929134,-0.362205,-0.0472441][17.9249,-31.0047,0][-1.24998,0.925452,0.687322][-0.937008,-0.330709,-0.0944882][17.9219,-31.0047,0][-1.20139,0.924824,0.688016][0.929134,-0.362205,-0.0472441][17.9249,-31.0047,0][-1.2498,0.908486,0.680856][-0.708661,-0.291339,0.637795][17.9219,-31.0057,0][-1.20163,0.908012,0.68156][0.677165,-0.307087,0.669291][17.9249,-31.0057,0][1.24961,0.892266,0.67273][0.692913,-0.409449,0.590551][18.0781,-31.0067,0][1.20167,0.908012,0.68156][-0.677165,-0.307087,0.669291][18.0751,-31.0057,0][1.20186,0.891942,0.673448][-0.661417,-0.417323,0.622047][18.0751,-31.0068,0][1.20167,0.908012,0.68156][-0.677165,-0.307087,0.669291][18.0751,-31.0057,0][1.24961,0.892266,0.67273][0.692913,-0.409449,0.590551][18.0781,-31.0067,0][1.24984,0.908486,0.680856][0.708661,-0.291339,0.637795][18.0781,-31.0057,0][-1.24958,0.892266,0.67273][-0.692913,-0.409449,0.590551][17.9219,-31.0067,0][-1.20163,0.908012,0.68156][0.677165,-0.307087,0.669291][17.9249,-31.0057,0][-1.2498,0.908486,0.680856][-0.708661,-0.291339,0.637795][17.9219,-31.0057,0][-1.20163,0.908012,0.68156][0.677165,-0.307087,0.669291][17.9249,-31.0057,0][-1.24958,0.892266,0.67273][-0.692913,-0.409449,0.590551][17.9219,-31.0067,0][-1.20183,0.891942,0.673448][0.661417,-0.417323,0.622047][17.9249,-31.0068,0][1.24927,0.878286,0.660588][0.677165,-0.598425,0.433071][18.0781,-31.0076,0][1.20186,0.891942,0.673448][-0.661417,-0.417323,0.622047][18.0751,-31.0068,0][1.20193,0.878108,0.661318][-0.645669,-0.606299,0.464567][18.0751,-31.0076,0][1.20186,0.891942,0.673448][-0.661417,-0.417323,0.622047][18.0751,-31.0068,0][1.24927,0.878286,0.660588][0.677165,-0.598425,0.433071][18.0781,-31.0076,0][1.24961,0.892266,0.67273][0.692913,-0.409449,0.590551][18.0781,-31.0067,0][-1.24924,0.878286,0.660588][-0.677165,-0.598425,0.433071][17.9219,-31.0076,0][-1.20183,0.891942,0.673448][0.661417,-0.417323,0.622047][17.9249,-31.0068,0][-1.24958,0.892266,0.67273][-0.692913,-0.409449,0.590551][17.9219,-31.0067,0][-1.20183,0.891942,0.673448][0.661417,-0.417323,0.622047][17.9249,-31.0068,0][-1.24924,0.878286,0.660588][-0.677165,-0.598425,0.433071][17.9219,-31.0076,0][-1.20189,0.878108,0.661318][0.645669,-0.606299,0.464567][17.9249,-31.0076,0][1.25002,0.925452,0.687322][0.937008,-0.330709,-0.0944882][18.0781,-31.0047,0][1.25002,0.925452,0.687322][0.661417,0.614173,-0.433071][18.0781,-31.0047,0][1.20142,0.924824,0.688016][-0.677165,0.614173,-0.401575][18.0751,-31.0047,0][1.20142,0.924824,0.688016][-0.677165,0.614173,-0.401575][18.0751,-31.0047,0][1.20142,0.924824,0.688016][-0.929134,-0.362205,-0.0472441][18.0751,-31.0047,0][1.25002,0.925452,0.687322][0.937008,-0.330709,-0.0944882][18.0781,-31.0047,0][-1.24998,0.925452,0.687322][-0.937008,-0.330709,-0.0944882][17.9219,-31.0047,0][-1.20139,0.924824,0.688016][0.929134,-0.362205,-0.0472441][17.9249,-31.0047,0][-1.24998,0.925452,0.687322][-0.661417,0.614173,-0.433071][17.9219,-31.0047,0][1.24988,1.47833,-0.64455][-0.19685,0.677165,0.708661][18.0781,-30.9701,0][1.8445e-05,1.11471,-0.644464][0,0.637795,0.771654][18,-30.9928,0][1.07882,1.18661,-0.642362][-0.291339,0.275591,0.913386][18.0674,-30.9883,0][1.24988,1.47833,-0.64455][-0.19685,0.677165,0.708661][18.0781,-30.9701,0][1.07882,1.18661,-0.642362][-0.291339,0.275591,0.913386][18.0674,-30.9883,0][1.12741,1.18696,-0.643214][0.307087,0.314961,0.897638][18.0705,-30.9883,0][1.12741,1.18696,-0.643214][0.307087,0.314961,0.897638][18.0705,-30.9883,0][1.33378,1.50274,-0.644556][-0.188976,0.677165,0.708661][18.0834,-30.9686,0][1.24988,1.47833,-0.64455][-0.19685,0.677165,0.708661][18.0781,-30.9701,0][1.8445e-05,0.977268,-0.644432][0,0,1][18,-31.0014,0][1.07882,1.18661,-0.642362][-0.291339,0.275591,0.913386][18.0674,-30.9883,0][1.8445e-05,1.11471,-0.644464][0,0.637795,0.771654][18,-30.9928,0][1.12741,1.18696,-0.643214][0.307087,0.314961,0.897638][18.0705,-30.9883,0][1.1266,1.10175,-0.64326][0.322835,-0.330709,0.889764][18.0704,-30.9936,0][1.16294,1.10153,-0.644462][0.606299,-0.370079,0.700787][18.0727,-30.9937,0][1.16294,1.10153,-0.644462][0.606299,-0.370079,0.700787][18.0727,-30.9937,0][1.22168,1.19677,-0.644484][0.606299,-0.370079,0.700787][18.0764,-30.9877,0][1.12741,1.18696,-0.643214][0.307087,0.314961,0.897638][18.0705,-30.9883,0][1.33378,1.50274,-0.644556][-0.188976,0.677165,0.708661][18.0834,-30.9686,0][1.12741,1.18696,-0.643214][0.307087,0.314961,0.897638][18.0705,-30.9883,0][1.22168,1.19677,-0.644484][0.606299,-0.370079,0.700787][18.0764,-30.9877,0][1.22168,1.19677,-0.644484][0.606299,-0.370079,0.700787][18.0764,-30.9877,0][1.42712,1.52989,-0.644562][0.669291,0.503937,0.543307][18.0892,-30.9669,0][1.33378,1.50274,-0.644556][-0.188976,0.677165,0.708661][18.0834,-30.9686,0][-1.07878,1.18661,-0.642362][0.291339,0.275591,0.913386][17.9326,-30.9883,0][1.8445e-05,0.977268,-0.644432][0,0,1][18,-31.0014,0][1.8445e-05,1.11471,-0.644464][0,0.637795,0.771654][18,-30.9928,0][1.8445e-05,1.11471,-0.644464][0,0.637795,0.771654][18,-30.9928,0][-1.24985,1.47833,-0.64455][0.19685,0.677165,0.708661][17.9219,-30.9701,0][-1.07878,1.18661,-0.642362][0.291339,0.275591,0.913386][17.9326,-30.9883,0][-1.07878,1.18661,-0.642362][0.291339,0.275591,0.913386][17.9326,-30.9883,0][-1.24985,1.47833,-0.64455][0.19685,0.677165,0.708661][17.9219,-30.9701,0][-1.12738,1.18696,-0.643214][-0.307087,0.314961,0.897638][17.9295,-30.9883,0][-1.12738,1.18696,-0.643214][-0.307087,0.314961,0.897638][17.9295,-30.9883,0][-1.24985,1.47833,-0.64455][0.19685,0.677165,0.708661][17.9219,-30.9701,0][-1.33375,1.50274,-0.644556][0.188976,0.677165,0.708661][17.9166,-30.9686,0][1.8445e-05,0.977268,-0.644432][0,0,1][18,-31.0014,0][-1.07878,1.18661,-0.642362][0.291339,0.275591,0.913386][17.9326,-30.9883,0][-1.07995,1.10209,-0.642588][0.299213,-0.291339,0.905512][17.9325,-30.9936,0][-1.07995,1.10209,-0.642588][0.299213,-0.291339,0.905512][17.9325,-30.9936,0][-0.722932,0.48369,-0.644318][0.173228,-0.685039,0.708661][17.9548,-31.0323,0][-0.677458,0.49588,-0.64432][0.181102,-0.685039,0.708661][17.9577,-31.0315,0][-1.12656,1.10175,-0.64326][-0.322835,-0.330709,0.889764][17.9296,-30.9936,0][-0.722932,0.48369,-0.644318][0.173228,-0.685039,0.708661][17.9548,-31.0323,0][-1.07995,1.10209,-0.642588][0.299213,-0.291339,0.905512][17.9325,-30.9936,0][-1.22164,1.19677,-0.644484][-0.606299,-0.370079,0.700787][17.9236,-30.9877,0][-1.33375,1.50274,-0.644556][0.188976,0.677165,0.708661][17.9166,-30.9686,0][-1.42708,1.52989,-0.644562][-0.669291,0.503937,0.543307][17.9108,-30.9669,0][-1.12738,1.18696,-0.643214][-0.307087,0.314961,0.897638][17.9295,-30.9883,0][-1.33375,1.50274,-0.644556][0.188976,0.677165,0.708661][17.9166,-30.9686,0][-1.22164,1.19677,-0.644484][-0.606299,-0.370079,0.700787][17.9236,-30.9877,0][-1.16291,1.10153,-0.644462][-0.606299,-0.370079,0.700787][17.9273,-30.9937,0][-1.12738,1.18696,-0.643214][-0.307087,0.314961,0.897638][17.9295,-30.9883,0][-1.22164,1.19677,-0.644484][-0.606299,-0.370079,0.700787][17.9236,-30.9877,0][-1.12656,1.10175,-0.64326][-0.322835,-0.330709,0.889764][17.9296,-30.9936,0][-1.12738,1.18696,-0.643214][-0.307087,0.314961,0.897638][17.9295,-30.9883,0][-1.16291,1.10153,-0.644462][-0.606299,-0.370079,0.700787][17.9273,-30.9937,0][-1.12656,1.10175,-0.64326][-0.322835,-0.330709,0.889764][17.9296,-30.9936,0][-0.773524,0.470132,-0.644314][-0.299213,-0.748031,0.590551][17.9517,-31.0331,0][-0.722932,0.48369,-0.644318][0.173228,-0.685039,0.708661][17.9548,-31.0323,0][-0.773524,0.470132,-0.644314][-0.299213,-0.748031,0.590551][17.9517,-31.0331,0][-1.12656,1.10175,-0.64326][-0.322835,-0.330709,0.889764][17.9296,-30.9936,0][-1.16291,1.10153,-0.644462][-0.606299,-0.370079,0.700787][17.9273,-30.9937,0][-1.07995,1.10209,-0.642588][0.299213,-0.291339,0.905512][17.9325,-30.9936,0][1.8445e-05,0.937974,-0.644424][0,0,1][18,-31.0039,0][1.8445e-05,0.977268,-0.644432][0,0,1][18,-31.0014,0][-0.677458,0.49588,-0.64432][0.181102,-0.685039,0.708661][17.9577,-31.0315,0][1.8445e-05,0.937974,-0.644424][0,0,1][18,-31.0039,0][-1.07995,1.10209,-0.642588][0.299213,-0.291339,0.905512][17.9325,-30.9936,0][1.8445e-05,0.937974,-0.644424][0,0,1][18,-31.0039,0][-0.677458,0.49588,-0.64432][0.181102,-0.685039,0.708661][17.9577,-31.0315,0][1.8445e-05,0.677474,-0.644364][0,-0.637795,0.771654][18,-31.0202,0][1.8445e-05,0.677474,-0.644364][0,-0.637795,0.771654][18,-31.0202,0][0.677492,0.49588,-0.64432][-0.181102,-0.685039,0.708661][18.0423,-31.0315,0][1.8445e-05,0.937974,-0.644424][0,0,1][18,-31.0039,0][1.8445e-05,0.937974,-0.644424][0,0,1][18,-31.0039,0][1.07998,1.10209,-0.642588][-0.299213,-0.291339,0.905512][18.0675,-30.9936,0][1.8445e-05,0.977268,-0.644432][0,0,1][18,-31.0014,0][1.07998,1.10209,-0.642588][-0.299213,-0.291339,0.905512][18.0675,-30.9936,0][1.8445e-05,0.937974,-0.644424][0,0,1][18,-31.0039,0][0.677492,0.49588,-0.64432][-0.181102,-0.685039,0.708661][18.0423,-31.0315,0][1.07882,1.18661,-0.642362][-0.291339,0.275591,0.913386][18.0674,-30.9883,0][1.8445e-05,0.977268,-0.644432][0,0,1][18,-31.0014,0][1.07998,1.10209,-0.642588][-0.299213,-0.291339,0.905512][18.0675,-30.9936,0][1.07998,1.10209,-0.642588][-0.299213,-0.291339,0.905512][18.0675,-30.9936,0][0.677492,0.49588,-0.64432][-0.181102,-0.685039,0.708661][18.0423,-31.0315,0][0.722966,0.48369,-0.644318][-0.173228,-0.685039,0.708661][18.0452,-31.0323,0][0.722966,0.48369,-0.644318][-0.173228,-0.685039,0.708661][18.0452,-31.0323,0][1.1266,1.10175,-0.64326][0.322835,-0.330709,0.889764][18.0704,-30.9936,0][1.07998,1.10209,-0.642588][-0.299213,-0.291339,0.905512][18.0675,-30.9936,0][1.1266,1.10175,-0.64326][0.322835,-0.330709,0.889764][18.0704,-30.9936,0][0.722966,0.48369,-0.644318][-0.173228,-0.685039,0.708661][18.0452,-31.0323,0][0.773558,0.470132,-0.644314][0.299213,-0.748031,0.590551][18.0483,-31.0331,0][0.773558,0.470132,-0.644314][0.299213,-0.748031,0.590551][18.0483,-31.0331,0][1.16294,1.10153,-0.644462][0.606299,-0.370079,0.700787][18.0727,-30.9937,0][1.1266,1.10175,-0.64326][0.322835,-0.330709,0.889764][18.0704,-30.9936,0][-1.2467,0.973686,0.56964][-0.708661,0.677165,0.204724][18.0356,-31.0016,0][-1.2498,0.908486,0.680856][-0.708661,-0.291339,0.637795][18.0426,-31.0057,0][-1.24998,0.925452,0.687322][-0.661417,0.614173,-0.433071][18.043,-31.0047,0][-1.2467,0.973686,0.56964][-0.708661,0.677165,0.204724][18.0356,-31.0016,0][-1.24805,0.868274,0.618864][-0.677165,-0.732283,-0.0787402][18.0387,-31.0082,0][-1.2498,0.908486,0.680856][-0.708661,-0.291339,0.637795][18.0426,-31.0057,0][-1.2498,0.908486,0.680856][-0.708661,-0.291339,0.637795][18.0426,-31.0057,0][-1.24805,0.868274,0.618864][-0.677165,-0.732283,-0.0787402][18.0387,-31.0082,0][-1.24958,0.892266,0.67273][-0.692913,-0.409449,0.590551][18.042,-31.0067,0][-1.24872,0.869424,0.642254][-0.669291,-0.724409,0.165354][18.0401,-31.0082,0][-1.24958,0.892266,0.67273][-0.692913,-0.409449,0.590551][18.042,-31.0067,0][-1.24805,0.868274,0.618864][-0.677165,-0.732283,-0.0787402][18.0387,-31.0082,0][-1.24958,0.892266,0.67273][-0.692913,-0.409449,0.590551][18.042,-31.0067,0][-1.24872,0.869424,0.642254][-0.669291,-0.724409,0.165354][18.0401,-31.0082,0][-1.24924,0.878286,0.660588][-0.677165,-0.598425,0.433071][18.0413,-31.0076,0][-1.24805,0.868274,0.618864][-0.677165,-0.732283,-0.0787402][18.0387,-31.0082,0][-1.2467,0.973686,0.56964][-0.708661,0.677165,0.204724][18.0356,-31.0016,0][-1.24735,0.873414,0.594182][-0.685039,-0.692913,-0.212598][18.0371,-31.0079,0][-1.24735,0.873414,0.594182][-0.685039,-0.692913,-0.212598][18.0371,-31.0079,0][-1.2467,0.973686,0.56964][-0.708661,0.677165,0.204724][18.0356,-31.0016,0][-1.24666,0.881852,0.569886][-0.692913,-0.669291,-0.267717][18.0356,-31.0074,0][-1.24666,0.881852,0.569886][-0.692913,-0.669291,-0.267717][18.0356,-31.0074,0][-1.2467,0.973686,0.56964][-0.708661,0.677165,0.204724][18.0356,-31.0016,0][-1.24598,0.89152,0.545956][-0.700787,-0.653543,-0.283465][18.0341,-31.0068,0][-1.24598,0.89152,0.545956][-0.700787,-0.653543,-0.283465][18.0341,-31.0068,0][-1.2467,0.973686,0.56964][-0.708661,0.677165,0.204724][18.0356,-31.0016,0][-1.24589,0.892782,0.54289][-0.716535,-0.637795,-0.283465][18.0339,-31.0067,0][-1.15959,1.16687,-0.309194][-0.700787,0.708661,0][17.9807,-30.9896,0][-1.15877,1.08201,-0.316918][-0.700787,-0.700787,-0.141732][17.9802,-30.9949,0][-1.16282,1.16332,-0.27596][-0.700787,0.708661,0.00787402][17.9828,-30.9898,0][-1.162,1.07853,-0.284402][-0.700787,-0.700787,-0.149606][17.9822,-30.9951,0][-1.16282,1.16332,-0.27596][-0.700787,0.708661,0.00787402][17.9828,-30.9898,0][-1.15877,1.08201,-0.316918][-0.700787,-0.700787,-0.141732][17.9802,-30.9949,0][-1.16282,1.16332,-0.27596][-0.700787,0.708661,0.00787402][17.9828,-30.9898,0][-1.162,1.07853,-0.284402][-0.700787,-0.700787,-0.149606][17.9822,-30.9951,0][-1.16604,1.15949,-0.24276][-0.700787,0.708661,0.015748][17.9848,-30.99,0][-1.16523,1.07477,-0.25192][-0.700787,-0.700787,-0.149606][17.9843,-30.9953,0][-1.16604,1.15949,-0.24276][-0.700787,0.708661,0.015748][17.9848,-30.99,0][-1.162,1.07853,-0.284402][-0.700787,-0.700787,-0.149606][17.9822,-30.9951,0][-1.16604,1.15949,-0.24276][-0.700787,0.708661,0.015748][17.9848,-30.99,0][-1.16523,1.07477,-0.25192][-0.700787,-0.700787,-0.149606][17.9843,-30.9953,0][-1.16927,1.15538,-0.209594][-0.700787,0.708661,0.023622][17.9869,-30.9903,0][-1.16845,1.07074,-0.219472][-0.700787,-0.700787,-0.15748][17.9863,-30.9956,0][-1.16927,1.15538,-0.209594][-0.700787,0.708661,0.023622][17.9869,-30.9903,0][-1.16523,1.07477,-0.25192][-0.700787,-0.700787,-0.149606][17.9843,-30.9953,0][-1.16927,1.15538,-0.209594][-0.700787,0.708661,0.023622][17.9869,-30.9903,0][-1.16845,1.07074,-0.219472][-0.700787,-0.700787,-0.15748][17.9863,-30.9956,0][-1.17249,1.15099,-0.176469][-0.700787,0.708661,0.0314961][17.989,-30.9906,0][-1.17168,1.06644,-0.187061][-0.700787,-0.692913,-0.165354][17.9883,-30.9958,0][-1.17249,1.15099,-0.176469][-0.700787,0.708661,0.0314961][17.989,-30.9906,0][-1.16845,1.07074,-0.219472][-0.700787,-0.700787,-0.15748][17.9863,-30.9956,0][-1.17249,1.15099,-0.176469][-0.700787,0.708661,0.0314961][17.989,-30.9906,0][-1.17168,1.06644,-0.187061][-0.700787,-0.692913,-0.165354][17.9883,-30.9958,0][-1.17572,1.14632,-0.143381][-0.700787,0.708661,0.0314961][17.991,-30.9909,0][-1.1749,1.06186,-0.154689][-0.700787,-0.692913,-0.173228][17.9903,-30.9961,0][-1.17572,1.14632,-0.143381][-0.700787,0.708661,0.0314961][17.991,-30.9909,0][-1.17168,1.06644,-0.187061][-0.700787,-0.692913,-0.165354][17.9883,-30.9958,0][-1.17572,1.14632,-0.143381][-0.700787,0.708661,0.0314961][17.991,-30.9909,0][-1.1749,1.06186,-0.154689][-0.700787,-0.692913,-0.173228][17.9903,-30.9961,0][-1.17895,1.14137,-0.110337][-0.700787,0.708661,0.0393701][17.9931,-30.9912,0][-1.17813,1.05701,-0.122359][-0.700787,-0.692913,-0.173228][17.9924,-30.9964,0][-1.17895,1.14137,-0.110337][-0.700787,0.708661,0.0393701][17.9931,-30.9912,0][-1.1749,1.06186,-0.154689][-0.700787,-0.692913,-0.173228][17.9903,-30.9961,0][-1.17895,1.14137,-0.110337][-0.700787,0.708661,0.0393701][17.9931,-30.9912,0][-1.17813,1.05701,-0.122359][-0.700787,-0.692913,-0.173228][17.9924,-30.9964,0][-1.18217,1.13614,-0.0773366][-0.700787,0.708661,0.0472441][17.9952,-30.9915,0][-1.18136,1.05189,-0.0900726][-0.700787,-0.692913,-0.181102][17.9944,-30.9968,0][-1.18217,1.13614,-0.0773366][-0.700787,0.708661,0.0472441][17.9952,-30.9915,0][-1.17813,1.05701,-0.122359][-0.700787,-0.692913,-0.173228][17.9924,-30.9964,0][-1.18217,1.13614,-0.0773366][-0.700787,0.708661,0.0472441][17.9952,-30.9915,0][-1.18136,1.05189,-0.0900726][-0.700787,-0.692913,-0.181102][17.9944,-30.9968,0][-1.1854,1.13064,-0.0443846][-0.700787,0.708661,0.0551181][17.9972,-30.9918,0][-1.18136,1.05189,-0.0900726][-0.700787,-0.692913,-0.181102][17.9944,-30.9968,0][-1.18458,1.04649,-0.0578326][-0.700787,-0.692913,-0.188976][17.9964,-30.9971,0][-1.1854,1.13064,-0.0443846][-0.700787,0.708661,0.0551181][17.9972,-30.9918,0][-1.1854,1.13064,-0.0443846][-0.700787,0.708661,0.0551181][17.9972,-30.9918,0][-1.18458,1.04649,-0.0578326][-0.700787,-0.692913,-0.188976][17.9964,-30.9971,0][-1.18863,1.12485,-0.0114807][-0.700787,0.708661,0.0551181][17.9993,-30.9922,0][-1.18458,1.04649,-0.0578326][-0.700787,-0.692913,-0.188976][17.9964,-30.9971,0][-1.18781,1.04082,-0.0256426][-0.700787,-0.692913,-0.19685][17.9984,-30.9974,0][-1.18863,1.12485,-0.0114807][-0.700787,0.708661,0.0551181][17.9993,-30.9922,0][-1.18863,1.12485,-0.0114807][-0.700787,0.708661,0.0551181][17.9993,-30.9922,0][-1.18781,1.04082,-0.0256426][-0.700787,-0.692913,-0.19685][17.9984,-30.9974,0][-1.19185,1.11878,0.0213694][-0.700787,0.708661,0.0629921][18.0013,-30.9926,0][-1.18781,1.04082,-0.0256426][-0.700787,-0.692913,-0.19685][17.9984,-30.9974,0][-1.19104,1.03488,0.00649736][-0.700787,-0.685039,-0.19685][18.0004,-30.9978,0][-1.19185,1.11878,0.0213694][-0.700787,0.708661,0.0629921][18.0013,-30.9926,0][-1.19185,1.11878,0.0213694][-0.700787,0.708661,0.0629921][18.0013,-30.9926,0][-1.19104,1.03488,0.00649736][-0.700787,-0.685039,-0.19685][18.0004,-30.9978,0][-1.19508,1.11244,0.0541674][-0.700787,0.708661,0.0708661][18.0034,-30.993,0][-1.19104,1.03488,0.00649736][-0.700787,-0.685039,-0.19685][18.0004,-30.9978,0][-1.19426,1.02867,0.0385854][-0.700787,-0.685039,-0.204724][18.0024,-30.9982,0][-1.19508,1.11244,0.0541674][-0.700787,0.708661,0.0708661][18.0034,-30.993,0][-1.19508,1.11244,0.0541674][-0.700787,0.708661,0.0708661][18.0034,-30.993,0][-1.19426,1.02867,0.0385854][-0.700787,-0.685039,-0.204724][18.0024,-30.9982,0][-1.19831,1.10582,0.0869074][-0.700787,0.708661,0.0787402][18.0054,-30.9934,0][-1.19426,1.02867,0.0385854][-0.700787,-0.685039,-0.204724][18.0024,-30.9982,0][-1.19749,1.02218,0.0706174][-0.700787,-0.685039,-0.212598][18.0044,-30.9986,0][-1.19831,1.10582,0.0869074][-0.700787,0.708661,0.0787402][18.0054,-30.9934,0][-1.19831,1.10582,0.0869074][-0.700787,0.708661,0.0787402][18.0054,-30.9934,0][-1.19749,1.02218,0.0706174][-0.700787,-0.685039,-0.212598][18.0044,-30.9986,0][-1.20153,1.09893,0.119587][-0.700787,0.708661,0.0787402][18.0075,-30.9938,0][-1.19749,1.02218,0.0706174][-0.700787,-0.685039,-0.212598][18.0044,-30.9986,0][-1.20072,1.01543,0.102591][-0.700787,-0.685039,-0.220472][18.0064,-30.999,0][-1.20153,1.09893,0.119587][-0.700787,0.708661,0.0787402][18.0075,-30.9938,0][-1.20153,1.09893,0.119587][-0.700787,0.708661,0.0787402][18.0075,-30.9938,0][-1.20072,1.01543,0.102591][-0.700787,-0.685039,-0.220472][18.0064,-30.999,0][-1.20476,1.09176,0.152207][-0.700787,0.700787,0.0866142][18.0095,-30.9943,0][-1.20072,1.01543,0.102591][-0.700787,-0.685039,-0.220472][18.0064,-30.999,0][-1.20394,1.0084,0.134505][-0.700787,-0.677165,-0.220472][18.0084,-30.9995,0][-1.20476,1.09176,0.152207][-0.700787,0.700787,0.0866142][18.0095,-30.9943,0][-1.20476,1.09176,0.152207][-0.700787,0.700787,0.0866142][18.0095,-30.9943,0][-1.20394,1.0084,0.134505][-0.700787,-0.677165,-0.220472][18.0084,-30.9995,0][-1.20799,1.08431,0.184765][-0.700787,0.700787,0.0944882][18.0115,-30.9947,0][-1.20394,1.0084,0.134505][-0.700787,-0.677165,-0.220472][18.0084,-30.9995,0][-1.20717,1.00111,0.166357][-0.700787,-0.677165,-0.228346][18.0104,-30.9999,0][-1.20799,1.08431,0.184765][-0.700787,0.700787,0.0944882][18.0115,-30.9947,0][-1.20799,1.08431,0.184765][-0.700787,0.700787,0.0944882][18.0115,-30.9947,0][-1.20717,1.00111,0.166357][-0.700787,-0.677165,-0.228346][18.0104,-30.9999,0][-1.21121,1.07659,0.217256][-0.700787,0.700787,0.102362][18.0136,-30.9952,0][-1.20717,1.00111,0.166357][-0.700787,-0.677165,-0.228346][18.0104,-30.9999,0][-1.2104,0.993546,0.198143][-0.700787,-0.677165,-0.23622][18.0124,-31.0004,0][-1.21121,1.07659,0.217256][-0.700787,0.700787,0.102362][18.0136,-30.9952,0][-1.21121,1.07659,0.217256][-0.700787,0.700787,0.102362][18.0136,-30.9952,0][-1.2104,0.993546,0.198143][-0.700787,-0.677165,-0.23622][18.0124,-31.0004,0][-1.21444,1.06859,0.249678][-0.700787,0.700787,0.102362][18.0156,-30.9957,0][-1.2104,0.993546,0.198143][-0.700787,-0.677165,-0.23622][18.0124,-31.0004,0][-1.21362,0.985716,0.229864][-0.700787,-0.677165,-0.23622][18.0144,-31.0009,0][-1.21444,1.06859,0.249678][-0.700787,0.700787,0.102362][18.0156,-30.9957,0][-1.21444,1.06859,0.249678][-0.700787,0.700787,0.102362][18.0156,-30.9957,0][-1.21362,0.985716,0.229864][-0.700787,-0.677165,-0.23622][18.0144,-31.0009,0][-1.21767,1.06032,0.28203][-0.700787,0.700787,0.110236][18.0176,-30.9962,0][-1.21362,0.985716,0.229864][-0.700787,-0.677165,-0.23622][18.0144,-31.0009,0][-1.21685,0.977614,0.261514][-0.700787,-0.669291,-0.244094][18.0163,-31.0014,0][-1.21767,1.06032,0.28203][-0.700787,0.700787,0.110236][18.0176,-30.9962,0][-1.21767,1.06032,0.28203][-0.700787,0.700787,0.110236][18.0176,-30.9962,0][-1.21685,0.977614,0.261514][-0.700787,-0.669291,-0.244094][18.0163,-31.0014,0][-1.22089,1.05178,0.314308][-0.700787,0.700787,0.11811][18.0196,-30.9968,0][-1.21685,0.977614,0.261514][-0.700787,-0.669291,-0.244094][18.0163,-31.0014,0][-1.22008,0.96925,0.293094][-0.700787,-0.669291,-0.251969][18.0183,-31.0019,0][-1.22089,1.05178,0.314308][-0.700787,0.700787,0.11811][18.0196,-30.9968,0][-1.22089,1.05178,0.314308][-0.700787,0.700787,0.11811][18.0196,-30.9968,0][-1.22008,0.96925,0.293094][-0.700787,-0.669291,-0.251969][18.0183,-31.0019,0][-1.22412,1.04296,0.346512][-0.700787,0.700787,0.125984][18.0217,-30.9973,0][-1.22008,0.96925,0.293094][-0.700787,-0.669291,-0.251969][18.0183,-31.0019,0][-1.2233,0.960616,0.3246][-0.700787,-0.669291,-0.259843][18.0203,-31.0025,0][-1.22412,1.04296,0.346512][-0.700787,0.700787,0.125984][18.0217,-30.9973,0][-1.22412,1.04296,0.346512][-0.700787,0.700787,0.125984][18.0217,-30.9973,0][-1.2233,0.960616,0.3246][-0.700787,-0.669291,-0.259843][18.0203,-31.0025,0][-1.22735,1.03388,0.378638][-0.700787,0.700787,0.125984][18.0237,-30.9979,0][-1.2233,0.960616,0.3246][-0.700787,-0.669291,-0.259843][18.0203,-31.0025,0][-1.22653,0.951718,0.35603][-0.700787,-0.669291,-0.259843][18.0223,-31.003,0][-1.22735,1.03388,0.378638][-0.700787,0.700787,0.125984][18.0237,-30.9979,0][-1.22735,1.03388,0.378638][-0.700787,0.700787,0.125984][18.0237,-30.9979,0][-1.22653,0.951718,0.35603][-0.700787,-0.669291,-0.259843][18.0223,-31.003,0][-1.23057,1.02452,0.410684][-0.700787,0.700787,0.133858][18.0257,-30.9985,0][-1.22653,0.951718,0.35603][-0.700787,-0.669291,-0.259843][18.0223,-31.003,0][-1.22976,0.942554,0.387382][-0.700787,-0.661417,-0.267717][18.0242,-31.0036,0][-1.23057,1.02452,0.410684][-0.700787,0.700787,0.133858][18.0257,-30.9985,0][-1.23057,1.02452,0.410684][-0.700787,0.700787,0.133858][18.0257,-30.9985,0][-1.22976,0.942554,0.387382][-0.700787,-0.661417,-0.267717][18.0242,-31.0036,0][-1.2338,1.01489,0.44265][-0.700787,0.692913,0.141732][18.0277,-30.9991,0][-1.22976,0.942554,0.387382][-0.700787,-0.661417,-0.267717][18.0242,-31.0036,0][-1.23298,0.933126,0.418654][-0.700787,-0.661417,-0.275591][18.0262,-31.0042,0][-1.2338,1.01489,0.44265][-0.700787,0.692913,0.141732][18.0277,-30.9991,0][-1.2338,1.01489,0.44265][-0.700787,0.692913,0.141732][18.0277,-30.9991,0][-1.23298,0.933126,0.418654][-0.700787,-0.661417,-0.275591][18.0262,-31.0042,0][-1.23702,1.00499,0.47453][-0.700787,0.692913,0.149606][18.0297,-30.9997,0][-1.23298,0.933126,0.418654][-0.700787,-0.661417,-0.275591][18.0262,-31.0042,0][-1.23621,0.923432,0.449842][-0.700787,-0.661417,-0.283465][18.0281,-31.0048,0][-1.23702,1.00499,0.47453][-0.700787,0.692913,0.149606][18.0297,-30.9997,0][-1.23702,1.00499,0.47453][-0.700787,0.692913,0.149606][18.0297,-30.9997,0][-1.23621,0.923432,0.449842][-0.700787,-0.661417,-0.283465][18.0281,-31.0048,0][-1.24025,0.994826,0.506322][-0.700787,0.692913,0.149606][18.0316,-31.0003,0][-1.23621,0.923432,0.449842][-0.700787,-0.661417,-0.283465][18.0281,-31.0048,0][-1.23943,0.913478,0.480946][-0.700787,-0.653543,-0.283465][18.0301,-31.0054,0][-1.24025,0.994826,0.506322][-0.700787,0.692913,0.149606][18.0316,-31.0003,0][-1.24025,0.994826,0.506322][-0.700787,0.692913,0.149606][18.0316,-31.0003,0][-1.23943,0.913478,0.480946][-0.700787,-0.653543,-0.283465][18.0301,-31.0054,0][-1.24348,0.984388,0.538028][-0.700787,0.692913,0.15748][18.0336,-31.001,0][-1.23943,0.913478,0.480946][-0.700787,-0.653543,-0.283465][18.0301,-31.0054,0][-1.24266,0.90326,0.511962][-0.700787,-0.653543,-0.291339][18.032,-31.006,0][-1.24348,0.984388,0.538028][-0.700787,0.692913,0.15748][18.0336,-31.001,0][-1.24348,0.984388,0.538028][-0.700787,0.692913,0.15748][18.0336,-31.001,0][-1.24266,0.90326,0.511962][-0.700787,-0.653543,-0.291339][18.032,-31.006,0][-1.2467,0.973686,0.56964][-0.708661,0.677165,0.204724][18.0356,-31.0016,0][-1.24266,0.90326,0.511962][-0.700787,-0.653543,-0.291339][18.032,-31.006,0][-1.24589,0.892782,0.54289][-0.716535,-0.637795,-0.283465][18.0339,-31.0067,0][-1.2467,0.973686,0.56964][-0.708661,0.677165,0.204724][18.0356,-31.0016,0][-1.12973,1.10091,-0.610628][-0.700787,-0.708661,-0.0866142][17.9618,-30.9937,0][-1.13055,1.18612,-0.609384][-0.700787,0.708661,-0.0472441][17.9619,-30.9884,0][-1.12656,1.10175,-0.64326][-0.322835,-0.330709,0.889764][17.9598,-30.9936,0][-1.12738,1.18696,-0.643214][-0.307087,0.314961,0.897638][17.9598,-30.9883,0][-1.12656,1.10175,-0.64326][-0.322835,-0.330709,0.889764][17.9598,-30.9936,0][-1.13055,1.18612,-0.609384][-0.700787,0.708661,-0.0472441][17.9619,-30.9884,0][-1.13055,1.18612,-0.609384][-0.700787,0.708661,-0.0472441][17.9619,-30.9884,0][-1.12973,1.10091,-0.610628][-0.700787,-0.708661,-0.0866142][17.9618,-30.9937,0][-1.13378,1.18511,-0.57596][-0.700787,0.708661,-0.0472441][17.964,-30.9884,0][-1.13296,1.09992,-0.577926][-0.700787,-0.708661,-0.0944882][17.9639,-30.9938,0][-1.13378,1.18511,-0.57596][-0.700787,0.708661,-0.0472441][17.964,-30.9884,0][-1.12973,1.10091,-0.610628][-0.700787,-0.708661,-0.0866142][17.9618,-30.9937,0][-1.13378,1.18511,-0.57596][-0.700787,0.708661,-0.0472441][17.964,-30.9884,0][-1.13296,1.09992,-0.577926][-0.700787,-0.708661,-0.0944882][17.9639,-30.9938,0][-1.137,1.18382,-0.54255][-0.700787,0.708661,-0.0393701][17.9661,-30.9885,0][-1.13619,1.09864,-0.545236][-0.700787,-0.708661,-0.102362][17.9659,-30.9938,0][-1.137,1.18382,-0.54255][-0.700787,0.708661,-0.0393701][17.9661,-30.9885,0][-1.13296,1.09992,-0.577926][-0.700787,-0.708661,-0.0944882][17.9639,-30.9938,0][-1.137,1.18382,-0.54255][-0.700787,0.708661,-0.0393701][17.9661,-30.9885,0][-1.13619,1.09864,-0.545236][-0.700787,-0.708661,-0.102362][17.9659,-30.9938,0][-1.14023,1.18224,-0.509152][-0.700787,0.708661,-0.0314961][17.9682,-30.9886,0][-1.13941,1.0971,-0.512558][-0.700787,-0.708661,-0.102362][17.968,-30.9939,0][-1.14023,1.18224,-0.509152][-0.700787,0.708661,-0.0314961][17.9682,-30.9886,0][-1.13619,1.09864,-0.545236][-0.700787,-0.708661,-0.102362][17.9659,-30.9938,0][-1.14023,1.18224,-0.509152][-0.700787,0.708661,-0.0314961][17.9682,-30.9886,0][-1.13941,1.0971,-0.512558][-0.700787,-0.708661,-0.102362][17.968,-30.9939,0][-1.14346,1.18038,-0.47577][-0.700787,0.708661,-0.023622][17.9703,-30.9887,0][-1.14264,1.09527,-0.479898][-0.700787,-0.708661,-0.110236][17.97,-30.994,0][-1.14346,1.18038,-0.47577][-0.700787,0.708661,-0.023622][17.9703,-30.9887,0][-1.13941,1.0971,-0.512558][-0.700787,-0.708661,-0.102362][17.968,-30.9939,0][-1.14346,1.18038,-0.47577][-0.700787,0.708661,-0.023622][17.9703,-30.9887,0][-1.14264,1.09527,-0.479898][-0.700787,-0.708661,-0.110236][17.97,-30.994,0][-1.14668,1.17824,-0.442408][-0.700787,0.708661,-0.023622][17.9724,-30.9889,0][-1.14587,1.09317,-0.447256][-0.700787,-0.708661,-0.11811][17.972,-30.9942,0][-1.14668,1.17824,-0.442408][-0.700787,0.708661,-0.023622][17.9724,-30.9889,0][-1.14264,1.09527,-0.479898][-0.700787,-0.708661,-0.110236][17.97,-30.994,0][-1.14668,1.17824,-0.442408][-0.700787,0.708661,-0.023622][17.9724,-30.9889,0][-1.14587,1.09317,-0.447256][-0.700787,-0.708661,-0.11811][17.972,-30.9942,0][-1.14991,1.17582,-0.409066][-0.700787,0.708661,-0.015748][17.9744,-30.989,0][-1.14909,1.09079,-0.414634][-0.700787,-0.708661,-0.125984][17.9741,-30.9943,0][-1.14991,1.17582,-0.409066][-0.700787,0.708661,-0.015748][17.9744,-30.989,0][-1.14587,1.09317,-0.447256][-0.700787,-0.708661,-0.11811][17.972,-30.9942,0][-1.14991,1.17582,-0.409066][-0.700787,0.708661,-0.015748][17.9744,-30.989,0][-1.14909,1.09079,-0.414634][-0.700787,-0.708661,-0.125984][17.9741,-30.9943,0][-1.15314,1.17312,-0.375748][-0.700787,0.708661,-0.00787402][17.9765,-30.9892,0][-1.15232,1.08814,-0.382036][-0.700787,-0.700787,-0.125984][17.9761,-30.9945,0][-1.15314,1.17312,-0.375748][-0.700787,0.708661,-0.00787402][17.9765,-30.9892,0][-1.14909,1.09079,-0.414634][-0.700787,-0.708661,-0.125984][17.9741,-30.9943,0][-1.15314,1.17312,-0.375748][-0.700787,0.708661,-0.00787402][17.9765,-30.9892,0][-1.15232,1.08814,-0.382036][-0.700787,-0.700787,-0.125984][17.9761,-30.9945,0][-1.15636,1.17014,-0.342456][-0.700787,0.708661,0][17.9786,-30.9894,0][-1.15555,1.08521,-0.349462][-0.700787,-0.700787,-0.133858][17.9782,-30.9947,0][-1.15636,1.17014,-0.342456][-0.700787,0.708661,0][17.9786,-30.9894,0][-1.15232,1.08814,-0.382036][-0.700787,-0.700787,-0.125984][17.9761,-30.9945,0][-1.15636,1.17014,-0.342456][-0.700787,0.708661,0][17.9786,-30.9894,0][-1.15555,1.08521,-0.349462][-0.700787,-0.700787,-0.133858][17.9782,-30.9947,0][-1.15959,1.16687,-0.309194][-0.700787,0.708661,0][17.9807,-30.9896,0][-1.15877,1.08201,-0.316918][-0.700787,-0.700787,-0.141732][17.9802,-30.9949,0][-1.15959,1.16687,-0.309194][-0.700787,0.708661,0][17.9807,-30.9896,0][-1.15555,1.08521,-0.349462][-0.700787,-0.700787,-0.133858][17.9782,-30.9947,0][-1.22164,1.19677,-0.644484][-0.606299,-0.370079,0.700787][17.9597,-30.9877,0][-1.42708,1.52989,-0.644562][-0.669291,0.503937,0.543307][17.9597,-30.9669,0][-1.22164,1.19676,-0.688004][-0.598425,-0.370079,-0.708661][17.957,-30.9877,0][-1.42708,1.52988,-0.688082][-0.669291,0.503937,-0.543307][17.957,-30.9669,0][-1.22164,1.19676,-0.688004][-0.598425,-0.370079,-0.708661][17.957,-30.9877,0][-1.42708,1.52989,-0.644562][-0.669291,0.503937,0.543307][17.9597,-30.9669,0][-1.22164,1.19676,-0.688004][-0.598425,-0.370079,-0.708661][17.957,-30.9877,0][-1.16291,1.10152,-0.687982][-0.598425,-0.370079,-0.708661][17.957,-30.9937,0][-1.22164,1.19677,-0.644484][-0.606299,-0.370079,0.700787][17.9597,-30.9877,0][-1.16291,1.10153,-0.644462][-0.606299,-0.370079,0.700787][17.9597,-30.9937,0][-1.22164,1.19677,-0.644484][-0.606299,-0.370079,0.700787][17.9597,-30.9877,0][-1.16291,1.10152,-0.687982][-0.598425,-0.370079,-0.708661][17.957,-30.9937,0][-1.16291,1.10152,-0.687982][-0.598425,-0.370079,-0.708661][17.957,-30.9937,0][-0.773524,0.470122,-0.687836][-0.299213,-0.748031,-0.590551][17.957,-31.0331,0][-1.16291,1.10153,-0.644462][-0.606299,-0.370079,0.700787][17.9597,-30.9937,0][-0.773524,0.470132,-0.644314][-0.299213,-0.748031,0.590551][17.9597,-31.0331,0][-1.16291,1.10153,-0.644462][-0.606299,-0.370079,0.700787][17.9597,-30.9937,0][-0.773524,0.470122,-0.687836][-0.299213,-0.748031,-0.590551][17.957,-31.0331,0][1.07998,1.10209,-0.642588][-0.299213,-0.291339,0.905512][17.9598,-30.9936,0][1.08199,1.18576,-0.60852][-0.708661,0.700787,0.0866142][17.962,-30.9884,0][1.07882,1.18661,-0.642362][-0.291339,0.275591,0.913386][17.9599,-30.9883,0][1.08199,1.18576,-0.60852][-0.708661,0.700787,0.0866142][17.962,-30.9884,0][1.07998,1.10209,-0.642588][-0.299213,-0.291339,0.905512][17.9598,-30.9936,0][1.08316,1.10124,-0.609944][-0.700787,-0.708661,0.0472441][17.9619,-30.9937,0][1.08316,1.10124,-0.609944][-0.700787,-0.708661,0.0472441][17.9619,-30.9937,0][1.08521,1.18474,-0.5751][-0.708661,0.700787,0.0944882][17.9641,-30.9885,0][1.08199,1.18576,-0.60852][-0.708661,0.700787,0.0866142][17.962,-30.9884,0][1.08521,1.18474,-0.5751][-0.708661,0.700787,0.0944882][17.9641,-30.9885,0][1.08316,1.10124,-0.609944][-0.700787,-0.708661,0.0472441][17.9619,-30.9937,0][1.08638,1.10024,-0.57724][-0.700787,-0.708661,0.0472441][17.9639,-30.9937,0][1.08638,1.10024,-0.57724][-0.700787,-0.708661,0.0472441][17.9639,-30.9937,0][1.08844,1.18344,-0.541692][-0.708661,0.700787,0.102362][17.9661,-30.9885,0][1.08521,1.18474,-0.5751][-0.708661,0.700787,0.0944882][17.9641,-30.9885,0][1.08844,1.18344,-0.541692][-0.708661,0.700787,0.102362][17.9661,-30.9885,0][1.08638,1.10024,-0.57724][-0.700787,-0.708661,0.0472441][17.9639,-30.9937,0][1.08961,1.09896,-0.544548][-0.700787,-0.708661,0.0393701][17.966,-30.9938,0][1.08961,1.09896,-0.544548][-0.700787,-0.708661,0.0393701][17.966,-30.9938,0][1.09167,1.18186,-0.508296][-0.708661,0.692913,0.102362][17.9682,-30.9886,0][1.08844,1.18344,-0.541692][-0.708661,0.700787,0.102362][17.9661,-30.9885,0][1.09167,1.18186,-0.508296][-0.708661,0.692913,0.102362][17.9682,-30.9886,0][1.08961,1.09896,-0.544548][-0.700787,-0.708661,0.0393701][17.966,-30.9938,0][1.09284,1.0974,-0.511868][-0.700787,-0.708661,0.0314961][17.968,-30.9939,0][1.09284,1.0974,-0.511868][-0.700787,-0.708661,0.0314961][17.968,-30.9939,0][1.09489,1.17999,-0.47492][-0.708661,0.692913,0.110236][17.9703,-30.9888,0][1.09167,1.18186,-0.508296][-0.708661,0.692913,0.102362][17.9682,-30.9886,0][1.09489,1.17999,-0.47492][-0.708661,0.692913,0.110236][17.9703,-30.9888,0][1.09284,1.0974,-0.511868][-0.700787,-0.708661,0.0314961][17.968,-30.9939,0][1.09606,1.09557,-0.479204][-0.700787,-0.708661,0.023622][17.9701,-30.994,0][1.09606,1.09557,-0.479204][-0.700787,-0.708661,0.023622][17.9701,-30.994,0][1.09812,1.17785,-0.44156][-0.708661,0.692913,0.11811][17.9724,-30.9889,0][1.09489,1.17999,-0.47492][-0.708661,0.692913,0.110236][17.9703,-30.9888,0][1.09812,1.17785,-0.44156][-0.708661,0.692913,0.11811][17.9724,-30.9889,0][1.09606,1.09557,-0.479204][-0.700787,-0.708661,0.023622][17.9701,-30.994,0][1.09929,1.09347,-0.44656][-0.700787,-0.708661,0.023622][17.9721,-30.9942,0][1.09929,1.09347,-0.44656][-0.700787,-0.708661,0.023622][17.9721,-30.9942,0][1.10135,1.17542,-0.408222][-0.708661,0.692913,0.125984][17.9745,-30.989,0][1.09812,1.17785,-0.44156][-0.708661,0.692913,0.11811][17.9724,-30.9889,0][1.10135,1.17542,-0.408222][-0.708661,0.692913,0.125984][17.9745,-30.989,0][1.09929,1.09347,-0.44656][-0.700787,-0.708661,0.023622][17.9721,-30.9942,0][1.10252,1.09108,-0.413936][-0.700787,-0.708661,0.015748][17.9741,-30.9943,0][1.10252,1.09108,-0.413936][-0.700787,-0.708661,0.015748][17.9741,-30.9943,0][1.10457,1.17271,-0.374908][-0.708661,0.692913,0.125984][17.9766,-30.9892,0][1.10135,1.17542,-0.408222][-0.708661,0.692913,0.125984][17.9745,-30.989,0][1.10457,1.17271,-0.374908][-0.708661,0.692913,0.125984][17.9766,-30.9892,0][1.10252,1.09108,-0.413936][-0.700787,-0.708661,0.015748][17.9741,-30.9943,0][1.10574,1.08843,-0.381336][-0.700787,-0.708661,0.00787402][17.9762,-30.9945,0][1.10574,1.08843,-0.381336][-0.700787,-0.708661,0.00787402][17.9762,-30.9945,0][1.1078,1.16971,-0.341618][-0.708661,0.692913,0.133858][17.9787,-30.9894,0][1.10457,1.17271,-0.374908][-0.708661,0.692913,0.125984][17.9766,-30.9892,0][1.1078,1.16971,-0.341618][-0.708661,0.692913,0.133858][17.9787,-30.9894,0][1.10574,1.08843,-0.381336][-0.700787,-0.708661,0.00787402][17.9762,-30.9945,0][1.10897,1.08549,-0.34876][-0.700787,-0.708661,0][17.9782,-30.9947,0][1.10897,1.08549,-0.34876][-0.700787,-0.708661,0][17.9782,-30.9947,0][1.11103,1.16644,-0.308358][-0.708661,0.692913,0.141732][17.9807,-30.9896,0][1.1078,1.16971,-0.341618][-0.708661,0.692913,0.133858][17.9787,-30.9894,0][1.11103,1.16644,-0.308358][-0.708661,0.692913,0.141732][17.9807,-30.9896,0][1.10897,1.08549,-0.34876][-0.700787,-0.708661,0][17.9782,-30.9947,0][1.1122,1.08228,-0.316212][-0.700787,-0.708661,-0.00787402][17.9802,-30.9949,0][1.1122,1.08228,-0.316212][-0.700787,-0.708661,-0.00787402][17.9802,-30.9949,0][1.11425,1.16289,-0.27513][-0.708661,0.692913,0.149606][17.9828,-30.9898,0][1.11103,1.16644,-0.308358][-0.708661,0.692913,0.141732][17.9807,-30.9896,0][1.11425,1.16289,-0.27513][-0.708661,0.692913,0.149606][17.9828,-30.9898,0][1.1122,1.08228,-0.316212][-0.700787,-0.708661,-0.00787402][17.9802,-30.9949,0][1.11542,1.07879,-0.283696][-0.700787,-0.708661,-0.00787402][17.9823,-30.9951,0][1.11542,1.07879,-0.283696][-0.700787,-0.708661,-0.00787402][17.9823,-30.9951,0][1.11748,1.15905,-0.241932][-0.708661,0.685039,0.149606][17.9849,-30.9901,0][1.11425,1.16289,-0.27513][-0.708661,0.692913,0.149606][17.9828,-30.9898,0][1.11748,1.15905,-0.241932][-0.708661,0.685039,0.149606][17.9849,-30.9901,0][1.11542,1.07879,-0.283696][-0.700787,-0.708661,-0.00787402][17.9823,-30.9951,0][1.11865,1.07503,-0.25121][-0.700787,-0.708661,-0.015748][17.9843,-30.9953,0][1.11865,1.07503,-0.25121][-0.700787,-0.708661,-0.015748][17.9843,-30.9953,0][1.12071,1.15493,-0.208772][-0.708661,0.685039,0.15748][17.987,-30.9903,0][1.11748,1.15905,-0.241932][-0.708661,0.685039,0.149606][17.9849,-30.9901,0][1.12071,1.15493,-0.208772][-0.708661,0.685039,0.15748][17.987,-30.9903,0][1.11865,1.07503,-0.25121][-0.700787,-0.708661,-0.015748][17.9843,-30.9953,0][1.12187,1.071,-0.21876][-0.700787,-0.708661,-0.023622][17.9863,-30.9956,0][1.12187,1.071,-0.21876][-0.700787,-0.708661,-0.023622][17.9863,-30.9956,0][1.12393,1.15054,-0.175649][-0.708661,0.685039,0.165354][17.989,-30.9906,0][1.12071,1.15493,-0.208772][-0.708661,0.685039,0.15748][17.987,-30.9903,0][1.12393,1.15054,-0.175649][-0.708661,0.685039,0.165354][17.989,-30.9906,0][1.12187,1.071,-0.21876][-0.700787,-0.708661,-0.023622][17.9863,-30.9956,0][1.1251,1.06669,-0.186347][-0.700787,-0.708661,-0.0314961][17.9884,-30.9958,0][1.1251,1.06669,-0.186347][-0.700787,-0.708661,-0.0314961][17.9884,-30.9958,0][1.12716,1.14586,-0.142567][-0.708661,0.685039,0.173228][17.9911,-30.9909,0][1.12393,1.15054,-0.175649][-0.708661,0.685039,0.165354][17.989,-30.9906,0][1.12716,1.14586,-0.142567][-0.708661,0.685039,0.173228][17.9911,-30.9909,0][1.1251,1.06669,-0.186347][-0.700787,-0.708661,-0.0314961][17.9884,-30.9958,0][1.12833,1.0621,-0.153975][-0.700787,-0.708661,-0.0314961][17.9904,-30.9961,0][1.12833,1.0621,-0.153975][-0.700787,-0.708661,-0.0314961][17.9904,-30.9961,0][1.13039,1.1409,-0.109525][-0.708661,0.685039,0.173228][17.9932,-30.9912,0][1.12716,1.14586,-0.142567][-0.708661,0.685039,0.173228][17.9911,-30.9909,0][1.13039,1.1409,-0.109525][-0.708661,0.685039,0.173228][17.9932,-30.9912,0][1.12833,1.0621,-0.153975][-0.700787,-0.708661,-0.0314961][17.9904,-30.9961,0][1.13155,1.05725,-0.121641][-0.700787,-0.708661,-0.0393701][17.9924,-30.9964,0][1.13155,1.05725,-0.121641][-0.700787,-0.708661,-0.0393701][17.9924,-30.9964,0][1.13361,1.13567,-0.0765286][-0.708661,0.677165,0.181102][17.9952,-30.9915,0][1.13039,1.1409,-0.109525][-0.708661,0.685039,0.173228][17.9932,-30.9912,0][1.13361,1.13567,-0.0765286][-0.708661,0.677165,0.181102][17.9952,-30.9915,0][1.13155,1.05725,-0.121641][-0.700787,-0.708661,-0.0393701][17.9924,-30.9964,0][1.13478,1.05212,-0.0893526][-0.700787,-0.708661,-0.0472441][17.9944,-30.9967,0][1.13478,1.05212,-0.0893526][-0.700787,-0.708661,-0.0472441][17.9944,-30.9967,0][1.13684,1.13015,-0.0435806][-0.708661,0.677165,0.188976][17.9973,-30.9919,0][1.13361,1.13567,-0.0765286][-0.708661,0.677165,0.181102][17.9952,-30.9915,0][1.13684,1.13015,-0.0435806][-0.708661,0.677165,0.188976][17.9973,-30.9919,0][1.13478,1.05212,-0.0893526][-0.700787,-0.708661,-0.0472441][17.9944,-30.9967,0][1.13801,1.04672,-0.0571126][-0.700787,-0.708661,-0.0551181][17.9964,-30.9971,0][1.13801,1.04672,-0.0571126][-0.700787,-0.708661,-0.0551181][17.9964,-30.9971,0][1.14006,1.12436,-0.0106826][-0.708661,0.677165,0.188976][17.9993,-30.9922,0][1.13684,1.13015,-0.0435806][-0.708661,0.677165,0.188976][17.9973,-30.9919,0][1.14006,1.12436,-0.0106826][-0.708661,0.677165,0.188976][17.9993,-30.9922,0][1.13801,1.04672,-0.0571126][-0.700787,-0.708661,-0.0551181][17.9964,-30.9971,0][1.14123,1.04104,-0.0249186][-0.700787,-0.708661,-0.0551181][17.9984,-30.9974,0][1.14123,1.04104,-0.0249186][-0.700787,-0.708661,-0.0551181][17.9984,-30.9974,0][1.14329,1.11829,0.0221654][-0.708661,0.677165,0.19685][18.0014,-30.9926,0][1.14006,1.12436,-0.0106826][-0.708661,0.677165,0.188976][17.9993,-30.9922,0][1.14329,1.11829,0.0221654][-0.708661,0.677165,0.19685][18.0014,-30.9926,0][1.14123,1.04104,-0.0249186][-0.700787,-0.708661,-0.0551181][17.9984,-30.9974,0][1.14446,1.03509,0.00722334][-0.700787,-0.708661,-0.0629921][18.0005,-30.9978,0][1.14446,1.03509,0.00722334][-0.700787,-0.708661,-0.0629921][18.0005,-30.9978,0][1.14652,1.11194,0.0549574][-0.708661,0.677165,0.204724][18.0034,-30.993,0][1.14329,1.11829,0.0221654][-0.708661,0.677165,0.19685][18.0014,-30.9926,0][1.14652,1.11194,0.0549574][-0.708661,0.677165,0.204724][18.0034,-30.993,0][1.14446,1.03509,0.00722334][-0.700787,-0.708661,-0.0629921][18.0005,-30.9978,0][1.14769,1.02887,0.0393114][-0.700787,-0.708661,-0.0708661][18.0025,-30.9982,0][1.14769,1.02887,0.0393114][-0.700787,-0.708661,-0.0708661][18.0025,-30.9982,0][1.14974,1.10531,0.0876934][-0.708661,0.669291,0.212598][18.0055,-30.9934,0][1.14652,1.11194,0.0549574][-0.708661,0.677165,0.204724][18.0034,-30.993,0][1.14974,1.10531,0.0876934][-0.708661,0.669291,0.212598][18.0055,-30.9934,0][1.14769,1.02887,0.0393114][-0.700787,-0.708661,-0.0708661][18.0025,-30.9982,0][1.15091,1.02238,0.0713454][-0.700787,-0.708661,-0.0787402][18.0045,-30.9986,0][1.15091,1.02238,0.0713454][-0.700787,-0.708661,-0.0787402][18.0045,-30.9986,0][1.15297,1.09841,0.120369][-0.708661,0.669291,0.212598][18.0075,-30.9938,0][1.14974,1.10531,0.0876934][-0.708661,0.669291,0.212598][18.0055,-30.9934,0][1.15297,1.09841,0.120369][-0.708661,0.669291,0.212598][18.0075,-30.9938,0][1.15091,1.02238,0.0713454][-0.700787,-0.708661,-0.0787402][18.0045,-30.9986,0][1.15414,1.01562,0.103321][-0.700787,-0.708661,-0.0787402][18.0065,-30.999,0][1.15414,1.01562,0.103321][-0.700787,-0.708661,-0.0787402][18.0065,-30.999,0][1.1562,1.09123,0.152985][-0.708661,0.669291,0.220472][18.0096,-30.9943,0][1.15297,1.09841,0.120369][-0.708661,0.669291,0.212598][18.0075,-30.9938,0][1.1562,1.09123,0.152985][-0.708661,0.669291,0.220472][18.0096,-30.9943,0][1.15414,1.01562,0.103321][-0.700787,-0.708661,-0.0787402][18.0065,-30.999,0][1.15737,1.00859,0.135237][-0.700787,-0.708661,-0.0866142][18.0085,-30.9995,0][1.15737,1.00859,0.135237][-0.700787,-0.708661,-0.0866142][18.0085,-30.9995,0][1.15942,1.08378,0.185537][-0.708661,0.669291,0.228346][18.0116,-30.9948,0][1.1562,1.09123,0.152985][-0.708661,0.669291,0.220472][18.0096,-30.9943,0][1.15942,1.08378,0.185537][-0.708661,0.669291,0.228346][18.0116,-30.9948,0][1.15737,1.00859,0.135237][-0.700787,-0.708661,-0.0866142][18.0085,-30.9995,0][1.16059,1.00129,0.167089][-0.700787,-0.708661,-0.0944882][18.0104,-30.9999,0][1.16059,1.00129,0.167089][-0.700787,-0.708661,-0.0944882][18.0104,-30.9999,0][1.16265,1.07605,0.218024][-0.708661,0.661417,0.23622][18.0136,-30.9952,0][1.15942,1.08378,0.185537][-0.708661,0.669291,0.228346][18.0116,-30.9948,0][1.16265,1.07605,0.218024][-0.708661,0.661417,0.23622][18.0136,-30.9952,0][1.16059,1.00129,0.167089][-0.700787,-0.708661,-0.0944882][18.0104,-30.9999,0][1.16382,0.993722,0.198877][-0.700787,-0.700787,-0.102362][18.0124,-31.0004,0][1.16382,0.993722,0.198877][-0.700787,-0.700787,-0.102362][18.0124,-31.0004,0][1.16588,1.06805,0.250442][-0.708661,0.661417,0.23622][18.0157,-30.9957,0][1.16265,1.07605,0.218024][-0.708661,0.661417,0.23622][18.0136,-30.9952,0][1.16588,1.06805,0.250442][-0.708661,0.661417,0.23622][18.0157,-30.9957,0][1.16382,0.993722,0.198877][-0.700787,-0.700787,-0.102362][18.0124,-31.0004,0][1.16705,0.985886,0.2306][-0.700787,-0.700787,-0.102362][18.0144,-31.0009,0][1.16705,0.985886,0.2306][-0.700787,-0.700787,-0.102362][18.0144,-31.0009,0][1.1691,1.05977,0.28279][-0.708661,0.661417,0.244094][18.0177,-30.9963,0][1.16588,1.06805,0.250442][-0.708661,0.661417,0.23622][18.0157,-30.9957,0][1.1691,1.05977,0.28279][-0.708661,0.661417,0.244094][18.0177,-30.9963,0][1.16705,0.985886,0.2306][-0.700787,-0.700787,-0.102362][18.0144,-31.0009,0][1.17027,0.97778,0.262252][-0.700787,-0.700787,-0.110236][18.0164,-31.0014,0][1.17027,0.97778,0.262252][-0.700787,-0.700787,-0.110236][18.0164,-31.0014,0][1.17233,1.05122,0.315064][-0.708661,0.661417,0.251969][18.0197,-30.9968,0][1.1691,1.05977,0.28279][-0.708661,0.661417,0.244094][18.0177,-30.9963,0][1.17233,1.05122,0.315064][-0.708661,0.661417,0.251969][18.0197,-30.9968,0][1.17027,0.97778,0.262252][-0.700787,-0.700787,-0.110236][18.0164,-31.0014,0][1.1735,0.969406,0.293834][-0.700787,-0.700787,-0.11811][18.0184,-31.0019,0][1.1735,0.969406,0.293834][-0.700787,-0.700787,-0.11811][18.0184,-31.0019,0][1.17556,1.0424,0.347262][-0.708661,0.653543,0.251969][18.0217,-30.9974,0][1.17233,1.05122,0.315064][-0.708661,0.661417,0.251969][18.0197,-30.9968,0][1.17556,1.0424,0.347262][-0.708661,0.653543,0.251969][18.0217,-30.9974,0][1.1735,0.969406,0.293834][-0.700787,-0.700787,-0.11811][18.0184,-31.0019,0][1.17673,0.960768,0.32534][-0.700787,-0.700787,-0.125984][18.0203,-31.0025,0][1.17673,0.960768,0.32534][-0.700787,-0.700787,-0.125984][18.0203,-31.0025,0][1.17878,1.03331,0.379384][-0.708661,0.653543,0.259843][18.0237,-30.9979,0][1.17556,1.0424,0.347262][-0.708661,0.653543,0.251969][18.0217,-30.9974,0][1.17878,1.03331,0.379384][-0.708661,0.653543,0.259843][18.0237,-30.9979,0][1.17673,0.960768,0.32534][-0.700787,-0.700787,-0.125984][18.0203,-31.0025,0][1.17995,0.951862,0.356772][-0.700787,-0.700787,-0.125984][18.0223,-31.003,0][1.17995,0.951862,0.356772][-0.700787,-0.700787,-0.125984][18.0223,-31.003,0][1.18201,1.02394,0.411424][-0.708661,0.653543,0.267717][18.0257,-30.9985,0][1.17878,1.03331,0.379384][-0.708661,0.653543,0.259843][18.0237,-30.9979,0][1.18201,1.02394,0.411424][-0.708661,0.653543,0.267717][18.0257,-30.9985,0][1.17995,0.951862,0.356772][-0.700787,-0.700787,-0.125984][18.0223,-31.003,0][1.18318,0.942692,0.388124][-0.700787,-0.700787,-0.133858][18.0243,-31.0036,0][1.18318,0.942692,0.388124][-0.700787,-0.700787,-0.133858][18.0243,-31.0036,0][1.18524,1.01431,0.443384][-0.708661,0.653543,0.267717][18.0277,-30.9991,0][1.18201,1.02394,0.411424][-0.708661,0.653543,0.267717][18.0257,-30.9985,0][1.18524,1.01431,0.443384][-0.708661,0.653543,0.267717][18.0277,-30.9991,0][1.18318,0.942692,0.388124][-0.700787,-0.700787,-0.133858][18.0243,-31.0036,0][1.1864,0.933256,0.419396][-0.700787,-0.700787,-0.141732][18.0262,-31.0042,0][1.1864,0.933256,0.419396][-0.700787,-0.700787,-0.141732][18.0262,-31.0042,0][1.18846,1.00441,0.47526][-0.708661,0.645669,0.275591][18.0297,-30.9997,0][1.18524,1.01431,0.443384][-0.708661,0.653543,0.267717][18.0277,-30.9991,0][1.18846,1.00441,0.47526][-0.708661,0.645669,0.275591][18.0297,-30.9997,0][1.1864,0.933256,0.419396][-0.700787,-0.700787,-0.141732][18.0262,-31.0042,0][1.18963,0.923558,0.450586][-0.700787,-0.692913,-0.149606][18.0282,-31.0048,0][1.18963,0.923558,0.450586][-0.700787,-0.692913,-0.149606][18.0282,-31.0048,0][1.19169,0.994234,0.507048][-0.708661,0.645669,0.283465][18.0317,-31.0004,0][1.18846,1.00441,0.47526][-0.708661,0.645669,0.275591][18.0297,-30.9997,0][1.19169,0.994234,0.507048][-0.708661,0.645669,0.283465][18.0317,-31.0004,0][1.18963,0.923558,0.450586][-0.700787,-0.692913,-0.149606][18.0282,-31.0048,0][1.19286,0.913596,0.481692][-0.700787,-0.692913,-0.149606][18.0301,-31.0054,0][1.19286,0.913596,0.481692][-0.700787,-0.692913,-0.149606][18.0301,-31.0054,0][1.19492,0.98379,0.538746][-0.708661,0.645669,0.291339][18.0337,-31.001,0][1.19169,0.994234,0.507048][-0.708661,0.645669,0.283465][18.0317,-31.0004,0][1.19492,0.98379,0.538746][-0.708661,0.645669,0.291339][18.0337,-31.001,0][1.19286,0.913596,0.481692][-0.700787,-0.692913,-0.149606][18.0301,-31.0054,0][1.19608,0.903374,0.51271][-0.700787,-0.692913,-0.15748][18.032,-31.006,0][1.19608,0.903374,0.51271][-0.700787,-0.692913,-0.15748][18.032,-31.006,0][1.19814,0.97308,0.570356][-0.700787,0.653543,0.291339][18.0357,-31.0017,0][1.19492,0.98379,0.538746][-0.708661,0.645669,0.291339][18.0337,-31.001,0][1.19814,0.97308,0.570356][-0.700787,0.653543,0.291339][18.0357,-31.0017,0][1.19608,0.903374,0.51271][-0.700787,-0.692913,-0.15748][18.032,-31.006,0][1.19931,0.892886,0.543638][-0.700787,-0.677165,-0.204724][18.034,-31.0067,0][1.19814,0.97308,0.570356][-0.700787,0.653543,0.291339][18.0357,-31.0017,0][1.20167,0.908012,0.68156][-0.677165,-0.307087,0.669291][18.0426,-31.0057,0][1.20142,0.924824,0.688016][-0.929134,-0.362205,-0.0472441][18.043,-31.0047,0][1.20133,0.86831,0.619612][-0.669291,-0.740157,-0.0472441][18.0387,-31.0082,0][1.20167,0.908012,0.68156][-0.677165,-0.307087,0.669291][18.0426,-31.0057,0][1.19814,0.97308,0.570356][-0.700787,0.653543,0.291339][18.0357,-31.0017,0][1.20167,0.908012,0.68156][-0.677165,-0.307087,0.669291][18.0426,-31.0057,0][1.20133,0.86831,0.619612][-0.669291,-0.740157,-0.0472441][18.0387,-31.0082,0][1.20186,0.891942,0.673448][-0.661417,-0.417323,0.622047][18.0421,-31.0068,0][1.20176,0.869374,0.642996][-0.653543,-0.732283,0.19685][18.0402,-31.0082,0][1.20186,0.891942,0.673448][-0.661417,-0.417323,0.622047][18.0421,-31.0068,0][1.20133,0.86831,0.619612][-0.669291,-0.740157,-0.0472441][18.0387,-31.0082,0][1.20186,0.891942,0.673448][-0.661417,-0.417323,0.622047][18.0421,-31.0068,0][1.20176,0.869374,0.642996][-0.653543,-0.732283,0.19685][18.0402,-31.0082,0][1.20193,0.878108,0.661318][-0.645669,-0.606299,0.464567][18.0413,-31.0076,0][1.19814,0.97308,0.570356][-0.700787,0.653543,0.291339][18.0357,-31.0017,0][1.20074,0.873494,0.594936][-0.692913,-0.700787,-0.181102][18.0372,-31.0079,0][1.20133,0.86831,0.619612][-0.669291,-0.740157,-0.0472441][18.0387,-31.0082,0][1.20074,0.873494,0.594936][-0.692913,-0.700787,-0.181102][18.0372,-31.0079,0][1.19814,0.97308,0.570356][-0.700787,0.653543,0.291339][18.0357,-31.0017,0][1.20008,0.881948,0.570642][-0.700787,-0.677165,-0.23622][18.0357,-31.0074,0][1.20008,0.881948,0.570642][-0.700787,-0.677165,-0.23622][18.0357,-31.0074,0][1.19814,0.97308,0.570356][-0.700787,0.653543,0.291339][18.0357,-31.0017,0][1.1994,0.891624,0.546712][-0.700787,-0.661417,-0.251969][18.0342,-31.0068,0][1.1994,0.891624,0.546712][-0.700787,-0.661417,-0.251969][18.0342,-31.0068,0][1.19814,0.97308,0.570356][-0.700787,0.653543,0.291339][18.0357,-31.0017,0][1.19931,0.892886,0.543638][-0.700787,-0.677165,-0.204724][18.034,-31.0067,0][1.24875,0.869424,0.642254][0.669291,-0.724409,0.165354][18.078,-30.9599,0][1.20193,0.878108,0.661318][-0.645669,-0.606299,0.464567][18.0751,-30.9587,0][1.20176,0.869374,0.642996][-0.653543,-0.732283,0.19685][18.0751,-30.9598,0][1.20193,0.878108,0.661318][-0.645669,-0.606299,0.464567][18.0751,-30.9587,0][1.24875,0.869424,0.642254][0.669291,-0.724409,0.165354][18.078,-30.9599,0][1.24927,0.878286,0.660588][0.677165,-0.598425,0.433071][18.0781,-30.9587,0][-1.24872,0.869424,0.642254][-0.669291,-0.724409,0.165354][17.922,-30.9599,0][-1.20189,0.878108,0.661318][0.645669,-0.606299,0.464567][17.9249,-30.9587,0][-1.24924,0.878286,0.660588][-0.677165,-0.598425,0.433071][17.9219,-30.9587,0][-1.20189,0.878108,0.661318][0.645669,-0.606299,0.464567][17.9249,-30.9587,0][-1.24872,0.869424,0.642254][-0.669291,-0.724409,0.165354][17.922,-30.9599,0][-1.20173,0.869374,0.642996][0.653543,-0.732283,0.19685][17.9249,-30.9598,0][-0.773524,0.470122,-0.687836][-0.299213,-0.748031,-0.590551][17.9517,-31.043,0][-0.722932,0.48369,-0.644318][0.173228,-0.685039,0.708661][17.9548,-31.0403,0][-0.773524,0.470132,-0.644314][-0.299213,-0.748031,0.590551][17.9517,-31.0403,0][-0.722932,0.48369,-0.644318][0.173228,-0.685039,0.708661][17.9548,-31.0403,0][-0.773524,0.470122,-0.687836][-0.299213,-0.748031,-0.590551][17.9517,-31.043,0][-0.722932,0.48368,-0.687838][0.181102,-0.685039,-0.708661][17.9548,-31.043,0][-0.722932,0.48368,-0.687838][0.181102,-0.685039,-0.708661][17.9548,-31.043,0][-0.677458,0.49588,-0.64432][0.181102,-0.685039,0.708661][17.9577,-31.0403,0][-0.722932,0.48369,-0.644318][0.173228,-0.685039,0.708661][17.9548,-31.0403,0][-0.677458,0.49588,-0.64432][0.181102,-0.685039,0.708661][17.9577,-31.0403,0][-0.722932,0.48368,-0.687838][0.181102,-0.685039,-0.708661][17.9548,-31.043,0][-0.677458,0.49587,-0.687842][0.181102,-0.685039,-0.708661][17.9577,-31.043,0][-0.674816,0.496578,-0.687842][0.181102,-0.685039,-0.708661][17.9578,-31.043,0][-0.677458,0.49588,-0.64432][0.181102,-0.685039,0.708661][17.9577,-31.0403,0][-0.677458,0.49587,-0.687842][0.181102,-0.685039,-0.708661][17.9577,-31.043,0][-0.677458,0.49588,-0.64432][0.181102,-0.685039,0.708661][17.9577,-31.0403,0][-0.674816,0.496578,-0.687842][0.181102,-0.685039,-0.708661][17.9578,-31.043,0][-0.668148,0.498366,-0.687842][0.181102,-0.685039,-0.708661][17.9582,-31.043,0][-0.677458,0.49588,-0.64432][0.181102,-0.685039,0.708661][17.9577,-31.0403,0][-0.668148,0.498366,-0.687842][0.181102,-0.685039,-0.708661][17.9582,-31.043,0][-0.667356,0.49858,-0.687842][0.181102,-0.685039,-0.708661][17.9583,-31.043,0][-0.647624,0.503868,-0.687844][0.181102,-0.685039,-0.708661][17.9595,-31.043,0][-0.677458,0.49588,-0.64432][0.181102,-0.685039,0.708661][17.9577,-31.0403,0][-0.667356,0.49858,-0.687842][0.181102,-0.685039,-0.708661][17.9583,-31.043,0][-0.677458,0.49588,-0.64432][0.181102,-0.685039,0.708661][17.9577,-31.0403,0][-0.647624,0.503868,-0.687844][0.181102,-0.685039,-0.708661][17.9595,-31.043,0][-0.640358,0.505816,-0.687844][0.181102,-0.685039,-0.708661][17.96,-31.043,0][-0.509686,0.54084,-0.687852][0.181102,-0.685039,-0.708661][17.9681,-31.043,0][-0.677458,0.49588,-0.64432][0.181102,-0.685039,0.708661][17.9577,-31.0403,0][-0.640358,0.505816,-0.687844][0.181102,-0.685039,-0.708661][17.96,-31.043,0][-0.677458,0.49588,-0.64432][0.181102,-0.685039,0.708661][17.9577,-31.0403,0][-0.509686,0.54084,-0.687852][0.181102,-0.685039,-0.708661][17.9681,-31.043,0][-0.278212,0.602888,-0.687866][0.181102,-0.685039,-0.708661][17.9826,-31.043,0][1.8445e-05,0.677474,-0.644364][0,-0.637795,0.771654][18,-31.0403,0][-0.677458,0.49588,-0.64432][0.181102,-0.685039,0.708661][17.9577,-31.0403,0][-0.278212,0.602888,-0.687866][0.181102,-0.685039,-0.708661][17.9826,-31.043,0][1.8445e-05,0.677474,-0.644364][0,-0.637795,0.771654][18,-31.0403,0][-0.278212,0.602888,-0.687866][0.181102,-0.685039,-0.708661][17.9826,-31.043,0][-0.242768,0.612386,-0.687868][0.181102,-0.685039,-0.708661][17.9848,-31.043,0][1.8445e-05,0.677474,-0.644364][0,-0.637795,0.771654][18,-31.0403,0][-0.242768,0.612386,-0.687868][0.181102,-0.685039,-0.708661][17.9848,-31.043,0][-0.0566096,0.662286,-0.68788][0.181102,-0.685039,-0.708661][17.9965,-31.043,0][-0.0316416,0.668978,-0.687882][0.181102,-0.685039,-0.708661][17.998,-31.043,0][1.8445e-05,0.677474,-0.644364][0,-0.637795,0.771654][18,-31.0403,0][-0.0566096,0.662286,-0.68788][0.181102,-0.685039,-0.708661][17.9965,-31.043,0][1.8445e-05,0.677474,-0.644364][0,-0.637795,0.771654][18,-31.0403,0][-0.0316416,0.668978,-0.687882][0.181102,-0.685039,-0.708661][17.998,-31.043,0][1.8445e-05,0.677464,-0.687884][0,-0.637795,-0.771654][18,-31.043,0][0.773558,0.470122,-0.687836][0.299213,-0.748031,-0.590551][18.0483,-31.043,0][0.722966,0.48369,-0.644318][-0.173228,-0.685039,0.708661][18.0452,-31.0403,0][0.722966,0.48368,-0.687838][-0.181102,-0.685039,-0.708661][18.0452,-31.043,0][0.722966,0.48369,-0.644318][-0.173228,-0.685039,0.708661][18.0452,-31.0403,0][0.773558,0.470122,-0.687836][0.299213,-0.748031,-0.590551][18.0483,-31.043,0][0.773558,0.470132,-0.644314][0.299213,-0.748031,0.590551][18.0483,-31.0403,0][0.677492,0.49588,-0.64432][-0.181102,-0.685039,0.708661][18.0423,-31.0403,0][0.722966,0.48368,-0.687838][-0.181102,-0.685039,-0.708661][18.0452,-31.043,0][0.722966,0.48369,-0.644318][-0.173228,-0.685039,0.708661][18.0452,-31.0403,0][0.722966,0.48368,-0.687838][-0.181102,-0.685039,-0.708661][18.0452,-31.043,0][0.677492,0.49588,-0.64432][-0.181102,-0.685039,0.708661][18.0423,-31.0403,0][0.677492,0.49587,-0.687842][-0.181102,-0.685039,-0.708661][18.0423,-31.043,0][0.548936,0.530328,-0.68785][-0.181102,-0.685039,-0.708661][18.0343,-31.043,0][0.677492,0.49587,-0.687842][-0.181102,-0.685039,-0.708661][18.0423,-31.043,0][0.677492,0.49588,-0.64432][-0.181102,-0.685039,0.708661][18.0423,-31.0403,0][0.677492,0.49588,-0.64432][-0.181102,-0.685039,0.708661][18.0423,-31.0403,0][0.367104,0.57907,-0.68786][-0.181102,-0.685039,-0.708661][18.0229,-31.043,0][0.548936,0.530328,-0.68785][-0.181102,-0.685039,-0.708661][18.0343,-31.043,0][0.677492,0.49588,-0.64432][-0.181102,-0.685039,0.708661][18.0423,-31.0403,0][0.333366,0.588112,-0.687864][-0.181102,-0.685039,-0.708661][18.0208,-31.043,0][0.367104,0.57907,-0.68786][-0.181102,-0.685039,-0.708661][18.0229,-31.043,0][0.677492,0.49588,-0.64432][-0.181102,-0.685039,0.708661][18.0423,-31.0403,0][1.8445e-05,0.677474,-0.644364][0,-0.637795,0.771654][18,-31.0403,0][0.333366,0.588112,-0.687864][-0.181102,-0.685039,-0.708661][18.0208,-31.043,0][1.8445e-05,0.677464,-0.687884][0,-0.637795,-0.771654][18,-31.043,0][0.333366,0.588112,-0.687864][-0.181102,-0.685039,-0.708661][18.0208,-31.043,0][1.8445e-05,0.677474,-0.644364][0,-0.637795,0.771654][18,-31.0403,0][1.24809,0.868274,0.618864][0.677165,-0.732283,-0.0787402][18.078,-30.9613,0][1.20176,0.869374,0.642996][-0.653543,-0.732283,0.19685][18.0751,-30.9598,0][1.20133,0.86831,0.619612][-0.669291,-0.740157,-0.0472441][18.0751,-30.9613,0][1.20176,0.869374,0.642996][-0.653543,-0.732283,0.19685][18.0751,-30.9598,0][1.24809,0.868274,0.618864][0.677165,-0.732283,-0.0787402][18.078,-30.9613,0][1.24875,0.869424,0.642254][0.669291,-0.724409,0.165354][18.078,-30.9599,0][-1.24805,0.868274,0.618864][-0.677165,-0.732283,-0.0787402][17.922,-30.9613,0][-1.20173,0.869374,0.642996][0.653543,-0.732283,0.19685][17.9249,-30.9598,0][-1.24872,0.869424,0.642254][-0.669291,-0.724409,0.165354][17.922,-30.9599,0][-1.20173,0.869374,0.642996][0.653543,-0.732283,0.19685][17.9249,-30.9598,0][-1.24805,0.868274,0.618864][-0.677165,-0.732283,-0.0787402][17.922,-30.9613,0][-1.2013,0.86831,0.619612][0.669291,-0.740157,-0.0472441][17.9249,-30.9613,0][1.24738,0.873414,0.594182][0.685039,-0.692913,-0.212598][18.078,-30.9629,0][1.20133,0.86831,0.619612][-0.669291,-0.740157,-0.0472441][18.0751,-30.9613,0][1.20074,0.873494,0.594936][-0.692913,-0.700787,-0.181102][18.075,-30.9628,0][1.20133,0.86831,0.619612][-0.669291,-0.740157,-0.0472441][18.0751,-30.9613,0][1.24738,0.873414,0.594182][0.685039,-0.692913,-0.212598][18.078,-30.9629,0][1.24809,0.868274,0.618864][0.677165,-0.732283,-0.0787402][18.078,-30.9613,0][-1.24735,0.873414,0.594182][-0.685039,-0.692913,-0.212598][17.922,-30.9629,0][-1.2013,0.86831,0.619612][0.669291,-0.740157,-0.0472441][17.9249,-30.9613,0][-1.24805,0.868274,0.618864][-0.677165,-0.732283,-0.0787402][17.922,-30.9613,0][-1.2013,0.86831,0.619612][0.669291,-0.740157,-0.0472441][17.9249,-30.9613,0][-1.24735,0.873414,0.594182][-0.685039,-0.692913,-0.212598][17.922,-30.9629,0][-1.2007,0.873494,0.594936][0.692913,-0.700787,-0.181102][17.925,-30.9628,0][1.16849,1.07074,-0.219472][0.700787,-0.700787,-0.15748][18.073,-31.0137,0][1.1251,1.06669,-0.186347][-0.700787,-0.708661,-0.0314961][18.0703,-31.0116,0][1.12187,1.071,-0.21876][-0.700787,-0.708661,-0.023622][18.0701,-31.0137,0][1.1251,1.06669,-0.186347][-0.700787,-0.708661,-0.0314961][18.0703,-31.0116,0][1.16849,1.07074,-0.219472][0.700787,-0.700787,-0.15748][18.073,-31.0137,0][1.17171,1.06644,-0.187061][0.700787,-0.692913,-0.165354][18.0732,-31.0117,0][1.17171,1.06644,-0.187061][0.700787,-0.692913,-0.165354][18.0732,-31.0117,0][1.12833,1.0621,-0.153975][-0.700787,-0.708661,-0.0314961][18.0705,-31.0096,0][1.1251,1.06669,-0.186347][-0.700787,-0.708661,-0.0314961][18.0703,-31.0116,0][1.12833,1.0621,-0.153975][-0.700787,-0.708661,-0.0314961][18.0705,-31.0096,0][1.17171,1.06644,-0.187061][0.700787,-0.692913,-0.165354][18.0732,-31.0117,0][1.17494,1.06186,-0.154689][0.700787,-0.692913,-0.173228][18.0734,-31.0097,0][1.17494,1.06186,-0.154689][0.700787,-0.692913,-0.173228][18.0734,-31.0097,0][1.13155,1.05725,-0.121641][-0.700787,-0.708661,-0.0393701][18.0707,-31.0076,0][1.12833,1.0621,-0.153975][-0.700787,-0.708661,-0.0314961][18.0705,-31.0096,0][1.13155,1.05725,-0.121641][-0.700787,-0.708661,-0.0393701][18.0707,-31.0076,0][1.17494,1.06186,-0.154689][0.700787,-0.692913,-0.173228][18.0734,-31.0097,0][1.17817,1.05701,-0.122359][0.700787,-0.692913,-0.173228][18.0736,-31.0076,0][1.17817,1.05701,-0.122359][0.700787,-0.692913,-0.173228][18.0736,-31.0076,0][1.13478,1.05212,-0.0893526][-0.700787,-0.708661,-0.0472441][18.0709,-31.0056,0][1.13155,1.05725,-0.121641][-0.700787,-0.708661,-0.0393701][18.0707,-31.0076,0][1.13478,1.05212,-0.0893526][-0.700787,-0.708661,-0.0472441][18.0709,-31.0056,0][1.17817,1.05701,-0.122359][0.700787,-0.692913,-0.173228][18.0736,-31.0076,0][1.18139,1.05189,-0.0900726][0.700787,-0.692913,-0.181102][18.0738,-31.0056,0][1.18139,1.05189,-0.0900726][0.700787,-0.692913,-0.181102][18.0738,-31.0056,0][1.13801,1.04672,-0.0571126][-0.700787,-0.708661,-0.0551181][18.0711,-31.0036,0][1.13478,1.05212,-0.0893526][-0.700787,-0.708661,-0.0472441][18.0709,-31.0056,0][1.13801,1.04672,-0.0571126][-0.700787,-0.708661,-0.0551181][18.0711,-31.0036,0][1.18139,1.05189,-0.0900726][0.700787,-0.692913,-0.181102][18.0738,-31.0056,0][1.18462,1.04649,-0.0578326][0.700787,-0.692913,-0.188976][18.074,-31.0036,0][1.18462,1.04649,-0.0578326][0.700787,-0.692913,-0.188976][18.074,-31.0036,0][1.14123,1.04104,-0.0249186][-0.700787,-0.708661,-0.0551181][18.0713,-31.0016,0][1.13801,1.04672,-0.0571126][-0.700787,-0.708661,-0.0551181][18.0711,-31.0036,0][1.14123,1.04104,-0.0249186][-0.700787,-0.708661,-0.0551181][18.0713,-31.0016,0][1.18462,1.04649,-0.0578326][0.700787,-0.692913,-0.188976][18.074,-31.0036,0][1.18785,1.04082,-0.0256426][0.700787,-0.692913,-0.19685][18.0742,-31.0016,0][1.18785,1.04082,-0.0256426][0.700787,-0.692913,-0.19685][18.0742,-31.0016,0][1.14446,1.03509,0.00722334][-0.700787,-0.708661,-0.0629921][18.0715,-30.9995,0][1.14123,1.04104,-0.0249186][-0.700787,-0.708661,-0.0551181][18.0713,-31.0016,0][1.14446,1.03509,0.00722334][-0.700787,-0.708661,-0.0629921][18.0715,-30.9995,0][1.18785,1.04082,-0.0256426][0.700787,-0.692913,-0.19685][18.0742,-31.0016,0][1.19107,1.03488,0.00649736][0.700787,-0.685039,-0.19685][18.0744,-30.9996,0][1.19107,1.03488,0.00649736][0.700787,-0.685039,-0.19685][18.0744,-30.9996,0][1.14769,1.02887,0.0393114][-0.700787,-0.708661,-0.0708661][18.0717,-30.9975,0][1.14446,1.03509,0.00722334][-0.700787,-0.708661,-0.0629921][18.0715,-30.9995,0][1.14769,1.02887,0.0393114][-0.700787,-0.708661,-0.0708661][18.0717,-30.9975,0][1.19107,1.03488,0.00649736][0.700787,-0.685039,-0.19685][18.0744,-30.9996,0][1.1943,1.02867,0.0385854][0.700787,-0.685039,-0.204724][18.0746,-30.9976,0][1.1943,1.02867,0.0385854][0.700787,-0.685039,-0.204724][18.0746,-30.9976,0][1.15091,1.02238,0.0713454][-0.700787,-0.708661,-0.0787402][18.0719,-30.9955,0][1.14769,1.02887,0.0393114][-0.700787,-0.708661,-0.0708661][18.0717,-30.9975,0][1.15091,1.02238,0.0713454][-0.700787,-0.708661,-0.0787402][18.0719,-30.9955,0][1.1943,1.02867,0.0385854][0.700787,-0.685039,-0.204724][18.0746,-30.9976,0][1.19752,1.02218,0.0706174][0.700787,-0.685039,-0.212598][18.0748,-30.9956,0][1.15414,1.01562,0.103321][-0.700787,-0.708661,-0.0787402][18.0721,-30.9935,0][1.19752,1.02218,0.0706174][0.700787,-0.685039,-0.212598][18.0748,-30.9956,0][1.20075,1.01543,0.102591][0.700787,-0.685039,-0.220472][18.075,-30.9936,0][1.19752,1.02218,0.0706174][0.700787,-0.685039,-0.212598][18.0748,-30.9956,0][1.15414,1.01562,0.103321][-0.700787,-0.708661,-0.0787402][18.0721,-30.9935,0][1.15091,1.02238,0.0713454][-0.700787,-0.708661,-0.0787402][18.0719,-30.9955,0][-1.16845,1.07074,-0.219472][-0.700787,-0.700787,-0.15748][17.927,-31.0137,0][-1.12507,1.06669,-0.186347][0.700787,-0.708661,-0.0314961][17.9297,-31.0116,0][-1.17168,1.06644,-0.187061][-0.700787,-0.692913,-0.165354][17.9268,-31.0117,0][-1.12507,1.06669,-0.186347][0.700787,-0.708661,-0.0314961][17.9297,-31.0116,0][-1.16845,1.07074,-0.219472][-0.700787,-0.700787,-0.15748][17.927,-31.0137,0][-1.12184,1.071,-0.21876][0.700787,-0.708661,-0.023622][17.9299,-31.0137,0][-1.12829,1.0621,-0.153975][0.700787,-0.708661,-0.0314961][17.9295,-31.0096,0][-1.17168,1.06644,-0.187061][-0.700787,-0.692913,-0.165354][17.9268,-31.0117,0][-1.12507,1.06669,-0.186347][0.700787,-0.708661,-0.0314961][17.9297,-31.0116,0][-1.17168,1.06644,-0.187061][-0.700787,-0.692913,-0.165354][17.9268,-31.0117,0][-1.12829,1.0621,-0.153975][0.700787,-0.708661,-0.0314961][17.9295,-31.0096,0][-1.1749,1.06186,-0.154689][-0.700787,-0.692913,-0.173228][17.9266,-31.0097,0][-1.13152,1.05725,-0.121641][0.700787,-0.708661,-0.0393701][17.9293,-31.0076,0][-1.1749,1.06186,-0.154689][-0.700787,-0.692913,-0.173228][17.9266,-31.0097,0][-1.12829,1.0621,-0.153975][0.700787,-0.708661,-0.0314961][17.9295,-31.0096,0][-1.1749,1.06186,-0.154689][-0.700787,-0.692913,-0.173228][17.9266,-31.0097,0][-1.13152,1.05725,-0.121641][0.700787,-0.708661,-0.0393701][17.9293,-31.0076,0][-1.17813,1.05701,-0.122359][-0.700787,-0.692913,-0.173228][17.9264,-31.0076,0][-1.13475,1.05212,-0.0893526][0.700787,-0.708661,-0.0472441][17.9291,-31.0056,0][-1.17813,1.05701,-0.122359][-0.700787,-0.692913,-0.173228][17.9264,-31.0076,0][-1.13152,1.05725,-0.121641][0.700787,-0.708661,-0.0393701][17.9293,-31.0076,0][-1.17813,1.05701,-0.122359][-0.700787,-0.692913,-0.173228][17.9264,-31.0076,0][-1.13475,1.05212,-0.0893526][0.700787,-0.708661,-0.0472441][17.9291,-31.0056,0][-1.18136,1.05189,-0.0900726][-0.700787,-0.692913,-0.181102][17.9262,-31.0056,0][-1.13797,1.04672,-0.0571126][0.700787,-0.708661,-0.0551181][17.9289,-31.0036,0][-1.18136,1.05189,-0.0900726][-0.700787,-0.692913,-0.181102][17.9262,-31.0056,0][-1.13475,1.05212,-0.0893526][0.700787,-0.708661,-0.0472441][17.9291,-31.0056,0][-1.18136,1.05189,-0.0900726][-0.700787,-0.692913,-0.181102][17.9262,-31.0056,0][-1.13797,1.04672,-0.0571126][0.700787,-0.708661,-0.0551181][17.9289,-31.0036,0][-1.18458,1.04649,-0.0578326][-0.700787,-0.692913,-0.188976][17.926,-31.0036,0][-1.1412,1.04104,-0.0249186][0.700787,-0.708661,-0.0551181][17.9287,-31.0016,0][-1.18458,1.04649,-0.0578326][-0.700787,-0.692913,-0.188976][17.926,-31.0036,0][-1.13797,1.04672,-0.0571126][0.700787,-0.708661,-0.0551181][17.9289,-31.0036,0][-1.18458,1.04649,-0.0578326][-0.700787,-0.692913,-0.188976][17.926,-31.0036,0][-1.1412,1.04104,-0.0249186][0.700787,-0.708661,-0.0551181][17.9287,-31.0016,0][-1.18781,1.04082,-0.0256426][-0.700787,-0.692913,-0.19685][17.9258,-31.0016,0][-1.14443,1.03509,0.00722334][0.700787,-0.708661,-0.0629921][17.9285,-30.9995,0][-1.18781,1.04082,-0.0256426][-0.700787,-0.692913,-0.19685][17.9258,-31.0016,0][-1.1412,1.04104,-0.0249186][0.700787,-0.708661,-0.0551181][17.9287,-31.0016,0][-1.18781,1.04082,-0.0256426][-0.700787,-0.692913,-0.19685][17.9258,-31.0016,0][-1.14443,1.03509,0.00722334][0.700787,-0.708661,-0.0629921][17.9285,-30.9995,0][-1.19104,1.03488,0.00649736][-0.700787,-0.685039,-0.19685][17.9256,-30.9996,0][-1.14765,1.02887,0.0393114][0.700787,-0.708661,-0.0708661][17.9283,-30.9975,0][-1.19104,1.03488,0.00649736][-0.700787,-0.685039,-0.19685][17.9256,-30.9996,0][-1.14443,1.03509,0.00722334][0.700787,-0.708661,-0.0629921][17.9285,-30.9995,0][-1.19104,1.03488,0.00649736][-0.700787,-0.685039,-0.19685][17.9256,-30.9996,0][-1.14765,1.02887,0.0393114][0.700787,-0.708661,-0.0708661][17.9283,-30.9975,0][-1.19426,1.02867,0.0385854][-0.700787,-0.685039,-0.204724][17.9254,-30.9976,0][-1.15088,1.02238,0.0713454][0.700787,-0.708661,-0.0787402][17.9281,-30.9955,0][-1.19426,1.02867,0.0385854][-0.700787,-0.685039,-0.204724][17.9254,-30.9976,0][-1.14765,1.02887,0.0393114][0.700787,-0.708661,-0.0708661][17.9283,-30.9975,0][-1.19426,1.02867,0.0385854][-0.700787,-0.685039,-0.204724][17.9254,-30.9976,0][-1.15088,1.02238,0.0713454][0.700787,-0.708661,-0.0787402][17.9281,-30.9955,0][-1.19749,1.02218,0.0706174][-0.700787,-0.685039,-0.212598][17.9252,-30.9956,0][-1.15411,1.01562,0.103321][0.700787,-0.708661,-0.0787402][17.9279,-30.9935,0][-1.19749,1.02218,0.0706174][-0.700787,-0.685039,-0.212598][17.9252,-30.9956,0][-1.15088,1.02238,0.0713454][0.700787,-0.708661,-0.0787402][17.9281,-30.9955,0][-1.19749,1.02218,0.0706174][-0.700787,-0.685039,-0.212598][17.9252,-30.9956,0][-1.15411,1.01562,0.103321][0.700787,-0.708661,-0.0787402][17.9279,-30.9935,0][-1.20072,1.01543,0.102591][-0.700787,-0.685039,-0.220472][17.925,-30.9936,0][1.16526,1.07477,-0.25192][0.700787,-0.700787,-0.149606][18.0728,-31.0157,0][1.12187,1.071,-0.21876][-0.700787,-0.708661,-0.023622][18.0701,-31.0137,0][1.11865,1.07503,-0.25121][-0.700787,-0.708661,-0.015748][18.0699,-31.0157,0][1.12187,1.071,-0.21876][-0.700787,-0.708661,-0.023622][18.0701,-31.0137,0][1.16526,1.07477,-0.25192][0.700787,-0.700787,-0.149606][18.0728,-31.0157,0][1.16849,1.07074,-0.219472][0.700787,-0.700787,-0.15748][18.073,-31.0137,0][-1.16523,1.07477,-0.25192][-0.700787,-0.700787,-0.149606][17.9272,-31.0157,0][-1.12184,1.071,-0.21876][0.700787,-0.708661,-0.023622][17.9299,-31.0137,0][-1.16845,1.07074,-0.219472][-0.700787,-0.700787,-0.15748][17.927,-31.0137,0][-1.12184,1.071,-0.21876][0.700787,-0.708661,-0.023622][17.9299,-31.0137,0][-1.16523,1.07477,-0.25192][-0.700787,-0.700787,-0.149606][17.9272,-31.0157,0][-1.11861,1.07503,-0.25121][0.700787,-0.708661,-0.015748][17.9301,-31.0157,0][1.16203,1.07853,-0.284402][0.700787,-0.700787,-0.149606][18.0726,-31.0178,0][1.11865,1.07503,-0.25121][-0.700787,-0.708661,-0.015748][18.0699,-31.0157,0][1.11542,1.07879,-0.283696][-0.700787,-0.708661,-0.00787402][18.0697,-31.0177,0][1.11865,1.07503,-0.25121][-0.700787,-0.708661,-0.015748][18.0699,-31.0157,0][1.16203,1.07853,-0.284402][0.700787,-0.700787,-0.149606][18.0726,-31.0178,0][1.16526,1.07477,-0.25192][0.700787,-0.700787,-0.149606][18.0728,-31.0157,0][-1.162,1.07853,-0.284402][-0.700787,-0.700787,-0.149606][17.9274,-31.0178,0][-1.11861,1.07503,-0.25121][0.700787,-0.708661,-0.015748][17.9301,-31.0157,0][-1.16523,1.07477,-0.25192][-0.700787,-0.700787,-0.149606][17.9272,-31.0157,0][-1.11861,1.07503,-0.25121][0.700787,-0.708661,-0.015748][17.9301,-31.0157,0][-1.162,1.07853,-0.284402][-0.700787,-0.700787,-0.149606][17.9274,-31.0178,0][-1.11539,1.07879,-0.283696][0.700787,-0.708661,-0.00787402][17.9303,-31.0177,0][1.15881,1.08201,-0.316918][0.700787,-0.700787,-0.141732][18.0724,-31.0198,0][1.11542,1.07879,-0.283696][-0.700787,-0.708661,-0.00787402][18.0697,-31.0177,0][1.1122,1.08228,-0.316212][-0.700787,-0.708661,-0.00787402][18.0695,-31.0198,0][1.11542,1.07879,-0.283696][-0.700787,-0.708661,-0.00787402][18.0697,-31.0177,0][1.15881,1.08201,-0.316918][0.700787,-0.700787,-0.141732][18.0724,-31.0198,0][1.16203,1.07853,-0.284402][0.700787,-0.700787,-0.149606][18.0726,-31.0178,0][-1.15877,1.08201,-0.316918][-0.700787,-0.700787,-0.141732][17.9276,-31.0198,0][-1.11539,1.07879,-0.283696][0.700787,-0.708661,-0.00787402][17.9303,-31.0177,0][-1.162,1.07853,-0.284402][-0.700787,-0.700787,-0.149606][17.9274,-31.0178,0][-1.11539,1.07879,-0.283696][0.700787,-0.708661,-0.00787402][17.9303,-31.0177,0][-1.15877,1.08201,-0.316918][-0.700787,-0.700787,-0.141732][17.9276,-31.0198,0][-1.11216,1.08228,-0.316212][0.700787,-0.708661,-0.00787402][17.9305,-31.0198,0][1.13622,1.09864,-0.545236][0.700787,-0.708661,-0.102362][18.071,-31.0341,0][1.09284,1.0974,-0.511868][-0.700787,-0.708661,0.0314961][18.0683,-31.032,0][1.08961,1.09896,-0.544548][-0.700787,-0.708661,0.0393701][18.0681,-31.034,0][1.09284,1.0974,-0.511868][-0.700787,-0.708661,0.0314961][18.0683,-31.032,0][1.13622,1.09864,-0.545236][0.700787,-0.708661,-0.102362][18.071,-31.0341,0][1.13945,1.0971,-0.512558][0.700787,-0.708661,-0.102362][18.0712,-31.032,0][1.13945,1.0971,-0.512558][0.700787,-0.708661,-0.102362][18.0712,-31.032,0][1.09606,1.09557,-0.479204][-0.700787,-0.708661,0.023622][18.0685,-31.0299,0][1.09284,1.0974,-0.511868][-0.700787,-0.708661,0.0314961][18.0683,-31.032,0][1.09606,1.09557,-0.479204][-0.700787,-0.708661,0.023622][18.0685,-31.0299,0][1.13945,1.0971,-0.512558][0.700787,-0.708661,-0.102362][18.0712,-31.032,0][1.14267,1.09527,-0.479898][0.700787,-0.708661,-0.110236][18.0714,-31.03,0][1.14267,1.09527,-0.479898][0.700787,-0.708661,-0.110236][18.0714,-31.03,0][1.09929,1.09347,-0.44656][-0.700787,-0.708661,0.023622][18.0687,-31.0279,0][1.09606,1.09557,-0.479204][-0.700787,-0.708661,0.023622][18.0685,-31.0299,0][1.09929,1.09347,-0.44656][-0.700787,-0.708661,0.023622][18.0687,-31.0279,0][1.14267,1.09527,-0.479898][0.700787,-0.708661,-0.110236][18.0714,-31.03,0][1.1459,1.09317,-0.447256][0.700787,-0.708661,-0.11811][18.0716,-31.028,0][1.1459,1.09317,-0.447256][0.700787,-0.708661,-0.11811][18.0716,-31.028,0][1.10252,1.09108,-0.413936][-0.700787,-0.708661,0.015748][18.0689,-31.0259,0][1.09929,1.09347,-0.44656][-0.700787,-0.708661,0.023622][18.0687,-31.0279,0][1.10252,1.09108,-0.413936][-0.700787,-0.708661,0.015748][18.0689,-31.0259,0][1.1459,1.09317,-0.447256][0.700787,-0.708661,-0.11811][18.0716,-31.028,0][1.14913,1.09079,-0.414634][0.700787,-0.708661,-0.125984][18.0718,-31.0259,0][1.14913,1.09079,-0.414634][0.700787,-0.708661,-0.125984][18.0718,-31.0259,0][1.10574,1.08843,-0.381336][-0.700787,-0.708661,0.00787402][18.0691,-31.0238,0][1.10252,1.09108,-0.413936][-0.700787,-0.708661,0.015748][18.0689,-31.0259,0][1.10574,1.08843,-0.381336][-0.700787,-0.708661,0.00787402][18.0691,-31.0238,0][1.14913,1.09079,-0.414634][0.700787,-0.708661,-0.125984][18.0718,-31.0259,0][1.15235,1.08814,-0.382036][0.700787,-0.700787,-0.125984][18.072,-31.0239,0][1.15235,1.08814,-0.382036][0.700787,-0.700787,-0.125984][18.072,-31.0239,0][1.10897,1.08549,-0.34876][-0.700787,-0.708661,0][18.0693,-31.0218,0][1.10574,1.08843,-0.381336][-0.700787,-0.708661,0.00787402][18.0691,-31.0238,0][1.10897,1.08549,-0.34876][-0.700787,-0.708661,0][18.0693,-31.0218,0][1.15235,1.08814,-0.382036][0.700787,-0.700787,-0.125984][18.072,-31.0239,0][1.15558,1.08521,-0.349462][0.700787,-0.700787,-0.133858][18.0722,-31.0218,0][1.1122,1.08228,-0.316212][-0.700787,-0.708661,-0.00787402][18.0695,-31.0198,0][1.15558,1.08521,-0.349462][0.700787,-0.700787,-0.133858][18.0722,-31.0218,0][1.15881,1.08201,-0.316918][0.700787,-0.700787,-0.141732][18.0724,-31.0198,0][1.15558,1.08521,-0.349462][0.700787,-0.700787,-0.133858][18.0722,-31.0218,0][1.1122,1.08228,-0.316212][-0.700787,-0.708661,-0.00787402][18.0695,-31.0198,0][1.10897,1.08549,-0.34876][-0.700787,-0.708661,0][18.0693,-31.0218,0][-1.13296,1.09992,-0.577926][-0.700787,-0.708661,-0.0944882][17.9292,-31.0361,0][-1.08958,1.09896,-0.544548][0.700787,-0.708661,0.0393701][17.9319,-31.034,0][-1.13619,1.09864,-0.545236][-0.700787,-0.708661,-0.102362][17.929,-31.0341,0][-1.0928,1.0974,-0.511868][0.700787,-0.708661,0.0314961][17.9317,-31.032,0][-1.13619,1.09864,-0.545236][-0.700787,-0.708661,-0.102362][17.929,-31.0341,0][-1.08958,1.09896,-0.544548][0.700787,-0.708661,0.0393701][17.9319,-31.034,0][-1.13619,1.09864,-0.545236][-0.700787,-0.708661,-0.102362][17.929,-31.0341,0][-1.0928,1.0974,-0.511868][0.700787,-0.708661,0.0314961][17.9317,-31.032,0][-1.13941,1.0971,-0.512558][-0.700787,-0.708661,-0.102362][17.9288,-31.032,0][-1.09603,1.09557,-0.479204][0.700787,-0.708661,0.023622][17.9315,-31.0299,0][-1.13941,1.0971,-0.512558][-0.700787,-0.708661,-0.102362][17.9288,-31.032,0][-1.0928,1.0974,-0.511868][0.700787,-0.708661,0.0314961][17.9317,-31.032,0][-1.13941,1.0971,-0.512558][-0.700787,-0.708661,-0.102362][17.9288,-31.032,0][-1.09603,1.09557,-0.479204][0.700787,-0.708661,0.023622][17.9315,-31.0299,0][-1.14264,1.09527,-0.479898][-0.700787,-0.708661,-0.110236][17.9286,-31.03,0][-1.09926,1.09347,-0.44656][0.700787,-0.708661,0.023622][17.9313,-31.0279,0][-1.14264,1.09527,-0.479898][-0.700787,-0.708661,-0.110236][17.9286,-31.03,0][-1.09603,1.09557,-0.479204][0.700787,-0.708661,0.023622][17.9315,-31.0299,0][-1.14264,1.09527,-0.479898][-0.700787,-0.708661,-0.110236][17.9286,-31.03,0][-1.09926,1.09347,-0.44656][0.700787,-0.708661,0.023622][17.9313,-31.0279,0][-1.14587,1.09317,-0.447256][-0.700787,-0.708661,-0.11811][17.9284,-31.028,0][-1.10248,1.09108,-0.413936][0.700787,-0.708661,0.015748][17.9311,-31.0259,0][-1.14587,1.09317,-0.447256][-0.700787,-0.708661,-0.11811][17.9284,-31.028,0][-1.09926,1.09347,-0.44656][0.700787,-0.708661,0.023622][17.9313,-31.0279,0][-1.14587,1.09317,-0.447256][-0.700787,-0.708661,-0.11811][17.9284,-31.028,0][-1.10248,1.09108,-0.413936][0.700787,-0.708661,0.015748][17.9311,-31.0259,0][-1.14909,1.09079,-0.414634][-0.700787,-0.708661,-0.125984][17.9282,-31.0259,0][-1.10571,1.08843,-0.381336][0.700787,-0.708661,0.00787402][17.9309,-31.0238,0][-1.14909,1.09079,-0.414634][-0.700787,-0.708661,-0.125984][17.9282,-31.0259,0][-1.10248,1.09108,-0.413936][0.700787,-0.708661,0.015748][17.9311,-31.0259,0][-1.14909,1.09079,-0.414634][-0.700787,-0.708661,-0.125984][17.9282,-31.0259,0][-1.10571,1.08843,-0.381336][0.700787,-0.708661,0.00787402][17.9309,-31.0238,0][-1.15232,1.08814,-0.382036][-0.700787,-0.700787,-0.125984][17.928,-31.0239,0][-1.10893,1.08549,-0.34876][0.700787,-0.708661,0][17.9307,-31.0218,0][-1.15232,1.08814,-0.382036][-0.700787,-0.700787,-0.125984][17.928,-31.0239,0][-1.10571,1.08843,-0.381336][0.700787,-0.708661,0.00787402][17.9309,-31.0238,0][-1.15232,1.08814,-0.382036][-0.700787,-0.700787,-0.125984][17.928,-31.0239,0][-1.10893,1.08549,-0.34876][0.700787,-0.708661,0][17.9307,-31.0218,0][-1.15555,1.08521,-0.349462][-0.700787,-0.700787,-0.133858][17.9278,-31.0218,0][-1.11216,1.08228,-0.316212][0.700787,-0.708661,-0.00787402][17.9305,-31.0198,0][-1.15555,1.08521,-0.349462][-0.700787,-0.700787,-0.133858][17.9278,-31.0218,0][-1.10893,1.08549,-0.34876][0.700787,-0.708661,0][17.9307,-31.0218,0][-1.15555,1.08521,-0.349462][-0.700787,-0.700787,-0.133858][17.9278,-31.0218,0][-1.11216,1.08228,-0.316212][0.700787,-0.708661,-0.00787402][17.9305,-31.0198,0][-1.15877,1.08201,-0.316918][-0.700787,-0.700787,-0.141732][17.9276,-31.0198,0][1.20075,1.01543,0.102591][0.700787,-0.685039,-0.220472][18.075,-30.9936,0][1.15737,1.00859,0.135237][-0.700787,-0.708661,-0.0866142][18.0723,-30.9915,0][1.15414,1.01562,0.103321][-0.700787,-0.708661,-0.0787402][18.0721,-30.9935,0][1.15737,1.00859,0.135237][-0.700787,-0.708661,-0.0866142][18.0723,-30.9915,0][1.20075,1.01543,0.102591][0.700787,-0.685039,-0.220472][18.075,-30.9936,0][1.20398,1.0084,0.134505][0.700787,-0.677165,-0.220472][18.0752,-30.9916,0][1.20398,1.0084,0.134505][0.700787,-0.677165,-0.220472][18.0752,-30.9916,0][1.16059,1.00129,0.167089][-0.700787,-0.708661,-0.0944882][18.0725,-30.9896,0][1.15737,1.00859,0.135237][-0.700787,-0.708661,-0.0866142][18.0723,-30.9915,0][1.16059,1.00129,0.167089][-0.700787,-0.708661,-0.0944882][18.0725,-30.9896,0][1.20398,1.0084,0.134505][0.700787,-0.677165,-0.220472][18.0752,-30.9916,0][1.2072,1.00111,0.166357][0.700787,-0.677165,-0.228346][18.0754,-30.9896,0][1.2072,1.00111,0.166357][0.700787,-0.677165,-0.228346][18.0754,-30.9896,0][1.16382,0.993722,0.198877][-0.700787,-0.700787,-0.102362][18.0727,-30.9876,0][1.16059,1.00129,0.167089][-0.700787,-0.708661,-0.0944882][18.0725,-30.9896,0][1.16382,0.993722,0.198877][-0.700787,-0.700787,-0.102362][18.0727,-30.9876,0][1.2072,1.00111,0.166357][0.700787,-0.677165,-0.228346][18.0754,-30.9896,0][1.21043,0.993546,0.198143][0.700787,-0.677165,-0.23622][18.0757,-30.9876,0][1.16705,0.985886,0.2306][-0.700787,-0.700787,-0.102362][18.0729,-30.9856,0][1.21043,0.993546,0.198143][0.700787,-0.677165,-0.23622][18.0757,-30.9876,0][1.21366,0.985716,0.229864][0.700787,-0.677165,-0.23622][18.0759,-30.9856,0][1.21043,0.993546,0.198143][0.700787,-0.677165,-0.23622][18.0757,-30.9876,0][1.16705,0.985886,0.2306][-0.700787,-0.700787,-0.102362][18.0729,-30.9856,0][1.16382,0.993722,0.198877][-0.700787,-0.700787,-0.102362][18.0727,-30.9876,0][-1.20072,1.01543,0.102591][-0.700787,-0.685039,-0.220472][17.925,-30.9936,0][-1.15733,1.00859,0.135237][0.700787,-0.708661,-0.0866142][17.9277,-30.9915,0][-1.20394,1.0084,0.134505][-0.700787,-0.677165,-0.220472][17.9248,-30.9916,0][-1.15733,1.00859,0.135237][0.700787,-0.708661,-0.0866142][17.9277,-30.9915,0][-1.20072,1.01543,0.102591][-0.700787,-0.685039,-0.220472][17.925,-30.9936,0][-1.15411,1.01562,0.103321][0.700787,-0.708661,-0.0787402][17.9279,-30.9935,0][-1.16056,1.00129,0.167089][0.700787,-0.708661,-0.0944882][17.9275,-30.9896,0][-1.20394,1.0084,0.134505][-0.700787,-0.677165,-0.220472][17.9248,-30.9916,0][-1.15733,1.00859,0.135237][0.700787,-0.708661,-0.0866142][17.9277,-30.9915,0][-1.20394,1.0084,0.134505][-0.700787,-0.677165,-0.220472][17.9248,-30.9916,0][-1.16056,1.00129,0.167089][0.700787,-0.708661,-0.0944882][17.9275,-30.9896,0][-1.20717,1.00111,0.166357][-0.700787,-0.677165,-0.228346][17.9246,-30.9896,0][-1.16379,0.993722,0.198877][0.700787,-0.700787,-0.102362][17.9273,-30.9876,0][-1.20717,1.00111,0.166357][-0.700787,-0.677165,-0.228346][17.9246,-30.9896,0][-1.16056,1.00129,0.167089][0.700787,-0.708661,-0.0944882][17.9275,-30.9896,0][-1.20717,1.00111,0.166357][-0.700787,-0.677165,-0.228346][17.9246,-30.9896,0][-1.16379,0.993722,0.198877][0.700787,-0.700787,-0.102362][17.9273,-30.9876,0][-1.2104,0.993546,0.198143][-0.700787,-0.677165,-0.23622][17.9243,-30.9876,0][-1.16701,0.985886,0.2306][0.700787,-0.700787,-0.102362][17.9271,-30.9856,0][-1.2104,0.993546,0.198143][-0.700787,-0.677165,-0.23622][17.9243,-30.9876,0][-1.16379,0.993722,0.198877][0.700787,-0.700787,-0.102362][17.9273,-30.9876,0][-1.2104,0.993546,0.198143][-0.700787,-0.677165,-0.23622][17.9243,-30.9876,0][-1.16701,0.985886,0.2306][0.700787,-0.700787,-0.102362][17.9271,-30.9856,0][-1.21362,0.985716,0.229864][-0.700787,-0.677165,-0.23622][17.9241,-30.9856,0][1.21366,0.985716,0.229864][0.700787,-0.677165,-0.23622][18.0759,-30.9856,0][1.17027,0.97778,0.262252][-0.700787,-0.700787,-0.110236][18.0731,-30.9836,0][1.16705,0.985886,0.2306][-0.700787,-0.700787,-0.102362][18.0729,-30.9856,0][1.17027,0.97778,0.262252][-0.700787,-0.700787,-0.110236][18.0731,-30.9836,0][1.21366,0.985716,0.229864][0.700787,-0.677165,-0.23622][18.0759,-30.9856,0][1.21688,0.977614,0.261514][0.700787,-0.669291,-0.244094][18.0761,-30.9837,0][-1.21362,0.985716,0.229864][-0.700787,-0.677165,-0.23622][17.9241,-30.9856,0][-1.17024,0.97778,0.262252][0.700787,-0.700787,-0.110236][17.9269,-30.9836,0][-1.21685,0.977614,0.261514][-0.700787,-0.669291,-0.244094][17.9239,-30.9837,0][-1.17024,0.97778,0.262252][0.700787,-0.700787,-0.110236][17.9269,-30.9836,0][-1.21362,0.985716,0.229864][-0.700787,-0.677165,-0.23622][17.9241,-30.9856,0][-1.16701,0.985886,0.2306][0.700787,-0.700787,-0.102362][17.9271,-30.9856,0][1.21688,0.977614,0.261514][0.700787,-0.669291,-0.244094][18.0761,-30.9837,0][1.1735,0.969406,0.293834][-0.700787,-0.700787,-0.11811][18.0733,-30.9816,0][1.17027,0.97778,0.262252][-0.700787,-0.700787,-0.110236][18.0731,-30.9836,0][1.1735,0.969406,0.293834][-0.700787,-0.700787,-0.11811][18.0733,-30.9816,0][1.21688,0.977614,0.261514][0.700787,-0.669291,-0.244094][18.0761,-30.9837,0][1.22011,0.96925,0.293094][0.700787,-0.669291,-0.251969][18.0763,-30.9817,0][-1.21685,0.977614,0.261514][-0.700787,-0.669291,-0.244094][17.9239,-30.9837,0][-1.17346,0.969406,0.293834][0.700787,-0.700787,-0.11811][17.9267,-30.9816,0][-1.22008,0.96925,0.293094][-0.700787,-0.669291,-0.251969][17.9237,-30.9817,0][-1.17346,0.969406,0.293834][0.700787,-0.700787,-0.11811][17.9267,-30.9816,0][-1.21685,0.977614,0.261514][-0.700787,-0.669291,-0.244094][17.9239,-30.9837,0][-1.17024,0.97778,0.262252][0.700787,-0.700787,-0.110236][17.9269,-30.9836,0][1.1266,1.10175,-0.64326][0.322835,-0.330709,0.889764][18.0704,-31.0402,0][1.08316,1.10124,-0.609944][-0.700787,-0.708661,0.0472441][18.0677,-31.0381,0][1.07998,1.10209,-0.642588][-0.299213,-0.291339,0.905512][18.0675,-31.0402,0][1.08316,1.10124,-0.609944][-0.700787,-0.708661,0.0472441][18.0677,-31.0381,0][1.1266,1.10175,-0.64326][0.322835,-0.330709,0.889764][18.0704,-31.0402,0][1.12977,1.10091,-0.610628][0.700787,-0.708661,-0.0866142][18.0706,-31.0382,0][1.12977,1.10091,-0.610628][0.700787,-0.708661,-0.0866142][18.0706,-31.0382,0][1.08638,1.10024,-0.57724][-0.700787,-0.708661,0.0472441][18.0679,-31.0361,0][1.08316,1.10124,-0.609944][-0.700787,-0.708661,0.0472441][18.0677,-31.0381,0][1.08638,1.10024,-0.57724][-0.700787,-0.708661,0.0472441][18.0679,-31.0361,0][1.12977,1.10091,-0.610628][0.700787,-0.708661,-0.0866142][18.0706,-31.0382,0][1.13299,1.09992,-0.577926][0.700787,-0.708661,-0.0944882][18.0708,-31.0361,0][1.13299,1.09992,-0.577926][0.700787,-0.708661,-0.0944882][18.0708,-31.0361,0][1.08961,1.09896,-0.544548][-0.700787,-0.708661,0.0393701][18.0681,-31.034,0][1.08638,1.10024,-0.57724][-0.700787,-0.708661,0.0472441][18.0679,-31.0361,0][1.08961,1.09896,-0.544548][-0.700787,-0.708661,0.0393701][18.0681,-31.034,0][1.13299,1.09992,-0.577926][0.700787,-0.708661,-0.0944882][18.0708,-31.0361,0][1.13622,1.09864,-0.545236][0.700787,-0.708661,-0.102362][18.071,-31.0341,0][-1.12656,1.10175,-0.64326][-0.322835,-0.330709,0.889764][17.9296,-31.0402,0][-1.08312,1.10124,-0.609944][0.700787,-0.708661,0.0472441][17.9323,-31.0381,0][-1.12973,1.10091,-0.610628][-0.700787,-0.708661,-0.0866142][17.9294,-31.0382,0][-1.08312,1.10124,-0.609944][0.700787,-0.708661,0.0472441][17.9323,-31.0381,0][-1.12656,1.10175,-0.64326][-0.322835,-0.330709,0.889764][17.9296,-31.0402,0][-1.07995,1.10209,-0.642588][0.299213,-0.291339,0.905512][17.9325,-31.0402,0][-1.08635,1.10024,-0.57724][0.700787,-0.708661,0.0472441][17.9321,-31.0361,0][-1.12973,1.10091,-0.610628][-0.700787,-0.708661,-0.0866142][17.9294,-31.0382,0][-1.08312,1.10124,-0.609944][0.700787,-0.708661,0.0472441][17.9323,-31.0381,0][-1.12973,1.10091,-0.610628][-0.700787,-0.708661,-0.0866142][17.9294,-31.0382,0][-1.08635,1.10024,-0.57724][0.700787,-0.708661,0.0472441][17.9321,-31.0361,0][-1.13296,1.09992,-0.577926][-0.700787,-0.708661,-0.0944882][17.9292,-31.0361,0][-1.08958,1.09896,-0.544548][0.700787,-0.708661,0.0393701][17.9319,-31.034,0][-1.13296,1.09992,-0.577926][-0.700787,-0.708661,-0.0944882][17.9292,-31.0361,0][-1.08635,1.10024,-0.57724][0.700787,-0.708661,0.0472441][17.9321,-31.0361,0][1.22011,0.96925,0.293094][0.700787,-0.669291,-0.251969][18.0763,-30.9817,0][1.17673,0.960768,0.32534][-0.700787,-0.700787,-0.125984][18.0735,-30.9797,0][1.1735,0.969406,0.293834][-0.700787,-0.700787,-0.11811][18.0733,-30.9816,0][1.17673,0.960768,0.32534][-0.700787,-0.700787,-0.125984][18.0735,-30.9797,0][1.22011,0.96925,0.293094][0.700787,-0.669291,-0.251969][18.0763,-30.9817,0][1.22334,0.960616,0.3246][0.700787,-0.669291,-0.259843][18.0765,-30.9797,0][-1.22008,0.96925,0.293094][-0.700787,-0.669291,-0.251969][17.9237,-30.9817,0][-1.17669,0.960768,0.32534][0.700787,-0.700787,-0.125984][17.9265,-30.9797,0][-1.2233,0.960616,0.3246][-0.700787,-0.669291,-0.259843][17.9235,-30.9797,0][-1.17669,0.960768,0.32534][0.700787,-0.700787,-0.125984][17.9265,-30.9797,0][-1.22008,0.96925,0.293094][-0.700787,-0.669291,-0.251969][17.9237,-30.9817,0][-1.17346,0.969406,0.293834][0.700787,-0.700787,-0.11811][17.9267,-30.9816,0][-1.2233,0.960616,0.3246][-0.700787,-0.669291,-0.259843][17.9235,-30.9797,0][-1.17992,0.951862,0.356772][0.700787,-0.700787,-0.125984][17.9263,-30.9777,0][-1.22653,0.951718,0.35603][-0.700787,-0.669291,-0.259843][17.9233,-30.9777,0][-1.17992,0.951862,0.356772][0.700787,-0.700787,-0.125984][17.9263,-30.9777,0][-1.2233,0.960616,0.3246][-0.700787,-0.669291,-0.259843][17.9235,-30.9797,0][-1.17669,0.960768,0.32534][0.700787,-0.700787,-0.125984][17.9265,-30.9797,0][1.22334,0.960616,0.3246][0.700787,-0.669291,-0.259843][18.0765,-30.9797,0][1.17995,0.951862,0.356772][-0.700787,-0.700787,-0.125984][18.0737,-30.9777,0][1.17673,0.960768,0.32534][-0.700787,-0.700787,-0.125984][18.0735,-30.9797,0][1.17995,0.951862,0.356772][-0.700787,-0.700787,-0.125984][18.0737,-30.9777,0][1.22334,0.960616,0.3246][0.700787,-0.669291,-0.259843][18.0765,-30.9797,0][1.22656,0.951718,0.35603][0.700787,-0.669291,-0.259843][18.0767,-30.9777,0][1.22656,0.951718,0.35603][0.700787,-0.669291,-0.259843][18.0767,-30.9777,0][1.18318,0.942692,0.388124][-0.700787,-0.700787,-0.133858][18.0739,-30.9757,0][1.17995,0.951862,0.356772][-0.700787,-0.700787,-0.125984][18.0737,-30.9777,0][1.18318,0.942692,0.388124][-0.700787,-0.700787,-0.133858][18.0739,-30.9757,0][1.22656,0.951718,0.35603][0.700787,-0.669291,-0.259843][18.0767,-30.9777,0][1.22979,0.942554,0.387382][0.700787,-0.661417,-0.267717][18.0769,-30.9758,0][-1.22653,0.951718,0.35603][-0.700787,-0.669291,-0.259843][17.9233,-30.9777,0][-1.18314,0.942692,0.388124][0.700787,-0.700787,-0.133858][17.9261,-30.9757,0][-1.22976,0.942554,0.387382][-0.700787,-0.661417,-0.267717][17.9231,-30.9758,0][-1.18314,0.942692,0.388124][0.700787,-0.700787,-0.133858][17.9261,-30.9757,0][-1.22653,0.951718,0.35603][-0.700787,-0.669291,-0.259843][17.9233,-30.9777,0][-1.17992,0.951862,0.356772][0.700787,-0.700787,-0.125984][17.9263,-30.9777,0][1.22979,0.942554,0.387382][0.700787,-0.661417,-0.267717][18.0769,-30.9758,0][1.1864,0.933256,0.419396][-0.700787,-0.700787,-0.141732][18.0742,-30.9738,0][1.18318,0.942692,0.388124][-0.700787,-0.700787,-0.133858][18.0739,-30.9757,0][1.1864,0.933256,0.419396][-0.700787,-0.700787,-0.141732][18.0742,-30.9738,0][1.22979,0.942554,0.387382][0.700787,-0.661417,-0.267717][18.0769,-30.9758,0][1.23302,0.933126,0.418654][0.700787,-0.661417,-0.275591][18.0771,-30.9738,0][-1.22976,0.942554,0.387382][-0.700787,-0.661417,-0.267717][17.9231,-30.9758,0][-1.18637,0.933256,0.419396][0.700787,-0.700787,-0.141732][17.9258,-30.9738,0][-1.23298,0.933126,0.418654][-0.700787,-0.661417,-0.275591][17.9229,-30.9738,0][-1.18637,0.933256,0.419396][0.700787,-0.700787,-0.141732][17.9258,-30.9738,0][-1.22976,0.942554,0.387382][-0.700787,-0.661417,-0.267717][17.9231,-30.9758,0][-1.18314,0.942692,0.388124][0.700787,-0.700787,-0.133858][17.9261,-30.9757,0][1.23302,0.933126,0.418654][0.700787,-0.661417,-0.275591][18.0771,-30.9738,0][1.18963,0.923558,0.450586][-0.700787,-0.692913,-0.149606][18.0744,-30.9718,0][1.1864,0.933256,0.419396][-0.700787,-0.700787,-0.141732][18.0742,-30.9738,0][1.18963,0.923558,0.450586][-0.700787,-0.692913,-0.149606][18.0744,-30.9718,0][1.23302,0.933126,0.418654][0.700787,-0.661417,-0.275591][18.0771,-30.9738,0][1.23624,0.923432,0.449842][0.700787,-0.661417,-0.283465][18.0773,-30.9719,0][-1.23298,0.933126,0.418654][-0.700787,-0.661417,-0.275591][17.9229,-30.9738,0][-1.1896,0.923558,0.450586][0.700787,-0.692913,-0.149606][17.9256,-30.9718,0][-1.23621,0.923432,0.449842][-0.700787,-0.661417,-0.283465][17.9227,-30.9719,0][-1.1896,0.923558,0.450586][0.700787,-0.692913,-0.149606][17.9256,-30.9718,0][-1.23298,0.933126,0.418654][-0.700787,-0.661417,-0.275591][17.9229,-30.9738,0][-1.18637,0.933256,0.419396][0.700787,-0.700787,-0.141732][17.9258,-30.9738,0][1.23624,0.923432,0.449842][0.700787,-0.661417,-0.283465][18.0773,-30.9719,0][1.19286,0.913596,0.481692][-0.700787,-0.692913,-0.149606][18.0746,-30.9699,0][1.18963,0.923558,0.450586][-0.700787,-0.692913,-0.149606][18.0744,-30.9718,0][1.19286,0.913596,0.481692][-0.700787,-0.692913,-0.149606][18.0746,-30.9699,0][1.23624,0.923432,0.449842][0.700787,-0.661417,-0.283465][18.0773,-30.9719,0][1.23947,0.913478,0.480946][0.700787,-0.653543,-0.283465][18.0775,-30.9699,0][-1.23621,0.923432,0.449842][-0.700787,-0.661417,-0.283465][17.9227,-30.9719,0][-1.19282,0.913596,0.481692][0.700787,-0.692913,-0.149606][17.9254,-30.9699,0][-1.23943,0.913478,0.480946][-0.700787,-0.653543,-0.283465][17.9225,-30.9699,0][-1.19282,0.913596,0.481692][0.700787,-0.692913,-0.149606][17.9254,-30.9699,0][-1.23621,0.923432,0.449842][-0.700787,-0.661417,-0.283465][17.9227,-30.9719,0][-1.1896,0.923558,0.450586][0.700787,-0.692913,-0.149606][17.9256,-30.9718,0][1.23947,0.913478,0.480946][0.700787,-0.653543,-0.283465][18.0775,-30.9699,0][1.19608,0.903374,0.51271][-0.700787,-0.692913,-0.15748][18.0748,-30.968,0][1.19286,0.913596,0.481692][-0.700787,-0.692913,-0.149606][18.0746,-30.9699,0][1.19608,0.903374,0.51271][-0.700787,-0.692913,-0.15748][18.0748,-30.968,0][1.23947,0.913478,0.480946][0.700787,-0.653543,-0.283465][18.0775,-30.9699,0][1.2427,0.90326,0.511962][0.700787,-0.653543,-0.291339][18.0777,-30.968,0][-1.23943,0.913478,0.480946][-0.700787,-0.653543,-0.283465][17.9225,-30.9699,0][-1.19605,0.903374,0.51271][0.700787,-0.692913,-0.15748][17.9252,-30.968,0][-1.24266,0.90326,0.511962][-0.700787,-0.653543,-0.291339][17.9223,-30.968,0][-1.19605,0.903374,0.51271][0.700787,-0.692913,-0.15748][17.9252,-30.968,0][-1.23943,0.913478,0.480946][-0.700787,-0.653543,-0.283465][17.9225,-30.9699,0][-1.19282,0.913596,0.481692][0.700787,-0.692913,-0.149606][17.9254,-30.9699,0][1.2427,0.90326,0.511962][0.700787,-0.653543,-0.291339][18.0777,-30.968,0][1.19931,0.892886,0.543638][-0.700787,-0.677165,-0.204724][18.075,-30.966,0][1.19608,0.903374,0.51271][-0.700787,-0.692913,-0.15748][18.0748,-30.968,0][1.19931,0.892886,0.543638][-0.700787,-0.677165,-0.204724][18.075,-30.966,0][1.2427,0.90326,0.511962][0.700787,-0.653543,-0.291339][18.0777,-30.968,0][1.24592,0.892782,0.54289][0.716535,-0.637795,-0.283465][18.0779,-30.9661,0][-1.24266,0.90326,0.511962][-0.700787,-0.653543,-0.291339][17.9223,-30.968,0][-1.19928,0.892886,0.543638][0.700787,-0.677165,-0.204724][17.925,-30.966,0][-1.24589,0.892782,0.54289][-0.716535,-0.637795,-0.283465][17.9221,-30.9661,0][-1.19928,0.892886,0.543638][0.700787,-0.677165,-0.204724][17.925,-30.966,0][-1.24266,0.90326,0.511962][-0.700787,-0.653543,-0.291339][17.9223,-30.968,0][-1.19605,0.903374,0.51271][0.700787,-0.692913,-0.15748][17.9252,-30.968,0][1.24669,0.881852,0.569886][0.692913,-0.669291,-0.267717][18.0779,-30.9644,0][1.20074,0.873494,0.594936][-0.692913,-0.700787,-0.181102][18.075,-30.9628,0][1.20008,0.881948,0.570642][-0.700787,-0.677165,-0.23622][18.075,-30.9643,0][1.20074,0.873494,0.594936][-0.692913,-0.700787,-0.181102][18.075,-30.9628,0][1.24669,0.881852,0.569886][0.692913,-0.669291,-0.267717][18.0779,-30.9644,0][1.24738,0.873414,0.594182][0.685039,-0.692913,-0.212598][18.078,-30.9629,0][-1.24666,0.881852,0.569886][-0.692913,-0.669291,-0.267717][17.9221,-30.9644,0][-1.2007,0.873494,0.594936][0.692913,-0.700787,-0.181102][17.925,-30.9628,0][-1.24735,0.873414,0.594182][-0.685039,-0.692913,-0.212598][17.922,-30.9629,0][-1.2007,0.873494,0.594936][0.692913,-0.700787,-0.181102][17.925,-30.9628,0][-1.24666,0.881852,0.569886][-0.692913,-0.669291,-0.267717][17.9221,-30.9644,0][-1.20004,0.881948,0.570642][0.700787,-0.677165,-0.23622][17.925,-30.9643,0][-1.24598,0.89152,0.545956][-0.700787,-0.653543,-0.283465][17.9221,-30.9659,0][-1.20004,0.881948,0.570642][0.700787,-0.677165,-0.23622][17.925,-30.9643,0][-1.24666,0.881852,0.569886][-0.692913,-0.669291,-0.267717][17.9221,-30.9644,0][-1.20004,0.881948,0.570642][0.700787,-0.677165,-0.23622][17.925,-30.9643,0][-1.24598,0.89152,0.545956][-0.700787,-0.653543,-0.283465][17.9221,-30.9659,0][-1.19936,0.891624,0.546712][0.700787,-0.661417,-0.251969][17.925,-30.9658,0][1.24601,0.89152,0.545956][0.700787,-0.653543,-0.283465][18.0779,-30.9659,0][1.20008,0.881948,0.570642][-0.700787,-0.677165,-0.23622][18.075,-30.9643,0][1.1994,0.891624,0.546712][-0.700787,-0.661417,-0.251969][18.075,-30.9658,0][1.20008,0.881948,0.570642][-0.700787,-0.677165,-0.23622][18.075,-30.9643,0][1.24601,0.89152,0.545956][0.700787,-0.653543,-0.283465][18.0779,-30.9659,0][1.24669,0.881852,0.569886][0.692913,-0.669291,-0.267717][18.0779,-30.9644,0][1.24592,0.892782,0.54289][0.716535,-0.637795,-0.283465][18.0779,-30.9661,0][1.1994,0.891624,0.546712][-0.700787,-0.661417,-0.251969][18.075,-30.9658,0][1.19931,0.892886,0.543638][-0.700787,-0.677165,-0.204724][18.075,-30.966,0][1.1994,0.891624,0.546712][-0.700787,-0.661417,-0.251969][18.075,-30.9658,0][1.24592,0.892782,0.54289][0.716535,-0.637795,-0.283465][18.0779,-30.9661,0][1.24601,0.89152,0.545956][0.700787,-0.653543,-0.283465][18.0779,-30.9659,0][-1.19936,0.891624,0.546712][0.700787,-0.661417,-0.251969][17.925,-30.9658,0][-1.24589,0.892782,0.54289][-0.716535,-0.637795,-0.283465][17.9221,-30.9661,0][-1.19928,0.892886,0.543638][0.700787,-0.677165,-0.204724][17.925,-30.966,0][-1.24589,0.892782,0.54289][-0.716535,-0.637795,-0.283465][17.9221,-30.9661,0][-1.19936,0.891624,0.546712][0.700787,-0.661417,-0.251969][17.925,-30.9658,0][-1.24598,0.89152,0.545956][-0.700787,-0.653543,-0.283465][17.9221,-30.9659,0][0.715012,1.32271,-0.688034][-0.19685,0.677165,-0.708661][17.9553,-30.9798,0][1.08594,1.43063,-0.68806][-0.19685,0.677165,-0.708661][17.9321,-30.9731,0][1.06996,1.1695,-0.687998][0,0,-1][17.9331,-30.9894,0][1.06996,1.1695,-0.687998][0,0,-1][17.9331,-30.9894,0][1.08594,1.43063,-0.68806][-0.19685,0.677165,-0.708661][17.9321,-30.9731,0][1.13139,1.27495,-0.688022][0,0,-1][17.9293,-30.9828,0][0.715012,1.32271,-0.688034][-0.19685,0.677165,-0.708661][17.9553,-30.9798,0][1.06996,1.1695,-0.687998][0,0,-1][17.9331,-30.9894,0][0.757364,1.11333,-0.687986][0,0,-1][17.9527,-30.9929,0][1.15296,1.20107,-0.688006][0,0,-1][17.9279,-30.9874,0][1.06996,1.1695,-0.687998][0,0,-1][17.9331,-30.9894,0][1.13139,1.27495,-0.688022][0,0,-1][17.9293,-30.9828,0][0.757364,1.11333,-0.687986][0,0,-1][17.9527,-30.9929,0][1.06996,1.1695,-0.687998][0,0,-1][17.9331,-30.9894,0][1.01852,1.08121,-0.687978][0,0,-1][17.9363,-30.9949,0][0.757364,1.11333,-0.687986][0,0,-1][17.9527,-30.9929,0][1.01852,1.08121,-0.687978][0,0,-1][17.9363,-30.9949,0][0.770906,1.04638,-0.68797][0,0,-1][17.9518,-30.9971,0][0.829488,0.756758,-0.687902][0,0,-1][17.9482,-31.0152,0][0.770906,1.04638,-0.68797][0,0,-1][17.9518,-30.9971,0][1.01852,1.08121,-0.687978][0,0,-1][17.9363,-30.9949,0][1.08688,1.09082,-0.68798][0,0,-1][17.9321,-30.9943,0][0.829488,0.756758,-0.687902][0,0,-1][17.9482,-31.0152,0][1.01852,1.08121,-0.687978][0,0,-1][17.9363,-30.9949,0][1.08688,1.09082,-0.68798][0,0,-1][17.9321,-30.9943,0][1.01852,1.08121,-0.687978][0,0,-1][17.9363,-30.9949,0][1.06996,1.1695,-0.687998][0,0,-1][17.9331,-30.9894,0][0.829488,0.756758,-0.687902][0,0,-1][17.9482,-31.0152,0][1.08688,1.09082,-0.68798][0,0,-1][17.9321,-30.9943,0][0.84391,0.685456,-0.687886][0,0,-1][17.9473,-31.0197,0][1.06996,1.1695,-0.687998][0,0,-1][17.9331,-30.9894,0][1.15296,1.20107,-0.688006][0,0,-1][17.9279,-30.9874,0][1.14178,1.1824,-0.688002][0,0,-1][17.9286,-30.9886,0][1.14178,1.1824,-0.688002][0,0,-1][17.9286,-30.9886,0][1.08688,1.09082,-0.68798][0,0,-1][17.9321,-30.9943,0][1.06996,1.1695,-0.687998][0,0,-1][17.9331,-30.9894,0][1.15296,1.20107,-0.688006][0,0,-1][17.9279,-30.9874,0][1.15759,1.18524,-0.688002][0,0,-1][17.9277,-30.9884,0][1.14178,1.1824,-0.688002][0,0,-1][17.9286,-30.9886,0][1.1759,1.12253,-0.687988][0.598425,-0.370079,-0.708661][17.9265,-30.9923,0][1.14178,1.1824,-0.688002][0,0,-1][17.9286,-30.9886,0][1.15759,1.18524,-0.688002][0,0,-1][17.9277,-30.9884,0][1.14178,1.1824,-0.688002][0,0,-1][17.9286,-30.9886,0][1.1759,1.12253,-0.687988][0.598425,-0.370079,-0.708661][17.9265,-30.9923,0][1.16294,1.10152,-0.687982][0.598425,-0.370079,-0.708661][17.9273,-30.9937,0][1.16294,1.10152,-0.687982][0.598425,-0.370079,-0.708661][17.9273,-30.9937,0][1.08688,1.09082,-0.68798][0,0,-1][17.9321,-30.9943,0][1.14178,1.1824,-0.688002][0,0,-1][17.9286,-30.9886,0][1.16294,1.10152,-0.687982][0.598425,-0.370079,-0.708661][17.9273,-30.9937,0][0.84391,0.685456,-0.687886][0,0,-1][17.9473,-31.0197,0][1.08688,1.09082,-0.68798][0,0,-1][17.9321,-30.9943,0][0.84391,0.685456,-0.687886][0,0,-1][17.9473,-31.0197,0][1.16294,1.10152,-0.687982][0.598425,-0.370079,-0.708661][17.9273,-30.9937,0][0.859332,0.609208,-0.687868][0.598425,-0.370079,-0.708661][17.9463,-31.0244,0][0.44233,1.00017,-0.687958][0,0,-1][17.9724,-31,0][0.829488,0.756758,-0.687902][0,0,-1][17.9482,-31.0152,0][0.548936,0.530328,-0.68785][-0.181102,-0.685039,-0.708661][17.9657,-31.0294,0][0.548936,0.530328,-0.68785][-0.181102,-0.685039,-0.708661][17.9657,-31.0294,0][0.829488,0.756758,-0.687902][0,0,-1][17.9482,-31.0152,0][0.677492,0.49587,-0.687842][-0.181102,-0.685039,-0.708661][17.9577,-31.0315,0][0.829488,0.756758,-0.687902][0,0,-1][17.9482,-31.0152,0][0.44233,1.00017,-0.687958][0,0,-1][17.9724,-31,0][0.770906,1.04638,-0.68797][0,0,-1][17.9518,-30.9971,0][0.84391,0.685456,-0.687886][0,0,-1][17.9473,-31.0197,0][0.677492,0.49587,-0.687842][-0.181102,-0.685039,-0.708661][17.9577,-31.0315,0][0.829488,0.756758,-0.687902][0,0,-1][17.9482,-31.0152,0][0.770906,1.04638,-0.68797][0,0,-1][17.9518,-30.9971,0][0.44233,1.00017,-0.687958][0,0,-1][17.9724,-31,0][0.757364,1.11333,-0.687986][0,0,-1][17.9527,-30.9929,0][0.677492,0.49587,-0.687842][-0.181102,-0.685039,-0.708661][17.9577,-31.0315,0][0.84391,0.685456,-0.687886][0,0,-1][17.9473,-31.0197,0][0.722966,0.48368,-0.687838][-0.181102,-0.685039,-0.708661][17.9548,-31.0323,0][0.859332,0.609208,-0.687868][0.598425,-0.370079,-0.708661][17.9463,-31.0244,0][0.722966,0.48368,-0.687838][-0.181102,-0.685039,-0.708661][17.9548,-31.0323,0][0.84391,0.685456,-0.687886][0,0,-1][17.9473,-31.0197,0][0.722966,0.48368,-0.687838][-0.181102,-0.685039,-0.708661][17.9548,-31.0323,0][0.859332,0.609208,-0.687868][0.598425,-0.370079,-0.708661][17.9463,-31.0244,0][0.773558,0.470122,-0.687836][0.299213,-0.748031,-0.590551][17.9517,-31.0331,0][0.43,1.05451,-0.687972][0,0,-1][17.9731,-30.9966,0][0.757364,1.11333,-0.687986][0,0,-1][17.9527,-30.9929,0][0.44233,1.00017,-0.687958][0,0,-1][17.9724,-31,0][0.390566,1.22832,-0.688012][-0.19685,0.677165,-0.708661][17.9756,-30.9857,0][0.757364,1.11333,-0.687986][0,0,-1][17.9527,-30.9929,0][0.43,1.05451,-0.687972][0,0,-1][17.9731,-30.9966,0][0.757364,1.11333,-0.687986][0,0,-1][17.9527,-30.9929,0][0.390566,1.22832,-0.688012][-0.19685,0.677165,-0.708661][17.9756,-30.9857,0][0.715012,1.32271,-0.688034][-0.19685,0.677165,-0.708661][17.9553,-30.9798,0][1.16265,1.21722,-0.68801][0,0,-1][17.9273,-30.9864,0][1.33378,1.50273,-0.688076][-0.19685,0.677165,-0.708661][17.9166,-30.9686,0][1.22168,1.19676,-0.688004][0.598425,-0.370079,-0.708661][17.9236,-30.9877,0][1.42712,1.52988,-0.688082][0.669291,0.503937,-0.543307][17.9108,-30.9669,0][1.22168,1.19676,-0.688004][0.598425,-0.370079,-0.708661][17.9236,-30.9877,0][1.33378,1.50273,-0.688076][-0.19685,0.677165,-0.708661][17.9166,-30.9686,0][1.33378,1.50273,-0.688076][-0.19685,0.677165,-0.708661][17.9166,-30.9686,0][1.16265,1.21722,-0.68801][0,0,-1][17.9273,-30.9864,0][1.24988,1.47832,-0.68807][-0.19685,0.677165,-0.708661][17.9219,-30.9701,0][1.16265,1.21722,-0.68801][0,0,-1][17.9273,-30.9864,0][1.22168,1.19676,-0.688004][0.598425,-0.370079,-0.708661][17.9236,-30.9877,0][1.17042,1.18755,-0.688002][0,0,-1][17.9268,-30.9883,0][1.184,1.13567,-0.68799][0.598425,-0.370079,-0.708661][17.926,-30.9915,0][1.17042,1.18755,-0.688002][0,0,-1][17.9268,-30.9883,0][1.22168,1.19676,-0.688004][0.598425,-0.370079,-0.708661][17.9236,-30.9877,0][1.24988,1.47832,-0.68807][-0.19685,0.677165,-0.708661][17.9219,-30.9701,0][1.16265,1.21722,-0.68801][0,0,-1][17.9273,-30.9864,0][1.14253,1.29405,-0.688028][0,0,-1][17.9286,-30.9816,0][1.14253,1.29405,-0.688028][0,0,-1][17.9286,-30.9816,0][1.10529,1.43626,-0.68806][-0.19685,0.677165,-0.708661][17.9309,-30.9727,0][1.24988,1.47832,-0.68807][-0.19685,0.677165,-0.708661][17.9219,-30.9701,0][-1.11179,1.43816,-0.68806][0.19685,0.677165,-0.708661][18.0695,-30.9726,0][-0.984096,1.15408,-0.687994][0,0,-1][18.0615,-30.9904,0][-1.12261,1.44131,-0.688062][0.19685,0.677165,-0.708661][18.0702,-30.9724,0][-0.984096,1.15408,-0.687994][0,0,-1][18.0615,-30.9904,0][-1.11179,1.43816,-0.68806][0.19685,0.677165,-0.708661][18.0695,-30.9726,0][-0.976796,1.15277,-0.687994][0,0,-1][18.0611,-30.9905,0][-0.976796,1.15277,-0.687994][0,0,-1][18.0611,-30.9905,0][-0.943908,1.07072,-0.687976][0,0,-1][18.059,-30.9956,0][-0.984096,1.15408,-0.687994][0,0,-1][18.0615,-30.9904,0][-0.943908,1.07072,-0.687976][0,0,-1][18.059,-30.9956,0][-0.976796,1.15277,-0.687994][0,0,-1][18.0611,-30.9905,0][-0.937566,1.06983,-0.687976][0,0,-1][18.0586,-30.9956,0][-0.937566,1.06983,-0.687976][0,0,-1][18.0586,-30.9956,0][-0.668148,0.498366,-0.687842][0.181102,-0.685039,-0.708661][18.0418,-31.0314,0][-0.943908,1.07072,-0.687976][0,0,-1][18.059,-30.9956,0][-0.668148,0.498366,-0.687842][0.181102,-0.685039,-0.708661][18.0418,-31.0314,0][-0.937566,1.06983,-0.687976][0,0,-1][18.0586,-30.9956,0][-0.667356,0.49858,-0.687842][0.181102,-0.685039,-0.708661][18.0417,-31.0313,0][-0.773524,0.470122,-0.687836][-0.299213,-0.748031,-0.590551][18.0483,-31.0331,0][-1.16291,1.10152,-0.687982][-0.598425,-0.370079,-0.708661][18.0727,-30.9937,0][-1.08685,1.09082,-0.68798][0,0,-1][18.0679,-30.9943,0][-0.773524,0.470122,-0.687836][-0.299213,-0.748031,-0.590551][18.0483,-31.0331,0][-1.08685,1.09082,-0.68798][0,0,-1][18.0679,-30.9943,0][-0.722932,0.48368,-0.687838][0.181102,-0.685039,-0.708661][18.0452,-31.0323,0][-1.16291,1.10152,-0.687982][-0.598425,-0.370079,-0.708661][18.0727,-30.9937,0][-1.14174,1.1824,-0.688002][0,0,-1][18.0714,-30.9886,0][-1.08685,1.09082,-0.68798][0,0,-1][18.0679,-30.9943,0][-1.22164,1.19676,-0.688004][-0.598425,-0.370079,-0.708661][18.0764,-30.9877,0][-1.14174,1.1824,-0.688002][0,0,-1][18.0714,-30.9886,0][-1.16291,1.10152,-0.687982][-0.598425,-0.370079,-0.708661][18.0727,-30.9937,0][-1.22164,1.19676,-0.688004][-0.598425,-0.370079,-0.708661][18.0764,-30.9877,0][-1.33375,1.50273,-0.688076][0.19685,0.677165,-0.708661][18.0834,-30.9686,0][-1.14174,1.1824,-0.688002][0,0,-1][18.0714,-30.9886,0][-1.22164,1.19676,-0.688004][-0.598425,-0.370079,-0.708661][18.0764,-30.9877,0][-1.42708,1.52988,-0.688082][-0.669291,0.503937,-0.543307][18.0892,-30.9669,0][-1.33375,1.50273,-0.688076][0.19685,0.677165,-0.708661][18.0834,-30.9686,0][-1.14174,1.1824,-0.688002][0,0,-1][18.0714,-30.9886,0][-1.33375,1.50273,-0.688076][0.19685,0.677165,-0.708661][18.0834,-30.9686,0][-1.24985,1.47832,-0.68807][0.19685,0.677165,-0.708661][18.0781,-30.9701,0][-1.14174,1.1824,-0.688002][0,0,-1][18.0714,-30.9886,0][-1.24985,1.47832,-0.68807][0.19685,0.677165,-0.708661][18.0781,-30.9701,0][-1.06992,1.1695,-0.687998][0,0,-1][18.0669,-30.9894,0][-1.14174,1.1824,-0.688002][0,0,-1][18.0714,-30.9886,0][-1.06992,1.1695,-0.687998][0,0,-1][18.0669,-30.9894,0][-1.08685,1.09082,-0.68798][0,0,-1][18.0679,-30.9943,0][-1.06992,1.1695,-0.687998][0,0,-1][18.0669,-30.9894,0][-1.24985,1.47832,-0.68807][0.19685,0.677165,-0.708661][18.0781,-30.9701,0][-1.13281,1.44427,-0.688062][0.19685,0.677165,-0.708661][18.0708,-30.9722,0][-1.06992,1.1695,-0.687998][0,0,-1][18.0669,-30.9894,0][-1.13281,1.44427,-0.688062][0.19685,0.677165,-0.708661][18.0708,-30.9722,0][-0.99337,1.15574,-0.687996][0,0,-1][18.0621,-30.9903,0][-1.08685,1.09082,-0.68798][0,0,-1][18.0679,-30.9943,0][-1.06992,1.1695,-0.687998][0,0,-1][18.0669,-30.9894,0][-1.01848,1.08121,-0.687978][0,0,-1][18.0637,-30.9949,0][-1.06992,1.1695,-0.687998][0,0,-1][18.0669,-30.9894,0][-0.99337,1.15574,-0.687996][0,0,-1][18.0621,-30.9903,0][-1.01848,1.08121,-0.687978][0,0,-1][18.0637,-30.9949,0][-0.722932,0.48368,-0.687838][0.181102,-0.685039,-0.708661][18.0452,-31.0323,0][-1.08685,1.09082,-0.68798][0,0,-1][18.0679,-30.9943,0][-1.01848,1.08121,-0.687978][0,0,-1][18.0637,-30.9949,0][-1.01848,1.08121,-0.687978][0,0,-1][18.0637,-30.9949,0][-0.99337,1.15574,-0.687996][0,0,-1][18.0621,-30.9903,0][-0.95289,1.07198,-0.687976][0,0,-1][18.0596,-30.9955,0][-0.722932,0.48368,-0.687838][0.181102,-0.685039,-0.708661][18.0452,-31.0323,0][-1.01848,1.08121,-0.687978][0,0,-1][18.0637,-30.9949,0][-0.677458,0.49587,-0.687842][0.181102,-0.685039,-0.708661][18.0423,-31.0315,0][-0.677458,0.49587,-0.687842][0.181102,-0.685039,-0.708661][18.0423,-31.0315,0][-1.01848,1.08121,-0.687978][0,0,-1][18.0637,-30.9949,0][-0.95289,1.07198,-0.687976][0,0,-1][18.0596,-30.9955,0][-0.677458,0.49587,-0.687842][0.181102,-0.685039,-0.708661][18.0423,-31.0315,0][-0.95289,1.07198,-0.687976][0,0,-1][18.0596,-30.9955,0][-0.674816,0.496578,-0.687842][0.181102,-0.685039,-0.708661][18.0422,-31.0315,0][1.17042,1.18755,-0.688002][0,0,-1][17.9268,-30.9883,0][1.15296,1.20107,-0.688006][0,0,-1][17.9279,-30.9874,0][1.16265,1.21722,-0.68801][0,0,-1][17.9273,-30.9864,0][1.13139,1.27495,-0.688022][0,0,-1][17.9293,-30.9828,0][1.16265,1.21722,-0.68801][0,0,-1][17.9273,-30.9864,0][1.15296,1.20107,-0.688006][0,0,-1][17.9279,-30.9874,0][1.15296,1.20107,-0.688006][0,0,-1][17.9279,-30.9874,0][1.17042,1.18755,-0.688002][0,0,-1][17.9268,-30.9883,0][1.15759,1.18524,-0.688002][0,0,-1][17.9277,-30.9884,0][1.184,1.13567,-0.68799][0.598425,-0.370079,-0.708661][17.926,-30.9915,0][1.15759,1.18524,-0.688002][0,0,-1][17.9277,-30.9884,0][1.17042,1.18755,-0.688002][0,0,-1][17.9268,-30.9883,0][1.15759,1.18524,-0.688002][0,0,-1][17.9277,-30.9884,0][1.184,1.13567,-0.68799][0.598425,-0.370079,-0.708661][17.926,-30.9915,0][1.1759,1.12253,-0.687988][0.598425,-0.370079,-0.708661][17.9265,-30.9923,0][1.16265,1.21722,-0.68801][0,0,-1][17.9273,-30.9864,0][1.13139,1.27495,-0.688022][0,0,-1][17.9293,-30.9828,0][1.14253,1.29405,-0.688028][0,0,-1][17.9286,-30.9816,0][1.08594,1.43063,-0.68806][-0.19685,0.677165,-0.708661][17.9321,-30.9731,0][1.14253,1.29405,-0.688028][0,0,-1][17.9286,-30.9816,0][1.13139,1.27495,-0.688022][0,0,-1][17.9293,-30.9828,0][1.14253,1.29405,-0.688028][0,0,-1][17.9286,-30.9816,0][1.08594,1.43063,-0.68806][-0.19685,0.677165,-0.708661][17.9321,-30.9731,0][1.10529,1.43626,-0.68806][-0.19685,0.677165,-0.708661][17.9309,-30.9727,0][0.44233,1.00017,-0.687958][0,0,-1][17.9724,-31,0][0.29251,0.9791,-0.687954][0,0,-1][17.9817,-31.0013,0][0.43,1.05451,-0.687972][0,0,-1][17.9731,-30.9966,0][0.367104,0.57907,-0.68786][-0.181102,-0.685039,-0.708661][17.9771,-31.0263,0][0.29251,0.9791,-0.687954][0,0,-1][17.9817,-31.0013,0][0.44233,1.00017,-0.687958][0,0,-1][17.9724,-31,0][0.44233,1.00017,-0.687958][0,0,-1][17.9724,-31,0][0.548936,0.530328,-0.68785][-0.181102,-0.685039,-0.708661][17.9657,-31.0294,0][0.367104,0.57907,-0.68786][-0.181102,-0.685039,-0.708661][17.9771,-31.0263,0][0.283362,1.02817,-0.687966][0,0,-1][17.9823,-30.9982,0][0.43,1.05451,-0.687972][0,0,-1][17.9731,-30.9966,0][0.29251,0.9791,-0.687954][0,0,-1][17.9817,-31.0013,0][0.253476,1.18843,-0.688002][-0.19685,0.677165,-0.708661][17.9842,-30.9882,0][0.43,1.05451,-0.687972][0,0,-1][17.9731,-30.9966,0][0.283362,1.02817,-0.687966][0,0,-1][17.9823,-30.9982,0][0.43,1.05451,-0.687972][0,0,-1][17.9731,-30.9966,0][0.253476,1.18843,-0.688002][-0.19685,0.677165,-0.708661][17.9842,-30.9882,0][0.390566,1.22832,-0.688012][-0.19685,0.677165,-0.708661][17.9756,-30.9857,0][0.238674,1.18413,-0.688002][-0.19685,0.677165,-0.708661][17.9851,-30.9885,0][0.283362,1.02817,-0.687966][0,0,-1][17.9823,-30.9982,0][0.264006,1.02469,-0.687964][0,0,-1][17.9835,-30.9985,0][0.283362,1.02817,-0.687966][0,0,-1][17.9823,-30.9982,0][0.238674,1.18413,-0.688002][-0.19685,0.677165,-0.708661][17.9851,-30.9885,0][0.253476,1.18843,-0.688002][-0.19685,0.677165,-0.708661][17.9842,-30.9882,0][0.271712,0.976174,-0.687954][0,0,-1][17.983,-31.0015,0][0.264006,1.02469,-0.687964][0,0,-1][17.9835,-30.9985,0][0.283362,1.02817,-0.687966][0,0,-1][17.9823,-30.9982,0][0.283362,1.02817,-0.687966][0,0,-1][17.9823,-30.9982,0][0.29251,0.9791,-0.687954][0,0,-1][17.9817,-31.0013,0][0.271712,0.976174,-0.687954][0,0,-1][17.983,-31.0015,0][0.333366,0.588112,-0.687864][-0.181102,-0.685039,-0.708661][17.9792,-31.0257,0][0.271712,0.976174,-0.687954][0,0,-1][17.983,-31.0015,0][0.29251,0.9791,-0.687954][0,0,-1][17.9817,-31.0013,0][0.29251,0.9791,-0.687954][0,0,-1][17.9817,-31.0013,0][0.367104,0.57907,-0.68786][-0.181102,-0.685039,-0.708661][17.9771,-31.0263,0][0.333366,0.588112,-0.687864][-0.181102,-0.685039,-0.708661][17.9792,-31.0257,0][0.271712,0.976174,-0.687954][0,0,-1][17.983,-31.0015,0][1.8445e-05,0.977258,-0.687954][0,0,-1][18,-31.0014,0][0.264006,1.02469,-0.687964][0,0,-1][17.9835,-30.9985,0][1.8445e-05,1.11469,-0.687986][0,0.629921,-0.779528][18,-30.9928,0][0.264006,1.02469,-0.687964][0,0,-1][17.9835,-30.9985,0][1.8445e-05,0.977258,-0.687954][0,0,-1][18,-31.0014,0][0.264006,1.02469,-0.687964][0,0,-1][17.9835,-30.9985,0][1.8445e-05,1.11469,-0.687986][0,0.629921,-0.779528][18,-30.9928,0][0.238674,1.18413,-0.688002][-0.19685,0.677165,-0.708661][17.9851,-30.9885,0][1.8445e-05,0.977258,-0.687954][0,0,-1][18,-31.0014,0][0.271712,0.976174,-0.687954][0,0,-1][17.983,-31.0015,0][1.8445e-05,0.937964,-0.687944][0,0,-1][18,-31.0039,0][1.8445e-05,0.937964,-0.687944][0,0,-1][18,-31.0039,0][0.271712,0.976174,-0.687954][0,0,-1][17.983,-31.0015,0][1.8445e-05,0.677464,-0.687884][0,-0.637795,-0.771654][18,-31.0202,0][0.271712,0.976174,-0.687954][0,0,-1][17.983,-31.0015,0][0.333366,0.588112,-0.687864][-0.181102,-0.685039,-0.708661][17.9792,-31.0257,0][1.8445e-05,0.677464,-0.687884][0,-0.637795,-0.771654][18,-31.0202,0][-0.388564,1.04708,-0.68797][0,0,-1][18.0243,-30.9971,0][-0.436946,1.24182,-0.688016][0.19685,0.677165,-0.708661][18.0273,-30.9849,0][-0.37618,1.04485,-0.68797][0,0,-1][18.0235,-30.9972,0][-0.37618,1.04485,-0.68797][0,0,-1][18.0235,-30.9972,0][-0.374544,0.990644,-0.687956][0,0,-1][18.0234,-31.0006,0][-0.388564,1.04708,-0.68797][0,0,-1][18.0243,-30.9971,0][-0.374544,0.990644,-0.687956][0,0,-1][18.0234,-31.0006,0][-0.37618,1.04485,-0.68797][0,0,-1][18.0235,-30.9972,0][-0.358774,0.988426,-0.687956][0,0,-1][18.0224,-31.0007,0][-0.358774,0.988426,-0.687956][0,0,-1][18.0224,-31.0007,0][-0.278212,0.602888,-0.687866][0.181102,-0.685039,-0.708661][18.0174,-31.0248,0][-0.374544,0.990644,-0.687956][0,0,-1][18.0234,-31.0006,0][-0.278212,0.602888,-0.687866][0.181102,-0.685039,-0.708661][18.0174,-31.0248,0][-0.358774,0.988426,-0.687956][0,0,-1][18.0224,-31.0007,0][-0.242768,0.612386,-0.687868][0.181102,-0.685039,-0.708661][18.0152,-31.0242,0][-0.388564,1.04708,-0.68797][0,0,-1][18.0243,-30.9971,0][-0.691824,1.03526,-0.687966][0,0,-1][18.0432,-30.9978,0][-0.717978,1.10626,-0.687984][0,0,-1][18.0449,-30.9934,0][-0.717978,1.10626,-0.687984][0,0,-1][18.0449,-30.9934,0][-0.436946,1.24182,-0.688016][0.19685,0.677165,-0.708661][18.0273,-30.9849,0][-0.388564,1.04708,-0.68797][0,0,-1][18.0243,-30.9971,0][-0.436946,1.24182,-0.688016][0.19685,0.677165,-0.708661][18.0273,-30.9849,0][-0.717978,1.10626,-0.687984][0,0,-1][18.0449,-30.9934,0][-0.807646,1.34967,-0.68804][0.19685,0.677165,-0.708661][18.0505,-30.9781,0][-0.691824,1.03526,-0.687966][0,0,-1][18.0432,-30.9978,0][-0.388564,1.04708,-0.68797][0,0,-1][18.0243,-30.9971,0][-0.374544,0.990644,-0.687956][0,0,-1][18.0234,-31.0006,0][-0.374544,0.990644,-0.687956][0,0,-1][18.0234,-31.0006,0][-0.509686,0.54084,-0.687852][0.181102,-0.685039,-0.708661][18.0319,-31.0287,0][-0.691824,1.03526,-0.687966][0,0,-1][18.0432,-30.9978,0][-0.509686,0.54084,-0.687852][0.181102,-0.685039,-0.708661][18.0319,-31.0287,0][-0.374544,0.990644,-0.687956][0,0,-1][18.0234,-31.0006,0][-0.278212,0.602888,-0.687866][0.181102,-0.685039,-0.708661][18.0174,-31.0248,0][-0.94487,1.14703,-0.687992][0,0,-1][18.0591,-30.9908,0][-0.717978,1.10626,-0.687984][0,0,-1][18.0449,-30.9934,0][-0.9061,1.0654,-0.687974][0,0,-1][18.0566,-30.9959,0][-0.94487,1.14703,-0.687992][0,0,-1][18.0591,-30.9908,0][-0.807646,1.34967,-0.68804][0.19685,0.677165,-0.708661][18.0505,-30.9781,0][-0.717978,1.10626,-0.687984][0,0,-1][18.0449,-30.9934,0][-1.07856,1.42849,-0.688058][0.19685,0.677165,-0.708661][18.0674,-30.9732,0][-0.807646,1.34967,-0.68804][0.19685,0.677165,-0.708661][18.0505,-30.9781,0][-0.94487,1.14703,-0.687992][0,0,-1][18.0591,-30.9908,0][-0.9061,1.0654,-0.687974][0,0,-1][18.0566,-30.9959,0][-0.717978,1.10626,-0.687984][0,0,-1][18.0449,-30.9934,0][-0.691824,1.03526,-0.687966][0,0,-1][18.0432,-30.9978,0][-0.957486,1.14929,-0.687994][0,0,-1][18.0598,-30.9907,0][-1.07856,1.42849,-0.688058][0.19685,0.677165,-0.708661][18.0674,-30.9732,0][-0.94487,1.14703,-0.687992][0,0,-1][18.0591,-30.9908,0][-1.07856,1.42849,-0.688058][0.19685,0.677165,-0.708661][18.0674,-30.9732,0][-0.957486,1.14929,-0.687994][0,0,-1][18.0598,-30.9907,0][-1.09363,1.43287,-0.68806][0.19685,0.677165,-0.708661][18.0684,-30.9729,0][-0.94487,1.14703,-0.687992][0,0,-1][18.0591,-30.9908,0][-0.918014,1.06708,-0.687974][0,0,-1][18.0574,-30.9958,0][-0.957486,1.14929,-0.687994][0,0,-1][18.0598,-30.9907,0][-0.918014,1.06708,-0.687974][0,0,-1][18.0574,-30.9958,0][-0.94487,1.14703,-0.687992][0,0,-1][18.0591,-30.9908,0][-0.9061,1.0654,-0.687974][0,0,-1][18.0566,-30.9959,0][-0.9061,1.0654,-0.687974][0,0,-1][18.0566,-30.9959,0][-0.647624,0.503868,-0.687844][0.181102,-0.685039,-0.708661][18.0405,-31.031,0][-0.918014,1.06708,-0.687974][0,0,-1][18.0574,-30.9958,0][-0.647624,0.503868,-0.687844][0.181102,-0.685039,-0.708661][18.0405,-31.031,0][-0.9061,1.0654,-0.687974][0,0,-1][18.0566,-30.9959,0][-0.640358,0.505816,-0.687844][0.181102,-0.685039,-0.708661][18.04,-31.0309,0][-0.691824,1.03526,-0.687966][0,0,-1][18.0432,-30.9978,0][-0.640358,0.505816,-0.687844][0.181102,-0.685039,-0.708661][18.04,-31.0309,0][-0.9061,1.0654,-0.687974][0,0,-1][18.0566,-30.9959,0][-0.640358,0.505816,-0.687844][0.181102,-0.685039,-0.708661][18.04,-31.0309,0][-0.691824,1.03526,-0.687966][0,0,-1][18.0432,-30.9978,0][-0.509686,0.54084,-0.687852][0.181102,-0.685039,-0.708661][18.0319,-31.0287,0][-0.957486,1.14929,-0.687994][0,0,-1][18.0598,-30.9907,0][-0.937566,1.06983,-0.687976][0,0,-1][18.0586,-30.9956,0][-0.976796,1.15277,-0.687994][0,0,-1][18.0611,-30.9905,0][-0.976796,1.15277,-0.687994][0,0,-1][18.0611,-30.9905,0][-1.09363,1.43287,-0.68806][0.19685,0.677165,-0.708661][18.0684,-30.9729,0][-0.957486,1.14929,-0.687994][0,0,-1][18.0598,-30.9907,0][-1.09363,1.43287,-0.68806][0.19685,0.677165,-0.708661][18.0684,-30.9729,0][-0.976796,1.15277,-0.687994][0,0,-1][18.0611,-30.9905,0][-1.11179,1.43816,-0.68806][0.19685,0.677165,-0.708661][18.0695,-30.9726,0][-0.937566,1.06983,-0.687976][0,0,-1][18.0586,-30.9956,0][-0.957486,1.14929,-0.687994][0,0,-1][18.0598,-30.9907,0][-0.918014,1.06708,-0.687974][0,0,-1][18.0574,-30.9958,0][-0.918014,1.06708,-0.687974][0,0,-1][18.0574,-30.9958,0][-0.667356,0.49858,-0.687842][0.181102,-0.685039,-0.708661][18.0417,-31.0313,0][-0.937566,1.06983,-0.687976][0,0,-1][18.0586,-30.9956,0][-0.667356,0.49858,-0.687842][0.181102,-0.685039,-0.708661][18.0417,-31.0313,0][-0.918014,1.06708,-0.687974][0,0,-1][18.0574,-30.9958,0][-0.647624,0.503868,-0.687844][0.181102,-0.685039,-0.708661][18.0405,-31.031,0][-0.124574,0.955488,-0.687948][0,0,-1][18.0078,-31.0028,0][-0.242768,0.612386,-0.687868][0.181102,-0.685039,-0.708661][18.0152,-31.0242,0][-0.358774,0.988426,-0.687956][0,0,-1][18.0224,-31.0007,0][-0.242768,0.612386,-0.687868][0.181102,-0.685039,-0.708661][18.0152,-31.0242,0][-0.124574,0.955488,-0.687948][0,0,-1][18.0078,-31.0028,0][-0.0566096,0.662286,-0.68788][0.181102,-0.685039,-0.708661][18.0035,-31.0211,0][-0.358774,0.988426,-0.687956][0,0,-1][18.0224,-31.0007,0][-0.135254,1.00156,-0.68796][0,0,-1][18.0085,-30.9999,0][-0.124574,0.955488,-0.687948][0,0,-1][18.0078,-31.0028,0][-0.135254,1.00156,-0.68796][0,0,-1][18.0085,-30.9999,0][-0.358774,0.988426,-0.687956][0,0,-1][18.0224,-31.0007,0][-0.37618,1.04485,-0.68797][0,0,-1][18.0235,-30.9972,0][-0.37618,1.04485,-0.68797][0,0,-1][18.0235,-30.9972,0][-0.173158,1.16508,-0.687998][0.19685,0.677165,-0.708661][18.0108,-30.9897,0][-0.135254,1.00156,-0.68796][0,0,-1][18.0085,-30.9999,0][-0.173158,1.16508,-0.687998][0.19685,0.677165,-0.708661][18.0108,-30.9897,0][-0.37618,1.04485,-0.68797][0,0,-1][18.0235,-30.9972,0][-0.436946,1.24182,-0.688016][0.19685,0.677165,-0.708661][18.0273,-30.9849,0][-0.141404,1.15584,-0.687996][0.19685,0.677165,-0.708661][18.0088,-30.9903,0][-0.135254,1.00156,-0.68796][0,0,-1][18.0085,-30.9999,0][-0.173158,1.16508,-0.687998][0.19685,0.677165,-0.708661][18.0108,-30.9897,0][-0.135254,1.00156,-0.68796][0,0,-1][18.0085,-30.9999,0][-0.141404,1.15584,-0.687996][0.19685,0.677165,-0.708661][18.0088,-30.9903,0][-0.105414,0.9962,-0.687958][0,0,-1][18.0066,-31.0002,0][-0.105414,0.9962,-0.687958][0,0,-1][18.0066,-31.0002,0][-0.124574,0.955488,-0.687948][0,0,-1][18.0078,-31.0028,0][-0.135254,1.00156,-0.68796][0,0,-1][18.0085,-30.9999,0][1.8445e-05,1.11469,-0.687986][0,0.629921,-0.779528][18,-30.9928,0][-0.105414,0.9962,-0.687958][0,0,-1][18.0066,-31.0002,0][-0.141404,1.15584,-0.687996][0.19685,0.677165,-0.708661][18.0088,-30.9903,0][-0.105414,0.9962,-0.687958][0,0,-1][18.0066,-31.0002,0][1.8445e-05,1.11469,-0.687986][0,0.629921,-0.779528][18,-30.9928,0][1.8445e-05,0.977258,-0.687954][0,0,-1][18,-31.0014,0][-0.124574,0.955488,-0.687948][0,0,-1][18.0078,-31.0028,0][-0.105414,0.9962,-0.687958][0,0,-1][18.0066,-31.0002,0][-0.0953056,0.95137,-0.687948][0,0,-1][18.006,-31.003,0][1.8445e-05,0.977258,-0.687954][0,0,-1][18,-31.0014,0][-0.0953056,0.95137,-0.687948][0,0,-1][18.006,-31.003,0][-0.105414,0.9962,-0.687958][0,0,-1][18.0066,-31.0002,0][-0.0953056,0.95137,-0.687948][0,0,-1][18.006,-31.003,0][-0.0566096,0.662286,-0.68788][0.181102,-0.685039,-0.708661][18.0035,-31.0211,0][-0.124574,0.955488,-0.687948][0,0,-1][18.0078,-31.0028,0][-0.0953056,0.95137,-0.687948][0,0,-1][18.006,-31.003,0][1.8445e-05,0.977258,-0.687954][0,0,-1][18,-31.0014,0][1.8445e-05,0.937964,-0.687944][0,0,-1][18,-31.0039,0][-0.0566096,0.662286,-0.68788][0.181102,-0.685039,-0.708661][18.0035,-31.0211,0][-0.0953056,0.95137,-0.687948][0,0,-1][18.006,-31.003,0][-0.0316416,0.668978,-0.687882][0.181102,-0.685039,-0.708661][18.002,-31.0207,0][1.8445e-05,0.937964,-0.687944][0,0,-1][18,-31.0039,0][-0.0316416,0.668978,-0.687882][0.181102,-0.685039,-0.708661][18.002,-31.0207,0][-0.0953056,0.95137,-0.687948][0,0,-1][18.006,-31.003,0][-0.0316416,0.668978,-0.687882][0.181102,-0.685039,-0.708661][18.002,-31.0207,0][1.8445e-05,0.937964,-0.687944][0,0,-1][18,-31.0039,0][1.8445e-05,0.677464,-0.687884][0,-0.637795,-0.771654][18,-31.0202,0][-0.984096,1.15408,-0.687994][0,0,-1][18.0615,-30.9904,0][-0.95289,1.07198,-0.687976][0,0,-1][18.0596,-30.9955,0][-0.99337,1.15574,-0.687996][0,0,-1][18.0621,-30.9903,0][-0.99337,1.15574,-0.687996][0,0,-1][18.0621,-30.9903,0][-1.12261,1.44131,-0.688062][0.19685,0.677165,-0.708661][18.0702,-30.9724,0][-0.984096,1.15408,-0.687994][0,0,-1][18.0615,-30.9904,0][-1.12261,1.44131,-0.688062][0.19685,0.677165,-0.708661][18.0702,-30.9724,0][-0.99337,1.15574,-0.687996][0,0,-1][18.0621,-30.9903,0][-1.13281,1.44427,-0.688062][0.19685,0.677165,-0.708661][18.0708,-30.9722,0][-0.95289,1.07198,-0.687976][0,0,-1][18.0596,-30.9955,0][-0.984096,1.15408,-0.687994][0,0,-1][18.0615,-30.9904,0][-0.943908,1.07072,-0.687976][0,0,-1][18.059,-30.9956,0][-0.943908,1.07072,-0.687976][0,0,-1][18.059,-30.9956,0][-0.674816,0.496578,-0.687842][0.181102,-0.685039,-0.708661][18.0422,-31.0315,0][-0.95289,1.07198,-0.687976][0,0,-1][18.0596,-30.9955,0][-0.674816,0.496578,-0.687842][0.181102,-0.685039,-0.708661][18.0422,-31.0315,0][-0.943908,1.07072,-0.687976][0,0,-1][18.059,-30.9956,0][-0.668148,0.498366,-0.687842][0.181102,-0.685039,-0.708661][18.0418,-31.0314,0]