version 1.00
526
[1.27488,0.427622,1.27488][0.023622,1,0.023622][53.9203,-14.9203,0][1.009,0.427622,1.51349][0.0314961,1,0.0314961][53.9369,-14.9054,0][1.72497,0.427622,2.58744][0,1,0][53.8922,-14.8383,0][1.27488,0.427622,1.27488][0.023622,1,0.023622][53.9203,-14.9203,0][1.72497,0.427622,2.58744][0,1,0][53.8922,-14.8383,0][2.1989,0.427622,2.1989][0,1,0][53.8626,-14.8626,0][0.983382,0.427622,2.95014][0,1,0][53.9385,-14.8156,0][1.72497,0.427622,2.58744][0,1,0][53.8922,-14.8383,0][0.82926,0.427622,1.66973][0.023622,1,0.0551181][53.9482,-14.8956,0][0.82926,0.427622,1.66973][0.023622,1,0.0551181][53.9482,-14.8956,0][1.72497,0.427622,2.58744][0,1,0][53.8922,-14.8383,0][1.009,0.427622,1.51349][0.0314961,1,0.0314961][53.9369,-14.9054,0][0.82926,0.427622,1.66973][0.023622,1,0.0551181][53.9482,-14.8956,0][0.575248,0.427622,1.72574][0,1,0.015748][53.964,-14.8921,0][0.983382,0.427622,2.95014][0,1,0][53.9385,-14.8156,0][2.1989,0.427622,2.1989][0.685039,0,0.732283][54.1374,-14.9733,0][1.72497,0.427622,2.58744][0.496063,0,0.866142][54.1078,-14.9733,0][1.72497,-0.194323,2.58744][0.551181,-0.125984,0.826772][54.1078,-15.0121,0][1.51349,0.427622,1.009][0.015748,1,0.015748][53.9054,-14.9369,0][1.27488,0.427622,1.27488][0.023622,1,0.023622][53.9203,-14.9203,0][2.1989,0.427622,2.1989][0,1,0][53.8626,-14.8626,0][1.51349,0.427622,1.009][0.015748,1,0.015748][53.9054,-14.9369,0][2.1989,0.427622,2.1989][0,1,0][53.8626,-14.8626,0][2.58744,0.427622,1.72497][0,1,0][53.8383,-14.8922,0][0.983382,0.427622,2.95014][0,1,0][53.9385,-14.8156,0][0.575248,0.427622,1.72574][0,1,0.015748][53.964,-14.8921,0][0.159008,0.427622,1.81753][0,1,0.00787402][53.9901,-14.8864,0][0.159008,0.427622,1.81753][0,1,0.00787402][53.9901,-14.8864,0][3.6202e-07,0.427622,1.84654][0,1,0.00787402][54,-14.8846,0][2.31692e-07,0.427622,3.10972][0,1,0][54,-14.8056,0][0.159008,0.427622,1.81753][0,1,0.00787402][53.9901,-14.8864,0][2.31692e-07,0.427622,3.10972][0,1,0][54,-14.8056,0][0.983382,0.427622,2.95014][0,1,0][53.9385,-14.8156,0][1.72497,0.427622,2.58744][0.496063,0,0.866142][54.1078,-14.9733,0][0.983382,0.427622,2.95014][0.244094,0,0.968504][54.0615,-14.9733,0][0.983382,-0.194323,2.95014][0.330709,-0.15748,0.929134][54.0615,-15.0121,0][1.72497,-0.194323,2.58744][0.551181,-0.125984,0.826772][54.1078,-15.0121,0][1.72497,0.427622,2.58744][0.496063,0,0.866142][54.1078,-14.9733,0][0.983382,-0.194323,2.95014][0.330709,-0.15748,0.929134][54.0615,-15.0121,0][2.1989,0.427622,2.1989][0.685039,0,0.732283][54.1374,-14.9733,0][1.72497,-0.194323,2.58744][0.551181,-0.125984,0.826772][54.1078,-15.0121,0][2.1989,-0.194323,2.1989][0.724409,-0.110236,0.677165][54.1374,-15.0121,0][2.58744,0.427622,1.72497][0.826772,0,0.559055][53.8922,-14.9733,0][2.1989,0.427622,2.1989][0.685039,0,0.732283][53.8626,-14.9733,0][2.1989,-0.194323,2.1989][0.724409,-0.110236,0.677165][53.8626,-15.0121,0][2.58744,0.427622,1.72497][0,1,0][53.8383,-14.8922,0][2.95014,0.427622,0.983382][0,1,0][53.8156,-14.9385,0][1.66973,0.427622,0.82926][0.0551181,1,0.023622][53.8956,-14.9482,0][1.66973,0.427622,0.82926][0.0551181,1,0.023622][53.8956,-14.9482,0][2.95014,0.427622,0.983382][0,1,0][53.8156,-14.9385,0][1.72574,0.427622,0.575248][0.015748,1,0][53.8921,-14.964,0][1.66973,0.427622,0.82926][0.0551181,1,0.023622][53.8956,-14.9482,0][1.51349,0.427622,1.009][0.015748,1,0.015748][53.9054,-14.9369,0][2.58744,0.427622,1.72497][0,1,0][53.8383,-14.8922,0][3.6202e-07,0.427622,1.84654][0,1,0.00787402][54,-14.8846,0][-0.574596,0.427622,1.72379][0,1,0.015748][54.0359,-14.8923,0][-0.983382,0.427622,2.95014][0,1,0][54.0615,-14.8156,0][3.6202e-07,0.427622,1.84654][0,1,0.00787402][54,-14.8846,0][-0.983382,0.427622,2.95014][0,1,0][54.0615,-14.8156,0][2.31692e-07,0.427622,3.10972][0,1,0][54,-14.8056,0][0.983382,0.427622,2.95014][0.244094,0,0.968504][54.0615,-14.9733,0][2.31692e-07,0.427622,3.10972][-0.0551181,0,1][54,-14.9733,0][2.02732e-07,-0.194323,3.10972][0.0551181,-0.173228,0.984252][54,-15.0121,0][0.983382,-0.194323,2.95014][0.330709,-0.15748,0.929134][54.0615,-15.0121,0][0.983382,0.427622,2.95014][0.244094,0,0.968504][54.0615,-14.9733,0][2.02732e-07,-0.194323,3.10972][0.0551181,-0.173228,0.984252][54,-15.0121,0][2.58744,0.427622,1.72497][0.826772,0,0.559055][53.8922,-14.9733,0][2.1989,-0.194323,2.1989][0.724409,-0.110236,0.677165][53.8626,-15.0121,0][2.58744,-0.194323,1.72497][0.858268,-0.141732,0.488189][53.8922,-15.0121,0][2.95014,0.427622,0.983382][0.944882,0,0.338583][53.9385,-14.9733,0][2.58744,0.427622,1.72497][0.826772,0,0.559055][53.8922,-14.9733,0][2.58744,-0.194323,1.72497][0.858268,-0.141732,0.488189][53.8922,-15.0121,0][2.95014,0.427622,0.983382][0,1,0][53.8156,-14.9385,0][3.10972,0.427622,3.56808e-07][0,1,0][53.8056,-15,0][1.81753,0.427622,0.159006][0.00787402,1,0][53.8864,-14.9901,0][1.81753,0.427622,0.159006][0.00787402,1,0][53.8864,-14.9901,0][1.72574,0.427622,0.575248][0.015748,1,0][53.8921,-14.964,0][2.95014,0.427622,0.983382][0,1,0][53.8156,-14.9385,0][1.84654,0.427622,2.81512e-07][0.015748,1,0][53.8846,-15,0][1.81753,0.427622,0.159006][0.00787402,1,0][53.8864,-14.9901,0][3.10972,0.427622,3.56808e-07][0,1,0][53.8056,-15,0][-0.983382,0.427622,2.95014][0,1,0][54.0615,-14.8156,0][-0.574596,0.427622,1.72379][0,1,0.015748][54.0359,-14.8923,0][-0.815448,0.427622,1.67233][0,1,0][54.051,-14.8955,0][-0.983382,0.427622,2.95014][0,1,0][54.0615,-14.8156,0][-0.815448,0.427622,1.67233][0,1,0][54.051,-14.8955,0][-0.82926,0.427622,1.66973][-0.0393701,1,0.0629921][54.0518,-14.8956,0][-0.8474,0.427622,1.65852][0,1,0][54.053,-14.8963,0][-1.00237,0.427622,1.50355][0,1,0][54.0626,-14.906,0][-1.72497,0.427622,2.58744][0,1,0][54.1078,-14.8383,0][-0.983382,0.427622,2.95014][0,1,0][54.0615,-14.8156,0][-0.82926,0.427622,1.66973][-0.0393701,1,0.0629921][54.0518,-14.8956,0][-1.72497,0.427622,2.58744][0,1,0][54.1078,-14.8383,0][-1.72497,0.427622,2.58744][0,1,0][54.1078,-14.8383,0][-0.82926,0.427622,1.66973][-0.0393701,1,0.0629921][54.0518,-14.8956,0][-0.8474,0.427622,1.65852][0,1,0][54.053,-14.8963,0][2.31692e-07,0.427622,3.10972][-0.0551181,0,1][54,-14.9733,0][-0.983382,0.427622,2.95014][-0.338583,0,0.944882][53.9385,-14.9733,0][-0.983382,-0.194323,2.95014][-0.23622,-0.165354,0.952756][53.9385,-15.0121,0][2.02732e-07,-0.194323,3.10972][0.0551181,-0.173228,0.984252][54,-15.0121,0][2.31692e-07,0.427622,3.10972][-0.0551181,0,1][54,-14.9733,0][-0.983382,-0.194323,2.95014][-0.23622,-0.165354,0.952756][53.9385,-15.0121,0][2.95014,0.427622,0.983382][0.944882,0,0.338583][53.9385,-14.9733,0][2.58744,-0.194323,1.72497][0.858268,-0.141732,0.488189][53.8922,-15.0121,0][2.95014,-0.194323,0.983382][0.952756,-0.165354,0.23622][53.9385,-15.0121,0][3.10972,0.427622,3.56808e-07][1,0,0.0551181][54,-14.9733,0][2.95014,0.427622,0.983382][0.944882,0,0.338583][53.9385,-14.9733,0][2.95014,-0.194323,0.983382][0.952756,-0.165354,0.23622][53.9385,-15.0121,0][1.72379,0.427622,-0.574596][0.00787402,1,0][53.8923,-15.0359,0][1.84654,0.427622,2.81512e-07][0.015748,1,0][53.8846,-15,0][3.10972,0.427622,3.56808e-07][0,1,0][53.8056,-15,0][1.72379,0.427622,-0.574596][0.00787402,1,0][53.8923,-15.0359,0][3.10972,0.427622,3.56808e-07][0,1,0][53.8056,-15,0][2.95014,0.427622,-0.983382][0,1,0][53.8156,-15.0615,0][-1.00237,0.427622,1.50355][0,1,0][54.0626,-14.906,0][-1.25296,0.427622,1.25296][0,1,0][54.0783,-14.9217,0][-2.1989,0.427622,2.1989][0,1,0][54.1374,-14.8626,0][-1.00237,0.427622,1.50355][0,1,0][54.0626,-14.906,0][-2.1989,0.427622,2.1989][0,1,0][54.1374,-14.8626,0][-1.72497,0.427622,2.58744][0,1,0][54.1078,-14.8383,0][-0.983382,0.427622,2.95014][-0.338583,0,0.944882][53.9385,-14.9733,0][-1.72497,0.427622,2.58744][-0.559055,0,0.826772][53.8922,-14.9733,0][-1.72497,-0.194323,2.58744][-0.488189,-0.141732,0.858268][53.8922,-15.0121,0][-0.983382,-0.194323,2.95014][-0.23622,-0.165354,0.952756][53.9385,-15.0121,0][-0.983382,0.427622,2.95014][-0.338583,0,0.944882][53.9385,-14.9733,0][-1.72497,-0.194323,2.58744][-0.488189,-0.141732,0.858268][53.8922,-15.0121,0][3.10972,0.427622,3.56808e-07][1,0,0.0551181][54,-14.9733,0][2.95014,-0.194323,0.983382][0.952756,-0.165354,0.23622][53.9385,-15.0121,0][3.10972,-0.194323,2.94516e-07][0.984252,-0.173228,-0.0551181][54,-15.0121,0][2.95014,0.427622,-0.983382][0.968504,0,-0.244094][54.0615,-14.9733,0][3.10972,0.427622,3.56808e-07][1,0,0.0551181][54,-14.9733,0][3.10972,-0.194323,2.94516e-07][0.984252,-0.173228,-0.0551181][54,-15.0121,0][1.72379,0.427622,-0.574596][0.00787402,1,0][53.8923,-15.0359,0][2.95014,0.427622,-0.983382][0,1,0][53.8156,-15.0615,0][1.67233,0.427622,-0.815448][0,1,0][53.8955,-15.051,0][1.66973,0.427622,-0.82926][0.0629921,1,-0.0393701][53.8956,-15.0518,0][2.95014,0.427622,-0.983382][0,1,0][53.8156,-15.0615,0][2.58744,0.427622,-1.72497][0,1,0][53.8383,-15.1078,0][1.50355,0.427622,-1.00237][0,1,0][53.906,-15.0626,0][1.65852,0.427622,-0.8474][0,1,0][53.8963,-15.053,0][2.58744,0.427622,-1.72497][0,1,0][53.8383,-15.1078,0][1.66973,0.427622,-0.82926][0.0629921,1,-0.0393701][53.8956,-15.0518,0][1.67233,0.427622,-0.815448][0,1,0][53.8955,-15.051,0][2.95014,0.427622,-0.983382][0,1,0][53.8156,-15.0615,0][1.65852,0.427622,-0.8474][0,1,0][53.8963,-15.053,0][1.66973,0.427622,-0.82926][0.0629921,1,-0.0393701][53.8956,-15.0518,0][2.58744,0.427622,-1.72497][0,1,0][53.8383,-15.1078,0][-1.25296,0.427622,1.25296][0,1,0][54.0783,-14.9217,0][-1.50355,0.427622,1.00237][0,1,0][54.094,-14.9374,0][-2.58744,0.427622,1.72497][0,1,0][54.1617,-14.8922,0][-1.25296,0.427622,1.25296][0,1,0][54.0783,-14.9217,0][-2.58744,0.427622,1.72497][0,1,0][54.1617,-14.8922,0][-2.1989,0.427622,2.1989][0,1,0][54.1374,-14.8626,0][-1.72497,0.427622,2.58744][-0.559055,0,0.826772][53.8922,-14.9733,0][-2.1989,0.427622,2.1989][-0.732283,0,0.685039][53.8626,-14.9733,0][-2.1989,-0.194323,2.1989][-0.677165,-0.110236,0.724409][53.8626,-15.0121,0][-1.72497,-0.194323,2.58744][-0.488189,-0.141732,0.858268][53.8922,-15.0121,0][-1.72497,0.427622,2.58744][-0.559055,0,0.826772][53.8922,-14.9733,0][-2.1989,-0.194323,2.1989][-0.677165,-0.110236,0.724409][53.8626,-15.0121,0][2.95014,0.427622,-0.983382][0.968504,0,-0.244094][54.0615,-14.9733,0][3.10972,-0.194323,2.94516e-07][0.984252,-0.173228,-0.0551181][54,-15.0121,0][2.95014,-0.194323,-0.983382][0.929134,-0.15748,-0.330709][54.0615,-15.0121,0][2.58744,0.427622,-1.72497][0.866142,0,-0.496063][54.1078,-14.9733,0][2.95014,0.427622,-0.983382][0.968504,0,-0.244094][54.0615,-14.9733,0][2.95014,-0.194323,-0.983382][0.929134,-0.15748,-0.330709][54.0615,-15.0121,0][1.25296,0.427622,-1.25296][0,1,0][53.9217,-15.0783,0][1.50355,0.427622,-1.00237][0,1,0][53.906,-15.0626,0][2.58744,0.427622,-1.72497][0,1,0][53.8383,-15.1078,0][1.25296,0.427622,-1.25296][0,1,0][53.9217,-15.0783,0][2.58744,0.427622,-1.72497][0,1,0][53.8383,-15.1078,0][2.1989,0.427622,-2.1989][0,1,0][53.8626,-15.1374,0][-1.65852,0.427622,0.847402][0,1,0][54.1037,-14.947,0][-1.66973,0.427622,0.82926][-0.0629921,1,0.0393701][54.1044,-14.9482,0][-2.58744,0.427622,1.72497][0,1,0][54.1617,-14.8922,0][-1.50355,0.427622,1.00237][0,1,0][54.094,-14.9374,0][-1.65852,0.427622,0.847402][0,1,0][54.1037,-14.947,0][-2.58744,0.427622,1.72497][0,1,0][54.1617,-14.8922,0][-1.67233,0.427622,0.815448][0,1,0][54.1045,-14.949,0][-1.72379,0.427622,0.574596][-0.00787402,1,0][54.1077,-14.9641,0][-2.95014,0.427622,0.983382][0,1,0][54.1844,-14.9385,0][-2.58744,0.427622,1.72497][0,1,0][54.1617,-14.8922,0][-1.66973,0.427622,0.82926][-0.0629921,1,0.0393701][54.1044,-14.9482,0][-2.95014,0.427622,0.983382][0,1,0][54.1844,-14.9385,0][-2.95014,0.427622,0.983382][0,1,0][54.1844,-14.9385,0][-1.66973,0.427622,0.82926][-0.0629921,1,0.0393701][54.1044,-14.9482,0][-1.67233,0.427622,0.815448][0,1,0][54.1045,-14.949,0][-2.1989,0.427622,2.1989][-0.732283,0,0.685039][54.1374,-14.9733,0][-2.58744,0.427622,1.72497][-0.866142,0,0.496063][54.1078,-14.9733,0][-2.58744,-0.194323,1.72497][-0.826772,-0.125984,0.551181][54.1078,-15.0121,0][-2.1989,-0.194323,2.1989][-0.677165,-0.110236,0.724409][54.1374,-15.0121,0][-2.1989,0.427622,2.1989][-0.732283,0,0.685039][54.1374,-14.9733,0][-2.58744,-0.194323,1.72497][-0.826772,-0.125984,0.551181][54.1078,-15.0121,0][2.58744,0.427622,-1.72497][0.866142,0,-0.496063][54.1078,-14.9733,0][2.95014,-0.194323,-0.983382][0.929134,-0.15748,-0.330709][54.0615,-15.0121,0][2.58744,-0.194323,-1.72497][0.826772,-0.125984,-0.551181][54.1078,-15.0121,0][2.1989,0.427622,-2.1989][0.732283,0,-0.685039][54.1374,-14.9733,0][2.58744,0.427622,-1.72497][0.866142,0,-0.496063][54.1078,-14.9733,0][2.58744,-0.194323,-1.72497][0.826772,-0.125984,-0.551181][54.1078,-15.0121,0][1.00237,0.427622,-1.50355][0,1,0][53.9374,-15.094,0][1.25296,0.427622,-1.25296][0,1,0][53.9217,-15.0783,0][2.1989,0.427622,-2.1989][0,1,0][53.8626,-15.1374,0][1.00237,0.427622,-1.50355][0,1,0][53.9374,-15.094,0][2.1989,0.427622,-2.1989][0,1,0][53.8626,-15.1374,0][1.72497,0.427622,-2.58744][0,1,0][53.8922,-15.1617,0][-1.72379,0.427622,0.574596][-0.00787402,1,0][54.1077,-14.9641,0][-1.84654,0.427622,5.79232e-08][-0.015748,1,0][54.1154,-15,0][-3.10972,0.427622,0][0,1,0][54.1944,-15,0][-1.72379,0.427622,0.574596][-0.00787402,1,0][54.1077,-14.9641,0][-3.10972,0.427622,0][0,1,0][54.1944,-15,0][-2.95014,0.427622,0.983382][0,1,0][54.1844,-14.9385,0][-2.58744,0.427622,1.72497][-0.866142,0,0.496063][54.1078,-14.9733,0][-2.95014,0.427622,0.983382][-0.968504,0,0.244094][54.0615,-14.9733,0][-2.95014,-0.194323,0.983382][-0.929134,-0.15748,0.330709][54.0615,-15.0121,0][-2.58744,-0.194323,1.72497][-0.826772,-0.125984,0.551181][54.1078,-15.0121,0][-2.58744,0.427622,1.72497][-0.866142,0,0.496063][54.1078,-14.9733,0][-2.95014,-0.194323,0.983382][-0.929134,-0.15748,0.330709][54.0615,-15.0121,0][2.1989,0.427622,-2.1989][0.732283,0,-0.685039][54.1374,-14.9733,0][2.58744,-0.194323,-1.72497][0.826772,-0.125984,-0.551181][54.1078,-15.0121,0][2.1989,-0.194323,-2.1989][0.677165,-0.110236,-0.724409][54.1374,-15.0121,0][1.72497,0.427622,-2.58744][0.559055,0,-0.826772][53.8922,-14.9733,0][2.1989,0.427622,-2.1989][0.732283,0,-0.685039][53.8626,-14.9733,0][2.1989,-0.194323,-2.1989][0.677165,-0.110236,-0.724409][53.8626,-15.0121,0][1.00237,0.427622,-1.50355][0,1,0][53.9374,-15.094,0][1.72497,0.427622,-2.58744][0,1,0][53.8922,-15.1617,0][0.8474,0.427622,-1.65852][0,1,0][53.947,-15.1037,0][0.82926,0.427622,-1.66973][0.0393701,1,-0.0629921][53.9482,-15.1044,0][1.72497,0.427622,-2.58744][0,1,0][53.8922,-15.1617,0][0.983382,0.427624,-2.95014][0,1,0][53.9385,-15.1844,0][0.815448,0.427622,-1.67233][0,1,0][53.949,-15.1045,0][0.82926,0.427622,-1.66973][0.0393701,1,-0.0629921][53.9482,-15.1044,0][0.983382,0.427624,-2.95014][0,1,0][53.9385,-15.1844,0][0.82926,0.427622,-1.66973][0.0393701,1,-0.0629921][53.9482,-15.1044,0][0.8474,0.427622,-1.65852][0,1,0][53.947,-15.1037,0][1.72497,0.427622,-2.58744][0,1,0][53.8922,-15.1617,0][0.815448,0.427622,-1.67233][0,1,0][53.949,-15.1045,0][0.983382,0.427624,-2.95014][0,1,0][53.9385,-15.1844,0][0.574596,0.427622,-1.72379][0,1,-0.015748][53.9641,-15.1077,0][-1.81753,0.427622,-0.159006][-0.00787402,1,0][54.1136,-15.0099,0][-1.72574,0.427622,-0.575248][-0.015748,1,-0.00787402][54.1079,-15.036,0][-2.95014,0.427622,-0.983382][0,1,0][54.1844,-15.0615,0][-1.81753,0.427622,-0.159006][-0.00787402,1,0][54.1136,-15.0099,0][-3.10972,0.427622,0][0,1,0][54.1944,-15,0][-1.84654,0.427622,5.79232e-08][-0.015748,1,0][54.1154,-15,0][-3.10972,0.427622,0][0,1,0][54.1944,-15,0][-1.81753,0.427622,-0.159006][-0.00787402,1,0][54.1136,-15.0099,0][-2.95014,0.427622,-0.983382][0,1,0][54.1844,-15.0615,0][-2.95014,0.427622,0.983382][-0.968504,0,0.244094][54.0615,-14.9733,0][-3.10972,0.427622,0][-1,0,-0.0551181][54,-14.9733,0][-3.10972,-0.194323,2.25528e-07][-0.984252,-0.173228,0.0551181][54,-15.0121,0][-2.95014,-0.194323,0.983382][-0.929134,-0.15748,0.330709][54.0615,-15.0121,0][-2.95014,0.427622,0.983382][-0.968504,0,0.244094][54.0615,-14.9733,0][-3.10972,-0.194323,2.25528e-07][-0.984252,-0.173228,0.0551181][54,-15.0121,0][1.72497,0.427622,-2.58744][0.559055,0,-0.826772][53.8922,-14.9733,0][2.1989,-0.194323,-2.1989][0.677165,-0.110236,-0.724409][53.8626,-15.0121,0][1.72497,-0.194323,-2.58744][0.488189,-0.141732,-0.858268][53.8922,-15.0121,0][0.983382,0.427624,-2.95014][0.338583,0,-0.944882][53.9385,-14.9733,0][1.72497,0.427622,-2.58744][0.559055,0,-0.826772][53.8922,-14.9733,0][1.72497,-0.194323,-2.58744][0.488189,-0.141732,-0.858268][53.8922,-15.0121,0][3.6202e-07,0.427622,-1.84654][0,1,-0.00787402][54,-15.1154,0][0.574596,0.427622,-1.72379][0,1,-0.015748][53.9641,-15.1077,0][0.983382,0.427624,-2.95014][0,1,0][53.9385,-15.1844,0][3.6202e-07,0.427622,-1.84654][0,1,-0.00787402][54,-15.1154,0][0.983382,0.427624,-2.95014][0,1,0][53.9385,-15.1844,0][2.31692e-07,0.427624,-3.10972][0,1,0][54,-15.1944,0][-1.65852,0.427622,-0.8474][-0.0551181,1,-0.023622][54.1037,-15.053,0][-1.51349,0.427622,-1.009][-0.015748,1,-0.015748][54.0946,-15.0631,0][-2.58744,0.427622,-1.72497][0,1,0][54.1617,-15.1078,0][-2.58744,0.427622,-1.72497][0,1,0][54.1617,-15.1078,0][-2.95014,0.427622,-0.983382][0,1,0][54.1844,-15.0615,0][-1.65852,0.427622,-0.8474][-0.0551181,1,-0.023622][54.1037,-15.053,0][-1.72574,0.427622,-0.575248][-0.015748,1,-0.00787402][54.1079,-15.036,0][-1.65852,0.427622,-0.8474][-0.0551181,1,-0.023622][54.1037,-15.053,0][-2.95014,0.427622,-0.983382][0,1,0][54.1844,-15.0615,0][-3.10972,0.427622,0][-1,0,-0.0551181][54,-14.9733,0][-2.95014,0.427622,-0.983382][-0.944882,0,-0.338583][53.9385,-14.9733,0][-2.95014,-0.194323,-0.983382][-0.952756,-0.165354,-0.23622][53.9385,-15.0121,0][-3.10972,-0.194323,2.25528e-07][-0.984252,-0.173228,0.0551181][54,-15.0121,0][-3.10972,0.427622,0][-1,0,-0.0551181][54,-14.9733,0][-2.95014,-0.194323,-0.983382][-0.952756,-0.165354,-0.23622][53.9385,-15.0121,0][0.983382,0.427624,-2.95014][0.338583,0,-0.944882][53.9385,-14.9733,0][1.72497,-0.194323,-2.58744][0.488189,-0.141732,-0.858268][53.8922,-15.0121,0][0.983382,-0.194322,-2.95014][0.23622,-0.165354,-0.952756][53.9385,-15.0121,0][2.31692e-07,0.427624,-3.10972][0.0551181,0,-1][54,-14.9733,0][0.983382,0.427624,-2.95014][0.338583,0,-0.944882][53.9385,-14.9733,0][0.983382,-0.194322,-2.95014][0.23622,-0.165354,-0.952756][53.9385,-15.0121,0][3.6202e-07,0.427622,-1.84654][0,1,-0.00787402][54,-15.1154,0][2.31692e-07,0.427624,-3.10972][0,1,0][54,-15.1944,0][-0.159007,0.427622,-1.81753][0,1,-0.00787402][54.0099,-15.1136,0][-0.159007,0.427622,-1.81753][0,1,-0.00787402][54.0099,-15.1136,0][-0.983382,0.427624,-2.95014][0,1,0][54.0615,-15.1844,0][-0.575248,0.427622,-1.72574][0,1,-0.015748][54.036,-15.1079,0][-0.983382,0.427624,-2.95014][0,1,0][54.0615,-15.1844,0][-0.159007,0.427622,-1.81753][0,1,-0.00787402][54.0099,-15.1136,0][2.31692e-07,0.427624,-3.10972][0,1,0][54,-15.1944,0][-1.51349,0.427622,-1.009][-0.015748,1,-0.015748][54.0946,-15.0631,0][-1.27488,0.427622,-1.27488][-0.023622,1,-0.023622][54.0797,-15.0797,0][-2.1989,0.427624,-2.1989][0,1,0][54.1374,-15.1374,0][-1.51349,0.427622,-1.009][-0.015748,1,-0.015748][54.0946,-15.0631,0][-2.1989,0.427624,-2.1989][0,1,0][54.1374,-15.1374,0][-2.58744,0.427622,-1.72497][0,1,0][54.1617,-15.1078,0][-2.95014,0.427622,-0.983382][-0.944882,0,-0.338583][53.9385,-14.9733,0][-2.58744,0.427622,-1.72497][-0.826772,0,-0.559055][53.8922,-14.9733,0][-2.58744,-0.194322,-1.72497][-0.858268,-0.141732,-0.488189][53.8922,-15.0121,0][-2.95014,-0.194323,-0.983382][-0.952756,-0.165354,-0.23622][53.9385,-15.0121,0][-2.95014,0.427622,-0.983382][-0.944882,0,-0.338583][53.9385,-14.9733,0][-2.58744,-0.194322,-1.72497][-0.858268,-0.141732,-0.488189][53.8922,-15.0121,0][2.31692e-07,0.427624,-3.10972][0.0551181,0,-1][54,-14.9733,0][0.983382,-0.194322,-2.95014][0.23622,-0.165354,-0.952756][53.9385,-15.0121,0][2.60654e-07,-0.194322,-3.10972][-0.0551181,-0.173228,-0.984252][54,-15.0121,0][-0.983382,0.427624,-2.95014][-0.244094,0,-0.968504][54.0615,-14.9733,0][2.31692e-07,0.427624,-3.10972][0.0551181,0,-1][54,-14.9733,0][2.60654e-07,-0.194322,-3.10972][-0.0551181,-0.173228,-0.984252][54,-15.0121,0][-0.82926,0.427622,-1.66973][-0.023622,1,-0.0551181][54.0518,-15.1044,0][-0.575248,0.427622,-1.72574][0,1,-0.015748][54.036,-15.1079,0][-0.983382,0.427624,-2.95014][0,1,0][54.0615,-15.1844,0][-1.009,0.427622,-1.51349][-0.0314961,1,-0.0314961][54.0631,-15.0946,0][-0.82926,0.427622,-1.66973][-0.023622,1,-0.0551181][54.0518,-15.1044,0][-1.72497,0.427622,-2.58744][0,1,0][54.1078,-15.1617,0][-1.72497,0.427622,-2.58744][0,1,0][54.1078,-15.1617,0][-0.82926,0.427622,-1.66973][-0.023622,1,-0.0551181][54.0518,-15.1044,0][-0.983382,0.427624,-2.95014][0,1,0][54.0615,-15.1844,0][-1.27488,0.427622,-1.27488][-0.023622,1,-0.023622][54.0797,-15.0797,0][-1.009,0.427622,-1.51349][-0.0314961,1,-0.0314961][54.0631,-15.0946,0][-1.72497,0.427622,-2.58744][0,1,0][54.1078,-15.1617,0][-1.27488,0.427622,-1.27488][-0.023622,1,-0.023622][54.0797,-15.0797,0][-1.72497,0.427622,-2.58744][0,1,0][54.1078,-15.1617,0][-2.1989,0.427624,-2.1989][0,1,0][54.1374,-15.1374,0][-2.58744,0.427622,-1.72497][-0.826772,0,-0.559055][53.8922,-14.9733,0][-2.1989,0.427624,-2.1989][-0.685039,0,-0.732283][53.8626,-14.9733,0][-2.1989,-0.194322,-2.1989][-0.724409,-0.110236,-0.677165][53.8626,-15.0121,0][-2.58744,-0.194322,-1.72497][-0.858268,-0.141732,-0.488189][53.8922,-15.0121,0][-2.58744,0.427622,-1.72497][-0.826772,0,-0.559055][53.8922,-14.9733,0][-2.1989,-0.194322,-2.1989][-0.724409,-0.110236,-0.677165][53.8626,-15.0121,0][-0.983382,0.427624,-2.95014][-0.244094,0,-0.968504][54.0615,-14.9733,0][2.60654e-07,-0.194322,-3.10972][-0.0551181,-0.173228,-0.984252][54,-15.0121,0][-0.983382,-0.194322,-2.95014][-0.330709,-0.15748,-0.929134][54.0615,-15.0121,0][-1.72497,0.427622,-2.58744][-0.496063,0,-0.866142][54.1078,-14.9733,0][-0.983382,0.427624,-2.95014][-0.244094,0,-0.968504][54.0615,-14.9733,0][-0.983382,-0.194322,-2.95014][-0.330709,-0.15748,-0.929134][54.0615,-15.0121,0][-2.1989,0.427624,-2.1989][-0.685039,0,-0.732283][54.1374,-14.9733,0][-1.72497,0.427622,-2.58744][-0.496063,0,-0.866142][54.1078,-14.9733,0][-1.72497,-0.194323,-2.58744][-0.551181,-0.125984,-0.826772][54.1078,-15.0121,0][-2.1989,-0.194322,-2.1989][-0.724409,-0.110236,-0.677165][54.1374,-15.0121,0][-2.1989,0.427624,-2.1989][-0.685039,0,-0.732283][54.1374,-14.9733,0][-1.72497,-0.194323,-2.58744][-0.551181,-0.125984,-0.826772][54.1078,-15.0121,0][-1.72497,0.427622,-2.58744][-0.496063,0,-0.866142][54.1078,-14.9733,0][-0.983382,-0.194322,-2.95014][-0.330709,-0.15748,-0.929134][54.0615,-15.0121,0][-1.72497,-0.194323,-2.58744][-0.551181,-0.125984,-0.826772][54.1078,-15.0121,0][1.89449,-0.583108,1.89449][0.283465,-0.929134,0.23622][54.1184,-14.8816,0][1.98899,-0.583108,1.75984][0,-1,0][54.1243,-14.89,0][1.98899,-0.52582,1.98899][0.354331,-0.858268,0.370079][54.1243,-14.8757,0][1.98899,-0.583108,1.75984][0,-1,0][54.1243,-14.89,0][2.23606,-0.583108,1.49071][0.188976,-0.968504,0.165354][54.1398,-14.9068,0][2.26266,-0.571432,1.50844][0.409449,-0.858268,0.307087][54.1414,-14.9057,0][1.98899,-0.583108,1.75984][0,-1,0][54.1243,-14.89,0][2.26266,-0.571432,1.50844][0.409449,-0.858268,0.307087][54.1414,-14.9057,0][1.98899,-0.52582,1.98899][0.354331,-0.858268,0.370079][54.1243,-14.8757,0][1.50844,-0.571432,2.26266][0.244094,-0.866142,0.433071][54.0943,-14.8586,0][1.55514,-0.583108,2.18662][0.204724,-0.952756,0.23622][54.0972,-14.8633,0][1.98899,-0.52582,1.98899][0.354331,-0.858268,0.370079][54.1243,-14.8757,0][1.84637,-0.583108,1.9359][0,-1,0][54.1154,-14.879,0][1.89449,-0.583108,1.89449][0.283465,-0.929134,0.23622][54.1184,-14.8816,0][1.98899,-0.52582,1.98899][0.354331,-0.858268,0.370079][54.1243,-14.8757,0][1.84637,-0.583108,1.9359][0,-1,0][54.1154,-14.879,0][1.98899,-0.52582,1.98899][0.354331,-0.858268,0.370079][54.1243,-14.8757,0][1.55514,-0.583108,2.18662][0.204724,-0.952756,0.23622][54.0972,-14.8633,0][1.49071,-0.583108,2.23606][0.133858,-0.96063,0.228346][54.0932,-14.8602,0][1.55514,-0.583108,2.18662][0.204724,-0.952756,0.23622][54.0972,-14.8633,0][1.50844,-0.571432,2.26266][0.244094,-0.866142,0.433071][54.0943,-14.8586,0][2.23606,-0.583108,1.49071][0.188976,-0.968504,0.165354][54.1398,-14.9068,0][2.25362,-0.583108,1.44967][0.0787402,-0.992126,0.0393701][54.1409,-14.9094,0][2.26266,-0.571432,1.50844][0.409449,-0.858268,0.307087][54.1414,-14.9057,0][1.98899,-0.52582,1.98899][0.354331,-0.858268,0.370079][54.1243,-14.8757,0][2.26266,-0.571432,1.50844][0.409449,-0.858268,0.307087][54.1414,-14.9057,0][2.14026,-0.372678,2.14026][0.519685,-0.685039,0.519685][54.1338,-14.8662,0][1.50844,-0.571432,2.26266][0.244094,-0.866142,0.433071][54.0943,-14.8586,0][1.98899,-0.52582,1.98899][0.354331,-0.858268,0.370079][54.1243,-14.8757,0][1.66222,-0.4021,2.49332][0.370079,-0.692913,0.614173][54.1039,-14.8442,0][1.30273,-0.583108,2.33272][0.023622,-1,0.0472441][54.0814,-14.8542,0][1.49071,-0.583108,2.23606][0.133858,-0.96063,0.228346][54.0932,-14.8602,0][1.50844,-0.571432,2.26266][0.244094,-0.866142,0.433071][54.0943,-14.8586,0][2.25362,-0.583108,1.44967][0.0787402,-0.992126,0.0393701][54.1409,-14.9094,0][2.33272,-0.583108,1.30273][0.370079,-0.913386,0.165354][54.1458,-14.9186,0][2.26266,-0.571432,1.50844][0.409449,-0.858268,0.307087][54.1414,-14.9057,0][2.14026,-0.372678,2.14026][0.519685,-0.685039,0.519685][54.1338,-14.8662,0][2.26266,-0.571432,1.50844][0.409449,-0.858268,0.307087][54.1414,-14.9057,0][2.49332,-0.4021,1.66222][0.582677,-0.732283,0.362205][54.1558,-14.8961,0][1.98899,-0.52582,1.98899][0.354331,-0.858268,0.370079][54.1243,-14.8757,0][2.14026,-0.372678,2.14026][0.519685,-0.685039,0.519685][54.1338,-14.8662,0][1.66222,-0.4021,2.49332][0.370079,-0.692913,0.614173][54.1039,-14.8442,0][1.50844,-0.571432,2.26266][0.244094,-0.866142,0.433071][54.0943,-14.8586,0][1.66222,-0.4021,2.49332][0.370079,-0.692913,0.614173][54.1039,-14.8442,0][0.937618,-0.428726,2.81286][0.181102,-0.732283,0.653543][54.0586,-14.8242,0][0.846848,-0.583108,2.54054][0.165354,-0.897638,0.417323][54.0529,-14.8412,0][1.30273,-0.583108,2.33272][0.023622,-1,0.0472441][54.0814,-14.8542,0][1.50844,-0.571432,2.26266][0.244094,-0.866142,0.433071][54.0943,-14.8586,0][0.846848,-0.583108,2.54054][0.165354,-0.897638,0.417323][54.0529,-14.8412,0][1.50844,-0.571432,2.26266][0.244094,-0.866142,0.433071][54.0943,-14.8586,0][0.937618,-0.428726,2.81286][0.181102,-0.732283,0.653543][54.0586,-14.8242,0][2.33272,-0.583108,1.30273][0.370079,-0.913386,0.165354][54.1458,-14.9186,0][2.49332,-0.583108,0.938186][0.259843,-0.96063,0.125984][54.1558,-14.9414,0][2.49332,-0.4021,1.66222][0.582677,-0.732283,0.362205][54.1558,-14.8961,0][2.33272,-0.583108,1.30273][0.370079,-0.913386,0.165354][54.1458,-14.9186,0][2.49332,-0.4021,1.66222][0.582677,-0.732283,0.362205][54.1558,-14.8961,0][2.26266,-0.571432,1.50844][0.409449,-0.858268,0.307087][54.1414,-14.9057,0][2.14026,-0.372678,2.14026][0.519685,-0.685039,0.519685][53.8662,-15.0233,0][2.49332,-0.4021,1.66222][0.582677,-0.732283,0.362205][53.8961,-15.0251,0][2.1989,-0.194323,2.1989][0.724409,-0.110236,0.677165][53.8626,-15.0121,0][1.66222,-0.4021,2.49332][0.370079,-0.692913,0.614173][54.1039,-15.0251,0][2.14026,-0.372678,2.14026][0.519685,-0.685039,0.519685][54.1338,-15.0233,0][1.72497,-0.194323,2.58744][0.551181,-0.125984,0.826772][54.1078,-15.0121,0][0.937618,-0.428726,2.81286][0.181102,-0.732283,0.653543][54.0586,-15.0268,0][1.66222,-0.4021,2.49332][0.370079,-0.692913,0.614173][54.1039,-15.0251,0][0.983382,-0.194323,2.95014][0.330709,-0.15748,0.929134][54.0615,-15.0121,0][0.700014,-0.583108,2.56538][0.0393701,-0.976378,0.220472][54.0438,-14.8397,0][0.846848,-0.583108,2.54054][0.165354,-0.897638,0.417323][54.0529,-14.8412,0][0.937618,-0.428726,2.81286][0.181102,-0.732283,0.653543][54.0586,-14.8242,0][0.700014,-0.583108,2.56538][0.0393701,-0.976378,0.220472][54.0438,-14.8397,0][0.937618,-0.428726,2.81286][0.181102,-0.732283,0.653543][54.0586,-14.8242,0][3.90982e-07,-0.440168,2.95014][-0.015748,-0.748031,0.669291][54,-14.8156,0][2.49332,-0.583108,0.938186][0.259843,-0.96063,0.125984][54.1558,-14.9414,0][2.54054,-0.583108,0.846848][0.433071,-0.897638,0.0866142][54.1588,-14.9471,0][2.81286,-0.428726,0.937618][0.637795,-0.740157,0.204724][54.1758,-14.9414,0][2.49332,-0.583108,0.938186][0.259843,-0.96063,0.125984][54.1558,-14.9414,0][2.81286,-0.428726,0.937618][0.637795,-0.740157,0.204724][54.1758,-14.9414,0][2.49332,-0.4021,1.66222][0.582677,-0.732283,0.362205][54.1558,-14.8961,0][2.1989,-0.194323,2.1989][0.724409,-0.110236,0.677165][53.8626,-15.0121,0][2.49332,-0.4021,1.66222][0.582677,-0.732283,0.362205][53.8961,-15.0251,0][2.58744,-0.194323,1.72497][0.858268,-0.141732,0.488189][53.8922,-15.0121,0][2.14026,-0.372678,2.14026][0.519685,-0.685039,0.519685][54.1338,-15.0233,0][2.1989,-0.194323,2.1989][0.724409,-0.110236,0.677165][54.1374,-15.0121,0][1.72497,-0.194323,2.58744][0.551181,-0.125984,0.826772][54.1078,-15.0121,0][1.66222,-0.4021,2.49332][0.370079,-0.692913,0.614173][54.1039,-15.0251,0][1.72497,-0.194323,2.58744][0.551181,-0.125984,0.826772][54.1078,-15.0121,0][0.983382,-0.194323,2.95014][0.330709,-0.15748,0.929134][54.0615,-15.0121,0][0.937618,-0.428726,2.81286][0.181102,-0.732283,0.653543][54.0586,-15.0268,0][0.983382,-0.194323,2.95014][0.330709,-0.15748,0.929134][54.0615,-15.0121,0][2.02732e-07,-0.194323,3.10972][0.0551181,-0.173228,0.984252][54,-15.0121,0][3.90982e-07,-0.440168,2.95014][-0.015748,-0.748031,0.669291][54,-15.0275,0][0.937618,-0.428726,2.81286][0.181102,-0.732283,0.653543][54.0586,-15.0268,0][2.02732e-07,-0.194323,3.10972][0.0551181,-0.173228,0.984252][54,-15.0121,0][3.6202e-07,-0.583108,2.6705][0.0314961,-0.913386,0.393701][54,-14.8331,0][0.700014,-0.583108,2.56538][0.0393701,-0.976378,0.220472][54.0438,-14.8397,0][3.90982e-07,-0.440168,2.95014][-0.015748,-0.748031,0.669291][54,-14.8156,0][2.54054,-0.583108,0.846848][0.433071,-0.897638,0.0866142][54.1588,-14.9471,0][2.63606,-0.583108,0.202234][0.023622,-1,0.00787402][54.1648,-14.9874,0][2.81286,-0.428726,0.937618][0.637795,-0.740157,0.204724][54.1758,-14.9414,0][2.49332,-0.4021,1.66222][0.582677,-0.732283,0.362205][53.8961,-15.0251,0][2.81286,-0.428726,0.937618][0.637795,-0.740157,0.204724][53.9414,-15.0268,0][2.58744,-0.194323,1.72497][0.858268,-0.141732,0.488189][53.8922,-15.0121,0][3.90982e-07,-0.440168,2.95014][-0.015748,-0.748031,0.669291][54,-15.0275,0][2.02732e-07,-0.194323,3.10972][0.0551181,-0.173228,0.984252][54,-15.0121,0][-0.983382,-0.194323,2.95014][-0.23622,-0.165354,0.952756][53.9385,-15.0121,0][-0.202236,-0.583108,2.63606][0,-1,0.015748][53.9874,-14.8352,0][3.6202e-07,-0.583108,2.6705][0.0314961,-0.913386,0.393701][54,-14.8331,0][3.90982e-07,-0.440168,2.95014][-0.015748,-0.748031,0.669291][54,-14.8156,0][-0.202236,-0.583108,2.63606][0,-1,0.015748][53.9874,-14.8352,0][3.90982e-07,-0.440168,2.95014][-0.015748,-0.748031,0.669291][54,-14.8156,0][-0.937618,-0.428728,2.81286][-0.204724,-0.740157,0.637795][53.9414,-14.8242,0][2.63606,-0.583108,0.202234][0.023622,-1,0.00787402][54.1648,-14.9874,0][2.6705,-0.583108,-6.62384e-08][0.393701,-0.913386,-0.0314961][54.1669,-15,0][2.95014,-0.440168,-8.11434e-08][0.669291,-0.748031,0.015748][54.1844,-15,0][2.63606,-0.583108,0.202234][0.023622,-1,0.00787402][54.1648,-14.9874,0][2.95014,-0.440168,-8.11434e-08][0.669291,-0.748031,0.015748][54.1844,-15,0][2.81286,-0.428726,0.937618][0.637795,-0.740157,0.204724][54.1758,-14.9414,0][2.58744,-0.194323,1.72497][0.858268,-0.141732,0.488189][53.8922,-15.0121,0][2.81286,-0.428726,0.937618][0.637795,-0.740157,0.204724][53.9414,-15.0268,0][2.95014,-0.194323,0.983382][0.952756,-0.165354,0.23622][53.9385,-15.0121,0][3.90982e-07,-0.440168,2.95014][-0.015748,-0.748031,0.669291][54,-15.0275,0][-0.983382,-0.194323,2.95014][-0.23622,-0.165354,0.952756][53.9385,-15.0121,0][-0.937618,-0.428728,2.81286][-0.204724,-0.740157,0.637795][53.9414,-15.0268,0][-0.846848,-0.583108,2.54054][-0.0866142,-0.897638,0.433071][53.9471,-14.8412,0][-0.202236,-0.583108,2.63606][0,-1,0.015748][53.9874,-14.8352,0][-0.937618,-0.428728,2.81286][-0.204724,-0.740157,0.637795][53.9414,-14.8242,0][2.6705,-0.583108,-6.62384e-08][0.393701,-0.913386,-0.0314961][54.1669,-15,0][2.56538,-0.583108,-0.700016][0.188976,-0.984252,-0.0314961][54.1603,-15.0438,0][2.95014,-0.440168,-8.11434e-08][0.669291,-0.748031,0.015748][54.1844,-15,0][2.81286,-0.428726,0.937618][0.637795,-0.740157,0.204724][53.9414,-15.0268,0][2.95014,-0.440168,-8.11434e-08][0.669291,-0.748031,0.015748][54,-15.0275,0][2.95014,-0.194323,0.983382][0.952756,-0.165354,0.23622][53.9385,-15.0121,0][-0.937618,-0.428728,2.81286][-0.204724,-0.740157,0.637795][53.9414,-15.0268,0][-0.983382,-0.194323,2.95014][-0.23622,-0.165354,0.952756][53.9385,-15.0121,0][-1.72497,-0.194323,2.58744][-0.488189,-0.141732,0.858268][53.8922,-15.0121,0][-0.938186,-0.583108,2.49332][-0.125984,-0.96063,0.259843][53.9414,-14.8442,0][-0.846848,-0.583108,2.54054][-0.0866142,-0.897638,0.433071][53.9471,-14.8412,0][-0.937618,-0.428728,2.81286][-0.204724,-0.740157,0.637795][53.9414,-14.8242,0][-0.938186,-0.583108,2.49332][-0.125984,-0.96063,0.259843][53.9414,-14.8442,0][-0.937618,-0.428728,2.81286][-0.204724,-0.740157,0.637795][53.9414,-14.8242,0][-1.66222,-0.4021,2.49332][-0.362205,-0.732283,0.582677][53.8961,-14.8442,0][-1.44967,-0.583108,2.25362][-0.0393701,-0.992126,0.0787402][53.9094,-14.8591,0][-1.30273,-0.583108,2.33272][-0.165354,-0.913386,0.370079][53.9186,-14.8542,0][-1.50844,-0.571432,2.26266][-0.307087,-0.858268,0.409449][53.9057,-14.8586,0][2.33272,-0.583108,-1.30273][0.0314961,-1,-0.015748][54.1458,-15.0814,0][2.23606,-0.583108,-1.49071][0.228346,-0.96063,-0.133858][54.1398,-15.0932,0][2.26266,-0.571432,-1.50844][0.433071,-0.866142,-0.244094][54.1414,-15.0943,0][2.56538,-0.583108,-0.700016][0.188976,-0.984252,-0.0314961][54.1603,-15.0438,0][2.54054,-0.583108,-0.846848][0.417323,-0.897638,-0.165354][54.1588,-15.0529,0][2.81286,-0.428726,-0.937618][0.653543,-0.732283,-0.181102][54.1758,-15.0586,0][2.56538,-0.583108,-0.700016][0.188976,-0.984252,-0.0314961][54.1603,-15.0438,0][2.81286,-0.428726,-0.937618][0.653543,-0.732283,-0.181102][54.1758,-15.0586,0][2.95014,-0.440168,-8.11434e-08][0.669291,-0.748031,0.015748][54.1844,-15,0][2.95014,-0.194323,0.983382][0.952756,-0.165354,0.23622][53.9385,-15.0121,0][2.95014,-0.440168,-8.11434e-08][0.669291,-0.748031,0.015748][54,-15.0275,0][3.10972,-0.194323,2.94516e-07][0.984252,-0.173228,-0.0551181][54,-15.0121,0][-0.937618,-0.428728,2.81286][-0.204724,-0.740157,0.637795][53.9414,-15.0268,0][-1.72497,-0.194323,2.58744][-0.488189,-0.141732,0.858268][53.8922,-15.0121,0][-1.66222,-0.4021,2.49332][-0.362205,-0.732283,0.582677][53.8961,-15.0251,0][-1.30273,-0.583108,2.33272][-0.165354,-0.913386,0.370079][53.9186,-14.8542,0][-0.938186,-0.583108,2.49332][-0.125984,-0.96063,0.259843][53.9414,-14.8442,0][-1.66222,-0.4021,2.49332][-0.362205,-0.732283,0.582677][53.8961,-14.8442,0][-1.30273,-0.583108,2.33272][-0.165354,-0.913386,0.370079][53.9186,-14.8542,0][-1.66222,-0.4021,2.49332][-0.362205,-0.732283,0.582677][53.8961,-14.8442,0][-1.50844,-0.571432,2.26266][-0.307087,-0.858268,0.409449][53.9057,-14.8586,0][-1.49071,-0.583108,2.23606][-0.165354,-0.968504,0.188976][53.9068,-14.8602,0][-1.44967,-0.583108,2.25362][-0.0393701,-0.992126,0.0787402][53.9094,-14.8591,0][-1.50844,-0.571432,2.26266][-0.307087,-0.858268,0.409449][53.9057,-14.8586,0][2.23606,-0.583108,-1.49071][0.228346,-0.96063,-0.133858][54.1398,-15.0932,0][2.1866,-0.583108,-1.55514][0.181102,-0.968504,-0.15748][54.1367,-15.0972,0][2.26266,-0.571432,-1.50844][0.433071,-0.866142,-0.244094][54.1414,-15.0943,0][2.54054,-0.583108,-0.846848][0.417323,-0.897638,-0.165354][54.1588,-15.0529,0][2.33272,-0.583108,-1.30273][0.0314961,-1,-0.015748][54.1458,-15.0814,0][2.26266,-0.571432,-1.50844][0.433071,-0.866142,-0.244094][54.1414,-15.0943,0][2.54054,-0.583108,-0.846848][0.417323,-0.897638,-0.165354][54.1588,-15.0529,0][2.26266,-0.571432,-1.50844][0.433071,-0.866142,-0.244094][54.1414,-15.0943,0][2.81286,-0.428726,-0.937618][0.653543,-0.732283,-0.181102][54.1758,-15.0586,0][2.95014,-0.440168,-8.11434e-08][0.669291,-0.748031,0.015748][54,-15.0275,0][2.81286,-0.428726,-0.937618][0.653543,-0.732283,-0.181102][54.0586,-15.0268,0][3.10972,-0.194323,2.94516e-07][0.984252,-0.173228,-0.0551181][54,-15.0121,0][-1.66222,-0.4021,2.49332][-0.362205,-0.732283,0.582677][53.8961,-15.0251,0][-1.72497,-0.194323,2.58744][-0.488189,-0.141732,0.858268][53.8922,-15.0121,0][-2.1989,-0.194323,2.1989][-0.677165,-0.110236,0.724409][53.8626,-15.0121,0][-1.50844,-0.571432,2.26266][-0.307087,-0.858268,0.409449][53.9057,-14.8586,0][-1.66222,-0.4021,2.49332][-0.362205,-0.732283,0.582677][53.8961,-14.8442,0][-2.14026,-0.372678,2.14026][-0.519685,-0.685039,0.519685][53.8662,-14.8662,0][-1.75984,-0.583108,1.98899][-0.00787402,-1,0.00787402][53.89,-14.8757,0][-1.49071,-0.583108,2.23606][-0.165354,-0.968504,0.188976][53.9068,-14.8602,0][-1.50844,-0.571432,2.26266][-0.307087,-0.858268,0.409449][53.9057,-14.8586,0][-1.75984,-0.583108,1.98899][-0.00787402,-1,0.00787402][53.89,-14.8757,0][-1.50844,-0.571432,2.26266][-0.307087,-0.858268,0.409449][53.9057,-14.8586,0][-1.98899,-0.52582,1.98899][-0.370079,-0.858268,0.354331][53.8757,-14.8757,0][2.1866,-0.583108,-1.55514][0.181102,-0.968504,-0.15748][54.1367,-15.0972,0][1.89448,-0.583108,-1.89448][0.23622,-0.944882,-0.228346][54.1184,-15.1184,0][1.98899,-0.52582,-1.98899][0.370079,-0.858268,-0.354331][54.1243,-15.1243,0][2.1866,-0.583108,-1.55514][0.181102,-0.968504,-0.15748][54.1367,-15.0972,0][1.98899,-0.52582,-1.98899][0.370079,-0.858268,-0.354331][54.1243,-15.1243,0][2.26266,-0.571432,-1.50844][0.433071,-0.866142,-0.244094][54.1414,-15.0943,0][2.81286,-0.428726,-0.937618][0.653543,-0.732283,-0.181102][54.1758,-15.0586,0][2.26266,-0.571432,-1.50844][0.433071,-0.866142,-0.244094][54.1414,-15.0943,0][2.49332,-0.4021,-1.66222][0.614173,-0.692913,-0.370079][54.1558,-15.1039,0][3.10972,-0.194323,2.94516e-07][0.984252,-0.173228,-0.0551181][54,-15.0121,0][2.81286,-0.428726,-0.937618][0.653543,-0.732283,-0.181102][54.0586,-15.0268,0][2.95014,-0.194323,-0.983382][0.929134,-0.15748,-0.330709][54.0615,-15.0121,0][-1.66222,-0.4021,2.49332][-0.362205,-0.732283,0.582677][53.8961,-15.0251,0][-2.1989,-0.194323,2.1989][-0.677165,-0.110236,0.724409][53.8626,-15.0121,0][-2.14026,-0.372678,2.14026][-0.519685,-0.685039,0.519685][53.8662,-15.0233,0][-1.50844,-0.571432,2.26266][-0.307087,-0.858268,0.409449][53.9057,-14.8586,0][-2.14026,-0.372678,2.14026][-0.519685,-0.685039,0.519685][53.8662,-14.8662,0][-1.98899,-0.52582,1.98899][-0.370079,-0.858268,0.354331][53.8757,-14.8757,0][-1.89449,-0.583108,1.89449][-0.23622,-0.944882,0.228346][53.8816,-14.8816,0][-1.75984,-0.583108,1.98899][-0.00787402,-1,0.00787402][53.89,-14.8757,0][-1.98899,-0.52582,1.98899][-0.370079,-0.858268,0.354331][53.8757,-14.8757,0][1.89448,-0.583108,-1.89448][0.23622,-0.944882,-0.228346][54.1184,-15.1184,0][1.75984,-0.583108,-1.98899][0.00787402,-1,-0.00787402][54.11,-15.1243,0][1.98899,-0.52582,-1.98899][0.370079,-0.858268,-0.354331][54.1243,-15.1243,0][2.26266,-0.571432,-1.50844][0.433071,-0.866142,-0.244094][54.1414,-15.0943,0][1.98899,-0.52582,-1.98899][0.370079,-0.858268,-0.354331][54.1243,-15.1243,0][2.49332,-0.4021,-1.66222][0.614173,-0.692913,-0.370079][54.1558,-15.1039,0][2.81286,-0.428726,-0.937618][0.653543,-0.732283,-0.181102][54.0586,-15.0268,0][2.49332,-0.4021,-1.66222][0.614173,-0.692913,-0.370079][54.1039,-15.0251,0][2.95014,-0.194323,-0.983382][0.929134,-0.15748,-0.330709][54.0615,-15.0121,0][-2.14026,-0.372678,2.14026][-0.519685,-0.685039,0.519685][54.1338,-15.0233,0][-2.1989,-0.194323,2.1989][-0.677165,-0.110236,0.724409][54.1374,-15.0121,0][-2.58744,-0.194323,1.72497][-0.826772,-0.125984,0.551181][54.1078,-15.0121,0][-1.98899,-0.52582,1.98899][-0.370079,-0.858268,0.354331][53.8757,-14.8757,0][-2.14026,-0.372678,2.14026][-0.519685,-0.685039,0.519685][53.8662,-14.8662,0][-2.49332,-0.4021,1.66222][-0.614173,-0.692913,0.370079][53.8442,-14.8961,0][-2.18662,-0.583108,1.55514][-0.181102,-0.968504,0.15748][53.8633,-14.9028,0][-1.89449,-0.583108,1.89449][-0.23622,-0.944882,0.228346][53.8816,-14.8816,0][-1.98899,-0.52582,1.98899][-0.370079,-0.858268,0.354331][53.8757,-14.8757,0][-2.18662,-0.583108,1.55514][-0.181102,-0.968504,0.15748][53.8633,-14.9028,0][-1.98899,-0.52582,1.98899][-0.370079,-0.858268,0.354331][53.8757,-14.8757,0][-2.26266,-0.571432,1.50844][-0.433071,-0.866142,0.244094][53.8586,-14.9057,0][-2.23606,-0.583108,1.49071][-0.228346,-0.96063,0.133858][53.8602,-14.9068,0][-2.18662,-0.583108,1.55514][-0.181102,-0.968504,0.15748][53.8633,-14.9028,0][-2.26266,-0.571432,1.50844][-0.433071,-0.866142,0.244094][53.8586,-14.9057,0][1.75984,-0.583108,-1.98899][0.00787402,-1,-0.00787402][54.11,-15.1243,0][1.49071,-0.583108,-2.23606][0.165354,-0.968504,-0.188976][54.0932,-15.1398,0][1.50844,-0.571432,-2.26266][0.307087,-0.858268,-0.409449][54.0943,-15.1414,0][1.75984,-0.583108,-1.98899][0.00787402,-1,-0.00787402][54.11,-15.1243,0][1.50844,-0.571432,-2.26266][0.307087,-0.858268,-0.409449][54.0943,-15.1414,0][1.98899,-0.52582,-1.98899][0.370079,-0.858268,-0.354331][54.1243,-15.1243,0][2.49332,-0.4021,-1.66222][0.614173,-0.692913,-0.370079][54.1558,-15.1039,0][1.98899,-0.52582,-1.98899][0.370079,-0.858268,-0.354331][54.1243,-15.1243,0][2.14026,-0.372678,-2.14026][0.519685,-0.685039,-0.519685][54.1338,-15.1338,0][2.95014,-0.194323,-0.983382][0.929134,-0.15748,-0.330709][54.0615,-15.0121,0][2.49332,-0.4021,-1.66222][0.614173,-0.692913,-0.370079][54.1039,-15.0251,0][2.58744,-0.194323,-1.72497][0.826772,-0.125984,-0.551181][54.1078,-15.0121,0][-2.14026,-0.372678,2.14026][-0.519685,-0.685039,0.519685][54.1338,-15.0233,0][-2.58744,-0.194323,1.72497][-0.826772,-0.125984,0.551181][54.1078,-15.0121,0][-2.49332,-0.4021,1.66222][-0.614173,-0.692913,0.370079][54.1039,-15.0251,0][-1.98899,-0.52582,1.98899][-0.370079,-0.858268,0.354331][53.8757,-14.8757,0][-2.49332,-0.4021,1.66222][-0.614173,-0.692913,0.370079][53.8442,-14.8961,0][-2.26266,-0.571432,1.50844][-0.433071,-0.866142,0.244094][53.8586,-14.9057,0][2.49332,-0.4021,-1.66222][0.614173,-0.692913,-0.370079][54.1039,-15.0251,0][2.14026,-0.372678,-2.14026][0.519685,-0.685039,-0.519685][54.1338,-15.0233,0][2.58744,-0.194323,-1.72497][0.826772,-0.125984,-0.551181][54.1078,-15.0121,0][2.58744,-0.194323,-1.72497][0.826772,-0.125984,-0.551181][54.1078,-15.0121,0][2.14026,-0.372678,-2.14026][0.519685,-0.685039,-0.519685][54.1338,-15.0233,0][2.1989,-0.194323,-2.1989][0.677165,-0.110236,-0.724409][54.1374,-15.0121,0][2.1989,-0.194323,-2.1989][0.677165,-0.110236,-0.724409][53.8626,-15.0121,0][2.14026,-0.372678,-2.14026][0.519685,-0.685039,-0.519685][53.8662,-15.0233,0][1.66222,-0.4021,-2.49332][0.362205,-0.732283,-0.582677][53.8961,-15.0251,0][1.66222,-0.4021,-2.49332][0.362205,-0.732283,-0.582677][54.1039,-15.1558,0][2.14026,-0.372678,-2.14026][0.519685,-0.685039,-0.519685][54.1338,-15.1338,0][1.50844,-0.571432,-2.26266][0.307087,-0.858268,-0.409449][54.0943,-15.1414,0][2.1989,-0.194323,-2.1989][0.677165,-0.110236,-0.724409][53.8626,-15.0121,0][1.66222,-0.4021,-2.49332][0.362205,-0.732283,-0.582677][53.8961,-15.0251,0][1.72497,-0.194323,-2.58744][0.488189,-0.141732,-0.858268][53.8922,-15.0121,0][1.50844,-0.571432,-2.26266][0.307087,-0.858268,-0.409449][54.0943,-15.1414,0][2.14026,-0.372678,-2.14026][0.519685,-0.685039,-0.519685][54.1338,-15.1338,0][1.98899,-0.52582,-1.98899][0.370079,-0.858268,-0.354331][54.1243,-15.1243,0][1.30273,-0.583108,-2.33272][0.165354,-0.913386,-0.370079][54.0814,-15.1458,0][0.938184,-0.583108,-2.49332][0.125984,-0.96063,-0.259843][54.0586,-15.1558,0][1.66222,-0.4021,-2.49332][0.362205,-0.732283,-0.582677][54.1039,-15.1558,0][1.30273,-0.583108,-2.33272][0.165354,-0.913386,-0.370079][54.0814,-15.1458,0][1.66222,-0.4021,-2.49332][0.362205,-0.732283,-0.582677][54.1039,-15.1558,0][1.50844,-0.571432,-2.26266][0.307087,-0.858268,-0.409449][54.0943,-15.1414,0][1.72497,-0.194323,-2.58744][0.488189,-0.141732,-0.858268][53.8922,-15.0121,0][1.66222,-0.4021,-2.49332][0.362205,-0.732283,-0.582677][53.8961,-15.0251,0][0.937618,-0.428726,-2.81286][0.204724,-0.740157,-0.637795][53.9414,-15.0268,0][1.44967,-0.583108,-2.25362][0.0393701,-0.992126,-0.0787402][54.0906,-15.1409,0][1.30273,-0.583108,-2.33272][0.165354,-0.913386,-0.370079][54.0814,-15.1458,0][1.50844,-0.571432,-2.26266][0.307087,-0.858268,-0.409449][54.0943,-15.1414,0][0.938184,-0.583108,-2.49332][0.125984,-0.96063,-0.259843][54.0586,-15.1558,0][0.846848,-0.583108,-2.54054][0.0866142,-0.897638,-0.433071][54.0529,-15.1588,0][0.937618,-0.428726,-2.81286][0.204724,-0.740157,-0.637795][54.0586,-15.1758,0][0.938184,-0.583108,-2.49332][0.125984,-0.96063,-0.259843][54.0586,-15.1558,0][0.937618,-0.428726,-2.81286][0.204724,-0.740157,-0.637795][54.0586,-15.1758,0][1.66222,-0.4021,-2.49332][0.362205,-0.732283,-0.582677][54.1039,-15.1558,0][1.72497,-0.194323,-2.58744][0.488189,-0.141732,-0.858268][53.8922,-15.0121,0][0.937618,-0.428726,-2.81286][0.204724,-0.740157,-0.637795][53.9414,-15.0268,0][0.983382,-0.194322,-2.95014][0.23622,-0.165354,-0.952756][53.9385,-15.0121,0][1.49071,-0.583108,-2.23606][0.165354,-0.968504,-0.188976][54.0932,-15.1398,0][1.44967,-0.583108,-2.25362][0.0393701,-0.992126,-0.0787402][54.0906,-15.1409,0][1.50844,-0.571432,-2.26266][0.307087,-0.858268,-0.409449][54.0943,-15.1414,0][0.846848,-0.583108,-2.54054][0.0866142,-0.897638,-0.433071][54.0529,-15.1588,0][0.202232,-0.583108,-2.63606][0,-1,-0.023622][54.0126,-15.1648,0][0.937618,-0.428726,-2.81286][0.204724,-0.740157,-0.637795][54.0586,-15.1758,0][0.983382,-0.194322,-2.95014][0.23622,-0.165354,-0.952756][53.9385,-15.0121,0][0.937618,-0.428726,-2.81286][0.204724,-0.740157,-0.637795][53.9414,-15.0268,0][3.18578e-07,-0.440168,-2.95014][0.015748,-0.748031,-0.669291][54,-15.0275,0][0.202232,-0.583108,-2.63606][0,-1,-0.023622][54.0126,-15.1648,0][3.6202e-07,-0.583108,-2.6705][-0.0314961,-0.913386,-0.393701][54,-15.1669,0][3.18578e-07,-0.440168,-2.95014][0.015748,-0.748031,-0.669291][54,-15.1844,0][0.202232,-0.583108,-2.63606][0,-1,-0.023622][54.0126,-15.1648,0][3.18578e-07,-0.440168,-2.95014][0.015748,-0.748031,-0.669291][54,-15.1844,0][0.937618,-0.428726,-2.81286][0.204724,-0.740157,-0.637795][54.0586,-15.1758,0][0.983382,-0.194322,-2.95014][0.23622,-0.165354,-0.952756][53.9385,-15.0121,0][3.18578e-07,-0.440168,-2.95014][0.015748,-0.748031,-0.669291][54,-15.0275,0][2.60654e-07,-0.194322,-3.10972][-0.0551181,-0.173228,-0.984252][54,-15.0121,0][3.6202e-07,-0.583108,-2.6705][-0.0314961,-0.913386,-0.393701][54,-15.1669,0][-0.700016,-0.583108,-2.56538][-0.00787402,-1,-0.0314961][53.9562,-15.1603,0][3.18578e-07,-0.440168,-2.95014][0.015748,-0.748031,-0.669291][54,-15.1844,0][2.60654e-07,-0.194322,-3.10972][-0.0551181,-0.173228,-0.984252][54,-15.0121,0][3.18578e-07,-0.440168,-2.95014][0.015748,-0.748031,-0.669291][54,-15.0275,0][-0.937618,-0.428726,-2.81286][-0.181102,-0.732283,-0.653543][54.0586,-15.0268,0][-0.700016,-0.583108,-2.56538][-0.00787402,-1,-0.0314961][53.9562,-15.1603,0][-0.846848,-0.583108,-2.54054][-0.165354,-0.897638,-0.417323][53.9471,-15.1588,0][-0.937618,-0.428726,-2.81286][-0.181102,-0.732283,-0.653543][53.9414,-15.1758,0][-0.700016,-0.583108,-2.56538][-0.00787402,-1,-0.0314961][53.9562,-15.1603,0][-0.937618,-0.428726,-2.81286][-0.181102,-0.732283,-0.653543][53.9414,-15.1758,0][3.18578e-07,-0.440168,-2.95014][0.015748,-0.748031,-0.669291][54,-15.1844,0][2.60654e-07,-0.194322,-3.10972][-0.0551181,-0.173228,-0.984252][54,-15.0121,0][-0.937618,-0.428726,-2.81286][-0.181102,-0.732283,-0.653543][54.0586,-15.0268,0][-0.983382,-0.194322,-2.95014][-0.330709,-0.15748,-0.929134][54.0615,-15.0121,0][-0.846848,-0.583108,-2.54054][-0.165354,-0.897638,-0.417323][53.9471,-15.1588,0][-1.30273,-0.583108,-2.33272][0,-1,0][53.9186,-15.1458,0][-1.50844,-0.571432,-2.26266][-0.244094,-0.866142,-0.433071][53.9057,-15.1414,0][-0.846848,-0.583108,-2.54054][-0.165354,-0.897638,-0.417323][53.9471,-15.1588,0][-1.50844,-0.571432,-2.26266][-0.244094,-0.866142,-0.433071][53.9057,-15.1414,0][-0.937618,-0.428726,-2.81286][-0.181102,-0.732283,-0.653543][53.9414,-15.1758,0][-0.983382,-0.194322,-2.95014][-0.330709,-0.15748,-0.929134][54.0615,-15.0121,0][-0.937618,-0.428726,-2.81286][-0.181102,-0.732283,-0.653543][54.0586,-15.0268,0][-1.66222,-0.4021,-2.49332][-0.370079,-0.692913,-0.614173][54.1039,-15.0251,0][-1.30273,-0.583108,-2.33272][0,-1,0][53.9186,-15.1458,0][-1.49071,-0.583108,-2.23606][-0.133858,-0.96063,-0.228346][53.9068,-15.1398,0][-1.50844,-0.571432,-2.26266][-0.244094,-0.866142,-0.433071][53.9057,-15.1414,0][-0.937618,-0.428726,-2.81286][-0.181102,-0.732283,-0.653543][53.9414,-15.1758,0][-1.50844,-0.571432,-2.26266][-0.244094,-0.866142,-0.433071][53.9057,-15.1414,0][-1.66222,-0.4021,-2.49332][-0.370079,-0.692913,-0.614173][53.8961,-15.1558,0][-0.983382,-0.194322,-2.95014][-0.330709,-0.15748,-0.929134][54.0615,-15.0121,0][-1.66222,-0.4021,-2.49332][-0.370079,-0.692913,-0.614173][54.1039,-15.0251,0][-1.72497,-0.194323,-2.58744][-0.551181,-0.125984,-0.826772][54.1078,-15.0121,0][-1.49071,-0.583108,-2.23606][-0.133858,-0.96063,-0.228346][53.9068,-15.1398,0][-1.55514,-0.583108,-2.1866][-0.102362,-0.984252,-0.125984][53.9028,-15.1367,0][-1.50844,-0.571432,-2.26266][-0.244094,-0.866142,-0.433071][53.9057,-15.1414,0][-1.66222,-0.4021,-2.49332][-0.370079,-0.692913,-0.614173][53.8961,-15.1558,0][-1.50844,-0.571432,-2.26266][-0.244094,-0.866142,-0.433071][53.9057,-15.1414,0][-1.98899,-0.52582,-1.98899][-0.354331,-0.858268,-0.370079][53.8757,-15.1243,0][-1.72497,-0.194323,-2.58744][-0.551181,-0.125984,-0.826772][54.1078,-15.0121,0][-1.66222,-0.4021,-2.49332][-0.370079,-0.692913,-0.614173][54.1039,-15.0251,0][-2.14026,-0.372678,-2.14026][-0.519685,-0.685039,-0.519685][54.1338,-15.0233,0][-1.89448,-0.583108,-1.89448][-0.23622,-0.944882,-0.23622][53.8816,-15.1184,0][-1.98899,-0.52582,-1.98899][-0.354331,-0.858268,-0.370079][53.8757,-15.1243,0][-1.57489,-0.583108,-2.16962][0,-1,-0.00787402][53.9016,-15.1356,0][-1.57489,-0.583108,-2.16962][0,-1,-0.00787402][53.9016,-15.1356,0][-1.50844,-0.571432,-2.26266][-0.244094,-0.866142,-0.433071][53.9057,-15.1414,0][-1.55514,-0.583108,-2.1866][-0.102362,-0.984252,-0.125984][53.9028,-15.1367,0][-1.50844,-0.571432,-2.26266][-0.244094,-0.866142,-0.433071][53.9057,-15.1414,0][-1.57489,-0.583108,-2.16962][0,-1,-0.00787402][53.9016,-15.1356,0][-1.98899,-0.52582,-1.98899][-0.354331,-0.858268,-0.370079][53.8757,-15.1243,0][-1.66222,-0.4021,-2.49332][-0.370079,-0.692913,-0.614173][53.8961,-15.1558,0][-1.98899,-0.52582,-1.98899][-0.354331,-0.858268,-0.370079][53.8757,-15.1243,0][-2.14026,-0.372678,-2.14026][-0.519685,-0.685039,-0.519685][53.8662,-15.1338,0][-1.72497,-0.194323,-2.58744][-0.551181,-0.125984,-0.826772][54.1078,-15.0121,0][-2.14026,-0.372678,-2.14026][-0.519685,-0.685039,-0.519685][54.1338,-15.0233,0][-2.1989,-0.194322,-2.1989][-0.724409,-0.110236,-0.677165][54.1374,-15.0121,0][-2.23606,-0.583108,-1.49071][-0.188976,-0.968504,-0.165354][53.8602,-15.0932,0][-2.25362,-0.583108,-1.44967][-0.0787402,-0.992126,-0.0393701][53.8591,-15.0906,0][-2.26266,-0.571432,-1.50844][-0.409449,-0.858268,-0.307087][53.8586,-15.0943,0][-1.89448,-0.583108,-1.89448][-0.23622,-0.944882,-0.23622][53.8816,-15.1184,0][-1.98899,-0.583108,-1.75984][0,-1,0][53.8757,-15.11,0][-1.98899,-0.52582,-1.98899][-0.354331,-0.858268,-0.370079][53.8757,-15.1243,0][-2.14026,-0.372678,-2.14026][-0.519685,-0.685039,-0.519685][53.8662,-15.1338,0][-1.98899,-0.52582,-1.98899][-0.354331,-0.858268,-0.370079][53.8757,-15.1243,0][-2.26266,-0.571432,-1.50844][-0.409449,-0.858268,-0.307087][53.8586,-15.0943,0][-2.1989,-0.194322,-2.1989][-0.724409,-0.110236,-0.677165][53.8626,-15.0121,0][-2.14026,-0.372678,-2.14026][-0.519685,-0.685039,-0.519685][53.8662,-15.0233,0][-2.49332,-0.4021,-1.66222][-0.582677,-0.732283,-0.362205][53.8961,-15.0251,0][-2.25362,-0.583108,-1.44967][-0.0787402,-0.992126,-0.0393701][53.8591,-15.0906,0][-2.33272,-0.583108,-1.30273][-0.370079,-0.913386,-0.165354][53.8542,-15.0814,0][-2.26266,-0.571432,-1.50844][-0.409449,-0.858268,-0.307087][53.8586,-15.0943,0][-1.98899,-0.583108,-1.75984][0,-1,0][53.8757,-15.11,0][-2.23606,-0.583108,-1.49071][-0.188976,-0.968504,-0.165354][53.8602,-15.0932,0][-2.26266,-0.571432,-1.50844][-0.409449,-0.858268,-0.307087][53.8586,-15.0943,0][-1.98899,-0.583108,-1.75984][0,-1,0][53.8757,-15.11,0][-2.26266,-0.571432,-1.50844][-0.409449,-0.858268,-0.307087][53.8586,-15.0943,0][-1.98899,-0.52582,-1.98899][-0.354331,-0.858268,-0.370079][53.8757,-15.1243,0][-2.14026,-0.372678,-2.14026][-0.519685,-0.685039,-0.519685][53.8662,-15.1338,0][-2.26266,-0.571432,-1.50844][-0.409449,-0.858268,-0.307087][53.8586,-15.0943,0][-2.49332,-0.4021,-1.66222][-0.582677,-0.732283,-0.362205][53.8442,-15.1039,0][-2.1989,-0.194322,-2.1989][-0.724409,-0.110236,-0.677165][53.8626,-15.0121,0][-2.49332,-0.4021,-1.66222][-0.582677,-0.732283,-0.362205][53.8961,-15.0251,0][-2.58744,-0.194322,-1.72497][-0.858268,-0.141732,-0.488189][53.8922,-15.0121,0][-2.6705,-0.583108,2.46194e-07][-0.393701,-0.913386,0.0314961][53.8331,-15,0][-2.56538,-0.583108,0.700016][-0.188976,-0.984252,0.0314961][53.8397,-14.9562,0][-2.95014,-0.440168,2.7918e-07][-0.669291,-0.748031,-0.015748][53.8156,-15,0][-2.54054,-0.583108,-0.846848][-0.433071,-0.897638,-0.0866142][53.8412,-15.0529,0][-2.63606,-0.583108,-0.202234][-0.023622,-1,-0.00787402][53.8352,-15.0126,0][-2.81286,-0.428726,-0.937618][-0.637795,-0.740157,-0.204724][53.8242,-15.0586,0][-2.33272,-0.583108,-1.30273][-0.370079,-0.913386,-0.165354][53.8542,-15.0814,0][-2.49332,-0.583108,-0.938184][-0.259843,-0.96063,-0.125984][53.8442,-15.0586,0][-2.49332,-0.4021,-1.66222][-0.582677,-0.732283,-0.362205][53.8442,-15.1039,0][-2.33272,-0.583108,-1.30273][-0.370079,-0.913386,-0.165354][53.8542,-15.0814,0][-2.49332,-0.4021,-1.66222][-0.582677,-0.732283,-0.362205][53.8442,-15.1039,0][-2.26266,-0.571432,-1.50844][-0.409449,-0.858268,-0.307087][53.8586,-15.0943,0][-2.58744,-0.194322,-1.72497][-0.858268,-0.141732,-0.488189][53.8922,-15.0121,0][-2.49332,-0.4021,-1.66222][-0.582677,-0.732283,-0.362205][53.8961,-15.0251,0][-2.81286,-0.428726,-0.937618][-0.637795,-0.740157,-0.204724][53.9414,-15.0268,0][-2.33272,-0.583108,1.30273][-0.0314961,-1,0.015748][53.8542,-14.9186,0][-2.23606,-0.583108,1.49071][-0.228346,-0.96063,0.133858][53.8602,-14.9068,0][-2.26266,-0.571432,1.50844][-0.433071,-0.866142,0.244094][53.8586,-14.9057,0][-2.56538,-0.583108,0.700016][-0.188976,-0.984252,0.0314961][53.8397,-14.9562,0][-2.54054,-0.583108,0.846848][-0.417323,-0.897638,0.165354][53.8412,-14.9471,0][-2.81286,-0.428726,0.937618][-0.653543,-0.732283,0.181102][53.8242,-14.9414,0][-2.56538,-0.583108,0.700016][-0.188976,-0.984252,0.0314961][53.8397,-14.9562,0][-2.81286,-0.428726,0.937618][-0.653543,-0.732283,0.181102][53.8242,-14.9414,0][-2.95014,-0.440168,2.7918e-07][-0.669291,-0.748031,-0.015748][53.8156,-15,0][-2.63606,-0.583108,-0.202234][-0.023622,-1,-0.00787402][53.8352,-15.0126,0][-2.6705,-0.583108,2.46194e-07][-0.393701,-0.913386,0.0314961][53.8331,-15,0][-2.95014,-0.440168,2.7918e-07][-0.669291,-0.748031,-0.015748][53.8156,-15,0][-2.63606,-0.583108,-0.202234][-0.023622,-1,-0.00787402][53.8352,-15.0126,0][-2.95014,-0.440168,2.7918e-07][-0.669291,-0.748031,-0.015748][53.8156,-15,0][-2.81286,-0.428726,-0.937618][-0.637795,-0.740157,-0.204724][53.8242,-15.0586,0][-2.49332,-0.583108,-0.938184][-0.259843,-0.96063,-0.125984][53.8442,-15.0586,0][-2.54054,-0.583108,-0.846848][-0.433071,-0.897638,-0.0866142][53.8412,-15.0529,0][-2.81286,-0.428726,-0.937618][-0.637795,-0.740157,-0.204724][53.8242,-15.0586,0][-2.49332,-0.583108,-0.938184][-0.259843,-0.96063,-0.125984][53.8442,-15.0586,0][-2.81286,-0.428726,-0.937618][-0.637795,-0.740157,-0.204724][53.8242,-15.0586,0][-2.49332,-0.4021,-1.66222][-0.582677,-0.732283,-0.362205][53.8442,-15.1039,0][-2.58744,-0.194322,-1.72497][-0.858268,-0.141732,-0.488189][53.8922,-15.0121,0][-2.81286,-0.428726,-0.937618][-0.637795,-0.740157,-0.204724][53.9414,-15.0268,0][-2.95014,-0.194323,-0.983382][-0.952756,-0.165354,-0.23622][53.9385,-15.0121,0][-2.54054,-0.583108,0.846848][-0.417323,-0.897638,0.165354][53.8412,-14.9471,0][-2.33272,-0.583108,1.30273][-0.0314961,-1,0.015748][53.8542,-14.9186,0][-2.26266,-0.571432,1.50844][-0.433071,-0.866142,0.244094][53.8586,-14.9057,0][-2.54054,-0.583108,0.846848][-0.417323,-0.897638,0.165354][53.8412,-14.9471,0][-2.26266,-0.571432,1.50844][-0.433071,-0.866142,0.244094][53.8586,-14.9057,0][-2.81286,-0.428726,0.937618][-0.653543,-0.732283,0.181102][53.8242,-14.9414,0][-2.95014,-0.440168,2.7918e-07][-0.669291,-0.748031,-0.015748][54,-15.0275,0][-2.81286,-0.428726,0.937618][-0.653543,-0.732283,0.181102][54.0586,-15.0268,0][-3.10972,-0.194323,2.25528e-07][-0.984252,-0.173228,0.0551181][54,-15.0121,0][-2.81286,-0.428726,-0.937618][-0.637795,-0.740157,-0.204724][53.9414,-15.0268,0][-2.95014,-0.440168,2.7918e-07][-0.669291,-0.748031,-0.015748][54,-15.0275,0][-2.95014,-0.194323,-0.983382][-0.952756,-0.165354,-0.23622][53.9385,-15.0121,0][-2.81286,-0.428726,0.937618][-0.653543,-0.732283,0.181102][53.8242,-14.9414,0][-2.26266,-0.571432,1.50844][-0.433071,-0.866142,0.244094][53.8586,-14.9057,0][-2.49332,-0.4021,1.66222][-0.614173,-0.692913,0.370079][53.8442,-14.8961,0][-3.10972,-0.194323,2.25528e-07][-0.984252,-0.173228,0.0551181][54,-15.0121,0][-2.81286,-0.428726,0.937618][-0.653543,-0.732283,0.181102][54.0586,-15.0268,0][-2.95014,-0.194323,0.983382][-0.929134,-0.15748,0.330709][54.0615,-15.0121,0][-2.95014,-0.440168,2.7918e-07][-0.669291,-0.748031,-0.015748][54,-15.0275,0][-3.10972,-0.194323,2.25528e-07][-0.984252,-0.173228,0.0551181][54,-15.0121,0][-2.95014,-0.194323,-0.983382][-0.952756,-0.165354,-0.23622][53.9385,-15.0121,0][3.6202e-07,0.427622,1.84654][0,1,0.00787402][54,-14.8846,0][0.159008,0.427622,1.81753][0,1,0.00787402][53.9901,-14.8864,0][3.765e-07,0.45254,1.72497][-0.015748,0.992126,0.125984][54,-14.8922,0][0.575248,0.427622,1.72574][0,1,0.015748][53.964,-14.8921,0][3.765e-07,0.45254,1.72497][-0.015748,0.992126,0.125984][54,-14.8922,0][0.159008,0.427622,1.81753][0,1,0.00787402][53.9901,-14.8864,0][3.765e-07,0.45254,1.72497][-0.015748,0.992126,0.125984][54,-14.8922,0][0.575248,0.427622,1.72574][0,1,0.015748][53.964,-14.8921,0][0.82926,0.427622,1.66973][0.023622,1,0.0551181][53.9482,-14.8956,0][3.6202e-07,0.427622,1.84654][0,1,0.00787402][54,-14.8846,0][3.765e-07,0.45254,1.72497][-0.015748,0.992126,0.125984][54,-14.8922,0][-0.574596,0.427622,1.72379][0,1,0.015748][54.0359,-14.8923,0][-0.574596,0.427622,1.72379][0,-1,0][53.9641,-14.8923,0][-0.82926,0.427622,1.66973][0,-1,0][53.9482,-14.8956,0][-0.815448,0.427622,1.67233][0,-1,0][53.949,-14.8955,0][-0.82926,0.427622,1.66973][-0.0393701,1,0.0629921][54.0518,-14.8956,0][-0.574596,0.427622,1.72379][0,1,0.015748][54.0359,-14.8923,0][3.765e-07,0.45254,1.72497][-0.015748,0.992126,0.125984][54,-14.8922,0][-1.81753,0.427622,-0.159006][-0.00787402,1,0][54.1136,-15.0099,0][-1.84654,0.427622,5.79232e-08][-0.015748,1,0][54.1154,-15,0][-1.72497,0.45254,3.02908e-08][-0.125984,0.992126,0.015748][54.1078,-15,0][-0.82926,0.427622,1.66973][-0.0393701,1,0.0629921][54.0518,-14.8956,0][-1.00237,0.427622,1.50355][0,1,0][54.0626,-14.906,0][-0.8474,0.427622,1.65852][0,1,0][54.053,-14.8963,0][-1.00237,0.427622,1.50355][0,1,0][54.0626,-14.906,0][-0.82926,0.427622,1.66973][-0.0393701,1,0.0629921][54.0518,-14.8956,0][-1.25296,0.427622,1.25296][0,1,0][54.0783,-14.9217,0][-1.66973,0.427622,0.82926][-0.0629921,1,0.0393701][54.1044,-14.9482,0][-1.65852,0.427622,0.847402][0,1,0][54.1037,-14.947,0][-1.50355,0.427622,1.00237][0,1,0][54.094,-14.9374,0][-1.50355,0.427622,1.00237][0,1,0][54.094,-14.9374,0][-1.25296,0.427622,1.25296][0,1,0][54.0783,-14.9217,0][-1.66973,0.427622,0.82926][-0.0629921,1,0.0393701][54.1044,-14.9482,0][-1.66973,0.427622,0.82926][-0.0629921,1,0.0393701][54.1044,-14.9482,0][-1.25296,0.427622,1.25296][0,1,0][54.0783,-14.9217,0][-0.82926,0.427622,1.66973][-0.0393701,1,0.0629921][54.0518,-14.8956,0][-2.58744,-0.194323,1.72497][-0.826772,-0.125984,0.551181][54.1078,-15.0121,0][-2.95014,-0.194323,0.983382][-0.929134,-0.15748,0.330709][54.0615,-15.0121,0][-2.49332,-0.4021,1.66222][-0.614173,-0.692913,0.370079][54.1039,-15.0251,0][-2.49332,-0.4021,1.66222][-0.614173,-0.692913,0.370079][54.1039,-15.0251,0][-2.95014,-0.194323,0.983382][-0.929134,-0.15748,0.330709][54.0615,-15.0121,0][-2.81286,-0.428726,0.937618][-0.653543,-0.732283,0.181102][54.0586,-15.0268,0][1.81753,0.427622,0.159006][0.00787402,1,0][53.8864,-14.9901,0][1.84654,0.427622,2.81512e-07][0.015748,1,0][53.8846,-15,0][1.72497,0.45254,4.25938e-08][0.125984,0.992126,-0.015748][53.8922,-15,0][1.84654,0.427622,2.81512e-07][0.015748,1,0][53.8846,-15,0][1.72379,0.427622,-0.574596][0.00787402,1,0][53.8923,-15.0359,0][1.72497,0.45254,4.25938e-08][0.125984,0.992126,-0.015748][53.8922,-15,0][1.72379,0.427622,-0.574596][0.00787402,1,0][53.8923,-15.0359,0][1.66973,0.427622,-0.82926][0.0629921,1,-0.0393701][53.8956,-15.0518,0][1.72497,0.45254,4.25938e-08][0.125984,0.992126,-0.015748][53.8922,-15,0][1.66973,0.427622,-0.82926][0,-1,0][54.1044,-15.0518,0][1.72379,0.427622,-0.574596][0,-1,0][54.1077,-15.0359,0][1.67233,0.427622,-0.815448][0,-1,0][54.1045,-15.051,0][1.72574,0.427622,0.575248][0.015748,1,0][53.8921,-14.964,0][1.81753,0.427622,0.159006][0.00787402,1,0][53.8864,-14.9901,0][1.72497,0.45254,4.25938e-08][0.125984,0.992126,-0.015748][53.8922,-15,0][1.66973,0.427622,0.82926][0.0551181,1,0.023622][53.8956,-14.9482,0][1.72574,0.427622,0.575248][0.015748,1,0][53.8921,-14.964,0][1.72497,0.45254,4.25938e-08][0.125984,0.992126,-0.015748][53.8922,-15,0][1.66973,0.427622,-0.82926][0.0629921,1,-0.0393701][53.8956,-15.0518,0][1.65852,0.427622,-0.8474][0,1,0][53.8963,-15.053,0][1.50355,0.427622,-1.00237][0,1,0][53.906,-15.0626,0][1.66973,0.427622,-0.82926][0.0629921,1,-0.0393701][53.8956,-15.0518,0][1.50355,0.427622,-1.00237][0,1,0][53.906,-15.0626,0][1.25296,0.427622,-1.25296][0,1,0][53.9217,-15.0783,0][0.8474,0.427622,-1.65852][0,1,0][53.947,-15.1037,0][0.82926,0.427622,-1.66973][0.0393701,1,-0.0629921][53.9482,-15.1044,0][1.00237,0.427622,-1.50355][0,1,0][53.9374,-15.094,0][1.25296,0.427622,-1.25296][0,1,0][53.9217,-15.0783,0][1.00237,0.427622,-1.50355][0,1,0][53.9374,-15.094,0][0.82926,0.427622,-1.66973][0.0393701,1,-0.0629921][53.9482,-15.1044,0][0.82926,0.427622,-1.66973][0.0393701,1,-0.0629921][53.9482,-15.1044,0][1.66973,0.427622,-0.82926][0.0629921,1,-0.0393701][53.8956,-15.0518,0][1.25296,0.427622,-1.25296][0,1,0][53.9217,-15.0783,0][1.72497,0.45254,4.25938e-08][0.125984,0.992126,-0.015748][53.8922,-15,0][1.66973,0.427622,-0.82926][0.0629921,1,-0.0393701][53.8956,-15.0518,0][0.937618,0.508892,-0.937618][0.0787402,0.992126,-0.0787402][53.9414,-15.0586,0][1.66973,0.427622,0.82926][0.0551181,1,0.023622][53.8956,-14.9482,0][1.72497,0.45254,4.25938e-08][0.125984,0.992126,-0.015748][53.8922,-15,0][0.983382,0.543214,-4.16322e-08][0.0708661,1,0][53.9385,-15,0][1.66973,0.427622,-0.82926][0.0629921,1,-0.0393701][53.8956,-15.0518,0][0.82926,0.427622,-1.66973][0.0393701,1,-0.0629921][53.9482,-15.1044,0][0.937618,0.508892,-0.937618][0.0787402,0.992126,-0.0787402][53.9414,-15.0586,0][1.72497,0.45254,4.25938e-08][0.125984,0.992126,-0.015748][53.8922,-15,0][0.937618,0.508892,-0.937618][0.0787402,0.992126,-0.0787402][53.9414,-15.0586,0][0.983382,0.543214,-4.16322e-08][0.0708661,1,0][53.9385,-15,0][1.66973,0.427622,0.82926][0.0551181,1,0.023622][53.8956,-14.9482,0][0.983382,0.543214,-4.16322e-08][0.0708661,1,0][53.9385,-15,0][0.937618,0.50889,0.937618][0.0629921,0.992126,0.0629921][53.9414,-14.9414,0][0.937618,0.508892,-0.937618][0.0787402,0.992126,-0.0787402][53.9414,-15.0586,0][0.82926,0.427622,-1.66973][0.0393701,1,-0.0629921][53.9482,-15.1044,0][4.63386e-07,0.45254,-1.72497][0.015748,0.992126,-0.125984][54,-15.1078,0][0.983382,0.543214,-4.16322e-08][0.0708661,1,0][53.9385,-15,0][0.937618,0.508892,-0.937618][0.0787402,0.992126,-0.0787402][53.9414,-15.0586,0][3.4754e-07,0.543214,-0.983382][0,1,-0.0708661][54,-15.0615,0][0.937618,0.50889,0.937618][0.0629921,0.992126,0.0629921][53.9414,-14.9414,0][0.983382,0.543214,-4.16322e-08][0.0708661,1,0][53.9385,-15,0][3.18578e-07,0.58311,-5.98606e-08][0,1,0][54,-15,0][1.51349,0.427622,1.009][0.015748,1,0.015748][53.9054,-14.9369,0][0.937618,0.50889,0.937618][0.0629921,0.992126,0.0629921][53.9414,-14.9414,0][1.27488,0.427622,1.27488][0.023622,1,0.023622][53.9203,-14.9203,0][0.937618,0.50889,0.937618][0.0629921,0.992126,0.0629921][53.9414,-14.9414,0][1.51349,0.427622,1.009][0.015748,1,0.015748][53.9054,-14.9369,0][1.66973,0.427622,0.82926][0.0551181,1,0.023622][53.8956,-14.9482,0][0.82926,0.427622,-1.66973][0,-1,0][54.0518,-15.1044,0][0.815448,0.427622,-1.67233][0,-1,0][54.051,-15.1045,0][0.574596,0.427622,-1.72379][0,-1,0][54.0359,-15.1077,0][0.574596,0.427622,-1.72379][0,1,-0.015748][53.9641,-15.1077,0][3.6202e-07,0.427622,-1.84654][0,1,-0.00787402][54,-15.1154,0][4.63386e-07,0.45254,-1.72497][0.015748,0.992126,-0.125984][54,-15.1078,0][0.574596,0.427622,-1.72379][0,1,-0.015748][53.9641,-15.1077,0][4.63386e-07,0.45254,-1.72497][0.015748,0.992126,-0.125984][54,-15.1078,0][0.82926,0.427622,-1.66973][0.0393701,1,-0.0629921][53.9482,-15.1044,0][0.937618,0.508892,-0.937618][0.0787402,0.992126,-0.0787402][53.9414,-15.0586,0][4.63386e-07,0.45254,-1.72497][0.015748,0.992126,-0.125984][54,-15.1078,0][3.4754e-07,0.543214,-0.983382][0,1,-0.0708661][54,-15.0615,0][0.983382,0.543214,-4.16322e-08][0.0708661,1,0][53.9385,-15,0][3.4754e-07,0.543214,-0.983382][0,1,-0.0708661][54,-15.0615,0][3.18578e-07,0.58311,-5.98606e-08][0,1,0][54,-15,0][0.937618,0.50889,0.937618][0.0629921,0.992126,0.0629921][53.9414,-14.9414,0][3.18578e-07,0.58311,-5.98606e-08][0,1,0][54,-15,0][3.04096e-07,0.543214,0.983382][0,1,0.0708661][54,-14.9385,0][1.009,0.427622,1.51349][0.0314961,1,0.0314961][53.9369,-14.9054,0][1.27488,0.427622,1.27488][0.023622,1,0.023622][53.9203,-14.9203,0][0.937618,0.50889,0.937618][0.0629921,0.992126,0.0629921][53.9414,-14.9414,0][0.82926,0.427622,1.66973][0.023622,1,0.0551181][53.9482,-14.8956,0][1.009,0.427622,1.51349][0.0314961,1,0.0314961][53.9369,-14.9054,0][0.937618,0.50889,0.937618][0.0629921,0.992126,0.0629921][53.9414,-14.9414,0][3.6202e-07,0.427622,-1.84654][0,1,-0.00787402][54,-15.1154,0][-0.159007,0.427622,-1.81753][0,1,-0.00787402][54.0099,-15.1136,0][4.63386e-07,0.45254,-1.72497][0.015748,0.992126,-0.125984][54,-15.1078,0][3.4754e-07,0.543214,-0.983382][0,1,-0.0708661][54,-15.0615,0][4.63386e-07,0.45254,-1.72497][0.015748,0.992126,-0.125984][54,-15.1078,0][-0.82926,0.427622,-1.66973][-0.023622,1,-0.0551181][54.0518,-15.1044,0][3.18578e-07,0.58311,-5.98606e-08][0,1,0][54,-15,0][3.4754e-07,0.543214,-0.983382][0,1,-0.0708661][54,-15.0615,0][-0.937618,0.508892,-0.937618][-0.0629921,0.992126,-0.0629921][54.0586,-15.0586,0][3.04096e-07,0.543214,0.983382][0,1,0.0708661][54,-14.9385,0][3.18578e-07,0.58311,-5.98606e-08][0,1,0][54,-15,0][-0.983382,0.543214,-1.85111e-08][-0.0708661,1,0][54.0615,-15,0][0.937618,0.50889,0.937618][0.0629921,0.992126,0.0629921][53.9414,-14.9414,0][3.04096e-07,0.543214,0.983382][0,1,0.0708661][54,-14.9385,0][0.82926,0.427622,1.66973][0.023622,1,0.0551181][53.9482,-14.8956,0][4.63386e-07,0.45254,-1.72497][0.015748,0.992126,-0.125984][54,-15.1078,0][-0.159007,0.427622,-1.81753][0,1,-0.00787402][54.0099,-15.1136,0][-0.575248,0.427622,-1.72574][0,1,-0.015748][54.036,-15.1079,0][-0.575248,0.427622,-1.72574][0,1,-0.015748][54.036,-15.1079,0][-0.82926,0.427622,-1.66973][-0.023622,1,-0.0551181][54.0518,-15.1044,0][4.63386e-07,0.45254,-1.72497][0.015748,0.992126,-0.125984][54,-15.1078,0][3.4754e-07,0.543214,-0.983382][0,1,-0.0708661][54,-15.0615,0][-0.82926,0.427622,-1.66973][-0.023622,1,-0.0551181][54.0518,-15.1044,0][-0.937618,0.508892,-0.937618][-0.0629921,0.992126,-0.0629921][54.0586,-15.0586,0][3.18578e-07,0.58311,-5.98606e-08][0,1,0][54,-15,0][-0.937618,0.508892,-0.937618][-0.0629921,0.992126,-0.0629921][54.0586,-15.0586,0][-0.983382,0.543214,-1.85111e-08][-0.0708661,1,0][54.0615,-15,0][3.04096e-07,0.543214,0.983382][0,1,0.0708661][54,-14.9385,0][-0.983382,0.543214,-1.85111e-08][-0.0708661,1,0][54.0615,-15,0][-0.937618,0.50889,0.937618][-0.0787402,0.992126,0.0787402][54.0586,-14.9414,0][0.82926,0.427622,1.66973][0.023622,1,0.0551181][53.9482,-14.8956,0][3.04096e-07,0.543214,0.983382][0,1,0.0708661][54,-14.9385,0][3.765e-07,0.45254,1.72497][-0.015748,0.992126,0.125984][54,-14.8922,0][-0.937618,0.508892,-0.937618][-0.0629921,0.992126,-0.0629921][54.0586,-15.0586,0][-1.009,0.427622,-1.51349][-0.0314961,1,-0.0314961][54.0631,-15.0946,0][-1.27488,0.427622,-1.27488][-0.023622,1,-0.023622][54.0797,-15.0797,0][-1.009,0.427622,-1.51349][-0.0314961,1,-0.0314961][54.0631,-15.0946,0][-0.937618,0.508892,-0.937618][-0.0629921,0.992126,-0.0629921][54.0586,-15.0586,0][-0.82926,0.427622,-1.66973][-0.023622,1,-0.0551181][54.0518,-15.1044,0][-0.983382,0.543214,-1.85111e-08][-0.0708661,1,0][54.0615,-15,0][-0.937618,0.508892,-0.937618][-0.0629921,0.992126,-0.0629921][54.0586,-15.0586,0][-1.65852,0.427622,-0.8474][-0.0551181,1,-0.023622][54.1037,-15.053,0][-0.937618,0.50889,0.937618][-0.0787402,0.992126,0.0787402][54.0586,-14.9414,0][-0.983382,0.543214,-1.85111e-08][-0.0708661,1,0][54.0615,-15,0][-1.72497,0.45254,3.02908e-08][-0.125984,0.992126,0.015748][54.1078,-15,0][3.04096e-07,0.543214,0.983382][0,1,0.0708661][54,-14.9385,0][-0.937618,0.50889,0.937618][-0.0787402,0.992126,0.0787402][54.0586,-14.9414,0][3.765e-07,0.45254,1.72497][-0.015748,0.992126,0.125984][54,-14.8922,0][-0.937618,0.508892,-0.937618][-0.0629921,0.992126,-0.0629921][54.0586,-15.0586,0][-1.27488,0.427622,-1.27488][-0.023622,1,-0.023622][54.0797,-15.0797,0][-1.51349,0.427622,-1.009][-0.015748,1,-0.015748][54.0946,-15.0631,0][-1.51349,0.427622,-1.009][-0.015748,1,-0.015748][54.0946,-15.0631,0][-1.65852,0.427622,-0.8474][-0.0551181,1,-0.023622][54.1037,-15.053,0][-0.937618,0.508892,-0.937618][-0.0629921,0.992126,-0.0629921][54.0586,-15.0586,0][-0.983382,0.543214,-1.85111e-08][-0.0708661,1,0][54.0615,-15,0][-1.65852,0.427622,-0.8474][-0.0551181,1,-0.023622][54.1037,-15.053,0][-1.72497,0.45254,3.02908e-08][-0.125984,0.992126,0.015748][54.1078,-15,0][-0.937618,0.50889,0.937618][-0.0787402,0.992126,0.0787402][54.0586,-14.9414,0][-1.72497,0.45254,3.02908e-08][-0.125984,0.992126,0.015748][54.1078,-15,0][-1.66973,0.427622,0.82926][-0.0629921,1,0.0393701][54.1044,-14.9482,0][3.765e-07,0.45254,1.72497][-0.015748,0.992126,0.125984][54,-14.8922,0][-0.937618,0.50889,0.937618][-0.0787402,0.992126,0.0787402][54.0586,-14.9414,0][-0.82926,0.427622,1.66973][-0.0393701,1,0.0629921][54.0518,-14.8956,0][-1.72497,0.45254,3.02908e-08][-0.125984,0.992126,0.015748][54.1078,-15,0][-1.72574,0.427622,-0.575248][-0.015748,1,-0.00787402][54.1079,-15.036,0][-1.81753,0.427622,-0.159006][-0.00787402,1,0][54.1136,-15.0099,0][-1.72574,0.427622,-0.575248][-0.015748,1,-0.00787402][54.1079,-15.036,0][-1.72497,0.45254,3.02908e-08][-0.125984,0.992126,0.015748][54.1078,-15,0][-1.65852,0.427622,-0.8474][-0.0551181,1,-0.023622][54.1037,-15.053,0][-1.67233,0.427622,0.815448][0,-1,0][53.8955,-14.949,0][-1.66973,0.427622,0.82926][0,-1,0][53.8956,-14.9482,0][-1.72379,0.427622,0.574596][0,-1,0][53.8923,-14.9641,0][-1.72497,0.45254,3.02908e-08][-0.125984,0.992126,0.015748][54.1078,-15,0][-1.84654,0.427622,5.79232e-08][-0.015748,1,0][54.1154,-15,0][-1.72379,0.427622,0.574596][-0.00787402,1,0][54.1077,-14.9641,0][-1.72497,0.45254,3.02908e-08][-0.125984,0.992126,0.015748][54.1078,-15,0][-1.72379,0.427622,0.574596][-0.00787402,1,0][54.1077,-14.9641,0][-1.66973,0.427622,0.82926][-0.0629921,1,0.0393701][54.1044,-14.9482,0][-0.937618,0.50889,0.937618][-0.0787402,0.992126,0.0787402][54.0586,-14.9414,0][-1.66973,0.427622,0.82926][-0.0629921,1,0.0393701][54.1044,-14.9482,0][-0.82926,0.427622,1.66973][-0.0393701,1,0.0629921][54.0518,-14.8956,0][-0.700016,-0.583108,-2.56538][-0.00787402,-1,-0.0314961][53.9562,-15.1603,0][-1.30273,-0.583108,-2.33272][0,-1,0][53.9186,-15.1458,0][-0.846848,-0.583108,-2.54054][-0.165354,-0.897638,-0.417323][53.9471,-15.1588,0][0.202232,-0.583108,-2.63606][0,-1,-0.023622][54.0126,-15.1648,0][-0.700016,-0.583108,-2.56538][-0.00787402,-1,-0.0314961][53.9562,-15.1603,0][3.6202e-07,-0.583108,-2.6705][-0.0314961,-0.913386,-0.393701][54,-15.1669,0][0.202232,-0.583108,-2.63606][0,-1,-0.023622][54.0126,-15.1648,0][0.846848,-0.583108,-2.54054][0.0866142,-0.897638,-0.433071][54.0529,-15.1588,0][0.938184,-0.583108,-2.49332][0.125984,-0.96063,-0.259843][54.0586,-15.1558,0][0.202232,-0.583108,-2.63606][0,-1,-0.023622][54.0126,-15.1648,0][0.938184,-0.583108,-2.49332][0.125984,-0.96063,-0.259843][54.0586,-15.1558,0][1.75984,-0.583108,-1.98899][0.00787402,-1,-0.00787402][54.11,-15.1243,0][1.98899,-0.583108,1.75984][0,-1,0][54.1243,-14.89,0][-1.30273,-0.583108,-2.33272][0,-1,0][53.9186,-15.1458,0][-0.700016,-0.583108,-2.56538][-0.00787402,-1,-0.0314961][53.9562,-15.1603,0][0.938184,-0.583108,-2.49332][0.125984,-0.96063,-0.259843][54.0586,-15.1558,0][1.30273,-0.583108,-2.33272][0.165354,-0.913386,-0.370079][54.0814,-15.1458,0][1.75984,-0.583108,-1.98899][0.00787402,-1,-0.00787402][54.11,-15.1243,0][-1.49071,-0.583108,-2.23606][-0.133858,-0.96063,-0.228346][53.9068,-15.1398,0][-1.30273,-0.583108,-2.33272][0,-1,0][53.9186,-15.1458,0][-1.55514,-0.583108,-2.1866][-0.102362,-0.984252,-0.125984][53.9028,-15.1367,0][-1.57489,-0.583108,-2.16962][0,-1,-0.00787402][53.9016,-15.1356,0][-1.55514,-0.583108,-2.1866][-0.102362,-0.984252,-0.125984][53.9028,-15.1367,0][-1.30273,-0.583108,-2.33272][0,-1,0][53.9186,-15.1458,0][-1.57489,-0.583108,-2.16962][0,-1,-0.00787402][53.9016,-15.1356,0][1.98899,-0.583108,1.75984][0,-1,0][54.1243,-14.89,0][1.84637,-0.583108,1.9359][0,-1,0][54.1154,-14.879,0][1.44967,-0.583108,-2.25362][0.0393701,-0.992126,-0.0787402][54.0906,-15.1409,0][1.49071,-0.583108,-2.23606][0.165354,-0.968504,-0.188976][54.0932,-15.1398,0][1.75984,-0.583108,-1.98899][0.00787402,-1,-0.00787402][54.11,-15.1243,0][1.98899,-0.583108,1.75984][0,-1,0][54.1243,-14.89,0][-1.57489,-0.583108,-2.16962][0,-1,-0.00787402][53.9016,-15.1356,0][-1.30273,-0.583108,-2.33272][0,-1,0][53.9186,-15.1458,0][2.63606,-0.583108,0.202234][0.023622,-1,0.00787402][54.1648,-14.9874,0][0.202232,-0.583108,-2.63606][0,-1,-0.023622][54.0126,-15.1648,0][1.75984,-0.583108,-1.98899][0.00787402,-1,-0.00787402][54.11,-15.1243,0][1.98899,-0.583108,1.75984][0,-1,0][54.1243,-14.89,0][-0.700016,-0.583108,-2.56538][-0.00787402,-1,-0.0314961][53.9562,-15.1603,0][0.202232,-0.583108,-2.63606][0,-1,-0.023622][54.0126,-15.1648,0][1.30273,-0.583108,-2.33272][0.165354,-0.913386,-0.370079][54.0814,-15.1458,0][1.44967,-0.583108,-2.25362][0.0393701,-0.992126,-0.0787402][54.0906,-15.1409,0][1.75984,-0.583108,-1.98899][0.00787402,-1,-0.00787402][54.11,-15.1243,0][1.75984,-0.583108,-1.98899][0.00787402,-1,-0.00787402][54.11,-15.1243,0][2.1866,-0.583108,-1.55514][0.181102,-0.968504,-0.15748][54.1367,-15.0972,0][2.33272,-0.583108,-1.30273][0.0314961,-1,-0.015748][54.1458,-15.0814,0][2.33272,-0.583108,-1.30273][0.0314961,-1,-0.015748][54.1458,-15.0814,0][2.1866,-0.583108,-1.55514][0.181102,-0.968504,-0.15748][54.1367,-15.0972,0][2.23606,-0.583108,-1.49071][0.228346,-0.96063,-0.133858][54.1398,-15.0932,0][2.33272,-0.583108,-1.30273][0.0314961,-1,-0.015748][54.1458,-15.0814,0][2.54054,-0.583108,-0.846848][0.417323,-0.897638,-0.165354][54.1588,-15.0529,0][2.56538,-0.583108,-0.700016][0.188976,-0.984252,-0.0314961][54.1603,-15.0438,0][2.63606,-0.583108,0.202234][0.023622,-1,0.00787402][54.1648,-14.9874,0][1.75984,-0.583108,-1.98899][0.00787402,-1,-0.00787402][54.11,-15.1243,0][2.56538,-0.583108,-0.700016][0.188976,-0.984252,-0.0314961][54.1603,-15.0438,0][1.75984,-0.583108,-1.98899][0.00787402,-1,-0.00787402][54.11,-15.1243,0][2.33272,-0.583108,-1.30273][0.0314961,-1,-0.015748][54.1458,-15.0814,0][2.56538,-0.583108,-0.700016][0.188976,-0.984252,-0.0314961][54.1603,-15.0438,0][2.63606,-0.583108,0.202234][0.023622,-1,0.00787402][54.1648,-14.9874,0][2.56538,-0.583108,-0.700016][0.188976,-0.984252,-0.0314961][54.1603,-15.0438,0][2.6705,-0.583108,-6.62384e-08][0.393701,-0.913386,-0.0314961][54.1669,-15,0][2.25362,-0.583108,1.44967][0.0787402,-0.992126,0.0393701][54.1409,-14.9094,0][2.23606,-0.583108,1.49071][0.188976,-0.968504,0.165354][54.1398,-14.9068,0][1.98899,-0.583108,1.75984][0,-1,0][54.1243,-14.89,0][1.84637,-0.583108,1.9359][0,-1,0][54.1154,-14.879,0][1.98899,-0.583108,1.75984][0,-1,0][54.1243,-14.89,0][1.89449,-0.583108,1.89449][0.283465,-0.929134,0.23622][54.1184,-14.8816,0][2.25362,-0.583108,1.44967][0.0787402,-0.992126,0.0393701][54.1409,-14.9094,0][1.98899,-0.583108,1.75984][0,-1,0][54.1243,-14.89,0][2.33272,-0.583108,1.30273][0.370079,-0.913386,0.165354][54.1458,-14.9186,0][2.63606,-0.583108,0.202234][0.023622,-1,0.00787402][54.1648,-14.9874,0][2.54054,-0.583108,0.846848][0.433071,-0.897638,0.0866142][54.1588,-14.9471,0][2.49332,-0.583108,0.938186][0.259843,-0.96063,0.125984][54.1558,-14.9414,0][2.33272,-0.583108,1.30273][0.370079,-0.913386,0.165354][54.1458,-14.9186,0][1.98899,-0.583108,1.75984][0,-1,0][54.1243,-14.89,0][2.49332,-0.583108,0.938186][0.259843,-0.96063,0.125984][54.1558,-14.9414,0][2.49332,-0.583108,0.938186][0.259843,-0.96063,0.125984][54.1558,-14.9414,0][1.98899,-0.583108,1.75984][0,-1,0][54.1243,-14.89,0][2.63606,-0.583108,0.202234][0.023622,-1,0.00787402][54.1648,-14.9874,0][2.63606,-0.583108,0.202234][0.023622,-1,0.00787402][54.1648,-14.9874,0][1.98899,-0.583108,1.75984][0,-1,0][54.1243,-14.89,0][0.202232,-0.583108,-2.63606][0,-1,-0.023622][54.0126,-15.1648,0][1.75984,-0.583108,-1.98899][0.00787402,-1,-0.00787402][54.11,-15.1243,0][1.89448,-0.583108,-1.89448][0.23622,-0.944882,-0.228346][54.1184,-15.1184,0][2.1866,-0.583108,-1.55514][0.181102,-0.968504,-0.15748][54.1367,-15.0972,0][-2.49332,-0.583108,-0.938184][-0.259843,-0.96063,-0.125984][53.8442,-15.0586,0][-2.33272,-0.583108,-1.30273][-0.370079,-0.913386,-0.165354][53.8542,-15.0814,0][-1.98899,-0.583108,-1.75984][0,-1,0][53.8757,-15.11,0][-2.63606,-0.583108,-0.202234][-0.023622,-1,-0.00787402][53.8352,-15.0126,0][-2.54054,-0.583108,-0.846848][-0.433071,-0.897638,-0.0866142][53.8412,-15.0529,0][-2.49332,-0.583108,-0.938184][-0.259843,-0.96063,-0.125984][53.8442,-15.0586,0][-2.63606,-0.583108,-0.202234][-0.023622,-1,-0.00787402][53.8352,-15.0126,0][-2.49332,-0.583108,-0.938184][-0.259843,-0.96063,-0.125984][53.8442,-15.0586,0][-1.98899,-0.583108,-1.75984][0,-1,0][53.8757,-15.11,0][-2.25362,-0.583108,-1.44967][-0.0787402,-0.992126,-0.0393701][53.8591,-15.0906,0][-2.23606,-0.583108,-1.49071][-0.188976,-0.968504,-0.165354][53.8602,-15.0932,0][-1.98899,-0.583108,-1.75984][0,-1,0][53.8757,-15.11,0][-1.98899,-0.583108,-1.75984][0,-1,0][53.8757,-15.11,0][-2.33272,-0.583108,-1.30273][-0.370079,-0.913386,-0.165354][53.8542,-15.0814,0][-2.25362,-0.583108,-1.44967][-0.0787402,-0.992126,-0.0393701][53.8591,-15.0906,0][-1.98899,-0.583108,-1.75984][0,-1,0][53.8757,-15.11,0][-0.202236,-0.583108,2.63606][0,-1,0.015748][53.9874,-14.8352,0][-2.63606,-0.583108,-0.202234][-0.023622,-1,-0.00787402][53.8352,-15.0126,0][-2.6705,-0.583108,2.46194e-07][-0.393701,-0.913386,0.0314961][53.8331,-15,0][-2.63606,-0.583108,-0.202234][-0.023622,-1,-0.00787402][53.8352,-15.0126,0][-2.56538,-0.583108,0.700016][-0.188976,-0.984252,0.0314961][53.8397,-14.9562,0][-2.33272,-0.583108,1.30273][-0.0314961,-1,0.015748][53.8542,-14.9186,0][-2.54054,-0.583108,0.846848][-0.417323,-0.897638,0.165354][53.8412,-14.9471,0][-2.56538,-0.583108,0.700016][-0.188976,-0.984252,0.0314961][53.8397,-14.9562,0][-1.75984,-0.583108,1.98899][-0.00787402,-1,0.00787402][53.89,-14.8757,0][-2.33272,-0.583108,1.30273][-0.0314961,-1,0.015748][53.8542,-14.9186,0][-2.56538,-0.583108,0.700016][-0.188976,-0.984252,0.0314961][53.8397,-14.9562,0][-2.23606,-0.583108,1.49071][-0.228346,-0.96063,0.133858][53.8602,-14.9068,0][-2.33272,-0.583108,1.30273][-0.0314961,-1,0.015748][53.8542,-14.9186,0][-2.18662,-0.583108,1.55514][-0.181102,-0.968504,0.15748][53.8633,-14.9028,0][-1.75984,-0.583108,1.98899][-0.00787402,-1,0.00787402][53.89,-14.8757,0][-1.89449,-0.583108,1.89449][-0.23622,-0.944882,0.228346][53.8816,-14.8816,0][-2.18662,-0.583108,1.55514][-0.181102,-0.968504,0.15748][53.8633,-14.9028,0][-1.75984,-0.583108,1.98899][-0.00787402,-1,0.00787402][53.89,-14.8757,0][-2.18662,-0.583108,1.55514][-0.181102,-0.968504,0.15748][53.8633,-14.9028,0][-2.33272,-0.583108,1.30273][-0.0314961,-1,0.015748][53.8542,-14.9186,0][-1.75984,-0.583108,1.98899][-0.00787402,-1,0.00787402][53.89,-14.8757,0][-2.56538,-0.583108,0.700016][-0.188976,-0.984252,0.0314961][53.8397,-14.9562,0][-2.63606,-0.583108,-0.202234][-0.023622,-1,-0.00787402][53.8352,-15.0126,0][-1.98899,-0.583108,-1.75984][0,-1,0][53.8757,-15.11,0][-1.89448,-0.583108,-1.89448][-0.23622,-0.944882,-0.23622][53.8816,-15.1184,0][-1.57489,-0.583108,-2.16962][0,-1,-0.00787402][53.9016,-15.1356,0][-1.49071,-0.583108,2.23606][-0.165354,-0.968504,0.188976][53.9068,-14.8602,0][-1.75984,-0.583108,1.98899][-0.00787402,-1,0.00787402][53.89,-14.8757,0][-1.44967,-0.583108,2.25362][-0.0393701,-0.992126,0.0787402][53.9094,-14.8591,0][-1.98899,-0.583108,-1.75984][0,-1,0][53.8757,-15.11,0][-1.57489,-0.583108,-2.16962][0,-1,-0.00787402][53.9016,-15.1356,0][1.84637,-0.583108,1.9359][0,-1,0][54.1154,-14.879,0][-0.202236,-0.583108,2.63606][0,-1,0.015748][53.9874,-14.8352,0][-1.75984,-0.583108,1.98899][-0.00787402,-1,0.00787402][53.89,-14.8757,0][-2.63606,-0.583108,-0.202234][-0.023622,-1,-0.00787402][53.8352,-15.0126,0][-1.75984,-0.583108,1.98899][-0.00787402,-1,0.00787402][53.89,-14.8757,0][-1.30273,-0.583108,2.33272][-0.165354,-0.913386,0.370079][53.9186,-14.8542,0][-1.44967,-0.583108,2.25362][-0.0393701,-0.992126,0.0787402][53.9094,-14.8591,0][1.30273,-0.583108,2.33272][0.023622,-1,0.0472441][54.0814,-14.8542,0][1.55514,-0.583108,2.18662][0.204724,-0.952756,0.23622][54.0972,-14.8633,0][1.49071,-0.583108,2.23606][0.133858,-0.96063,0.228346][54.0932,-14.8602,0][1.30273,-0.583108,2.33272][0.023622,-1,0.0472441][54.0814,-14.8542,0][1.84637,-0.583108,1.9359][0,-1,0][54.1154,-14.879,0][1.55514,-0.583108,2.18662][0.204724,-0.952756,0.23622][54.0972,-14.8633,0][1.84637,-0.583108,1.9359][0,-1,0][54.1154,-14.879,0][-0.202236,-0.583108,2.63606][0,-1,0.015748][53.9874,-14.8352,0][-1.98899,-0.583108,-1.75984][0,-1,0][53.8757,-15.11,0][-1.30273,-0.583108,2.33272][-0.165354,-0.913386,0.370079][53.9186,-14.8542,0][-1.75984,-0.583108,1.98899][-0.00787402,-1,0.00787402][53.89,-14.8757,0][-0.938186,-0.583108,2.49332][-0.125984,-0.96063,0.259843][53.9414,-14.8442,0][-0.202236,-0.583108,2.63606][0,-1,0.015748][53.9874,-14.8352,0][-0.846848,-0.583108,2.54054][-0.0866142,-0.897638,0.433071][53.9471,-14.8412,0][-0.938186,-0.583108,2.49332][-0.125984,-0.96063,0.259843][53.9414,-14.8442,0][-0.202236,-0.583108,2.63606][0,-1,0.015748][53.9874,-14.8352,0][-0.938186,-0.583108,2.49332][-0.125984,-0.96063,0.259843][53.9414,-14.8442,0][-1.75984,-0.583108,1.98899][-0.00787402,-1,0.00787402][53.89,-14.8757,0][1.30273,-0.583108,2.33272][0.023622,-1,0.0472441][54.0814,-14.8542,0][0.846848,-0.583108,2.54054][0.165354,-0.897638,0.417323][54.0529,-14.8412,0][0.700014,-0.583108,2.56538][0.0393701,-0.976378,0.220472][54.0438,-14.8397,0][3.6202e-07,-0.583108,2.6705][0.0314961,-0.913386,0.393701][54,-14.8331,0][-0.202236,-0.583108,2.63606][0,-1,0.015748][53.9874,-14.8352,0][0.700014,-0.583108,2.56538][0.0393701,-0.976378,0.220472][54.0438,-14.8397,0][-0.202236,-0.583108,2.63606][0,-1,0.015748][53.9874,-14.8352,0][1.84637,-0.583108,1.9359][0,-1,0][54.1154,-14.879,0][0.700014,-0.583108,2.56538][0.0393701,-0.976378,0.220472][54.0438,-14.8397,0][1.30273,-0.583108,2.33272][0.023622,-1,0.0472441][54.0814,-14.8542,0][0.700014,-0.583108,2.56538][0.0393701,-0.976378,0.220472][54.0438,-14.8397,0][1.84637,-0.583108,1.9359][0,-1,0][54.1154,-14.879,0][1.27511,0.437622,1.27511][0.023622,1,0.023622][0.295018,0.704982,0][1.00931,0.437622,1.51381][0.0314961,1,0.0314961][0.337768,0.743348,0][1.72497,0.437622,2.58744][0,1,0][0.22265,0.916025,0][1.27511,0.437622,1.27511][0.023622,1,0.023622][0.295018,0.704982,0][1.72497,0.437622,2.58744][0,1,0][0.22265,0.916025,0][2.1989,0.437622,2.1989][0,1,0][0.146447,0.853553,0][0.983382,0.437622,2.95014][0,1,0][0.341886,0.974342,0][1.72497,0.437622,2.58744][0,1,0][0.22265,0.916025,0][0.829496,0.437622,1.67028][0.023622,1,0.0551181][0.366667,0.768469,0][0.829496,0.437622,1.67028][0.023622,1,0.0551181][0.366667,0.768469,0][1.72497,0.437622,2.58744][0,1,0][0.22265,0.916025,0][1.00931,0.437622,1.51381][0.0314961,1,0.0314961][0.337768,0.743348,0][0.829496,0.437622,1.67028][0.023622,1,0.0551181][0.366667,0.768469,0][0.575248,0.437622,1.7259][0,1,0.015748][0.407508,0.777475,0][0.983382,0.437622,2.95014][0,1,0][0.341886,0.974342,0][1.51365,0.437622,1.00915][0.015748,1,0.015748][0.256651,0.662232,0][1.27511,0.437622,1.27511][0.023622,1,0.023622][0.295018,0.704982,0][2.1989,0.437622,2.1989][0,1,0][0.146447,0.853553,0][1.51365,0.437622,1.00915][0.015748,1,0.015748][0.256651,0.662232,0][2.1989,0.437622,2.1989][0,1,0][0.146447,0.853553,0][2.58744,0.437622,1.72497][0,1,0][0.0839748,0.77735,0][0.983382,0.437622,2.95014][0,1,0][0.341886,0.974342,0][0.575248,0.437622,1.7259][0,1,0.015748][0.407508,0.777475,0][0.159008,0.437622,1.81761][0,1,0.00787402][0.474434,0.792233,0][0.159008,0.437622,1.81761][0,1,0.00787402][0.474434,0.792233,0][3.6202e-07,0.437622,1.84662][0,1,0.00787402][0.5,0.796898,0][2.31692e-07,0.437622,3.10972][0,1,0][0.5,1,0][0.159008,0.437622,1.81761][0,1,0.00787402][0.474434,0.792233,0][2.31692e-07,0.437622,3.10972][0,1,0][0.5,1,0][0.983382,0.437622,2.95014][0,1,0][0.341886,0.974342,0][2.58744,0.437622,1.72497][0,1,0][0.0839748,0.77735,0][2.95014,0.437622,0.983382][0,1,0][0.0256583,0.658114,0][1.67028,0.437622,0.829496][0.0551181,1,0.023622][0.231531,0.633333,0][1.67028,0.437622,0.829496][0.0551181,1,0.023622][0.231531,0.633333,0][2.95014,0.437622,0.983382][0,1,0][0.0256583,0.658114,0][1.7259,0.437622,0.575248][0.015748,1,0][0.222525,0.592492,0][1.67028,0.437622,0.829496][0.0551181,1,0.023622][0.231531,0.633333,0][1.51365,0.437622,1.00915][0.015748,1,0.015748][0.256651,0.662232,0][2.58744,0.437622,1.72497][0,1,0][0.0839748,0.77735,0][3.6202e-07,0.437622,1.84662][0,1,0.00787402][0.5,0.796898,0][-0.574596,0.437622,1.72394][0,1,0.015748][0.592387,0.777161,0][-0.983382,0.437622,2.95014][0,1,0][0.658114,0.974342,0][3.6202e-07,0.437622,1.84662][0,1,0.00787402][0.5,0.796898,0][-0.983382,0.437622,2.95014][0,1,0][0.658114,0.974342,0][2.31692e-07,0.437622,3.10972][0,1,0][0.5,1,0][2.95014,0.437622,0.983382][0,1,0][0.0256583,0.658114,0][3.10972,0.437622,3.56808e-07][0,1,0][0,0.5,0][1.81761,0.437622,0.159006][0.00787402,1,0][0.207767,0.525566,0][1.81761,0.437622,0.159006][0.00787402,1,0][0.207767,0.525566,0][1.7259,0.437622,0.575248][0.015748,1,0][0.222525,0.592492,0][2.95014,0.437622,0.983382][0,1,0][0.0256583,0.658114,0][1.8467,0.437622,2.81512e-07][0.015748,1,0][0.203102,0.5,0][1.81761,0.437622,0.159006][0.00787402,1,0][0.207767,0.525566,0][3.10972,0.437622,3.56808e-07][0,1,0][0,0.5,0][-0.983382,0.437622,2.95014][0,1,0][0.658114,0.974342,0][-0.574596,0.437622,1.72394][0,1,0.015748][0.592387,0.777161,0][-0.815448,0.437622,1.67233][0,1,0][0.631113,0.768887,0][-0.983382,0.437622,2.95014][0,1,0][0.658114,0.974342,0][-0.815448,0.437622,1.67233][0,1,0][0.631113,0.768887,0][-0.829654,0.437622,1.67036][-0.0393701,1,0.0629921][0.633333,0.768469,0][-0.8474,0.437622,1.65852][0,1,0][0.63625,0.766667,0][-1.00237,0.437622,1.50355][0,1,0][0.661166,0.74175,0][-1.72497,0.437622,2.58744][0,1,0][0.77735,0.916025,0][-0.983382,0.437622,2.95014][0,1,0][0.658114,0.974342,0][-0.829654,0.437622,1.67036][-0.0393701,1,0.0629921][0.633333,0.768469,0][-1.72497,0.437622,2.58744][0,1,0][0.77735,0.916025,0][-1.72497,0.437622,2.58744][0,1,0][0.77735,0.916025,0][-0.829654,0.437622,1.67036][-0.0393701,1,0.0629921][0.633333,0.768469,0][-0.8474,0.437622,1.65852][0,1,0][0.63625,0.766667,0][1.72387,0.437622,-0.574596][0.00787402,1,0][0.222839,0.407613,0][1.8467,0.437622,2.81512e-07][0.015748,1,0][0.203102,0.5,0][3.10972,0.437622,3.56808e-07][0,1,0][0,0.5,0][1.72387,0.437622,-0.574596][0.00787402,1,0][0.222839,0.407613,0][3.10972,0.437622,3.56808e-07][0,1,0][0,0.5,0][2.95014,0.437622,-0.983382][0,1,0][0.0256583,0.341886,0][-1.00237,0.437622,1.50355][0,1,0][0.661166,0.74175,0][-1.25296,0.437622,1.25296][0,1,0][0.701458,0.701458,0][-2.1989,0.437622,2.1989][0,1,0][0.853553,0.853553,0][-1.00237,0.437622,1.50355][0,1,0][0.661166,0.74175,0][-2.1989,0.437622,2.1989][0,1,0][0.853553,0.853553,0][-1.72497,0.437622,2.58744][0,1,0][0.77735,0.916025,0][1.72387,0.437622,-0.574596][0.00787402,1,0][0.222839,0.407613,0][2.95014,0.437622,-0.983382][0,1,0][0.0256583,0.341886,0][1.67233,0.437622,-0.815448][0,1,0][0.231113,0.368887,0][1.67036,0.437622,-0.829654][0.0629921,1,-0.0393701][0.231531,0.366667,0][2.95014,0.437622,-0.983382][0,1,0][0.0256583,0.341886,0][2.58744,0.437622,-1.72497][0,1,0][0.0839748,0.22265,0][1.50355,0.437622,-1.00237][0,1,0][0.25825,0.338833,0][1.65852,0.437622,-0.8474][0,1,0][0.233333,0.36375,0][2.58744,0.437622,-1.72497][0,1,0][0.0839748,0.22265,0][1.67036,0.437622,-0.829654][0.0629921,1,-0.0393701][0.231531,0.366667,0][1.67233,0.437622,-0.815448][0,1,0][0.231113,0.368887,0][2.95014,0.437622,-0.983382][0,1,0][0.0256583,0.341886,0][1.65852,0.437622,-0.8474][0,1,0][0.233333,0.36375,0][1.67036,0.437622,-0.829654][0.0629921,1,-0.0393701][0.231531,0.366667,0][2.58744,0.437622,-1.72497][0,1,0][0.0839748,0.22265,0][-1.25296,0.437622,1.25296][0,1,0][0.701458,0.701458,0][-1.50355,0.437622,1.00237][0,1,0][0.74175,0.661167,0][-2.58744,0.437622,1.72497][0,1,0][0.916025,0.77735,0][-1.25296,0.437622,1.25296][0,1,0][0.701458,0.701458,0][-2.58744,0.437622,1.72497][0,1,0][0.916025,0.77735,0][-2.1989,0.437622,2.1989][0,1,0][0.853553,0.853553,0][1.25296,0.437622,-1.25296][0,1,0][0.298542,0.298542,0][1.50355,0.437622,-1.00237][0,1,0][0.25825,0.338833,0][2.58744,0.437622,-1.72497][0,1,0][0.0839748,0.22265,0][1.25296,0.437622,-1.25296][0,1,0][0.298542,0.298542,0][2.58744,0.437622,-1.72497][0,1,0][0.0839748,0.22265,0][2.1989,0.437622,-2.1989][0,1,0][0.146447,0.146447,0][-1.65852,0.437622,0.847402][0,1,0][0.766666,0.63625,0][-1.67036,0.437622,0.829654][-0.0629921,1,0.0393701][0.768469,0.633333,0][-2.58744,0.437622,1.72497][0,1,0][0.916025,0.77735,0][-1.50355,0.437622,1.00237][0,1,0][0.74175,0.661167,0][-1.65852,0.437622,0.847402][0,1,0][0.766666,0.63625,0][-2.58744,0.437622,1.72497][0,1,0][0.916025,0.77735,0][-1.67233,0.437622,0.815448][0,1,0][0.768887,0.631113,0][-1.72387,0.437622,0.574596][-0.00787402,1,0][0.77716,0.592387,0][-2.95014,0.437622,0.983382][0,1,0][0.974342,0.658114,0][-2.58744,0.437622,1.72497][0,1,0][0.916025,0.77735,0][-1.67036,0.437622,0.829654][-0.0629921,1,0.0393701][0.768469,0.633333,0][-2.95014,0.437622,0.983382][0,1,0][0.974342,0.658114,0][-2.95014,0.437622,0.983382][0,1,0][0.974342,0.658114,0][-1.67036,0.437622,0.829654][-0.0629921,1,0.0393701][0.768469,0.633333,0][-1.67233,0.437622,0.815448][0,1,0][0.768887,0.631113,0][1.00237,0.437622,-1.50355][0,1,0][0.338833,0.25825,0][1.25296,0.437622,-1.25296][0,1,0][0.298542,0.298542,0][2.1989,0.437622,-2.1989][0,1,0][0.146447,0.146447,0][1.00237,0.437622,-1.50355][0,1,0][0.338833,0.25825,0][2.1989,0.437622,-2.1989][0,1,0][0.146447,0.146447,0][1.72497,0.437622,-2.58744][0,1,0][0.22265,0.083975,0][-1.72387,0.437622,0.574596][-0.00787402,1,0][0.77716,0.592387,0][-1.8467,0.437622,5.79232e-08][-0.015748,1,0][0.796898,0.5,0][-3.10972,0.437622,0][0,1,0][1,0.5,0][-1.72387,0.437622,0.574596][-0.00787402,1,0][0.77716,0.592387,0][-3.10972,0.437622,0][0,1,0][1,0.5,0][-2.95014,0.437622,0.983382][0,1,0][0.974342,0.658114,0][1.00237,0.437622,-1.50355][0,1,0][0.338833,0.25825,0][1.72497,0.437622,-2.58744][0,1,0][0.22265,0.083975,0][0.8474,0.437622,-1.65852][0,1,0][0.36375,0.233333,0][0.829654,0.437622,-1.67036][0.0393701,1,-0.0629921][0.366667,0.231531,0][1.72497,0.437622,-2.58744][0,1,0][0.22265,0.083975,0][0.983382,0.437624,-2.95014][0,1,0][0.341886,0.0256584,0][0.815448,0.437622,-1.67233][0,1,0][0.368887,0.231113,0][0.829654,0.437622,-1.67036][0.0393701,1,-0.0629921][0.366667,0.231531,0][0.983382,0.437624,-2.95014][0,1,0][0.341886,0.0256584,0][0.829654,0.437622,-1.67036][0.0393701,1,-0.0629921][0.366667,0.231531,0][0.8474,0.437622,-1.65852][0,1,0][0.36375,0.233333,0][1.72497,0.437622,-2.58744][0,1,0][0.22265,0.083975,0][0.815448,0.437622,-1.67233][0,1,0][0.368887,0.231113,0][0.983382,0.437624,-2.95014][0,1,0][0.341886,0.0256584,0][0.574596,0.437622,-1.72394][0,1,-0.015748][0.407613,0.222839,0][-1.8176,0.437622,-0.159006][-0.00787402,1,0][0.792232,0.474434,0][-1.7259,0.437622,-0.575326][-0.015748,1,-0.00787402][0.777475,0.407508,0][-2.95014,0.437622,-0.983382][0,1,0][0.974342,0.341886,0][-1.8176,0.437622,-0.159006][-0.00787402,1,0][0.792232,0.474434,0][-3.10972,0.437622,0][0,1,0][1,0.5,0][-1.8467,0.437622,5.79232e-08][-0.015748,1,0][0.796898,0.5,0][-3.10972,0.437622,0][0,1,0][1,0.5,0][-1.8176,0.437622,-0.159006][-0.00787402,1,0][0.792232,0.474434,0][-2.95014,0.437622,-0.983382][0,1,0][0.974342,0.341886,0][3.6202e-07,0.437622,-1.84662][0,1,-0.00787402][0.5,0.203102,0][0.574596,0.437622,-1.72394][0,1,-0.015748][0.407613,0.222839,0][0.983382,0.437624,-2.95014][0,1,0][0.341886,0.0256584,0][3.6202e-07,0.437622,-1.84662][0,1,-0.00787402][0.5,0.203102,0][0.983382,0.437624,-2.95014][0,1,0][0.341886,0.0256584,0][2.31692e-07,0.437624,-3.10972][0,1,0][0.5,1.19209e-07,0][-1.65907,0.437622,-0.847636][-0.0551181,1,-0.023622][0.766667,0.36375,0][-1.51365,0.437622,-1.00915][-0.015748,1,-0.015748][0.743348,0.337768,0][-2.58744,0.437622,-1.72497][0,1,0][0.916025,0.22265,0][-2.58744,0.437622,-1.72497][0,1,0][0.916025,0.22265,0][-2.95014,0.437622,-0.983382][0,1,0][0.974342,0.341886,0][-1.65907,0.437622,-0.847636][-0.0551181,1,-0.023622][0.766667,0.36375,0][-1.7259,0.437622,-0.575326][-0.015748,1,-0.00787402][0.777475,0.407508,0][-1.65907,0.437622,-0.847636][-0.0551181,1,-0.023622][0.766667,0.36375,0][-2.95014,0.437622,-0.983382][0,1,0][0.974342,0.341886,0][3.6202e-07,0.437622,-1.84662][0,1,-0.00787402][0.5,0.203102,0][2.31692e-07,0.437624,-3.10972][0,1,0][0.5,1.19209e-07,0][-0.159007,0.437622,-1.81761][0,1,-0.00787402][0.525566,0.207767,0][-0.159007,0.437622,-1.81761][0,1,-0.00787402][0.525566,0.207767,0][-0.983382,0.437624,-2.95014][0,1,0][0.658114,0.0256584,0][-0.575248,0.437622,-1.7259][0,1,-0.015748][0.592492,0.222525,0][-0.983382,0.437624,-2.95014][0,1,0][0.658114,0.0256584,0][-0.159007,0.437622,-1.81761][0,1,-0.00787402][0.525566,0.207767,0][2.31692e-07,0.437624,-3.10972][0,1,0][0.5,1.19209e-07,0][-1.51365,0.437622,-1.00915][-0.015748,1,-0.015748][0.743348,0.337768,0][-1.27511,0.437622,-1.27511][-0.023622,1,-0.023622][0.704982,0.295018,0][-2.1989,0.437624,-2.1989][0,1,0][0.853553,0.146447,0][-1.51365,0.437622,-1.00915][-0.015748,1,-0.015748][0.743348,0.337768,0][-2.1989,0.437624,-2.1989][0,1,0][0.853553,0.146447,0][-2.58744,0.437622,-1.72497][0,1,0][0.916025,0.22265,0][-0.829496,0.437622,-1.67028][-0.023622,1,-0.0551181][0.633333,0.231531,0][-0.575248,0.437622,-1.7259][0,1,-0.015748][0.592492,0.222525,0][-0.983382,0.437624,-2.95014][0,1,0][0.658114,0.0256584,0][-1.00931,0.437622,-1.51381][-0.0314961,1,-0.0314961][0.662232,0.256652,0][-0.829496,0.437622,-1.67028][-0.023622,1,-0.0551181][0.633333,0.231531,0][-1.72497,0.437622,-2.58744][0,1,0][0.77735,0.083975,0][-1.72497,0.437622,-2.58744][0,1,0][0.77735,0.083975,0][-0.829496,0.437622,-1.67028][-0.023622,1,-0.0551181][0.633333,0.231531,0][-0.983382,0.437624,-2.95014][0,1,0][0.658114,0.0256584,0][-1.27511,0.437622,-1.27511][-0.023622,1,-0.023622][0.704982,0.295018,0][-1.00931,0.437622,-1.51381][-0.0314961,1,-0.0314961][0.662232,0.256652,0][-1.72497,0.437622,-2.58744][0,1,0][0.77735,0.083975,0][-1.27511,0.437622,-1.27511][-0.023622,1,-0.023622][0.704982,0.295018,0][-1.72497,0.437622,-2.58744][0,1,0][0.77735,0.083975,0][-2.1989,0.437624,-2.1989][0,1,0][0.853553,0.146447,0][3.6202e-07,0.437622,1.84662][0,1,0.00787402][0.5,0.796898,0][0.159008,0.437622,1.81761][0,1,0.00787402][0.474434,0.792233,0][-0.000157104,0.462462,1.72623][-0.015748,0.992126,0.125984][0.5,0.77735,0][0.575248,0.437622,1.7259][0,1,0.015748][0.407508,0.777475,0][-0.000157104,0.462462,1.72623][-0.015748,0.992126,0.125984][0.5,0.77735,0][0.159008,0.437622,1.81761][0,1,0.00787402][0.474434,0.792233,0][-0.000157104,0.462462,1.72623][-0.015748,0.992126,0.125984][0.5,0.77735,0][0.575248,0.437622,1.7259][0,1,0.015748][0.407508,0.777475,0][0.829496,0.437622,1.67028][0.023622,1,0.0551181][0.366667,0.768469,0][3.6202e-07,0.437622,1.84662][0,1,0.00787402][0.5,0.796898,0][-0.000157104,0.462462,1.72623][-0.015748,0.992126,0.125984][0.5,0.77735,0][-0.574596,0.437622,1.72394][0,1,0.015748][0.592387,0.777161,0][-0.829654,0.437622,1.67036][-0.0393701,1,0.0629921][0.633333,0.768469,0][-0.574596,0.437622,1.72394][0,1,0.015748][0.592387,0.777161,0][-0.000157104,0.462462,1.72623][-0.015748,0.992126,0.125984][0.5,0.77735,0][-1.8176,0.437622,-0.159006][-0.00787402,1,0][0.792232,0.474434,0][-1.8467,0.437622,5.79232e-08][-0.015748,1,0][0.796898,0.5,0][-1.72623,0.46246,0.000157511][-0.125984,0.992126,0.015748][0.77735,0.5,0][-0.829654,0.437622,1.67036][-0.0393701,1,0.0629921][0.633333,0.768469,0][-1.00237,0.437622,1.50355][0,1,0][0.661166,0.74175,0][-0.8474,0.437622,1.65852][0,1,0][0.63625,0.766667,0][-1.00237,0.437622,1.50355][0,1,0][0.661166,0.74175,0][-0.829654,0.437622,1.67036][-0.0393701,1,0.0629921][0.633333,0.768469,0][-1.25296,0.437622,1.25296][0,1,0][0.701458,0.701458,0][-1.67036,0.437622,0.829654][-0.0629921,1,0.0393701][0.768469,0.633333,0][-1.65852,0.437622,0.847402][0,1,0][0.766666,0.63625,0][-1.50355,0.437622,1.00237][0,1,0][0.74175,0.661167,0][-1.50355,0.437622,1.00237][0,1,0][0.74175,0.661167,0][-1.25296,0.437622,1.25296][0,1,0][0.701458,0.701458,0][-1.67036,0.437622,0.829654][-0.0629921,1,0.0393701][0.768469,0.633333,0][-1.67036,0.437622,0.829654][-0.0629921,1,0.0393701][0.768469,0.633333,0][-1.25296,0.437622,1.25296][0,1,0][0.701458,0.701458,0][-0.829654,0.437622,1.67036][-0.0393701,1,0.0629921][0.633333,0.768469,0][1.81761,0.437622,0.159006][0.00787402,1,0][0.207767,0.525566,0][1.8467,0.437622,2.81512e-07][0.015748,1,0][0.203102,0.5,0][1.72623,0.462462,-0.000157438][0.125984,0.992126,-0.015748][0.22265,0.5,0][1.8467,0.437622,2.81512e-07][0.015748,1,0][0.203102,0.5,0][1.72387,0.437622,-0.574596][0.00787402,1,0][0.222839,0.407613,0][1.72623,0.462462,-0.000157438][0.125984,0.992126,-0.015748][0.22265,0.5,0][1.72387,0.437622,-0.574596][0.00787402,1,0][0.222839,0.407613,0][1.67036,0.437622,-0.829654][0.0629921,1,-0.0393701][0.231531,0.366667,0][1.72623,0.462462,-0.000157438][0.125984,0.992126,-0.015748][0.22265,0.5,0][1.7259,0.437622,0.575248][0.015748,1,0][0.222525,0.592492,0][1.81761,0.437622,0.159006][0.00787402,1,0][0.207767,0.525566,0][1.72623,0.462462,-0.000157438][0.125984,0.992126,-0.015748][0.22265,0.5,0][1.67028,0.437622,0.829496][0.0551181,1,0.023622][0.231531,0.633333,0][1.7259,0.437622,0.575248][0.015748,1,0][0.222525,0.592492,0][1.72623,0.462462,-0.000157438][0.125984,0.992126,-0.015748][0.22265,0.5,0][1.67036,0.437622,-0.829654][0.0629921,1,-0.0393701][0.231531,0.366667,0][1.65852,0.437622,-0.8474][0,1,0][0.233333,0.36375,0][1.50355,0.437622,-1.00237][0,1,0][0.25825,0.338833,0][1.67036,0.437622,-0.829654][0.0629921,1,-0.0393701][0.231531,0.366667,0][1.50355,0.437622,-1.00237][0,1,0][0.25825,0.338833,0][1.25296,0.437622,-1.25296][0,1,0][0.298542,0.298542,0][0.8474,0.437622,-1.65852][0,1,0][0.36375,0.233333,0][0.829654,0.437622,-1.67036][0.0393701,1,-0.0629921][0.366667,0.231531,0][1.00237,0.437622,-1.50355][0,1,0][0.338833,0.25825,0][1.25296,0.437622,-1.25296][0,1,0][0.298542,0.298542,0][1.00237,0.437622,-1.50355][0,1,0][0.338833,0.25825,0][0.829654,0.437622,-1.67036][0.0393701,1,-0.0629921][0.366667,0.231531,0][0.829654,0.437622,-1.67036][0.0393701,1,-0.0629921][0.366667,0.231531,0][1.67036,0.437622,-0.829654][0.0629921,1,-0.0393701][0.231531,0.366667,0][1.25296,0.437622,-1.25296][0,1,0][0.298542,0.298542,0][1.72623,0.462462,-0.000157438][0.125984,0.992126,-0.015748][0.22265,0.5,0][1.67036,0.437622,-0.829654][0.0629921,1,-0.0393701][0.231531,0.366667,0][0.938406,0.518812,-0.938406][0.0787402,0.992126,-0.0787402][0.349244,0.349244,0][1.67028,0.437622,0.829496][0.0551181,1,0.023622][0.231531,0.633333,0][1.72623,0.462462,-0.000157438][0.125984,0.992126,-0.015748][0.22265,0.5,0][0.984092,0.553214,-4.16322e-08][0.0708661,1,0][0.341886,0.5,0][1.67036,0.437622,-0.829654][0.0629921,1,-0.0393701][0.231531,0.366667,0][0.829654,0.437622,-1.67036][0.0393701,1,-0.0629921][0.366667,0.231531,0][0.938406,0.518812,-0.938406][0.0787402,0.992126,-0.0787402][0.349244,0.349244,0][1.72623,0.462462,-0.000157438][0.125984,0.992126,-0.015748][0.22265,0.5,0][0.938406,0.518812,-0.938406][0.0787402,0.992126,-0.0787402][0.349244,0.349244,0][0.984092,0.553214,-4.16322e-08][0.0708661,1,0][0.341886,0.5,0][1.67028,0.437622,0.829496][0.0551181,1,0.023622][0.231531,0.633333,0][0.984092,0.553214,-4.16322e-08][0.0708661,1,0][0.341886,0.5,0][0.938248,0.518812,0.938248][0.0629921,0.992126,0.0629921][0.349244,0.650756,0][0.938406,0.518812,-0.938406][0.0787402,0.992126,-0.0787402][0.349244,0.349244,0][0.829654,0.437622,-1.67036][0.0393701,1,-0.0629921][0.366667,0.231531,0][0.000157944,0.462462,-1.72623][0.015748,0.992126,-0.125984][0.5,0.22265,0][0.984092,0.553214,-4.16322e-08][0.0708661,1,0][0.341886,0.5,0][0.938406,0.518812,-0.938406][0.0787402,0.992126,-0.0787402][0.349244,0.349244,0][3.4754e-07,0.553214,-0.98409][0,1,-0.0708661][0.5,0.341886,0][0.938248,0.518812,0.938248][0.0629921,0.992126,0.0629921][0.349244,0.650756,0][0.984092,0.553214,-4.16322e-08][0.0708661,1,0][0.341886,0.5,0][3.18578e-07,0.59311,-5.98606e-08][0,1,0][0.5,0.5,0][1.51365,0.437622,1.00915][0.015748,1,0.015748][0.256651,0.662232,0][0.938248,0.518812,0.938248][0.0629921,0.992126,0.0629921][0.349244,0.650756,0][1.27511,0.437622,1.27511][0.023622,1,0.023622][0.295018,0.704982,0][0.938248,0.518812,0.938248][0.0629921,0.992126,0.0629921][0.349244,0.650756,0][1.51365,0.437622,1.00915][0.015748,1,0.015748][0.256651,0.662232,0][1.67028,0.437622,0.829496][0.0551181,1,0.023622][0.231531,0.633333,0][0.574596,0.437622,-1.72394][0,1,-0.015748][0.407613,0.222839,0][3.6202e-07,0.437622,-1.84662][0,1,-0.00787402][0.5,0.203102,0][0.000157944,0.462462,-1.72623][0.015748,0.992126,-0.125984][0.5,0.22265,0][0.574596,0.437622,-1.72394][0,1,-0.015748][0.407613,0.222839,0][0.000157944,0.462462,-1.72623][0.015748,0.992126,-0.125984][0.5,0.22265,0][0.829654,0.437622,-1.67036][0.0393701,1,-0.0629921][0.366667,0.231531,0][0.938406,0.518812,-0.938406][0.0787402,0.992126,-0.0787402][0.349244,0.349244,0][0.000157944,0.462462,-1.72623][0.015748,0.992126,-0.125984][0.5,0.22265,0][3.4754e-07,0.553214,-0.98409][0,1,-0.0708661][0.5,0.341886,0][0.984092,0.553214,-4.16322e-08][0.0708661,1,0][0.341886,0.5,0][3.4754e-07,0.553214,-0.98409][0,1,-0.0708661][0.5,0.341886,0][3.18578e-07,0.59311,-5.98606e-08][0,1,0][0.5,0.5,0][0.938248,0.518812,0.938248][0.0629921,0.992126,0.0629921][0.349244,0.650756,0][3.18578e-07,0.59311,-5.98606e-08][0,1,0][0.5,0.5,0][3.04096e-07,0.553214,0.98409][0,1,0.0708661][0.5,0.658114,0][1.00931,0.437622,1.51381][0.0314961,1,0.0314961][0.337768,0.743348,0][1.27511,0.437622,1.27511][0.023622,1,0.023622][0.295018,0.704982,0][0.938248,0.518812,0.938248][0.0629921,0.992126,0.0629921][0.349244,0.650756,0][0.829496,0.437622,1.67028][0.023622,1,0.0551181][0.366667,0.768469,0][1.00931,0.437622,1.51381][0.0314961,1,0.0314961][0.337768,0.743348,0][0.938248,0.518812,0.938248][0.0629921,0.992126,0.0629921][0.349244,0.650756,0][3.6202e-07,0.437622,-1.84662][0,1,-0.00787402][0.5,0.203102,0][-0.159007,0.437622,-1.81761][0,1,-0.00787402][0.525566,0.207767,0][0.000157944,0.462462,-1.72623][0.015748,0.992126,-0.125984][0.5,0.22265,0][3.4754e-07,0.553214,-0.98409][0,1,-0.0708661][0.5,0.341886,0][0.000157944,0.462462,-1.72623][0.015748,0.992126,-0.125984][0.5,0.22265,0][-0.829496,0.437622,-1.67028][-0.023622,1,-0.0551181][0.633333,0.231531,0][3.18578e-07,0.59311,-5.98606e-08][0,1,0][0.5,0.5,0][3.4754e-07,0.553214,-0.98409][0,1,-0.0708661][0.5,0.341886,0][-0.938248,0.518812,-0.938248][-0.0629921,0.992126,-0.0629921][0.650756,0.349244,0][3.04096e-07,0.553214,0.98409][0,1,0.0708661][0.5,0.658114,0][3.18578e-07,0.59311,-5.98606e-08][0,1,0][0.5,0.5,0][-0.98409,0.553214,-1.85111e-08][-0.0708661,1,0][0.658114,0.5,0][0.938248,0.518812,0.938248][0.0629921,0.992126,0.0629921][0.349244,0.650756,0][3.04096e-07,0.553214,0.98409][0,1,0.0708661][0.5,0.658114,0][0.829496,0.437622,1.67028][0.023622,1,0.0551181][0.366667,0.768469,0][0.000157944,0.462462,-1.72623][0.015748,0.992126,-0.125984][0.5,0.22265,0][-0.159007,0.437622,-1.81761][0,1,-0.00787402][0.525566,0.207767,0][-0.575248,0.437622,-1.7259][0,1,-0.015748][0.592492,0.222525,0][-0.575248,0.437622,-1.7259][0,1,-0.015748][0.592492,0.222525,0][-0.829496,0.437622,-1.67028][-0.023622,1,-0.0551181][0.633333,0.231531,0][0.000157944,0.462462,-1.72623][0.015748,0.992126,-0.125984][0.5,0.22265,0][3.4754e-07,0.553214,-0.98409][0,1,-0.0708661][0.5,0.341886,0][-0.829496,0.437622,-1.67028][-0.023622,1,-0.0551181][0.633333,0.231531,0][-0.938248,0.518812,-0.938248][-0.0629921,0.992126,-0.0629921][0.650756,0.349244,0][3.18578e-07,0.59311,-5.98606e-08][0,1,0][0.5,0.5,0][-0.938248,0.518812,-0.938248][-0.0629921,0.992126,-0.0629921][0.650756,0.349244,0][-0.98409,0.553214,-1.85111e-08][-0.0708661,1,0][0.658114,0.5,0][3.04096e-07,0.553214,0.98409][0,1,0.0708661][0.5,0.658114,0][-0.98409,0.553214,-1.85111e-08][-0.0708661,1,0][0.658114,0.5,0][-0.938404,0.518812,0.938406][-0.0787402,0.992126,0.0787402][0.650756,0.650756,0][0.829496,0.437622,1.67028][0.023622,1,0.0551181][0.366667,0.768469,0][3.04096e-07,0.553214,0.98409][0,1,0.0708661][0.5,0.658114,0][-0.000157104,0.462462,1.72623][-0.015748,0.992126,0.125984][0.5,0.77735,0][-0.938248,0.518812,-0.938248][-0.0629921,0.992126,-0.0629921][0.650756,0.349244,0][-1.00931,0.437622,-1.51381][-0.0314961,1,-0.0314961][0.662232,0.256652,0][-1.27511,0.437622,-1.27511][-0.023622,1,-0.023622][0.704982,0.295018,0][-1.00931,0.437622,-1.51381][-0.0314961,1,-0.0314961][0.662232,0.256652,0][-0.938248,0.518812,-0.938248][-0.0629921,0.992126,-0.0629921][0.650756,0.349244,0][-0.829496,0.437622,-1.67028][-0.023622,1,-0.0551181][0.633333,0.231531,0][-0.98409,0.553214,-1.85111e-08][-0.0708661,1,0][0.658114,0.5,0][-0.938248,0.518812,-0.938248][-0.0629921,0.992126,-0.0629921][0.650756,0.349244,0][-1.65907,0.437622,-0.847636][-0.0551181,1,-0.023622][0.766667,0.36375,0][-0.938404,0.518812,0.938406][-0.0787402,0.992126,0.0787402][0.650756,0.650756,0][-0.98409,0.553214,-1.85111e-08][-0.0708661,1,0][0.658114,0.5,0][-1.72623,0.46246,0.000157511][-0.125984,0.992126,0.015748][0.77735,0.5,0][3.04096e-07,0.553214,0.98409][0,1,0.0708661][0.5,0.658114,0][-0.938404,0.518812,0.938406][-0.0787402,0.992126,0.0787402][0.650756,0.650756,0][-0.000157104,0.462462,1.72623][-0.015748,0.992126,0.125984][0.5,0.77735,0][-0.938248,0.518812,-0.938248][-0.0629921,0.992126,-0.0629921][0.650756,0.349244,0][-1.27511,0.437622,-1.27511][-0.023622,1,-0.023622][0.704982,0.295018,0][-1.51365,0.437622,-1.00915][-0.015748,1,-0.015748][0.743348,0.337768,0][-1.51365,0.437622,-1.00915][-0.015748,1,-0.015748][0.743348,0.337768,0][-1.65907,0.437622,-0.847636][-0.0551181,1,-0.023622][0.766667,0.36375,0][-0.938248,0.518812,-0.938248][-0.0629921,0.992126,-0.0629921][0.650756,0.349244,0][-0.98409,0.553214,-1.85111e-08][-0.0708661,1,0][0.658114,0.5,0][-1.65907,0.437622,-0.847636][-0.0551181,1,-0.023622][0.766667,0.36375,0][-1.72623,0.46246,0.000157511][-0.125984,0.992126,0.015748][0.77735,0.5,0][-0.938404,0.518812,0.938406][-0.0787402,0.992126,0.0787402][0.650756,0.650756,0][-1.72623,0.46246,0.000157511][-0.125984,0.992126,0.015748][0.77735,0.5,0][-1.67036,0.437622,0.829654][-0.0629921,1,0.0393701][0.768469,0.633333,0][-0.000157104,0.462462,1.72623][-0.015748,0.992126,0.125984][0.5,0.77735,0][-0.938404,0.518812,0.938406][-0.0787402,0.992126,0.0787402][0.650756,0.650756,0][-0.829654,0.437622,1.67036][-0.0393701,1,0.0629921][0.633333,0.768469,0][-1.72623,0.46246,0.000157511][-0.125984,0.992126,0.015748][0.77735,0.5,0][-1.7259,0.437622,-0.575326][-0.015748,1,-0.00787402][0.777475,0.407508,0][-1.8176,0.437622,-0.159006][-0.00787402,1,0][0.792232,0.474434,0][-1.7259,0.437622,-0.575326][-0.015748,1,-0.00787402][0.777475,0.407508,0][-1.72623,0.46246,0.000157511][-0.125984,0.992126,0.015748][0.77735,0.5,0][-1.65907,0.437622,-0.847636][-0.0551181,1,-0.023622][0.766667,0.36375,0][-1.72623,0.46246,0.000157511][-0.125984,0.992126,0.015748][0.77735,0.5,0][-1.8467,0.437622,5.79232e-08][-0.015748,1,0][0.796898,0.5,0][-1.72387,0.437622,0.574596][-0.00787402,1,0][0.77716,0.592387,0][-1.72623,0.46246,0.000157511][-0.125984,0.992126,0.015748][0.77735,0.5,0][-1.72387,0.437622,0.574596][-0.00787402,1,0][0.77716,0.592387,0][-1.67036,0.437622,0.829654][-0.0629921,1,0.0393701][0.768469,0.633333,0][-0.938404,0.518812,0.938406][-0.0787402,0.992126,0.0787402][0.650756,0.650756,0][-1.67036,0.437622,0.829654][-0.0629921,1,0.0393701][0.768469,0.633333,0][-0.829654,0.437622,1.67036][-0.0393701,1,0.0629921][0.633333,0.768469,0]