version 1.00
608
[1.64863,0.280462,2.00584][0.0393701,1,0.0472441][-0.832311,-0.627234,0][1.85852,0.280462,1.85852][0.0314961,1,0.0393701][-0.845429,-0.636441,0][1.11445e-07,0.280462,0][0,1,0][-0.729272,-0.752598,0][1.64863,0.280462,2.00584][0.0393701,1,0.0472441][-0.832311,-0.627234,0][1.11445e-07,0.280462,0][0,1,0][-0.729272,-0.752598,0][1.45545,0.28046,2.18318][0.015748,1,0.015748][-0.820238,-0.61615,0][0.833684,0.28046,2.50106][0,1,0][-0.781377,-0.596282,0][1.30326,0.28046,2.24826][0.00787402,1,0.023622][-0.810726,-0.612082,0][1.11445e-07,0.280462,0][0,1,0][-0.729272,-0.752598,0][1.30326,0.28046,2.24826][0.00787402,1,0.023622][-0.810726,-0.612082,0][1.45545,0.28046,2.18318][0.015748,1,0.015748][-0.820238,-0.61615,0][1.11445e-07,0.280462,0][0,1,0][-0.729272,-0.752598,0][1.99978,0.28046,1.69443][0.0393701,1,0.0314961][-0.854258,-0.646697,0][2.18318,0.28046,1.45545][0.015748,1,0.00787402][-0.865721,-0.661633,0][1.11445e-07,0.280462,0][0,1,0][-0.729272,-0.752598,0][1.99978,0.28046,1.69443][0.0393701,1,0.0314961][-0.854258,-0.646697,0][1.11445e-07,0.280462,0][0,1,0][-0.729272,-0.752598,0][1.85852,0.280462,1.85852][0.0314961,1,0.0393701][-0.845429,-0.636441,0][0.810068,0.28046,2.5045][0,1,0][-0.779901,-0.596067,0][0.833684,0.28046,2.50106][0,1,0][-0.781377,-0.596282,0][1.11445e-07,0.280462,0][0,1,0][-0.729272,-0.752598,0][0.597988,0.28046,2.54164][0.00787402,1,0.0551181][-0.766646,-0.593746,0][0.810068,0.28046,2.5045][0,1,0][-0.779901,-0.596067,0][1.11445e-07,0.280462,0][0,1,0][-0.729272,-0.752598,0][0.0537636,0.28046,2.62228][0.00787402,1,0.0708661][-0.732632,-0.588705,0][1.11445e-07,0.280462,0][0,1,0][-0.729272,-0.752598,0][1.67168e-07,0.28046,2.63144][-0.00787402,1,0.0472441][-0.729272,-0.588133,0][1.11445e-07,0.280462,0][0,1,0][-0.729272,-0.752598,0][0.0537636,0.28046,2.62228][0.00787402,1,0.0708661][-0.732632,-0.588705,0][0.597988,0.28046,2.54164][0.00787402,1,0.0551181][-0.766646,-0.593746,0][2.48646,0.28046,0.865608][0.023622,1,0.00787402][-0.884676,-0.698498,0][2.50106,0.28046,0.833684][0,1,0][-0.885588,-0.700493,0][1.11445e-07,0.280462,0][0,1,0][-0.729272,-0.752598,0][2.48646,0.28046,0.865608][0.023622,1,0.00787402][-0.884676,-0.698498,0][1.11445e-07,0.280462,0][0,1,0][-0.729272,-0.752598,0][2.18318,0.28046,1.45545][0.015748,1,0.00787402][-0.865721,-0.661633,0][-0.833684,0.28046,2.50106][0,1,0][-0.677167,-0.596282,0][-0.597984,0.28046,2.54164][-0.0866142,0.834646,0.551181][-0.691898,-0.593746,0][1.67168e-07,0.28046,2.63144][-0.00787402,1,0.0472441][-0.729272,-0.588133,0][-0.833684,0.28046,2.50106][0,1,0][-0.677167,-0.596282,0][1.67168e-07,0.28046,2.63144][-0.00787402,1,0.0472441][-0.729272,-0.588133,0][1.11445e-07,0.280462,0][0,1,0][-0.729272,-0.752598,0][2.50106,0.28046,0.833684][0,1,0][-0.885588,-0.700493,0][2.54164,0.280462,0.597984][0.551181,0.834646,0.0866142][-0.888125,-0.715224,0][2.63144,0.280462,1.11445e-07][0.0472441,1,0.00787402][-0.893737,-0.752598,0][2.50106,0.28046,0.833684][0,1,0][-0.885588,-0.700493,0][2.63144,0.280462,1.11445e-07][0.0472441,1,0.00787402][-0.893737,-0.752598,0][1.11445e-07,0.280462,0][0,1,0][-0.729272,-0.752598,0][-0.865608,0.28046,2.48646][-0.00787402,1,0.023622][-0.675172,-0.597195,0][-0.833684,0.28046,2.50106][0,1,0][-0.677167,-0.596282,0][1.11445e-07,0.280462,0][0,1,0][-0.729272,-0.752598,0][-0.865608,0.28046,2.48646][-0.00787402,1,0.023622][-0.675172,-0.597195,0][1.11445e-07,0.280462,0][0,1,0][-0.729272,-0.752598,0][-1.45545,0.28046,2.18318][-0.00787402,1,0.015748][-0.638306,-0.61615,0][2.62228,0.280462,-0.0537634][0.0708661,1,-0.00787402][-0.893165,-0.755958,0][2.54164,0.28046,-0.597986][0.0551181,1,-0.00787402][-0.888125,-0.789972,0][1.11445e-07,0.280462,0][0,1,0][-0.729272,-0.752598,0][2.63144,0.280462,1.11445e-07][0.0472441,1,0.00787402][-0.893737,-0.752598,0][2.62228,0.280462,-0.0537634][0.0708661,1,-0.00787402][-0.893165,-0.755958,0][1.11445e-07,0.280462,0][0,1,0][-0.729272,-0.752598,0][2.5045,0.28046,-0.81007][0,1,0][-0.885803,-0.803228,0][2.50106,0.28046,-0.833684][0,1,0][-0.885588,-0.804704,0][1.11445e-07,0.280462,0][0,1,0][-0.729272,-0.752598,0][2.5045,0.28046,-0.81007][0,1,0][-0.885803,-0.803228,0][1.11445e-07,0.280462,0][0,1,0][-0.729272,-0.752598,0][2.54164,0.28046,-0.597986][0.0551181,1,-0.00787402][-0.888125,-0.789972,0][-1.69443,0.28046,1.99978][-0.0314961,1,0.0393701][-0.62337,-0.627612,0][-1.45545,0.28046,2.18318][-0.00787402,1,0.015748][-0.638306,-0.61615,0][1.11445e-07,0.280462,0][0,1,0][-0.729272,-0.752598,0][-1.69443,0.28046,1.99978][-0.0314961,1,0.0393701][-0.62337,-0.627612,0][1.11445e-07,0.280462,0][0,1,0][-0.729272,-0.752598,0][-1.85852,0.28046,1.85852][-0.0393701,1,0.0314961][-0.613115,-0.636441,0][2.24826,0.280462,-1.30326][0.023622,1,-0.00787402][-0.869789,-0.834052,0][2.18318,0.280462,-1.45545][0.015748,1,-0.015748][-0.865721,-0.843564,0][1.11445e-07,0.280462,0][0,1,0][-0.729272,-0.752598,0][2.24826,0.280462,-1.30326][0.023622,1,-0.00787402][-0.869789,-0.834052,0][1.11445e-07,0.280462,0][0,1,0][-0.729272,-0.752598,0][2.50106,0.28046,-0.833684][0,1,0][-0.885588,-0.804704,0][-2.00584,0.280462,1.64863][-0.0472441,1,0.0393701][-0.603908,-0.649559,0][-1.85852,0.28046,1.85852][-0.0393701,1,0.0314961][-0.613115,-0.636441,0][1.11445e-07,0.280462,0][0,1,0][-0.729272,-0.752598,0][-2.00584,0.280462,1.64863][-0.0472441,1,0.0393701][-0.603908,-0.649559,0][1.11445e-07,0.280462,0][0,1,0][-0.729272,-0.752598,0][-2.18318,0.280462,1.45545][-0.015748,1,0.015748][-0.592824,-0.661633,0][2.00584,0.28046,-1.64863][0.0472441,1,-0.0393701][-0.854637,-0.855637,0][1.85852,0.28046,-1.85852][0.023622,1,-0.023622][-0.845429,-0.868756,0][1.11445e-07,0.280462,0][0,1,0][-0.729272,-0.752598,0][2.00584,0.28046,-1.64863][0.0472441,1,-0.0393701][-0.854637,-0.855637,0][1.11445e-07,0.280462,0][0,1,0][-0.729272,-0.752598,0][2.18318,0.280462,-1.45545][0.015748,1,-0.015748][-0.865721,-0.843564,0][-2.24826,0.280462,1.30326][-0.023622,1,0.00787402][-0.588755,-0.671145,0][-2.18318,0.280462,1.45545][-0.015748,1,0.015748][-0.592824,-0.661633,0][1.11445e-07,0.280462,0][0,1,0][-0.729272,-0.752598,0][-2.24826,0.280462,1.30326][-0.023622,1,0.00787402][-0.588755,-0.671145,0][1.11445e-07,0.280462,0][0,1,0][-0.729272,-0.752598,0][-2.50106,0.280462,0.833684][0,1,0][-0.572956,-0.700493,0][1.85852,0.28046,-1.85852][0.023622,1,-0.023622][-0.845429,-0.868756,0][1.69443,0.28046,-1.99978][0.299213,0.88189,-0.362205][-0.835174,-0.877585,0][1.45545,0.28046,-2.18318][0.00787402,1,-0.015748][-0.820238,-0.889047,0][1.85852,0.28046,-1.85852][0.023622,1,-0.023622][-0.845429,-0.868756,0][1.45545,0.28046,-2.18318][0.00787402,1,-0.015748][-0.820238,-0.889047,0][1.11445e-07,0.280462,0][0,1,0][-0.729272,-0.752598,0][1.11445e-07,0.280462,0][0,1,0][-0.729272,-0.752598,0][-2.5045,0.280462,0.81007][0,1,0][-0.572741,-0.701969,0][-2.50106,0.280462,0.833684][0,1,0][-0.572956,-0.700493,0][-2.5045,0.280462,0.81007][0,1,0][-0.572741,-0.701969,0][1.11445e-07,0.280462,0][0,1,0][-0.729272,-0.752598,0][-2.54164,0.280462,0.597986][-0.0551181,1,0.00787402][-0.570419,-0.715224,0][-2.62228,0.28046,0.0537632][-0.0708661,1,0.00787402][-0.565379,-0.749238,0][-2.54164,0.280462,0.597986][-0.0551181,1,0.00787402][-0.570419,-0.715224,0][1.11445e-07,0.280462,0][0,1,0][-0.729272,-0.752598,0][-2.63144,0.28046,-1.67168e-07][-0.0472441,1,-0.00787402][-0.564807,-0.752598,0][-2.62228,0.28046,0.0537632][-0.0708661,1,0.00787402][-0.565379,-0.749238,0][1.11445e-07,0.280462,0][0,1,0][-0.729272,-0.752598,0][1.45545,0.28046,-2.18318][0.00787402,1,-0.015748][-0.820238,-0.889047,0][0.865608,0.28046,-2.48646][0.19685,0.897638,-0.385827][-0.783373,-0.908002,0][0.833684,0.28046,-2.50106][0,1,0][-0.781377,-0.908914,0][1.45545,0.28046,-2.18318][0.00787402,1,-0.015748][-0.820238,-0.889047,0][0.833684,0.28046,-2.50106][0,1,0][-0.781377,-0.908914,0][1.11445e-07,0.280462,0][0,1,0][-0.729272,-0.752598,0][-2.50106,0.28046,-0.833684][0,1,0][-0.572956,-0.804704,0][-2.54164,0.28046,-0.597984][-0.551181,0.834646,-0.0866142][-0.570419,-0.789972,0][-2.63144,0.28046,-1.67168e-07][-0.0472441,1,-0.00787402][-0.564807,-0.752598,0][-2.50106,0.28046,-0.833684][0,1,0][-0.572956,-0.804704,0][-2.63144,0.28046,-1.67168e-07][-0.0472441,1,-0.00787402][-0.564807,-0.752598,0][1.11445e-07,0.280462,0][0,1,0][-0.729272,-0.752598,0][0.833684,0.28046,-2.50106][0,1,0][-0.781377,-0.908914,0][0.597984,0.28046,-2.54164][0.0866142,0.834646,-0.551181][-0.766646,-0.911451,0][-3.88594e-09,0.28046,-2.63144][0.00787402,1,-0.0472441][-0.729272,-0.917063,0][0.833684,0.28046,-2.50106][0,1,0][-0.781377,-0.908914,0][-3.88594e-09,0.28046,-2.63144][0.00787402,1,-0.0472441][-0.729272,-0.917063,0][1.11445e-07,0.280462,0][0,1,0][-0.729272,-0.752598,0][-2.48646,0.28046,-0.865608][-0.023622,1,-0.00787402][-0.573868,-0.806699,0][-2.50106,0.28046,-0.833684][0,1,0][-0.572956,-0.804704,0][1.11445e-07,0.280462,0][0,1,0][-0.729272,-0.752598,0][-2.48646,0.28046,-0.865608][-0.023622,1,-0.00787402][-0.573868,-0.806699,0][1.11445e-07,0.280462,0][0,1,0][-0.729272,-0.752598,0][-2.18318,0.28046,-1.45545][-0.015748,1,-0.00787402][-0.592824,-0.843564,0][-3.88594e-09,0.28046,-2.63144][0.00787402,1,-0.0472441][-0.729272,-0.917063,0][-0.0537644,0.28046,-2.62228][-0.00787402,1,-0.0708661][-0.725912,-0.916491,0][1.11445e-07,0.280462,0][0,1,0][-0.729272,-0.752598,0][1.11445e-07,0.280462,0][0,1,0][-0.729272,-0.752598,0][-0.0537644,0.28046,-2.62228][-0.00787402,1,-0.0708661][-0.725912,-0.916491,0][-0.59799,0.28046,-2.54164][-0.00787402,1,-0.0551181][-0.691898,-0.911451,0][-0.81007,0.28046,-2.5045][0,1,0][-0.678643,-0.909129,0][-0.833684,0.28046,-2.50106][0,1,0][-0.677167,-0.908914,0][1.11445e-07,0.280462,0][0,1,0][-0.729272,-0.752598,0][-0.59799,0.28046,-2.54164][-0.00787402,1,-0.0551181][-0.691898,-0.911451,0][-0.81007,0.28046,-2.5045][0,1,0][-0.678643,-0.909129,0][1.11445e-07,0.280462,0][0,1,0][-0.729272,-0.752598,0][-1.85852,0.28046,-1.85852][-0.023622,1,-0.023622][-0.613115,-0.868756,0][-1.99978,0.28046,-1.69443][-0.362205,0.88189,-0.299213][-0.604286,-0.8585,0][-2.18318,0.28046,-1.45545][-0.015748,1,-0.00787402][-0.592824,-0.843564,0][-1.85852,0.28046,-1.85852][-0.023622,1,-0.023622][-0.613115,-0.868756,0][-2.18318,0.28046,-1.45545][-0.015748,1,-0.00787402][-0.592824,-0.843564,0][1.11445e-07,0.280462,0][0,1,0][-0.729272,-0.752598,0][-0.833684,0.28046,-2.50106][0,1,0][-0.677167,-0.908914,0][-1.30326,0.28046,-2.24826][-0.00787402,1,-0.023622][-0.647818,-0.893115,0][1.11445e-07,0.280462,0][0,1,0][-0.729272,-0.752598,0][-1.30326,0.28046,-2.24826][-0.00787402,1,-0.023622][-0.647818,-0.893115,0][-1.45545,0.28046,-2.18318][-0.015748,1,-0.015748][-0.638306,-0.889047,0][1.11445e-07,0.280462,0][0,1,0][-0.729272,-0.752598,0][-1.45545,0.28046,-2.18318][-0.015748,1,-0.015748][-0.638306,-0.889047,0][-1.64863,0.28046,-2.00584][-0.0393701,1,-0.0472441][-0.626233,-0.877963,0][1.11445e-07,0.280462,0][0,1,0][-0.729272,-0.752598,0][-1.64863,0.28046,-2.00584][-0.0393701,1,-0.0472441][-0.626233,-0.877963,0][-1.85852,0.28046,-1.85852][-0.023622,1,-0.023622][-0.613115,-0.868756,0][1.11445e-07,0.280462,0][0,1,0][-0.729272,-0.752598,0][1.64244,-0.166662,2.26248][0.637795,0,0.771654][-0.62662,-0.763015,0][1.64906,0.169101,2.25706][0.637795,0,0.771654][-0.626206,-0.74203,0][1.55572,-0.163564,2.33358][0.519685,0,0.850394][-0.63204,-0.762821,0][1.64906,0.169101,2.25706][0.637795,0,0.771654][-0.626206,-0.74203,0][1.64244,-0.166662,2.26248][0.637795,0,0.771654][-0.62662,-0.763015,0][1.84099,0.182254,2.09972][0.637795,0,0.771654][-0.61421,-0.741207,0][1.55572,-0.163564,2.33358][0.519685,0,0.850394][-0.63204,-0.762821,0][1.64906,0.169101,2.25706][0.637795,0,0.771654][-0.626206,-0.74203,0][1.55572,0.172065,2.33358][0.527559,0,0.850394][-0.63204,-0.741844,0][1.84099,0.182254,2.09972][0.637795,0,0.771654][-0.61421,-0.741207,0][1.64244,-0.166662,2.26248][0.637795,0,0.771654][-0.62662,-0.763015,0][1.90654,0.179916,2.04598][0.637795,0,0.771654][-0.610113,-0.741354,0][0.886896,-0.155369,2.66068][0.220472,0,0.976378][-0.673841,-0.762309,0][1.03227,-0.158536,2.58958][0.440945,0,0.897638][-0.664755,-0.762507,0][0.886896,0.163871,2.66068][0.362205,0,0.929134][-0.673841,-0.742356,0][1.42056,0.167107,2.39968][0.440945,0,0.897638][-0.640487,-0.742154,0][1.18591,0.158497,2.51444][0.440945,0,0.897638][-0.655153,-0.742692,0][1.03227,-0.158536,2.58958][0.440945,0,0.897638][-0.664755,-0.762507,0][1.18591,0.158497,2.51444][0.440945,0,0.897638][-0.655153,-0.742692,0][0.886896,0.163871,2.66068][0.362205,0,0.929134][-0.673841,-0.742356,0][1.03227,-0.158536,2.58958][0.440945,0,0.897638][-0.664755,-0.762507,0][1.37666,-0.166038,2.42114][0.440945,0,0.897638][-0.643231,-0.762976,0][1.55572,-0.163564,2.33358][0.519685,0,0.850394][-0.63204,-0.762821,0][1.42056,0.167107,2.39968][0.440945,0,0.897638][-0.640487,-0.742154,0][1.37666,-0.166038,2.42114][0.440945,0,0.897638][-0.643231,-0.762976,0][1.42056,0.167107,2.39968][0.440945,0,0.897638][-0.640487,-0.742154,0][1.03227,-0.158536,2.58958][0.440945,0,0.897638][-0.664755,-0.762507,0][1.42056,0.167107,2.39968][0.440945,0,0.897638][-0.640487,-0.742154,0][1.55572,-0.163564,2.33358][0.519685,0,0.850394][-0.63204,-0.762821,0][1.55572,0.172065,2.33358][0.527559,0,0.850394][-0.63204,-0.741844,0][1.64244,-0.166662,2.26248][0.637795,0,0.771654][-0.62662,-0.763015,0][1.84099,-0.173753,2.09972][0.637795,0,0.771654][-0.61421,-0.763458,0][1.90654,0.179916,2.04598][0.637795,0,0.771654][-0.610113,-0.741354,0][1.90654,0.179916,2.04598][0.637795,0,0.771654][-0.610113,-0.741354,0][1.84099,-0.173753,2.09972][0.637795,0,0.771654][-0.61421,-0.763458,0][1.98316,-0.171217,1.98316][0.653543,0,0.755906][-0.605325,-0.763299,0][1.98316,0.179719,1.98316][0.755906,0,0.653543][-0.605325,-0.741366,0][1.9555,0.178169,2.00584][0.637795,0,0.771654][-0.607053,-0.741463,0][1.98316,-0.171217,1.98316][0.653543,0,0.755906][-0.605325,-0.763299,0][1.9555,0.178169,2.00584][0.637795,0,0.771654][-0.607053,-0.741463,0][1.90654,0.179916,2.04598][0.637795,0,0.771654][-0.610113,-0.741354,0][1.98316,-0.171217,1.98316][0.653543,0,0.755906][-0.605325,-0.763299,0][2.00584,-0.169668,1.9555][0.771654,0,0.637795][-0.851491,-0.763203,0][2.05114,-0.171639,1.90023][0.771654,0,0.637795][-0.848037,-0.763326,0][1.98316,0.179719,1.98316][0.755906,0,0.653543][-0.85322,-0.741366,0][1.98316,-0.171217,1.98316][0.653543,0,0.755906][-0.85322,-0.763299,0][2.00584,-0.169668,1.9555][0.771654,0,0.637795][-0.851491,-0.763203,0][1.98316,0.179719,1.98316][0.755906,0,0.653543][-0.85322,-0.741366,0][2.09972,0.182254,1.84099][0.771654,0,0.637795][-0.844334,-0.741207,0][1.98316,0.179719,1.98316][0.755906,0,0.653543][-0.85322,-0.741366,0][2.05114,-0.171639,1.90023][0.771654,0,0.637795][-0.848037,-0.763326,0][2.09972,0.182254,1.84099][0.771654,0,0.637795][-0.844334,-0.741207,0][2.05114,-0.171639,1.90023][0.771654,0,0.637795][-0.848037,-0.763326,0][2.26766,0.174937,1.63613][0.771654,0,0.637795][-0.83153,-0.741665,0][1.15878e-07,-0.153939,2.80462][-0.0866142,0,1][-0.729272,-0.762219,0][0.197473,-0.155568,2.77256][0.15748,0,0.984252][-0.71693,-0.762321,0][1.15523e-07,0.16244,2.80462][0.0944882,0,0.992126][-0.729272,-0.742446,0][0.699542,0.161969,2.69108][0.15748,0,0.984252][-0.685551,-0.742475,0][0.48487,0.15979,2.72592][0.15748,0,0.984252][-0.698968,-0.742611,0][0.197473,-0.155568,2.77256][0.15748,0,0.984252][-0.71693,-0.762321,0][0.48487,0.15979,2.72592][0.15748,0,0.984252][-0.698968,-0.742611,0][1.15523e-07,0.16244,2.80462][0.0944882,0,0.992126][-0.729272,-0.742446,0][0.197473,-0.155568,2.77256][0.15748,0,0.984252][-0.71693,-0.762321,0][0.197473,-0.155568,2.77256][0.15748,0,0.984252][-0.71693,-0.762321,0][0.440202,-0.15757,2.73318][0.15748,0,0.984252][-0.701759,-0.762446,0][0.699542,0.161969,2.69108][0.15748,0,0.984252][-0.685551,-0.742475,0][0.886896,-0.155369,2.66068][0.220472,0,0.976378][-0.673841,-0.762309,0][0.886896,0.163871,2.66068][0.362205,0,0.929134][-0.673841,-0.742356,0][0.699542,0.161969,2.69108][0.15748,0,0.984252][-0.685551,-0.742475,0][0.886896,-0.155369,2.66068][0.220472,0,0.976378][-0.673841,-0.762309,0][0.699542,0.161969,2.69108][0.15748,0,0.984252][-0.685551,-0.742475,0][0.440202,-0.15757,2.73318][0.15748,0,0.984252][-0.701759,-0.762446,0][2.05114,-0.171639,1.90023][0.771654,0,0.637795][-0.848037,-0.763326,0][2.09972,-0.173753,1.84099][0.771654,0,0.637795][-0.844334,-0.763458,0][2.26766,0.174937,1.63613][0.771654,0,0.637795][-0.83153,-0.741665,0][2.25706,-0.160599,1.64906][0.771654,0,0.637795][-0.832338,-0.762636,0][2.33358,0.172065,1.55572][0.858268,0,0.519685][-0.826504,-0.741844,0][2.26766,0.174937,1.63613][0.771654,0,0.637795][-0.83153,-0.741665,0][2.33358,0.172065,1.55572][0.858268,0,0.519685][-0.826504,-0.741844,0][2.25706,-0.160599,1.64906][0.771654,0,0.637795][-0.832338,-0.762636,0][2.33358,-0.163564,1.55572][0.850394,0,0.527559][-0.826504,-0.762821,0][2.25706,-0.160599,1.64906][0.771654,0,0.637795][-0.832338,-0.762636,0][2.26766,0.174937,1.63613][0.771654,0,0.637795][-0.83153,-0.741665,0][2.09972,-0.173753,1.84099][0.771654,0,0.637795][-0.844334,-0.763458,0][2.33358,-0.163564,1.55572][0.850394,0,0.527559][-0.826504,-0.762821,0][2.40486,-0.158216,1.40996][0.897638,0,0.440945][-0.817394,-0.762487,0][2.33358,0.172065,1.55572][0.858268,0,0.519685][-0.826504,-0.741844,0][2.42114,0.174539,1.37666][0.897638,0,0.440945][-0.815313,-0.74169,0][2.33358,0.172065,1.55572][0.858268,0,0.519685][-0.826504,-0.741844,0][2.40486,-0.158216,1.40996][0.897638,0,0.440945][-0.817394,-0.762487,0][2.42114,0.174539,1.37666][0.897638,0,0.440945][-0.815313,-0.74169,0][2.40486,-0.158216,1.40996][0.897638,0,0.440945][-0.817394,-0.762487,0][2.59442,0.166822,1.02239][0.897638,0,0.440945][-0.793172,-0.742172,0][-0.184204,0.16396,2.77472][-0.15748,0,0.984252][-0.740785,-0.742351,0][-0.440204,0.166072,2.73318][-0.15748,0,0.984252][-0.756785,-0.742219,0][-0.685882,-0.153329,2.6933][-0.15748,0,0.984252][-0.77214,-0.762181,0][-0.886896,0.163871,2.66068][-0.212598,0,0.976378][-0.784703,-0.742356,0][-0.886896,-0.155369,2.66068][-0.362205,0,0.929134][-0.784703,-0.762309,0][-0.685882,-0.153329,2.6933][-0.15748,0,0.984252][-0.77214,-0.762181,0][-0.886896,0.163871,2.66068][-0.212598,0,0.976378][-0.784703,-0.742356,0][-0.685882,-0.153329,2.6933][-0.15748,0,0.984252][-0.77214,-0.762181,0][-0.440204,0.166072,2.73318][-0.15748,0,0.984252][-0.756785,-0.742219,0][1.15523e-07,0.16244,2.80462][0.0944882,0,0.992126][-0.729272,-0.742446,0][-0.184204,0.16396,2.77472][-0.15748,0,0.984252][-0.740785,-0.742351,0][1.15878e-07,-0.153939,2.80462][-0.0866142,0,1][-0.729272,-0.762219,0][-0.685882,-0.153329,2.6933][-0.15748,0,0.984252][-0.77214,-0.762181,0][-0.48487,-0.151288,2.72592][-0.15748,0,0.984252][-0.759576,-0.762054,0][-0.184204,0.16396,2.77472][-0.15748,0,0.984252][-0.740785,-0.742351,0][-0.48487,-0.151288,2.72592][-0.15748,0,0.984252][-0.759576,-0.762054,0][1.15878e-07,-0.153939,2.80462][-0.0866142,0,1][-0.729272,-0.762219,0][-0.184204,0.16396,2.77472][-0.15748,0,0.984252][-0.740785,-0.742351,0][2.66068,-0.155369,0.886896][0.929134,0,0.362205][-0.784703,-0.762309,0][2.59442,0.166822,1.02239][0.897638,0,0.440945][-0.793172,-0.742172,0][2.51444,-0.149995,1.18591][0.897638,0,0.440945][-0.803391,-0.761973,0][2.59442,0.166822,1.02239][0.897638,0,0.440945][-0.793172,-0.742172,0][2.66068,-0.155369,0.886896][0.929134,0,0.362205][-0.784703,-0.762309,0][2.66068,0.16387,0.886896][0.976378,0,0.212598][-0.784703,-0.742356,0][2.51444,-0.149995,1.18591][0.897638,0,0.440945][-0.803391,-0.761973,0][2.59442,0.166822,1.02239][0.897638,0,0.440945][-0.793172,-0.742172,0][2.40486,-0.158216,1.40996][0.897638,0,0.440945][-0.817394,-0.762487,0][2.66068,-0.155369,0.886896][0.929134,0,0.362205][-0.784703,-0.762309,0][2.6933,-0.153328,0.68588][0.984252,0,0.15748][-0.77214,-0.762181,0][2.66068,0.16387,0.886896][0.976378,0,0.212598][-0.784703,-0.742356,0][2.6933,-0.153328,0.68588][0.984252,0,0.15748][-0.77214,-0.762181,0][2.73318,0.166072,0.440202][0.984252,0,0.15748][-0.756785,-0.742219,0][2.66068,0.16387,0.886896][0.976378,0,0.212598][-0.784703,-0.742356,0][2.73318,0.166072,0.440202][0.984252,0,0.15748][-0.756785,-0.742219,0][2.6933,-0.153328,0.68588][0.984252,0,0.15748][-0.77214,-0.762181,0][2.77472,0.163959,0.184205][0.984252,0,0.15748][-0.740785,-0.742351,0][-1.37666,0.174539,2.42114][-0.440945,0,0.897638][-0.815314,-0.74169,0][-1.55572,0.172066,2.33358][-0.519685,0,0.858268][-0.826504,-0.741844,0][-1.40996,-0.158216,2.40486][-0.440945,0,0.897638][-0.817394,-0.762487,0][-1.37666,0.174539,2.42114][-0.440945,0,0.897638][-0.815314,-0.74169,0][-1.40996,-0.158216,2.40486][-0.440945,0,0.897638][-0.817394,-0.762487,0][-1.02239,0.166822,2.59442][-0.440945,0,0.897638][-0.793172,-0.742172,0][-1.40996,-0.158216,2.40486][-0.440945,0,0.897638][-0.817394,-0.762487,0][-1.55572,0.172066,2.33358][-0.519685,0,0.858268][-0.826504,-0.741844,0][-1.55572,-0.163564,2.33358][-0.527559,0,0.850394][-0.826504,-0.762821,0][-0.886896,0.163871,2.66068][-0.212598,0,0.976378][-0.784703,-0.742356,0][-1.02239,0.166822,2.59442][-0.440945,0,0.897638][-0.793172,-0.742172,0][-0.886896,-0.155369,2.66068][-0.362205,0,0.929134][-0.784703,-0.762309,0][-1.40996,-0.158216,2.40486][-0.440945,0,0.897638][-0.817394,-0.762487,0][-1.18591,-0.149996,2.51444][-0.440945,0,0.897638][-0.803391,-0.761973,0][-1.02239,0.166822,2.59442][-0.440945,0,0.897638][-0.793172,-0.742172,0][-1.18591,-0.149996,2.51444][-0.440945,0,0.897638][-0.803391,-0.761973,0][-0.886896,-0.155369,2.66068][-0.362205,0,0.929134][-0.784703,-0.762309,0][-1.02239,0.166822,2.59442][-0.440945,0,0.897638][-0.793172,-0.742172,0][2.8046,-0.153938,2.33416e-07][1,0,0.0866142][-0.729272,-0.762219,0][2.77472,0.163959,0.184205][0.984252,0,0.15748][-0.740785,-0.742351,0][2.72592,-0.151287,0.484872][0.984252,0,0.15748][-0.759577,-0.762054,0][2.77472,0.163959,0.184205][0.984252,0,0.15748][-0.740785,-0.742351,0][2.8046,-0.153938,2.33416e-07][1,0,0.0866142][-0.729272,-0.762219,0][2.8046,0.16244,2.33416e-07][0.992126,0,-0.0944882][-0.729272,-0.742446,0][2.72592,-0.151287,0.484872][0.984252,0,0.15748][-0.759577,-0.762054,0][2.77472,0.163959,0.184205][0.984252,0,0.15748][-0.740785,-0.742351,0][2.6933,-0.153328,0.68588][0.984252,0,0.15748][-0.77214,-0.762181,0][2.8046,-0.153938,2.33416e-07][1,0,0.0866142][-0.729272,-0.762219,0][2.77256,-0.155567,-0.197474][0.984252,0,-0.15748][-0.71693,-0.762321,0][2.8046,0.16244,2.33416e-07][0.992126,0,-0.0944882][-0.729272,-0.742446,0][2.69108,0.161968,-0.699542][0.984252,0,-0.15748][-0.685551,-0.742475,0][2.72592,0.159789,-0.484872][0.984252,0,-0.15748][-0.698968,-0.742612,0][2.77256,-0.155567,-0.197474][0.984252,0,-0.15748][-0.71693,-0.762321,0][2.72592,0.159789,-0.484872][0.984252,0,-0.15748][-0.698968,-0.742612,0][2.8046,0.16244,2.33416e-07][0.992126,0,-0.0944882][-0.729272,-0.742446,0][2.77256,-0.155567,-0.197474][0.984252,0,-0.15748][-0.71693,-0.762321,0][-1.63613,0.174938,2.26766][-0.637795,0,0.771654][-0.83153,-0.741665,0][-1.84098,0.182255,2.09972][-0.637795,0,0.771654][-0.844333,-0.741207,0][-1.90023,-0.17164,2.05114][-0.637795,0,0.771654][-0.848037,-0.763326,0][-1.90023,-0.17164,2.05114][-0.637795,0,0.771654][-0.848037,-0.763326,0][-1.84098,0.182255,2.09972][-0.637795,0,0.771654][-0.844333,-0.741207,0][-1.98316,0.179719,1.98316][-0.653543,0,0.755906][-0.853219,-0.741366,0][-1.98316,-0.171218,1.98316][-0.755906,0,0.653543][-0.853219,-0.763299,0][-1.9555,-0.169669,2.00584][-0.637795,0,0.771654][-0.851491,-0.763203,0][-1.98316,0.179719,1.98316][-0.653543,0,0.755906][-0.853219,-0.741366,0][-1.9555,-0.169669,2.00584][-0.637795,0,0.771654][-0.851491,-0.763203,0][-1.90023,-0.17164,2.05114][-0.637795,0,0.771654][-0.848037,-0.763326,0][-1.98316,0.179719,1.98316][-0.653543,0,0.755906][-0.853219,-0.741366,0][-1.63613,0.174938,2.26766][-0.637795,0,0.771654][-0.83153,-0.741665,0][-1.64906,-0.1606,2.25706][-0.637795,0,0.771654][-0.832338,-0.762636,0][-1.55572,0.172066,2.33358][-0.519685,0,0.858268][-0.826504,-0.741844,0][-1.64906,-0.1606,2.25706][-0.637795,0,0.771654][-0.832338,-0.762636,0][-1.63613,0.174938,2.26766][-0.637795,0,0.771654][-0.83153,-0.741665,0][-1.84098,-0.173753,2.09972][-0.637795,0,0.771654][-0.844333,-0.763458,0][-1.55572,0.172066,2.33358][-0.519685,0,0.858268][-0.826504,-0.741844,0][-1.64906,-0.1606,2.25706][-0.637795,0,0.771654][-0.832338,-0.762636,0][-1.55572,-0.163564,2.33358][-0.527559,0,0.850394][-0.826504,-0.762821,0][-1.84098,-0.173753,2.09972][-0.637795,0,0.771654][-0.844333,-0.763458,0][-1.63613,0.174938,2.26766][-0.637795,0,0.771654][-0.83153,-0.741665,0][-1.90023,-0.17164,2.05114][-0.637795,0,0.771654][-0.848037,-0.763326,0][2.77256,-0.155567,-0.197474][0.984252,0,-0.15748][-0.71693,-0.762321,0][2.73318,-0.15757,-0.440202][0.984252,0,-0.15748][-0.701759,-0.762446,0][2.69108,0.161968,-0.699542][0.984252,0,-0.15748][-0.685551,-0.742475,0][2.66068,-0.155369,-0.886896][0.976378,0,-0.220472][-0.673841,-0.762309,0][2.66068,0.16387,-0.886896][0.929134,0,-0.362205][-0.673841,-0.742356,0][2.69108,0.161968,-0.699542][0.984252,0,-0.15748][-0.685551,-0.742475,0][2.66068,-0.155369,-0.886896][0.976378,0,-0.220472][-0.673841,-0.762309,0][2.69108,0.161968,-0.699542][0.984252,0,-0.15748][-0.685551,-0.742475,0][2.73318,-0.15757,-0.440202][0.984252,0,-0.15748][-0.701759,-0.762446,0][2.66068,-0.155369,-0.886896][0.976378,0,-0.220472][-0.673841,-0.762309,0][2.58958,-0.158536,-1.03227][0.897638,0,-0.440945][-0.664755,-0.762507,0][2.66068,0.16387,-0.886896][0.929134,0,-0.362205][-0.673841,-0.742356,0][2.39968,0.167106,-1.42056][0.897638,0,-0.440945][-0.640487,-0.742154,0][2.51444,0.158497,-1.18591][0.897638,0,-0.440945][-0.655153,-0.742692,0][2.58958,-0.158536,-1.03227][0.897638,0,-0.440945][-0.664755,-0.762507,0][2.51444,0.158497,-1.18591][0.897638,0,-0.440945][-0.655153,-0.742692,0][2.66068,0.16387,-0.886896][0.929134,0,-0.362205][-0.673841,-0.742356,0][2.58958,-0.158536,-1.03227][0.897638,0,-0.440945][-0.664755,-0.762507,0][-2.04596,0.179916,1.90654][-0.771654,0,0.637795][-0.610113,-0.741354,0][-2.09972,0.182255,1.84098][-0.771654,0,0.637795][-0.614211,-0.741207,0][-2.26248,-0.166662,1.64244][-0.771654,0,0.637795][-0.62662,-0.763015,0][-2.25706,0.169102,1.64906][-0.771654,0,0.637795][-0.626206,-0.742029,0][-2.33358,-0.163565,1.55572][-0.850394,0,0.519685][-0.63204,-0.762821,0][-2.26248,-0.166662,1.64244][-0.771654,0,0.637795][-0.62662,-0.763015,0][-2.33358,-0.163565,1.55572][-0.850394,0,0.519685][-0.63204,-0.762821,0][-2.25706,0.169102,1.64906][-0.771654,0,0.637795][-0.626206,-0.742029,0][-2.33358,0.172066,1.55572][-0.850394,0,0.527559][-0.63204,-0.741844,0][-2.25706,0.169102,1.64906][-0.771654,0,0.637795][-0.626206,-0.742029,0][-2.26248,-0.166662,1.64244][-0.771654,0,0.637795][-0.62662,-0.763015,0][-2.09972,0.182255,1.84098][-0.771654,0,0.637795][-0.614211,-0.741207,0][-2.00584,0.17817,1.9555][-0.771654,0,0.637795][-0.607053,-0.741463,0][-2.04596,0.179916,1.90654][-0.771654,0,0.637795][-0.610113,-0.741354,0][-1.98316,-0.171218,1.98316][-0.755906,0,0.653543][-0.605325,-0.763299,0][-1.98316,0.179719,1.98316][-0.653543,0,0.755906][-0.605325,-0.741366,0][-2.00584,0.17817,1.9555][-0.771654,0,0.637795][-0.607053,-0.741463,0][-1.98316,-0.171218,1.98316][-0.755906,0,0.653543][-0.605325,-0.763299,0][-2.09972,-0.173754,1.84098][-0.771654,0,0.637795][-0.614211,-0.763458,0][-1.98316,-0.171218,1.98316][-0.755906,0,0.653543][-0.605325,-0.763299,0][-2.04596,0.179916,1.90654][-0.771654,0,0.637795][-0.610113,-0.741354,0][-2.09972,-0.173754,1.84098][-0.771654,0,0.637795][-0.614211,-0.763458,0][-2.04596,0.179916,1.90654][-0.771654,0,0.637795][-0.610113,-0.741354,0][-2.26248,-0.166662,1.64244][-0.771654,0,0.637795][-0.62662,-0.763015,0][2.42114,-0.166038,-1.37666][0.897638,0,-0.440945][-0.643231,-0.762976,0][2.33358,-0.163564,-1.55572][0.850394,0,-0.519685][-0.63204,-0.762821,0][2.39968,0.167106,-1.42056][0.897638,0,-0.440945][-0.640487,-0.742154,0][2.42114,-0.166038,-1.37666][0.897638,0,-0.440945][-0.643231,-0.762976,0][2.39968,0.167106,-1.42056][0.897638,0,-0.440945][-0.640487,-0.742154,0][2.58958,-0.158536,-1.03227][0.897638,0,-0.440945][-0.664755,-0.762507,0][2.39968,0.167106,-1.42056][0.897638,0,-0.440945][-0.640487,-0.742154,0][2.33358,-0.163564,-1.55572][0.850394,0,-0.519685][-0.63204,-0.762821,0][2.33358,0.172065,-1.55572][0.850394,0,-0.527559][-0.63204,-0.741844,0][2.26248,-0.166661,-1.64244][0.771654,0,-0.637795][-0.62662,-0.763015,0][2.25706,0.169101,-1.64906][0.771654,0,-0.637795][-0.626206,-0.74203,0][2.33358,-0.163564,-1.55572][0.850394,0,-0.519685][-0.63204,-0.762821,0][2.25706,0.169101,-1.64906][0.771654,0,-0.637795][-0.626206,-0.74203,0][2.26248,-0.166661,-1.64244][0.771654,0,-0.637795][-0.62662,-0.763015,0][2.09972,0.182254,-1.84099][0.771654,0,-0.637795][-0.61421,-0.741207,0][2.33358,-0.163564,-1.55572][0.850394,0,-0.519685][-0.63204,-0.762821,0][2.25706,0.169101,-1.64906][0.771654,0,-0.637795][-0.626206,-0.74203,0][2.33358,0.172065,-1.55572][0.850394,0,-0.527559][-0.63204,-0.741844,0][2.09972,0.182254,-1.84099][0.771654,0,-0.637795][-0.61421,-0.741207,0][2.26248,-0.166661,-1.64244][0.771654,0,-0.637795][-0.62662,-0.763015,0][2.04598,0.179916,-1.90654][0.771654,0,-0.637795][-0.610113,-0.741354,0][-2.66068,0.163872,0.886896][-0.929134,0,0.362205][-0.673841,-0.742356,0][-2.58958,-0.158537,1.03227][-0.897638,0,0.440945][-0.664755,-0.762507,0][-2.51444,0.158498,1.1859][-0.897638,0,0.440945][-0.655153,-0.742692,0][-2.58958,-0.158537,1.03227][-0.897638,0,0.440945][-0.664755,-0.762507,0][-2.66068,0.163872,0.886896][-0.929134,0,0.362205][-0.673841,-0.742356,0][-2.66068,-0.15537,0.886896][-0.976378,0,0.220472][-0.673841,-0.762309,0][-2.51444,0.158498,1.1859][-0.897638,0,0.440945][-0.655153,-0.742692,0][-2.58958,-0.158537,1.03227][-0.897638,0,0.440945][-0.664755,-0.762507,0][-2.39968,0.167108,1.42056][-0.897638,0,0.440945][-0.640487,-0.742154,0][-2.33358,0.172066,1.55572][-0.850394,0,0.527559][-0.63204,-0.741844,0][-2.39968,0.167108,1.42056][-0.897638,0,0.440945][-0.640487,-0.742154,0][-2.33358,-0.163565,1.55572][-0.850394,0,0.519685][-0.63204,-0.762821,0][-2.42114,-0.166038,1.37667][-0.897638,0,0.440945][-0.64323,-0.762976,0][-2.33358,-0.163565,1.55572][-0.850394,0,0.519685][-0.63204,-0.762821,0][-2.39968,0.167108,1.42056][-0.897638,0,0.440945][-0.640487,-0.742154,0][-2.42114,-0.166038,1.37667][-0.897638,0,0.440945][-0.64323,-0.762976,0][-2.39968,0.167108,1.42056][-0.897638,0,0.440945][-0.640487,-0.742154,0][-2.58958,-0.158537,1.03227][-0.897638,0,0.440945][-0.664755,-0.762507,0][2.26248,-0.166661,-1.64244][0.771654,0,-0.637795][-0.62662,-0.763015,0][2.09972,-0.173753,-1.84099][0.771654,0,-0.637795][-0.61421,-0.763458,0][2.04598,0.179916,-1.90654][0.771654,0,-0.637795][-0.610113,-0.741354,0][2.04598,0.179916,-1.90654][0.771654,0,-0.637795][-0.610113,-0.741354,0][2.09972,-0.173753,-1.84099][0.771654,0,-0.637795][-0.61421,-0.763458,0][1.98316,-0.171217,-1.98316][0.755906,0,-0.653543][-0.605325,-0.763299,0][1.98316,0.179719,-1.98316][0.653543,0,-0.755906][-0.605325,-0.741366,0][2.00584,0.17817,-1.9555][0.771654,0,-0.637795][-0.607053,-0.741463,0][1.98316,-0.171217,-1.98316][0.755906,0,-0.653543][-0.605325,-0.763299,0][2.00584,0.17817,-1.9555][0.771654,0,-0.637795][-0.607053,-0.741463,0][2.04598,0.179916,-1.90654][0.771654,0,-0.637795][-0.610113,-0.741354,0][1.98316,-0.171217,-1.98316][0.755906,0,-0.653543][-0.605325,-0.763299,0][1.9555,-0.169668,-2.00584][0.637795,0,-0.771654][-0.851491,-0.763203,0][1.90023,-0.17164,-2.05114][0.637795,0,-0.771654][-0.848037,-0.763326,0][1.98316,0.179719,-1.98316][0.653543,0,-0.755906][-0.853219,-0.741366,0][1.98316,-0.171217,-1.98316][0.755906,0,-0.653543][-0.853219,-0.763299,0][1.9555,-0.169668,-2.00584][0.637795,0,-0.771654][-0.851491,-0.763203,0][1.98316,0.179719,-1.98316][0.653543,0,-0.755906][-0.853219,-0.741366,0][1.84098,0.182254,-2.09972][0.637795,0,-0.771654][-0.844334,-0.741207,0][1.98316,0.179719,-1.98316][0.653543,0,-0.755906][-0.853219,-0.741366,0][1.90023,-0.17164,-2.05114][0.637795,0,-0.771654][-0.848037,-0.763326,0][1.84098,0.182254,-2.09972][0.637795,0,-0.771654][-0.844334,-0.741207,0][1.90023,-0.17164,-2.05114][0.637795,0,-0.771654][-0.848037,-0.763326,0][1.63613,0.174938,-2.26766][0.637795,0,-0.771654][-0.83153,-0.741665,0][-2.8046,0.16244,-8.18836e-08][-0.992126,0,0.0944882][-0.729272,-0.742446,0][-2.77256,-0.155568,0.197473][-0.984252,0,0.15748][-0.71693,-0.762321,0][-2.72592,0.15979,0.484868][-0.984252,0,0.15748][-0.698968,-0.742611,0][-2.77256,-0.155568,0.197473][-0.984252,0,0.15748][-0.71693,-0.762321,0][-2.8046,0.16244,-8.18836e-08][-0.992126,0,0.0944882][-0.729272,-0.742446,0][-2.8046,-0.153939,1.86125e-07][-1,0,-0.0866142][-0.729272,-0.762219,0][-2.72592,0.15979,0.484868][-0.984252,0,0.15748][-0.698968,-0.742611,0][-2.77256,-0.155568,0.197473][-0.984252,0,0.15748][-0.71693,-0.762321,0][-2.69108,0.16197,0.699544][-0.984252,0,0.15748][-0.685551,-0.742475,0][-2.66068,0.163872,0.886896][-0.929134,0,0.362205][-0.673841,-0.742356,0][-2.69108,0.16197,0.699544][-0.984252,0,0.15748][-0.685551,-0.742475,0][-2.66068,-0.15537,0.886896][-0.976378,0,0.220472][-0.673841,-0.762309,0][-2.69108,0.16197,0.699544][-0.984252,0,0.15748][-0.685551,-0.742475,0][-2.73318,-0.157571,0.440206][-0.984252,0,0.15748][-0.701759,-0.762447,0][-2.66068,-0.15537,0.886896][-0.976378,0,0.220472][-0.673841,-0.762309,0][-2.73318,-0.157571,0.440206][-0.984252,0,0.15748][-0.701759,-0.762447,0][-2.69108,0.16197,0.699544][-0.984252,0,0.15748][-0.685551,-0.742475,0][-2.77256,-0.155568,0.197473][-0.984252,0,0.15748][-0.71693,-0.762321,0][1.90023,-0.17164,-2.05114][0.637795,0,-0.771654][-0.848037,-0.763326,0][1.84098,-0.173753,-2.09972][0.637795,0,-0.771654][-0.844334,-0.763458,0][1.63613,0.174938,-2.26766][0.637795,0,-0.771654][-0.83153,-0.741665,0][1.64906,-0.160599,-2.25706][0.637795,0,-0.771654][-0.832338,-0.762636,0][1.55572,0.172066,-2.33358][0.519685,0,-0.858268][-0.826504,-0.741844,0][1.63613,0.174938,-2.26766][0.637795,0,-0.771654][-0.83153,-0.741665,0][1.55572,0.172066,-2.33358][0.519685,0,-0.858268][-0.826504,-0.741844,0][1.64906,-0.160599,-2.25706][0.637795,0,-0.771654][-0.832338,-0.762636,0][1.55572,-0.163564,-2.33358][0.527559,0,-0.850394][-0.826504,-0.762821,0][1.64906,-0.160599,-2.25706][0.637795,0,-0.771654][-0.832338,-0.762636,0][1.63613,0.174938,-2.26766][0.637795,0,-0.771654][-0.83153,-0.741665,0][1.84098,-0.173753,-2.09972][0.637795,0,-0.771654][-0.844334,-0.763458,0][1.55572,-0.163564,-2.33358][0.527559,0,-0.850394][-0.826504,-0.762821,0][1.40996,-0.158216,-2.40486][0.440945,0,-0.897638][-0.817394,-0.762487,0][1.55572,0.172066,-2.33358][0.519685,0,-0.858268][-0.826504,-0.741844,0][1.37666,0.17454,-2.42114][0.440945,0,-0.897638][-0.815314,-0.74169,0][1.55572,0.172066,-2.33358][0.519685,0,-0.858268][-0.826504,-0.741844,0][1.40996,-0.158216,-2.40486][0.440945,0,-0.897638][-0.817394,-0.762487,0][1.37666,0.17454,-2.42114][0.440945,0,-0.897638][-0.815314,-0.74169,0][1.40996,-0.158216,-2.40486][0.440945,0,-0.897638][-0.817394,-0.762487,0][1.02239,0.166822,-2.59442][0.440945,0,-0.897638][-0.793172,-0.742172,0][-2.77472,0.163961,-0.184204][-0.984252,0,-0.15748][-0.740785,-0.742351,0][-2.73318,0.166073,-0.440206][-0.984252,0,-0.15748][-0.756785,-0.742219,0][-2.6933,-0.153329,-0.685882][-0.984252,0,-0.15748][-0.77214,-0.762181,0][-2.66068,0.163872,-0.886896][-0.976378,0,-0.212598][-0.784703,-0.742356,0][-2.66068,-0.15537,-0.886896][-0.929134,0,-0.362205][-0.784703,-0.762309,0][-2.6933,-0.153329,-0.685882][-0.984252,0,-0.15748][-0.77214,-0.762181,0][-2.66068,0.163872,-0.886896][-0.976378,0,-0.212598][-0.784703,-0.742356,0][-2.6933,-0.153329,-0.685882][-0.984252,0,-0.15748][-0.77214,-0.762181,0][-2.73318,0.166073,-0.440206][-0.984252,0,-0.15748][-0.756785,-0.742219,0][-2.8046,0.16244,-8.18836e-08][-0.992126,0,0.0944882][-0.729272,-0.742446,0][-2.77472,0.163961,-0.184204][-0.984252,0,-0.15748][-0.740785,-0.742351,0][-2.8046,-0.153939,1.86125e-07][-1,0,-0.0866142][-0.729272,-0.762219,0][-2.6933,-0.153329,-0.685882][-0.984252,0,-0.15748][-0.77214,-0.762181,0][-2.72592,-0.151288,-0.484868][-0.984252,0,-0.15748][-0.759576,-0.762054,0][-2.77472,0.163961,-0.184204][-0.984252,0,-0.15748][-0.740785,-0.742351,0][-2.72592,-0.151288,-0.484868][-0.984252,0,-0.15748][-0.759576,-0.762054,0][-2.8046,-0.153939,1.86125e-07][-1,0,-0.0866142][-0.729272,-0.762219,0][-2.77472,0.163961,-0.184204][-0.984252,0,-0.15748][-0.740785,-0.742351,0][0.886896,-0.155369,-2.66068][0.362205,0,-0.929134][-0.784703,-0.762309,0][1.02239,0.166822,-2.59442][0.440945,0,-0.897638][-0.793172,-0.742172,0][1.18591,-0.149996,-2.51444][0.440945,0,-0.897638][-0.803391,-0.761973,0][1.02239,0.166822,-2.59442][0.440945,0,-0.897638][-0.793172,-0.742172,0][0.886896,-0.155369,-2.66068][0.362205,0,-0.929134][-0.784703,-0.762309,0][0.886896,0.163871,-2.66068][0.212598,0,-0.976378][-0.784703,-0.742356,0][1.18591,-0.149996,-2.51444][0.440945,0,-0.897638][-0.803391,-0.761973,0][1.02239,0.166822,-2.59442][0.440945,0,-0.897638][-0.793172,-0.742172,0][1.40996,-0.158216,-2.40486][0.440945,0,-0.897638][-0.817394,-0.762487,0][0.886896,-0.155369,-2.66068][0.362205,0,-0.929134][-0.784703,-0.762309,0][0.685882,-0.153329,-2.6933][0.15748,0,-0.984252][-0.77214,-0.762181,0][0.886896,0.163871,-2.66068][0.212598,0,-0.976378][-0.784703,-0.742356,0][0.685882,-0.153329,-2.6933][0.15748,0,-0.984252][-0.77214,-0.762181,0][0.440202,0.166072,-2.73318][0.15748,0,-0.984252][-0.756785,-0.742219,0][0.886896,0.163871,-2.66068][0.212598,0,-0.976378][-0.784703,-0.742356,0][0.440202,0.166072,-2.73318][0.15748,0,-0.984252][-0.756785,-0.742219,0][0.685882,-0.153329,-2.6933][0.15748,0,-0.984252][-0.77214,-0.762181,0][0.184204,0.16396,-2.77472][0.15748,0,-0.984252][-0.740785,-0.742351,0][-2.42114,0.17454,-1.37667][-0.897638,0,-0.440945][-0.815314,-0.74169,0][-2.33358,0.172066,-1.55572][-0.858268,0,-0.519685][-0.826504,-0.741844,0][-2.40486,-0.158217,-1.40996][-0.897638,0,-0.440945][-0.817394,-0.762487,0][-2.42114,0.17454,-1.37667][-0.897638,0,-0.440945][-0.815314,-0.74169,0][-2.40486,-0.158217,-1.40996][-0.897638,0,-0.440945][-0.817394,-0.762487,0][-2.59442,0.166823,-1.02239][-0.897638,0,-0.440945][-0.793172,-0.742172,0][-2.40486,-0.158217,-1.40996][-0.897638,0,-0.440945][-0.817394,-0.762487,0][-2.33358,0.172066,-1.55572][-0.858268,0,-0.519685][-0.826504,-0.741844,0][-2.33358,-0.163565,-1.55572][-0.850394,0,-0.527559][-0.826504,-0.762821,0][-2.66068,0.163872,-0.886896][-0.976378,0,-0.212598][-0.784703,-0.742356,0][-2.59442,0.166823,-1.02239][-0.897638,0,-0.440945][-0.793172,-0.742172,0][-2.66068,-0.15537,-0.886896][-0.929134,0,-0.362205][-0.784703,-0.762309,0][-2.40486,-0.158217,-1.40996][-0.897638,0,-0.440945][-0.817394,-0.762487,0][-2.51444,-0.149996,-1.18591][-0.897638,0,-0.440945][-0.803391,-0.761973,0][-2.59442,0.166823,-1.02239][-0.897638,0,-0.440945][-0.793172,-0.742172,0][-2.51444,-0.149996,-1.18591][-0.897638,0,-0.440945][-0.803391,-0.761973,0][-2.66068,-0.15537,-0.886896][-0.929134,0,-0.362205][-0.784703,-0.762309,0][-2.59442,0.166823,-1.02239][-0.897638,0,-0.440945][-0.793172,-0.742172,0][1.19203e-07,-0.153939,-2.80462][0.0866142,0,-1][-0.729272,-0.762219,0][0.184204,0.16396,-2.77472][0.15748,0,-0.984252][-0.740785,-0.742351,0][0.48487,-0.151288,-2.72592][0.15748,0,-0.984252][-0.759576,-0.762054,0][0.184204,0.16396,-2.77472][0.15748,0,-0.984252][-0.740785,-0.742351,0][1.19203e-07,-0.153939,-2.80462][0.0866142,0,-1][-0.729272,-0.762219,0][1.60377e-07,0.16244,-2.80462][-0.0944882,0,-0.992126][-0.729272,-0.742446,0][0.48487,-0.151288,-2.72592][0.15748,0,-0.984252][-0.759576,-0.762054,0][0.184204,0.16396,-2.77472][0.15748,0,-0.984252][-0.740785,-0.742351,0][0.685882,-0.153329,-2.6933][0.15748,0,-0.984252][-0.77214,-0.762181,0][1.60377e-07,0.16244,-2.80462][-0.0944882,0,-0.992126][-0.729272,-0.742446,0][-0.197473,-0.155568,-2.77256][-0.15748,0,-0.984252][-0.71693,-0.762321,0][-0.48487,0.15979,-2.72592][-0.15748,0,-0.984252][-0.698968,-0.742611,0][-0.197473,-0.155568,-2.77256][-0.15748,0,-0.984252][-0.71693,-0.762321,0][1.60377e-07,0.16244,-2.80462][-0.0944882,0,-0.992126][-0.729272,-0.742446,0][1.19203e-07,-0.153939,-2.80462][0.0866142,0,-1][-0.729272,-0.762219,0][-0.48487,0.15979,-2.72592][-0.15748,0,-0.984252][-0.698968,-0.742611,0][-0.197473,-0.155568,-2.77256][-0.15748,0,-0.984252][-0.71693,-0.762321,0][-0.699542,0.161969,-2.69108][-0.15748,0,-0.984252][-0.685551,-0.742475,0][-2.26766,0.174939,-1.63613][-0.771654,0,-0.637795][-0.83153,-0.741665,0][-2.09972,0.182255,-1.84098][-0.771654,0,-0.637795][-0.844333,-0.741207,0][-2.05114,-0.17164,-1.90023][-0.771654,0,-0.637795][-0.848037,-0.763326,0][-2.05114,-0.17164,-1.90023][-0.771654,0,-0.637795][-0.848037,-0.763326,0][-2.09972,0.182255,-1.84098][-0.771654,0,-0.637795][-0.844333,-0.741207,0][-1.98316,0.17972,-1.98316][-0.755906,0,-0.653543][-0.85322,-0.741366,0][-1.98316,-0.171218,-1.98316][-0.653543,0,-0.755906][-0.85322,-0.763299,0][-2.00584,-0.169668,-1.9555][-0.771654,0,-0.637795][-0.851491,-0.763203,0][-1.98316,0.17972,-1.98316][-0.755906,0,-0.653543][-0.85322,-0.741366,0][-2.00584,-0.169668,-1.9555][-0.771654,0,-0.637795][-0.851491,-0.763203,0][-2.05114,-0.17164,-1.90023][-0.771654,0,-0.637795][-0.848037,-0.763326,0][-1.98316,0.17972,-1.98316][-0.755906,0,-0.653543][-0.85322,-0.741366,0][-2.26766,0.174939,-1.63613][-0.771654,0,-0.637795][-0.83153,-0.741665,0][-2.25706,-0.1606,-1.64906][-0.771654,0,-0.637795][-0.832338,-0.762636,0][-2.33358,0.172066,-1.55572][-0.858268,0,-0.519685][-0.826504,-0.741844,0][-2.25706,-0.1606,-1.64906][-0.771654,0,-0.637795][-0.832338,-0.762636,0][-2.26766,0.174939,-1.63613][-0.771654,0,-0.637795][-0.83153,-0.741665,0][-2.09972,-0.173753,-1.84098][-0.771654,0,-0.637795][-0.844333,-0.763458,0][-2.33358,0.172066,-1.55572][-0.858268,0,-0.519685][-0.826504,-0.741844,0][-2.25706,-0.1606,-1.64906][-0.771654,0,-0.637795][-0.832338,-0.762636,0][-2.33358,-0.163565,-1.55572][-0.850394,0,-0.527559][-0.826504,-0.762821,0][-2.09972,-0.173753,-1.84098][-0.771654,0,-0.637795][-0.844333,-0.763458,0][-2.26766,0.174939,-1.63613][-0.771654,0,-0.637795][-0.83153,-0.741665,0][-2.05114,-0.17164,-1.90023][-0.771654,0,-0.637795][-0.848037,-0.763326,0][-0.886896,0.163871,-2.66068][-0.362205,0,-0.929134][-0.673841,-0.742356,0][-0.699542,0.161969,-2.69108][-0.15748,0,-0.984252][-0.685551,-0.742475,0][-0.886896,-0.155369,-2.66068][-0.220472,0,-0.976378][-0.673841,-0.762309,0][-0.699542,0.161969,-2.69108][-0.15748,0,-0.984252][-0.685551,-0.742475,0][-0.440204,-0.15757,-2.73318][-0.15748,0,-0.984252][-0.701759,-0.762446,0][-0.886896,-0.155369,-2.66068][-0.220472,0,-0.976378][-0.673841,-0.762309,0][-0.440204,-0.15757,-2.73318][-0.15748,0,-0.984252][-0.701759,-0.762446,0][-0.699542,0.161969,-2.69108][-0.15748,0,-0.984252][-0.685551,-0.742475,0][-0.197473,-0.155568,-2.77256][-0.15748,0,-0.984252][-0.71693,-0.762321,0][-0.886896,0.163871,-2.66068][-0.362205,0,-0.929134][-0.673841,-0.742356,0][-1.03227,-0.158536,-2.58958][-0.440945,0,-0.897638][-0.664755,-0.762507,0][-1.18591,0.158497,-2.51444][-0.440945,0,-0.897638][-0.655153,-0.742692,0][-1.03227,-0.158536,-2.58958][-0.440945,0,-0.897638][-0.664755,-0.762507,0][-0.886896,0.163871,-2.66068][-0.362205,0,-0.929134][-0.673841,-0.742356,0][-0.886896,-0.155369,-2.66068][-0.220472,0,-0.976378][-0.673841,-0.762309,0][-1.18591,0.158497,-2.51444][-0.440945,0,-0.897638][-0.655153,-0.742692,0][-1.03227,-0.158536,-2.58958][-0.440945,0,-0.897638][-0.664755,-0.762507,0][-1.42056,0.167107,-2.39968][-0.440945,0,-0.897638][-0.640487,-0.742154,0][-1.90654,0.179917,-2.04598][-0.637795,0,-0.771654][-0.610113,-0.741354,0][-1.84098,0.182255,-2.09972][-0.637795,0,-0.771654][-0.614211,-0.741207,0][-1.64244,-0.166662,-2.26248][-0.637795,0,-0.771654][-0.62662,-0.763015,0][-1.64906,0.169102,-2.25706][-0.637795,0,-0.771654][-0.626206,-0.742029,0][-1.55572,-0.163565,-2.33358][-0.519685,0,-0.850394][-0.63204,-0.762821,0][-1.64244,-0.166662,-2.26248][-0.637795,0,-0.771654][-0.62662,-0.763015,0][-1.55572,-0.163565,-2.33358][-0.519685,0,-0.850394][-0.63204,-0.762821,0][-1.64906,0.169102,-2.25706][-0.637795,0,-0.771654][-0.626206,-0.742029,0][-1.55572,0.172066,-2.33358][-0.527559,0,-0.850394][-0.63204,-0.741844,0][-1.64906,0.169102,-2.25706][-0.637795,0,-0.771654][-0.626206,-0.742029,0][-1.64244,-0.166662,-2.26248][-0.637795,0,-0.771654][-0.62662,-0.763015,0][-1.84098,0.182255,-2.09972][-0.637795,0,-0.771654][-0.614211,-0.741207,0][-1.9555,0.17817,-2.00584][-0.637795,0,-0.771654][-0.607053,-0.741463,0][-1.90654,0.179917,-2.04598][-0.637795,0,-0.771654][-0.610113,-0.741354,0][-1.98316,-0.171218,-1.98316][-0.653543,0,-0.755906][-0.605325,-0.763299,0][-1.98316,0.17972,-1.98316][-0.755906,0,-0.653543][-0.605325,-0.741366,0][-1.9555,0.17817,-2.00584][-0.637795,0,-0.771654][-0.607053,-0.741463,0][-1.98316,-0.171218,-1.98316][-0.653543,0,-0.755906][-0.605325,-0.763299,0][-1.84098,-0.173753,-2.09972][-0.637795,0,-0.771654][-0.614211,-0.763458,0][-1.98316,-0.171218,-1.98316][-0.653543,0,-0.755906][-0.605325,-0.763299,0][-1.90654,0.179917,-2.04598][-0.637795,0,-0.771654][-0.610113,-0.741354,0][-1.84098,-0.173753,-2.09972][-0.637795,0,-0.771654][-0.614211,-0.763458,0][-1.90654,0.179917,-2.04598][-0.637795,0,-0.771654][-0.610113,-0.741354,0][-1.64244,-0.166662,-2.26248][-0.637795,0,-0.771654][-0.62662,-0.763015,0][-1.55572,0.172066,-2.33358][-0.527559,0,-0.850394][-0.63204,-0.741844,0][-1.42056,0.167107,-2.39968][-0.440945,0,-0.897638][-0.640487,-0.742154,0][-1.55572,-0.163565,-2.33358][-0.519685,0,-0.850394][-0.63204,-0.762821,0][-1.37666,-0.166038,-2.42114][-0.440945,0,-0.897638][-0.64323,-0.762976,0][-1.55572,-0.163565,-2.33358][-0.519685,0,-0.850394][-0.63204,-0.762821,0][-1.42056,0.167107,-2.39968][-0.440945,0,-0.897638][-0.640487,-0.742154,0][-1.37666,-0.166038,-2.42114][-0.440945,0,-0.897638][-0.64323,-0.762976,0][-1.42056,0.167107,-2.39968][-0.440945,0,-0.897638][-0.640487,-0.742154,0][-1.03227,-0.158536,-2.58958][-0.440945,0,-0.897638][-0.664755,-0.762507,0][1.85852,0.28046,-1.85852][0.023622,1,-0.023622][-0.845429,-0.868756,0][2.00584,0.28046,-1.64863][0.0472441,1,-0.0393701][-0.854637,-0.855637,0][2.00584,0.17817,-1.9555][0.393701,0.874016,-0.291339][-0.854637,-0.874817,0][1.85852,0.28046,-1.85852][0.023622,1,-0.023622][-0.845429,-0.868756,0][2.00584,0.17817,-1.9555][0.393701,0.874016,-0.291339][-0.854637,-0.874817,0][1.98316,0.179719,-1.98316][0.338583,0.866142,-0.362205][-0.853219,-0.876546,0][2.18318,0.280462,-1.45545][0.015748,1,-0.015748][-0.865721,-0.843564,0][2.28182,0.222722,-1.52121][0.448819,0.850394,-0.267717][-0.871886,-0.847674,0][2.00584,0.28046,-1.64863][0.0472441,1,-0.0393701][-0.854637,-0.855637,0][2.00584,0.28046,-1.64863][0.0472441,1,-0.0393701][-0.854637,-0.855637,0][2.28182,0.222722,-1.52121][0.448819,0.850394,-0.267717][-0.871886,-0.847674,0][2.09972,0.182254,-1.84099][0.370079,0.866142,-0.322835][-0.860504,-0.86766,0][2.04598,0.179916,-1.90654][0.322835,0.897638,-0.299213][-0.857145,-0.871757,0][2.00584,0.17817,-1.9555][0.393701,0.874016,-0.291339][-0.854637,-0.874817,0][2.00584,0.28046,-1.64863][0.0472441,1,-0.0393701][-0.854637,-0.855637,0][2.04598,0.179916,-1.90654][0.322835,0.897638,-0.299213][-0.857145,-0.871757,0][2.00584,0.28046,-1.64863][0.0472441,1,-0.0393701][-0.854637,-0.855637,0][2.09972,0.182254,-1.84099][0.370079,0.866142,-0.322835][-0.860504,-0.86766,0][1.98316,0.179719,-1.98316][0.338583,0.866142,-0.362205][-0.853219,-0.876546,0][1.84098,0.182254,-2.09972][0.330709,0.858268,-0.393701][-0.844334,-0.88383,0][1.85852,0.28046,-1.85852][0.023622,1,-0.023622][-0.845429,-0.868756,0][1.84098,0.182254,-2.09972][0.330709,0.858268,-0.393701][-0.844334,-0.88383,0][1.69443,0.28046,-1.99978][0.299213,0.88189,-0.362205][-0.835174,-0.877585,0][1.85852,0.28046,-1.85852][0.023622,1,-0.023622][-0.845429,-0.868756,0][1.69443,0.28046,-1.99978][0.299213,0.88189,-0.362205][-0.835174,-0.877585,0][1.84098,0.182254,-2.09972][0.330709,0.858268,-0.393701][-0.844334,-0.88383,0][1.52121,0.222724,-2.28182][0.267717,0.858268,-0.433071][-0.824348,-0.895212,0][1.45545,0.28046,-2.18318][0.00787402,1,-0.015748][-0.820238,-0.889047,0][1.69443,0.28046,-1.99978][0.299213,0.88189,-0.362205][-0.835174,-0.877585,0][1.52121,0.222724,-2.28182][0.267717,0.858268,-0.433071][-0.824348,-0.895212,0][2.18318,0.280462,-1.45545][0.015748,1,-0.015748][-0.865721,-0.843564,0][2.24826,0.280462,-1.30326][0.023622,1,-0.00787402][-0.869789,-0.834052,0][2.28182,0.222722,-1.52121][0.448819,0.850394,-0.267717][-0.871886,-0.847674,0][0.865608,0.28046,-2.48646][0.19685,0.897638,-0.385827][-0.783373,-0.908002,0][1.45545,0.28046,-2.18318][0.00787402,1,-0.015748][-0.820238,-0.889047,0][1.52121,0.222724,-2.28182][0.267717,0.858268,-0.433071][-0.824348,-0.895212,0][0.865608,0.28046,-2.48646][0.19685,0.897638,-0.385827][-0.783373,-0.908002,0][1.52121,0.222724,-2.28182][0.267717,0.858268,-0.433071][-0.824348,-0.895212,0][0.838148,0.274418,-2.51444][0.181102,0.818898,-0.543307][-0.781656,-0.909751,0][2.24826,0.280462,-1.30326][0.023622,1,-0.00787402][-0.869789,-0.834052,0][2.50106,0.28046,-0.833684][0,1,0][-0.885588,-0.804704,0][2.51444,0.274418,-0.838148][0.511811,0.834646,-0.19685][-0.886425,-0.804983,0][2.24826,0.280462,-1.30326][0.023622,1,-0.00787402][-0.869789,-0.834052,0][2.51444,0.274418,-0.838148][0.511811,0.834646,-0.19685][-0.886425,-0.804983,0][2.28182,0.222722,-1.52121][0.448819,0.850394,-0.267717][-0.871886,-0.847674,0][0.833684,0.28046,-2.50106][0,1,0][-0.781377,-0.908914,0][0.865608,0.28046,-2.48646][0.19685,0.897638,-0.385827][-0.783373,-0.908002,0][0.838148,0.274418,-2.51444][0.181102,0.818898,-0.543307][-0.781656,-0.909751,0][2.50106,0.28046,-0.833684][0,1,0][-0.885588,-0.804704,0][2.5045,0.28046,-0.81007][0,1,0][-0.885803,-0.803228,0][2.51444,0.274418,-0.838148][0.511811,0.834646,-0.19685][-0.886425,-0.804983,0][0.597984,0.28046,-2.54164][0.0866142,0.834646,-0.551181][-0.766646,-0.911451,0][0.833684,0.28046,-2.50106][0,1,0][-0.781377,-0.908914,0][0.838148,0.274418,-2.51444][0.181102,0.818898,-0.543307][-0.781656,-0.909751,0][2.5045,0.28046,-0.81007][0,1,0][-0.885803,-0.803228,0][2.54164,0.28046,-0.597986][0.0551181,1,-0.00787402][-0.888125,-0.789972,0][2.51444,0.274418,-0.838148][0.511811,0.834646,-0.19685][-0.886425,-0.804983,0][-0.81007,0.28046,-2.5045][0,1,0][-0.678643,-0.909129,0][-0.59799,0.28046,-2.54164][-0.00787402,1,-0.0551181][-0.691898,-0.911451,0][-0.838148,0.274418,-2.51444][-0.19685,0.834646,-0.511811][-0.676888,-0.909751,0][2.54164,0.280462,0.597984][0.551181,0.834646,0.0866142][-0.888125,-0.715224,0][2.50106,0.28046,0.833684][0,1,0][-0.885588,-0.700493,0][2.51444,0.274416,0.838148][0.543307,0.818898,0.181102][-0.886425,-0.700214,0][-0.833684,0.28046,-2.50106][0,1,0][-0.677167,-0.908914,0][-0.81007,0.28046,-2.5045][0,1,0][-0.678643,-0.909129,0][-0.838148,0.274418,-2.51444][-0.19685,0.834646,-0.511811][-0.676888,-0.909751,0][2.50106,0.28046,0.833684][0,1,0][-0.885588,-0.700493,0][2.48646,0.28046,0.865608][0.023622,1,0.00787402][-0.884676,-0.698498,0][2.51444,0.274416,0.838148][0.543307,0.818898,0.181102][-0.886425,-0.700214,0][-1.30326,0.28046,-2.24826][-0.00787402,1,-0.023622][-0.647818,-0.893115,0][-0.833684,0.28046,-2.50106][0,1,0][-0.677167,-0.908914,0][-0.838148,0.274418,-2.51444][-0.19685,0.834646,-0.511811][-0.676888,-0.909751,0][-1.30326,0.28046,-2.24826][-0.00787402,1,-0.023622][-0.647818,-0.893115,0][-0.838148,0.274418,-2.51444][-0.19685,0.834646,-0.511811][-0.676888,-0.909751,0][-1.52121,0.222724,-2.28182][-0.267717,0.850394,-0.448819][-0.634196,-0.895212,0][2.48646,0.28046,0.865608][0.023622,1,0.00787402][-0.884676,-0.698498,0][2.18318,0.28046,1.45545][0.015748,1,0.00787402][-0.865721,-0.661633,0][2.28182,0.222724,1.52121][0.433071,0.858268,0.267717][-0.871886,-0.657522,0][2.48646,0.28046,0.865608][0.023622,1,0.00787402][-0.884676,-0.698498,0][2.28182,0.222724,1.52121][0.433071,0.858268,0.267717][-0.871886,-0.657522,0][2.51444,0.274416,0.838148][0.543307,0.818898,0.181102][-0.886425,-0.700214,0][-1.45545,0.28046,-2.18318][-0.015748,1,-0.015748][-0.638306,-0.889047,0][-1.30326,0.28046,-2.24826][-0.00787402,1,-0.023622][-0.647818,-0.893115,0][-1.52121,0.222724,-2.28182][-0.267717,0.850394,-0.448819][-0.634196,-0.895212,0][2.18318,0.28046,1.45545][0.015748,1,0.00787402][-0.865721,-0.661633,0][1.99978,0.28046,1.69443][0.0393701,1,0.0314961][-0.854258,-0.646697,0][2.28182,0.222724,1.52121][0.433071,0.858268,0.267717][-0.871886,-0.657522,0][-1.45545,0.28046,-2.18318][-0.015748,1,-0.015748][-0.638306,-0.889047,0][-1.52121,0.222724,-2.28182][-0.267717,0.850394,-0.448819][-0.634196,-0.895212,0][-1.64863,0.28046,-2.00584][-0.0393701,1,-0.0472441][-0.626233,-0.877963,0][-1.64863,0.28046,-2.00584][-0.0393701,1,-0.0472441][-0.626233,-0.877963,0][-1.52121,0.222724,-2.28182][-0.267717,0.850394,-0.448819][-0.634196,-0.895212,0][-1.84098,0.182255,-2.09972][-0.322835,0.866142,-0.370079][-0.614211,-0.883831,0][-1.90654,0.179917,-2.04598][-0.299213,0.897638,-0.322835][-0.610113,-0.880471,0][-1.9555,0.17817,-2.00584][-0.291339,0.874016,-0.393701][-0.607053,-0.877963,0][-1.64863,0.28046,-2.00584][-0.0393701,1,-0.0472441][-0.626233,-0.877963,0][-1.84098,0.182255,-2.09972][-0.322835,0.866142,-0.370079][-0.614211,-0.883831,0][-1.90654,0.179917,-2.04598][-0.299213,0.897638,-0.322835][-0.610113,-0.880471,0][-1.64863,0.28046,-2.00584][-0.0393701,1,-0.0472441][-0.626233,-0.877963,0][2.09972,0.182254,1.84099][0.401575,0.850394,0.338583][-0.860504,-0.637537,0][2.28182,0.222724,1.52121][0.433071,0.858268,0.267717][-0.871886,-0.657522,0][1.99978,0.28046,1.69443][0.0393701,1,0.0314961][-0.854258,-0.646697,0][2.09972,0.182254,1.84099][0.401575,0.850394,0.338583][-0.860504,-0.637537,0][1.85852,0.280462,1.85852][0.0314961,1,0.0393701][-0.845429,-0.636441,0][1.98316,0.179719,1.98316][0.362205,0.866142,0.338583][-0.853219,-0.628651,0][1.85852,0.280462,1.85852][0.0314961,1,0.0393701][-0.845429,-0.636441,0][2.09972,0.182254,1.84099][0.401575,0.850394,0.338583][-0.860504,-0.637537,0][1.99978,0.28046,1.69443][0.0393701,1,0.0314961][-0.854258,-0.646697,0][-1.85852,0.28046,-1.85852][-0.023622,1,-0.023622][-0.613115,-0.868756,0][-1.64863,0.28046,-2.00584][-0.0393701,1,-0.0472441][-0.626233,-0.877963,0][-1.9555,0.17817,-2.00584][-0.291339,0.874016,-0.393701][-0.607053,-0.877963,0][-1.85852,0.28046,-1.85852][-0.023622,1,-0.023622][-0.613115,-0.868756,0][-1.9555,0.17817,-2.00584][-0.291339,0.874016,-0.393701][-0.607053,-0.877963,0][-1.98316,0.17972,-1.98316][-0.362205,0.866142,-0.338583][-0.605325,-0.876546,0][1.85852,0.280462,1.85852][0.0314961,1,0.0393701][-0.845429,-0.636441,0][1.64863,0.280462,2.00584][0.0393701,1,0.0472441][-0.832311,-0.627234,0][1.9555,0.178169,2.00584][0.291339,0.874016,0.393701][-0.851491,-0.627234,0][1.85852,0.280462,1.85852][0.0314961,1,0.0393701][-0.845429,-0.636441,0][1.9555,0.178169,2.00584][0.291339,0.874016,0.393701][-0.851491,-0.627234,0][1.98316,0.179719,1.98316][0.362205,0.866142,0.338583][-0.853219,-0.628651,0][-1.99978,0.28046,-1.69443][-0.362205,0.88189,-0.299213][-0.604286,-0.8585,0][-1.85852,0.28046,-1.85852][-0.023622,1,-0.023622][-0.613115,-0.868756,0][-2.09972,0.182255,-1.84098][-0.393701,0.858268,-0.330709][-0.59804,-0.86766,0][-2.09972,0.182255,-1.84098][-0.393701,0.858268,-0.330709][-0.59804,-0.86766,0][-2.28182,0.222722,-1.52121][-0.433071,0.858268,-0.267717][-0.586658,-0.847674,0][-1.99978,0.28046,-1.69443][-0.362205,0.88189,-0.299213][-0.604286,-0.8585,0][-2.09972,0.182255,-1.84098][-0.393701,0.858268,-0.330709][-0.59804,-0.86766,0][-1.85852,0.28046,-1.85852][-0.023622,1,-0.023622][-0.613115,-0.868756,0][-1.98316,0.17972,-1.98316][-0.362205,0.866142,-0.338583][-0.605325,-0.876546,0][-2.18318,0.28046,-1.45545][-0.015748,1,-0.00787402][-0.592824,-0.843564,0][-1.99978,0.28046,-1.69443][-0.362205,0.88189,-0.299213][-0.604286,-0.8585,0][-2.28182,0.222722,-1.52121][-0.433071,0.858268,-0.267717][-0.586658,-0.847674,0][1.90654,0.179916,2.04598][0.299213,0.897638,0.322835][-0.848431,-0.624725,0][1.9555,0.178169,2.00584][0.291339,0.874016,0.393701][-0.851491,-0.627234,0][1.64863,0.280462,2.00584][0.0393701,1,0.0472441][-0.832311,-0.627234,0][1.84099,0.182254,2.09972][0.322835,0.866142,0.370079][-0.844334,-0.621366,0][1.90654,0.179916,2.04598][0.299213,0.897638,0.322835][-0.848431,-0.624725,0][1.64863,0.280462,2.00584][0.0393701,1,0.0472441][-0.832311,-0.627234,0][1.64863,0.280462,2.00584][0.0393701,1,0.0472441][-0.832311,-0.627234,0][1.45545,0.28046,2.18318][0.015748,1,0.015748][-0.820238,-0.61615,0][1.52121,0.222722,2.28182][0.267717,0.850394,0.448819][-0.824348,-0.609984,0][1.64863,0.280462,2.00584][0.0393701,1,0.0472441][-0.832311,-0.627234,0][1.52121,0.222722,2.28182][0.267717,0.850394,0.448819][-0.824348,-0.609984,0][1.84099,0.182254,2.09972][0.322835,0.866142,0.370079][-0.844334,-0.621366,0][2.25706,0.169101,-1.64906][0.535433,0.740157,-0.409449][-0.870338,-0.855664,0][2.09972,0.182254,-1.84099][0.370079,0.866142,-0.322835][-0.860504,-0.86766,0][2.28182,0.222722,-1.52121][0.448819,0.850394,-0.267717][-0.871886,-0.847674,0][1.84098,0.182254,-2.09972][0.330709,0.858268,-0.393701][-0.844334,-0.88383,0][1.63613,0.174938,-2.26766][0.385827,0.771654,-0.503937][-0.83153,-0.894327,0][1.52121,0.222724,-2.28182][0.267717,0.858268,-0.433071][-0.824348,-0.895212,0][1.63613,0.174938,-2.26766][0.385827,0.771654,-0.503937][-0.83153,-0.894327,0][1.55572,0.172066,-2.33358][0.322835,0.771654,-0.543307][-0.826504,-0.898447,0][1.52121,0.222724,-2.28182][0.267717,0.858268,-0.433071][-0.824348,-0.895212,0][2.33358,0.172065,-1.55572][0.535433,0.771654,-0.330709][-0.875121,-0.849831,0][2.25706,0.169101,-1.64906][0.535433,0.740157,-0.409449][-0.870338,-0.855664,0][2.28182,0.222722,-1.52121][0.448819,0.850394,-0.267717][-0.871886,-0.847674,0][1.55572,0.172066,-2.33358][0.322835,0.771654,-0.543307][-0.826504,-0.898447,0][1.37666,0.17454,-2.42114][0.244094,0.811024,-0.535433][-0.815314,-0.90392,0][1.52121,0.222724,-2.28182][0.267717,0.858268,-0.433071][-0.824348,-0.895212,0][1.52121,0.222724,-2.28182][0.267717,0.858268,-0.433071][-0.824348,-0.895212,0][1.37666,0.17454,-2.42114][0.244094,0.811024,-0.535433][-0.815314,-0.90392,0][0.838148,0.274418,-2.51444][0.181102,0.818898,-0.543307][-0.781656,-0.909751,0][1.02239,0.166822,-2.59442][0.244094,0.811024,-0.535433][-0.793172,-0.914749,0][0.886896,0.163871,-2.66068][0.133858,0.811024,-0.566929][-0.784703,-0.918891,0][0.838148,0.274418,-2.51444][0.181102,0.818898,-0.543307][-0.781656,-0.909751,0][1.02239,0.166822,-2.59442][0.244094,0.811024,-0.535433][-0.793172,-0.914749,0][0.838148,0.274418,-2.51444][0.181102,0.818898,-0.543307][-0.781656,-0.909751,0][1.37666,0.17454,-2.42114][0.244094,0.811024,-0.535433][-0.815314,-0.90392,0][2.51444,0.274418,-0.838148][0.511811,0.834646,-0.19685][-0.886425,-0.804983,0][2.51444,0.158497,-1.18591][0.566929,0.787402,-0.259843][-0.886425,-0.826718,0][2.28182,0.222722,-1.52121][0.448819,0.850394,-0.267717][-0.871886,-0.847674,0][2.39968,0.167106,-1.42056][0.582677,0.771654,-0.259843][-0.879252,-0.841383,0][2.33358,0.172065,-1.55572][0.535433,0.771654,-0.330709][-0.875121,-0.849831,0][2.28182,0.222722,-1.52121][0.448819,0.850394,-0.267717][-0.871886,-0.847674,0][2.39968,0.167106,-1.42056][0.582677,0.771654,-0.259843][-0.879252,-0.841383,0][2.28182,0.222722,-1.52121][0.448819,0.850394,-0.267717][-0.871886,-0.847674,0][2.51444,0.158497,-1.18591][0.566929,0.787402,-0.259843][-0.886425,-0.826718,0][0.886896,0.163871,-2.66068][0.133858,0.811024,-0.566929][-0.784703,-0.918891,0][0.440202,0.166072,-2.73318][0.0866142,0.818898,-0.566929][-0.756785,-0.923422,0][0.838148,0.274418,-2.51444][0.181102,0.818898,-0.543307][-0.781656,-0.909751,0][2.66068,0.16387,-0.886896][0.543307,0.811024,-0.204724][-0.895565,-0.808029,0][2.51444,0.158497,-1.18591][0.566929,0.787402,-0.259843][-0.886425,-0.826718,0][2.51444,0.274418,-0.838148][0.511811,0.834646,-0.19685][-0.886425,-0.804983,0][0.838148,0.274418,-2.51444][0.181102,0.818898,-0.543307][-0.781656,-0.909751,0][0.440202,0.166072,-2.73318][0.0866142,0.818898,-0.566929][-0.756785,-0.923422,0][0.597984,0.28046,-2.54164][0.0866142,0.834646,-0.551181][-0.766646,-0.911451,0][0.597984,0.28046,-2.54164][0.0866142,0.834646,-0.551181][-0.766646,-0.911451,0][0.440202,0.166072,-2.73318][0.0866142,0.818898,-0.566929][-0.756785,-0.923422,0][-3.88594e-09,0.28046,-2.63144][0.00787402,1,-0.0472441][-0.729272,-0.917063,0][0.184204,0.16396,-2.77472][0.0866142,0.826772,-0.559055][-0.740785,-0.926018,0][1.60377e-07,0.16244,-2.80462][-0.0472441,0.826772,-0.559055][-0.729272,-0.927886,0][-3.88594e-09,0.28046,-2.63144][0.00787402,1,-0.0472441][-0.729272,-0.917063,0][0.184204,0.16396,-2.77472][0.0866142,0.826772,-0.559055][-0.740785,-0.926018,0][-3.88594e-09,0.28046,-2.63144][0.00787402,1,-0.0472441][-0.729272,-0.917063,0][0.440202,0.166072,-2.73318][0.0866142,0.818898,-0.566929][-0.756785,-0.923422,0][2.54164,0.28046,-0.597986][0.0551181,1,-0.00787402][-0.888125,-0.789972,0][2.72592,0.159789,-0.484872][0.574803,0.811024,-0.0866142][-0.899642,-0.782903,0][2.69108,0.161968,-0.699542][0.582677,0.811024,-0.0866142][-0.897465,-0.79632,0][2.51444,0.274418,-0.838148][0.511811,0.834646,-0.19685][-0.886425,-0.804983,0][2.69108,0.161968,-0.699542][0.582677,0.811024,-0.0866142][-0.897465,-0.79632,0][2.66068,0.16387,-0.886896][0.543307,0.811024,-0.204724][-0.895565,-0.808029,0][2.72592,0.159789,-0.484872][0.574803,0.811024,-0.0866142][-0.899642,-0.782903,0][2.54164,0.28046,-0.597986][0.0551181,1,-0.00787402][-0.888125,-0.789972,0][2.62228,0.280462,-0.0537634][0.0708661,1,-0.00787402][-0.893165,-0.755958,0][2.54164,0.28046,-0.597986][0.0551181,1,-0.00787402][-0.888125,-0.789972,0][2.69108,0.161968,-0.699542][0.582677,0.811024,-0.0866142][-0.897465,-0.79632,0][2.51444,0.274418,-0.838148][0.511811,0.834646,-0.19685][-0.886425,-0.804983,0][-0.0537644,0.28046,-2.62228][-0.00787402,1,-0.0708661][-0.725912,-0.916491,0][-3.88594e-09,0.28046,-2.63144][0.00787402,1,-0.0472441][-0.729272,-0.917063,0][1.60377e-07,0.16244,-2.80462][-0.0472441,0.826772,-0.559055][-0.729272,-0.927886,0][-0.0537644,0.28046,-2.62228][-0.00787402,1,-0.0708661][-0.725912,-0.916491,0][1.60377e-07,0.16244,-2.80462][-0.0472441,0.826772,-0.559055][-0.729272,-0.927886,0][-0.48487,0.15979,-2.72592][-0.0866142,0.811024,-0.574803][-0.698968,-0.922969,0][2.62228,0.280462,-0.0537634][0.0708661,1,-0.00787402][-0.893165,-0.755958,0][2.63144,0.280462,1.11445e-07][0.0472441,1,0.00787402][-0.893737,-0.752598,0][2.8046,0.16244,2.33416e-07][0.559055,0.826772,-0.0472441][-0.90456,-0.752598,0][2.62228,0.280462,-0.0537634][0.0708661,1,-0.00787402][-0.893165,-0.755958,0][2.8046,0.16244,2.33416e-07][0.559055,0.826772,-0.0472441][-0.90456,-0.752598,0][2.72592,0.159789,-0.484872][0.574803,0.811024,-0.0866142][-0.899642,-0.782903,0][-0.0537644,0.28046,-2.62228][-0.00787402,1,-0.0708661][-0.725912,-0.916491,0][-0.48487,0.15979,-2.72592][-0.0866142,0.811024,-0.574803][-0.698968,-0.922969,0][-0.59799,0.28046,-2.54164][-0.00787402,1,-0.0551181][-0.691898,-0.911451,0][-0.59799,0.28046,-2.54164][-0.00787402,1,-0.0551181][-0.691898,-0.911451,0][-0.48487,0.15979,-2.72592][-0.0866142,0.811024,-0.574803][-0.698968,-0.922969,0][-0.699542,0.161969,-2.69108][-0.0866142,0.811024,-0.582677][-0.685551,-0.920791,0][-0.699542,0.161969,-2.69108][-0.0866142,0.811024,-0.582677][-0.685551,-0.920791,0][-0.886896,0.163871,-2.66068][-0.204724,0.811024,-0.543307][-0.673841,-0.918891,0][-0.838148,0.274418,-2.51444][-0.19685,0.834646,-0.511811][-0.676888,-0.909751,0][-0.699542,0.161969,-2.69108][-0.0866142,0.811024,-0.582677][-0.685551,-0.920791,0][-0.838148,0.274418,-2.51444][-0.19685,0.834646,-0.511811][-0.676888,-0.909751,0][-0.59799,0.28046,-2.54164][-0.00787402,1,-0.0551181][-0.691898,-0.911451,0][2.77472,0.163959,0.184205][0.559055,0.826772,0.0866142][-0.902692,-0.741085,0][2.63144,0.280462,1.11445e-07][0.0472441,1,0.00787402][-0.893737,-0.752598,0][2.73318,0.166072,0.440202][0.566929,0.818898,0.0866142][-0.900095,-0.725086,0][2.63144,0.280462,1.11445e-07][0.0472441,1,0.00787402][-0.893737,-0.752598,0][2.77472,0.163959,0.184205][0.559055,0.826772,0.0866142][-0.902692,-0.741085,0][2.8046,0.16244,2.33416e-07][0.559055,0.826772,-0.0472441][-0.90456,-0.752598,0][2.54164,0.280462,0.597984][0.551181,0.834646,0.0866142][-0.888125,-0.715224,0][2.51444,0.274416,0.838148][0.543307,0.818898,0.181102][-0.886425,-0.700214,0][2.73318,0.166072,0.440202][0.566929,0.818898,0.0866142][-0.900095,-0.725086,0][2.54164,0.280462,0.597984][0.551181,0.834646,0.0866142][-0.888125,-0.715224,0][2.73318,0.166072,0.440202][0.566929,0.818898,0.0866142][-0.900095,-0.725086,0][2.63144,0.280462,1.11445e-07][0.0472441,1,0.00787402][-0.893737,-0.752598,0][-0.886896,0.163871,-2.66068][-0.204724,0.811024,-0.543307][-0.673841,-0.918891,0][-1.18591,0.158497,-2.51444][-0.259843,0.787402,-0.566929][-0.655153,-0.909751,0][-0.838148,0.274418,-2.51444][-0.19685,0.834646,-0.511811][-0.676888,-0.909751,0][2.66068,0.16387,0.886896][0.566929,0.811024,0.133858][-0.895565,-0.697167,0][2.73318,0.166072,0.440202][0.566929,0.818898,0.0866142][-0.900095,-0.725086,0][2.51444,0.274416,0.838148][0.543307,0.818898,0.181102][-0.886425,-0.700214,0][-0.838148,0.274418,-2.51444][-0.19685,0.834646,-0.511811][-0.676888,-0.909751,0][-1.18591,0.158497,-2.51444][-0.259843,0.787402,-0.566929][-0.655153,-0.909751,0][-1.52121,0.222724,-2.28182][-0.267717,0.850394,-0.448819][-0.634196,-0.895212,0][-1.42056,0.167107,-2.39968][-0.259843,0.771654,-0.582677][-0.640487,-0.902578,0][-1.55572,0.172066,-2.33358][-0.330709,0.771654,-0.535433][-0.63204,-0.898447,0][-1.52121,0.222724,-2.28182][-0.267717,0.850394,-0.448819][-0.634196,-0.895212,0][-1.42056,0.167107,-2.39968][-0.259843,0.771654,-0.582677][-0.640487,-0.902578,0][-1.52121,0.222724,-2.28182][-0.267717,0.850394,-0.448819][-0.634196,-0.895212,0][-1.18591,0.158497,-2.51444][-0.259843,0.787402,-0.566929][-0.655153,-0.909751,0][2.59442,0.166822,1.02239][0.535433,0.811024,0.244094][-0.891423,-0.688699,0][2.66068,0.16387,0.886896][0.566929,0.811024,0.133858][-0.895565,-0.697167,0][2.51444,0.274416,0.838148][0.543307,0.818898,0.181102][-0.886425,-0.700214,0][2.51444,0.274416,0.838148][0.543307,0.818898,0.181102][-0.886425,-0.700214,0][2.28182,0.222724,1.52121][0.433071,0.858268,0.267717][-0.871886,-0.657522,0][2.42114,0.174539,1.37666][0.535433,0.811024,0.244094][-0.880594,-0.666557,0][2.51444,0.274416,0.838148][0.543307,0.818898,0.181102][-0.886425,-0.700214,0][2.42114,0.174539,1.37666][0.535433,0.811024,0.244094][-0.880594,-0.666557,0][2.59442,0.166822,1.02239][0.535433,0.811024,0.244094][-0.891423,-0.688699,0][-1.55572,0.172066,-2.33358][-0.330709,0.771654,-0.535433][-0.63204,-0.898447,0][-1.64906,0.169102,-2.25706][-0.409449,0.740157,-0.535433][-0.626206,-0.893664,0][-1.52121,0.222724,-2.28182][-0.267717,0.850394,-0.448819][-0.634196,-0.895212,0][2.33358,0.172065,1.55572][0.527559,0.771654,0.354331][-0.875121,-0.655366,0][2.42114,0.174539,1.37666][0.535433,0.811024,0.244094][-0.880594,-0.666557,0][2.28182,0.222724,1.52121][0.433071,0.858268,0.267717][-0.871886,-0.657522,0][-1.64906,0.169102,-2.25706][-0.409449,0.740157,-0.535433][-0.626206,-0.893664,0][-1.84098,0.182255,-2.09972][-0.322835,0.866142,-0.370079][-0.614211,-0.883831,0][-1.52121,0.222724,-2.28182][-0.267717,0.850394,-0.448819][-0.634196,-0.895212,0][2.09972,0.182254,1.84099][0.771654,0,0.637795][-0.844334,-0.741207,0][2.26766,0.174937,1.63613][0.771654,0,0.637795][-0.83153,-0.741665,0][2.33358,0.172065,1.55572][0.858268,0,0.519685][-0.826504,-0.741844,0][2.09972,0.182254,1.84099][0.401575,0.850394,0.338583][-0.860504,-0.637537,0][2.33358,0.172065,1.55572][0.527559,0.771654,0.354331][-0.875121,-0.655366,0][2.28182,0.222724,1.52121][0.433071,0.858268,0.267717][-0.871886,-0.657522,0][-2.09972,0.182255,-1.84098][-0.393701,0.858268,-0.330709][-0.59804,-0.86766,0][-2.26766,0.174939,-1.63613][-0.503937,0.771654,-0.385827][-0.587544,-0.854856,0][-2.28182,0.222722,-1.52121][-0.433071,0.858268,-0.267717][-0.586658,-0.847674,0][-2.26766,0.174939,-1.63613][-0.503937,0.771654,-0.385827][-0.587544,-0.854856,0][-2.33358,0.172066,-1.55572][-0.543307,0.771654,-0.322835][-0.583424,-0.849831,0][-2.28182,0.222722,-1.52121][-0.433071,0.858268,-0.267717][-0.586658,-0.847674,0][1.30326,0.28046,2.24826][0.00787402,1,0.023622][-0.810726,-0.612082,0][0.833684,0.28046,2.50106][0,1,0][-0.781377,-0.596282,0][0.838148,0.274418,2.51444][0.19685,0.834646,0.511811][-0.781656,-0.595446,0][1.30326,0.28046,2.24826][0.00787402,1,0.023622][-0.810726,-0.612082,0][0.838148,0.274418,2.51444][0.19685,0.834646,0.511811][-0.781656,-0.595446,0][1.52121,0.222722,2.28182][0.267717,0.850394,0.448819][-0.824348,-0.609984,0][1.45545,0.28046,2.18318][0.015748,1,0.015748][-0.820238,-0.61615,0][1.30326,0.28046,2.24826][0.00787402,1,0.023622][-0.810726,-0.612082,0][1.52121,0.222722,2.28182][0.267717,0.850394,0.448819][-0.824348,-0.609984,0][0.833684,0.28046,2.50106][0,1,0][-0.781377,-0.596282,0][0.810068,0.28046,2.5045][0,1,0][-0.779901,-0.596067,0][0.838148,0.274418,2.51444][0.19685,0.834646,0.511811][-0.781656,-0.595446,0][0.810068,0.28046,2.5045][0,1,0][-0.779901,-0.596067,0][0.597988,0.28046,2.54164][0.00787402,1,0.0551181][-0.766646,-0.593746,0][0.838148,0.274418,2.51444][0.19685,0.834646,0.511811][-0.781656,-0.595446,0][-0.597984,0.28046,2.54164][-0.0866142,0.834646,0.551181][-0.691898,-0.593746,0][-0.833684,0.28046,2.50106][0,1,0][-0.677167,-0.596282,0][-0.838148,0.274416,2.51444][-0.181102,0.818898,0.543307][-0.676888,-0.595446,0][-0.833684,0.28046,2.50106][0,1,0][-0.677167,-0.596282,0][-0.865608,0.28046,2.48646][-0.00787402,1,0.023622][-0.675172,-0.597195,0][-0.838148,0.274416,2.51444][-0.181102,0.818898,0.543307][-0.676888,-0.595446,0][-0.865608,0.28046,2.48646][-0.00787402,1,0.023622][-0.675172,-0.597195,0][-1.45545,0.28046,2.18318][-0.00787402,1,0.015748][-0.638306,-0.61615,0][-1.52121,0.222724,2.28182][-0.267717,0.858268,0.433071][-0.634196,-0.609984,0][-0.865608,0.28046,2.48646][-0.00787402,1,0.023622][-0.675172,-0.597195,0][-1.52121,0.222724,2.28182][-0.267717,0.858268,0.433071][-0.634196,-0.609984,0][-0.838148,0.274416,2.51444][-0.181102,0.818898,0.543307][-0.676888,-0.595446,0][-1.45545,0.28046,2.18318][-0.00787402,1,0.015748][-0.638306,-0.61615,0][-1.69443,0.28046,1.99978][-0.0314961,1,0.0393701][-0.62337,-0.627612,0][-1.52121,0.222724,2.28182][-0.267717,0.858268,0.433071][-0.634196,-0.609984,0][-1.52121,0.222724,2.28182][-0.267717,0.858268,0.433071][-0.634196,-0.609984,0][-1.69443,0.28046,1.99978][-0.0314961,1,0.0393701][-0.62337,-0.627612,0][-1.84098,0.182255,2.09972][-0.330709,0.858268,0.393701][-0.614211,-0.621366,0][-1.85852,0.28046,1.85852][-0.0393701,1,0.0314961][-0.613115,-0.636441,0][-1.98316,0.179719,1.98316][-0.338583,0.866142,0.362205][-0.605325,-0.628651,0][-1.84098,0.182255,2.09972][-0.330709,0.858268,0.393701][-0.614211,-0.621366,0][-1.85852,0.28046,1.85852][-0.0393701,1,0.0314961][-0.613115,-0.636441,0][-1.84098,0.182255,2.09972][-0.330709,0.858268,0.393701][-0.614211,-0.621366,0][-1.69443,0.28046,1.99978][-0.0314961,1,0.0393701][-0.62337,-0.627612,0][-2.50106,0.280462,0.833684][0,1,0][-0.572956,-0.700493,0][-2.5045,0.280462,0.81007][0,1,0][-0.572741,-0.701969,0][-2.51444,0.274418,0.838148][-0.511811,0.834646,0.19685][-0.572119,-0.700214,0][-2.18318,0.280462,1.45545][-0.015748,1,0.015748][-0.592824,-0.661633,0][-2.24826,0.280462,1.30326][-0.023622,1,0.00787402][-0.588755,-0.671145,0][-2.28182,0.222722,1.52121][-0.448819,0.850394,0.267717][-0.586658,-0.657522,0][-1.85852,0.28046,1.85852][-0.0393701,1,0.0314961][-0.613115,-0.636441,0][-2.00584,0.280462,1.64863][-0.0472441,1,0.0393701][-0.603908,-0.649559,0][-2.00584,0.17817,1.9555][-0.393701,0.874016,0.291339][-0.603908,-0.63038,0][-1.85852,0.28046,1.85852][-0.0393701,1,0.0314961][-0.613115,-0.636441,0][-2.00584,0.17817,1.9555][-0.393701,0.874016,0.291339][-0.603908,-0.63038,0][-1.98316,0.179719,1.98316][-0.338583,0.866142,0.362205][-0.605325,-0.628651,0][-2.54164,0.28046,-0.597984][-0.551181,0.834646,-0.0866142][-0.570419,-0.789972,0][-2.50106,0.28046,-0.833684][0,1,0][-0.572956,-0.804704,0][-2.51444,0.274418,-0.838148][-0.543307,0.818898,-0.181102][-0.572119,-0.804983,0][-2.5045,0.280462,0.81007][0,1,0][-0.572741,-0.701969,0][-2.54164,0.280462,0.597986][-0.0551181,1,0.00787402][-0.570419,-0.715224,0][-2.51444,0.274418,0.838148][-0.511811,0.834646,0.19685][-0.572119,-0.700214,0][-2.24826,0.280462,1.30326][-0.023622,1,0.00787402][-0.588755,-0.671145,0][-2.50106,0.280462,0.833684][0,1,0][-0.572956,-0.700493,0][-2.51444,0.274418,0.838148][-0.511811,0.834646,0.19685][-0.572119,-0.700214,0][-2.24826,0.280462,1.30326][-0.023622,1,0.00787402][-0.588755,-0.671145,0][-2.51444,0.274418,0.838148][-0.511811,0.834646,0.19685][-0.572119,-0.700214,0][-2.28182,0.222722,1.52121][-0.448819,0.850394,0.267717][-0.586658,-0.657522,0][-2.00584,0.280462,1.64863][-0.0472441,1,0.0393701][-0.603908,-0.649559,0][-2.04596,0.179916,1.90654][-0.322835,0.897638,0.299213][-0.601399,-0.63344,0][-2.00584,0.17817,1.9555][-0.393701,0.874016,0.291339][-0.603908,-0.63038,0][-2.04596,0.179916,1.90654][-0.322835,0.897638,0.299213][-0.601399,-0.63344,0][-2.00584,0.280462,1.64863][-0.0472441,1,0.0393701][-0.603908,-0.649559,0][-2.09972,0.182255,1.84098][-0.370079,0.866142,0.322835][-0.59804,-0.637537,0][-2.00584,0.280462,1.64863][-0.0472441,1,0.0393701][-0.603908,-0.649559,0][-2.28182,0.222722,1.52121][-0.448819,0.850394,0.267717][-0.586658,-0.657522,0][-2.09972,0.182255,1.84098][-0.370079,0.866142,0.322835][-0.59804,-0.637537,0][-2.28182,0.222722,1.52121][-0.448819,0.850394,0.267717][-0.586658,-0.657522,0][-2.00584,0.280462,1.64863][-0.0472441,1,0.0393701][-0.603908,-0.649559,0][-2.18318,0.280462,1.45545][-0.015748,1,0.015748][-0.592824,-0.661633,0][-2.50106,0.28046,-0.833684][0,1,0][-0.572956,-0.804704,0][-2.48646,0.28046,-0.865608][-0.023622,1,-0.00787402][-0.573868,-0.806699,0][-2.51444,0.274418,-0.838148][-0.543307,0.818898,-0.181102][-0.572119,-0.804983,0][-2.48646,0.28046,-0.865608][-0.023622,1,-0.00787402][-0.573868,-0.806699,0][-2.18318,0.28046,-1.45545][-0.015748,1,-0.00787402][-0.592824,-0.843564,0][-2.28182,0.222722,-1.52121][-0.433071,0.858268,-0.267717][-0.586658,-0.847674,0][-2.48646,0.28046,-0.865608][-0.023622,1,-0.00787402][-0.573868,-0.806699,0][-2.28182,0.222722,-1.52121][-0.433071,0.858268,-0.267717][-0.586658,-0.847674,0][-2.51444,0.274418,-0.838148][-0.543307,0.818898,-0.181102][-0.572119,-0.804983,0][1.55572,0.172065,2.33358][0.330709,0.771654,0.535433][-0.826504,-0.60675,0][1.64906,0.169101,2.25706][0.409449,0.740157,0.535433][-0.832338,-0.611532,0][1.52121,0.222722,2.28182][0.267717,0.850394,0.448819][-0.824348,-0.609984,0][1.64906,0.169101,2.25706][0.409449,0.740157,0.535433][-0.832338,-0.611532,0][1.84099,0.182254,2.09972][0.322835,0.866142,0.370079][-0.844334,-0.621366,0][1.52121,0.222722,2.28182][0.267717,0.850394,0.448819][-0.824348,-0.609984,0][1.55572,0.172065,2.33358][0.330709,0.771654,0.535433][-0.826504,-0.60675,0][1.52121,0.222722,2.28182][0.267717,0.850394,0.448819][-0.824348,-0.609984,0][1.42056,0.167107,2.39968][0.259843,0.771654,0.582677][-0.818057,-0.602618,0][1.52121,0.222722,2.28182][0.267717,0.850394,0.448819][-0.824348,-0.609984,0][1.18591,0.158497,2.51444][0.259843,0.787402,0.566929][-0.803391,-0.595446,0][1.42056,0.167107,2.39968][0.259843,0.771654,0.582677][-0.818057,-0.602618,0][1.18591,0.158497,2.51444][0.259843,0.787402,0.566929][-0.803391,-0.595446,0][1.52121,0.222722,2.28182][0.267717,0.850394,0.448819][-0.824348,-0.609984,0][0.838148,0.274418,2.51444][0.19685,0.834646,0.511811][-0.781656,-0.595446,0][0.886896,0.163871,2.66068][0.204724,0.811024,0.543307][-0.784703,-0.586305,0][1.18591,0.158497,2.51444][0.259843,0.787402,0.566929][-0.803391,-0.595446,0][0.838148,0.274418,2.51444][0.19685,0.834646,0.511811][-0.781656,-0.595446,0][0.886896,0.163871,2.66068][0.204724,0.811024,0.543307][-0.784703,-0.586305,0][0.838148,0.274418,2.51444][0.19685,0.834646,0.511811][-0.781656,-0.595446,0][0.699542,0.161969,2.69108][0.0866142,0.811024,0.582677][-0.772994,-0.584405,0][0.699542,0.161969,2.69108][0.0866142,0.811024,0.582677][-0.772994,-0.584405,0][0.838148,0.274418,2.51444][0.19685,0.834646,0.511811][-0.781656,-0.595446,0][0.597988,0.28046,2.54164][0.00787402,1,0.0551181][-0.766646,-0.593746,0][0.597988,0.28046,2.54164][0.00787402,1,0.0551181][-0.766646,-0.593746,0][0.0537636,0.28046,2.62228][0.00787402,1,0.0708661][-0.732632,-0.588705,0][0.48487,0.15979,2.72592][0.0866142,0.811024,0.574803][-0.759576,-0.582228,0][0.597988,0.28046,2.54164][0.00787402,1,0.0551181][-0.766646,-0.593746,0][0.48487,0.15979,2.72592][0.0866142,0.811024,0.574803][-0.759576,-0.582228,0][0.699542,0.161969,2.69108][0.0866142,0.811024,0.582677][-0.772994,-0.584405,0][0.0537636,0.28046,2.62228][0.00787402,1,0.0708661][-0.732632,-0.588705,0][1.67168e-07,0.28046,2.63144][-0.00787402,1,0.0472441][-0.729272,-0.588133,0][1.15523e-07,0.16244,2.80462][0.0472441,0.826772,0.559055][-0.729272,-0.57731,0][0.0537636,0.28046,2.62228][0.00787402,1,0.0708661][-0.732632,-0.588705,0][1.15523e-07,0.16244,2.80462][0.0472441,0.826772,0.559055][-0.729272,-0.57731,0][0.48487,0.15979,2.72592][0.0866142,0.811024,0.574803][-0.759576,-0.582228,0][1.67168e-07,0.28046,2.63144][-0.00787402,1,0.0472441][-0.729272,-0.588133,0][-0.184204,0.16396,2.77472][-0.0866142,0.826772,0.559055][-0.717759,-0.579178,0][1.15523e-07,0.16244,2.80462][0.0472441,0.826772,0.559055][-0.729272,-0.57731,0][-0.184204,0.16396,2.77472][-0.0866142,0.826772,0.559055][-0.717759,-0.579178,0][1.67168e-07,0.28046,2.63144][-0.00787402,1,0.0472441][-0.729272,-0.588133,0][-0.440204,0.166072,2.73318][-0.0866142,0.818898,0.566929][-0.701759,-0.581775,0][-0.440204,0.166072,2.73318][-0.0866142,0.818898,0.566929][-0.701759,-0.581775,0][-0.597984,0.28046,2.54164][-0.0866142,0.834646,0.551181][-0.691898,-0.593746,0][-0.838148,0.274416,2.51444][-0.181102,0.818898,0.543307][-0.676888,-0.595446,0][-0.597984,0.28046,2.54164][-0.0866142,0.834646,0.551181][-0.691898,-0.593746,0][-0.440204,0.166072,2.73318][-0.0866142,0.818898,0.566929][-0.701759,-0.581775,0][1.67168e-07,0.28046,2.63144][-0.00787402,1,0.0472441][-0.729272,-0.588133,0][-0.886896,0.163871,2.66068][-0.133858,0.811024,0.566929][-0.673841,-0.586305,0][-0.440204,0.166072,2.73318][-0.0866142,0.818898,0.566929][-0.701759,-0.581775,0][-0.838148,0.274416,2.51444][-0.181102,0.818898,0.543307][-0.676888,-0.595446,0][-0.886896,0.163871,2.66068][-0.133858,0.811024,0.566929][-0.673841,-0.586305,0][-0.838148,0.274416,2.51444][-0.181102,0.818898,0.543307][-0.676888,-0.595446,0][-1.02239,0.166822,2.59442][-0.244094,0.811024,0.535433][-0.665372,-0.590447,0][-0.838148,0.274416,2.51444][-0.181102,0.818898,0.543307][-0.676888,-0.595446,0][-1.37666,0.174539,2.42114][-0.244094,0.811024,0.535433][-0.643231,-0.601277,0][-1.02239,0.166822,2.59442][-0.244094,0.811024,0.535433][-0.665372,-0.590447,0][-1.37666,0.174539,2.42114][-0.244094,0.811024,0.535433][-0.643231,-0.601277,0][-0.838148,0.274416,2.51444][-0.181102,0.818898,0.543307][-0.676888,-0.595446,0][-1.52121,0.222724,2.28182][-0.267717,0.858268,0.433071][-0.634196,-0.609984,0][-1.55572,0.172066,2.33358][-0.322835,0.771654,0.543307][-0.63204,-0.60675,0][-1.37666,0.174539,2.42114][-0.244094,0.811024,0.535433][-0.643231,-0.601277,0][-1.52121,0.222724,2.28182][-0.267717,0.858268,0.433071][-0.634196,-0.609984,0][-1.84098,0.182255,2.09972][-0.330709,0.858268,0.393701][-0.614211,-0.621366,0][-1.63613,0.174938,2.26766][-0.385827,0.771654,0.503937][-0.627014,-0.61087,0][-1.52121,0.222724,2.28182][-0.267717,0.858268,0.433071][-0.634196,-0.609984,0][-1.63613,0.174938,2.26766][-0.385827,0.771654,0.503937][-0.627014,-0.61087,0][-1.55572,0.172066,2.33358][-0.322835,0.771654,0.543307][-0.63204,-0.60675,0][-1.52121,0.222724,2.28182][-0.267717,0.858268,0.433071][-0.634196,-0.609984,0][-2.25706,0.169102,1.64906][-0.535433,0.740157,0.409449][-0.588206,-0.649532,0][-2.09972,0.182255,1.84098][-0.370079,0.866142,0.322835][-0.59804,-0.637537,0][-2.28182,0.222722,1.52121][-0.448819,0.850394,0.267717][-0.586658,-0.657522,0][-2.33358,0.172066,1.55572][-0.535433,0.771654,0.330709][-0.583424,-0.655366,0][-2.25706,0.169102,1.64906][-0.535433,0.740157,0.409449][-0.588206,-0.649532,0][-2.28182,0.222722,1.52121][-0.448819,0.850394,0.267717][-0.586658,-0.657522,0][-2.54164,0.28046,-0.597984][-0.551181,0.834646,-0.0866142][-0.570419,-0.789972,0][-2.73318,0.166073,-0.440206][-0.566929,0.818898,-0.0866142][-0.558449,-0.780111,0][-2.63144,0.28046,-1.67168e-07][-0.0472441,1,-0.00787402][-0.564807,-0.752598,0][-2.73318,0.166073,-0.440206][-0.566929,0.818898,-0.0866142][-0.558449,-0.780111,0][-2.54164,0.28046,-0.597984][-0.551181,0.834646,-0.0866142][-0.570419,-0.789972,0][-2.51444,0.274418,-0.838148][-0.543307,0.818898,-0.181102][-0.572119,-0.804983,0][-2.77472,0.163961,-0.184204][-0.559055,0.826772,-0.0866142][-0.555852,-0.764111,0][-2.8046,0.16244,-8.18836e-08][-0.559055,0.826772,0.0472441][-0.553984,-0.752598,0][-2.63144,0.28046,-1.67168e-07][-0.0472441,1,-0.00787402][-0.564807,-0.752598,0][-2.73318,0.166073,-0.440206][-0.566929,0.818898,-0.0866142][-0.558449,-0.780111,0][-2.77472,0.163961,-0.184204][-0.559055,0.826772,-0.0866142][-0.555852,-0.764111,0][-2.63144,0.28046,-1.67168e-07][-0.0472441,1,-0.00787402][-0.564807,-0.752598,0][-2.69108,0.16197,0.699544][-0.582677,0.811024,0.0866142][-0.561079,-0.708877,0][-2.51444,0.274418,0.838148][-0.511811,0.834646,0.19685][-0.572119,-0.700214,0][-2.54164,0.280462,0.597986][-0.0551181,1,0.00787402][-0.570419,-0.715224,0][-2.72592,0.15979,0.484868][-0.574803,0.811024,0.0866142][-0.558902,-0.722294,0][-2.54164,0.280462,0.597986][-0.0551181,1,0.00787402][-0.570419,-0.715224,0][-2.62228,0.28046,0.0537632][-0.0708661,1,0.00787402][-0.565379,-0.749238,0][-2.69108,0.16197,0.699544][-0.582677,0.811024,0.0866142][-0.561079,-0.708877,0][-2.66068,0.163872,0.886896][-0.543307,0.811024,0.204724][-0.562979,-0.697167,0][-2.51444,0.274418,0.838148][-0.511811,0.834646,0.19685][-0.572119,-0.700214,0][-2.72592,0.15979,0.484868][-0.574803,0.811024,0.0866142][-0.558902,-0.722294,0][-2.69108,0.16197,0.699544][-0.582677,0.811024,0.0866142][-0.561079,-0.708877,0][-2.54164,0.280462,0.597986][-0.0551181,1,0.00787402][-0.570419,-0.715224,0][-2.33358,0.172066,1.55572][-0.535433,0.771654,0.330709][-0.583424,-0.655366,0][-2.28182,0.222722,1.52121][-0.448819,0.850394,0.267717][-0.586658,-0.657522,0][-2.39968,0.167108,1.42056][-0.582677,0.771654,0.259843][-0.579292,-0.663813,0][-2.28182,0.222722,1.52121][-0.448819,0.850394,0.267717][-0.586658,-0.657522,0][-2.51444,0.158498,1.1859][-0.566929,0.787402,0.259843][-0.572119,-0.678479,0][-2.39968,0.167108,1.42056][-0.582677,0.771654,0.259843][-0.579292,-0.663813,0][-2.51444,0.158498,1.1859][-0.566929,0.787402,0.259843][-0.572119,-0.678479,0][-2.28182,0.222722,1.52121][-0.448819,0.850394,0.267717][-0.586658,-0.657522,0][-2.51444,0.274418,0.838148][-0.511811,0.834646,0.19685][-0.572119,-0.700214,0][-2.66068,0.163872,-0.886896][-0.566929,0.811024,-0.133858][-0.562979,-0.808029,0][-2.73318,0.166073,-0.440206][-0.566929,0.818898,-0.0866142][-0.558449,-0.780111,0][-2.51444,0.274418,-0.838148][-0.543307,0.818898,-0.181102][-0.572119,-0.804983,0][-2.62228,0.28046,0.0537632][-0.0708661,1,0.00787402][-0.565379,-0.749238,0][-2.63144,0.28046,-1.67168e-07][-0.0472441,1,-0.00787402][-0.564807,-0.752598,0][-2.8046,0.16244,-8.18836e-08][-0.559055,0.826772,0.0472441][-0.553984,-0.752598,0][-2.62228,0.28046,0.0537632][-0.0708661,1,0.00787402][-0.565379,-0.749238,0][-2.8046,0.16244,-8.18836e-08][-0.559055,0.826772,0.0472441][-0.553984,-0.752598,0][-2.72592,0.15979,0.484868][-0.574803,0.811024,0.0866142][-0.558902,-0.722294,0][-2.66068,0.163872,0.886896][-0.543307,0.811024,0.204724][-0.562979,-0.697167,0][-2.51444,0.158498,1.1859][-0.566929,0.787402,0.259843][-0.572119,-0.678479,0][-2.51444,0.274418,0.838148][-0.511811,0.834646,0.19685][-0.572119,-0.700214,0][-2.28182,0.222722,-1.52121][-0.433071,0.858268,-0.267717][-0.586658,-0.847674,0][-2.42114,0.17454,-1.37667][-0.535433,0.811024,-0.244094][-0.57795,-0.83864,0][-2.51444,0.274418,-0.838148][-0.543307,0.818898,-0.181102][-0.572119,-0.804983,0][-2.51444,0.274418,-0.838148][-0.543307,0.818898,-0.181102][-0.572119,-0.804983,0][-2.59442,0.166823,-1.02239][-0.535433,0.811024,-0.244094][-0.567121,-0.816498,0][-2.66068,0.163872,-0.886896][-0.566929,0.811024,-0.133858][-0.562979,-0.808029,0][-2.59442,0.166823,-1.02239][-0.535433,0.811024,-0.244094][-0.567121,-0.816498,0][-2.51444,0.274418,-0.838148][-0.543307,0.818898,-0.181102][-0.572119,-0.804983,0][-2.42114,0.17454,-1.37667][-0.535433,0.811024,-0.244094][-0.57795,-0.83864,0][-2.33358,0.172066,-1.55572][-0.543307,0.771654,-0.322835][-0.583424,-0.849831,0][-2.42114,0.17454,-1.37667][-0.535433,0.811024,-0.244094][-0.57795,-0.83864,0][-2.28182,0.222722,-1.52121][-0.433071,0.858268,-0.267717][-0.586658,-0.847674,0][1.44577,-0.28046,2.16866][0.00787402,-1,0.015748][-0.638912,-0.617058,0][0.904234,-0.280462,2.4471][0.19685,-0.905512,0.385827][-0.672757,-0.599655,0][0.827406,-0.280462,2.48222][0,-1,0][-0.677559,-0.59746,0][1.44577,-0.28046,2.16866][0.00787402,-1,0.015748][-0.638912,-0.617058,0][0.827406,-0.280462,2.48222][0,-1,0][-0.677559,-0.59746,0][9.36286e-08,-0.280462,0][0,-1,0][-0.729272,-0.752598,0][1.848,-0.28046,1.848][0.023622,-1,0.023622][-0.613772,-0.637098,0][1.71993,-0.28046,1.95825][0.299213,-0.88189,0.362205][-0.621776,-0.630208,0][1.44577,-0.28046,2.16866][0.00787402,-1,0.015748][-0.638912,-0.617058,0][1.848,-0.28046,1.848][0.023622,-1,0.023622][-0.613772,-0.637098,0][1.44577,-0.28046,2.16866][0.00787402,-1,0.015748][-0.638912,-0.617058,0][9.36286e-08,-0.280462,0][0,-1,0][-0.729272,-0.752598,0][0.827406,-0.280462,2.48222][0,-1,0][-0.677559,-0.59746,0][0.260168,-0.28046,2.5799][0.0787402,-0.834646,0.543307][-0.713012,-0.591355,0][1.11445e-07,-0.280462,2.61896][0,-1,0.023622][-0.729272,-0.588913,0][0.827406,-0.280462,2.48222][0,-1,0][-0.677559,-0.59746,0][1.11445e-07,-0.280462,2.61896][0,-1,0.023622][-0.729272,-0.588913,0][9.36286e-08,-0.280462,0][0,-1,0][-0.729272,-0.752598,0][2.00584,-0.28046,1.62312][0.0472441,-1,0.0393701][-0.603908,-0.651153,0][1.848,-0.28046,1.848][0.023622,-1,0.023622][-0.613772,-0.637098,0][9.36286e-08,-0.280462,0][0,-1,0][-0.729272,-0.752598,0][2.00584,-0.28046,1.62312][0.0472441,-1,0.0393701][-0.603908,-0.651153,0][9.36286e-08,-0.280462,0][0,-1,0][-0.729272,-0.752598,0][2.16866,-0.28046,1.44577][0.023622,-1,0.015748][-0.593731,-0.662238,0][-0.770574,-0.280462,2.4905][0,-1,0.00787402][-0.777433,-0.596942,0][-0.827406,-0.280462,2.48222][0,-1,0.00787402][-0.780985,-0.59746,0][9.36286e-08,-0.280462,0][0,-1,0][-0.729272,-0.752598,0][-0.260164,-0.280462,2.5799][-0.00787402,-1,0.0551181][-0.745532,-0.591354,0][-0.770574,-0.280462,2.4905][0,-1,0.00787402][-0.777433,-0.596942,0][9.36286e-08,-0.280462,0][0,-1,0][-0.729272,-0.752598,0][-0.0233914,-0.28046,2.61498][-0.015748,-0.992126,0.11811][-0.730734,-0.589162,0][9.36286e-08,-0.280462,0][0,-1,0][-0.729272,-0.752598,0][1.11445e-07,-0.280462,2.61896][0,-1,0.023622][-0.729272,-0.588913,0][9.36286e-08,-0.280462,0][0,-1,0][-0.729272,-0.752598,0][-0.0233914,-0.28046,2.61498][-0.015748,-0.992126,0.11811][-0.730734,-0.589162,0][-0.260164,-0.280462,2.5799][-0.00787402,-1,0.0551181][-0.745532,-0.591354,0][2.24332,-0.28046,1.27117][0.023622,-1,0.015748][-0.589064,-0.67315,0][2.16866,-0.28046,1.44577][0.023622,-1,0.015748][-0.593731,-0.662238,0][9.36286e-08,-0.280462,0][0,-1,0][-0.729272,-0.752598,0][2.24332,-0.28046,1.27117][0.023622,-1,0.015748][-0.589064,-0.67315,0][9.36286e-08,-0.280462,0][0,-1,0][-0.729272,-0.752598,0][2.48222,-0.28046,0.827406][0.00787402,-1,0][-0.574134,-0.700885,0][-0.827406,-0.280462,2.48222][0,-1,0.00787402][-0.780985,-0.59746,0][-1.27117,-0.28046,2.24332][-0.015748,-1,0.023622][-0.80872,-0.61239,0][9.36286e-08,-0.280462,0][0,-1,0][-0.729272,-0.752598,0][-1.27117,-0.28046,2.24332][-0.015748,-1,0.023622][-0.80872,-0.61239,0][-1.44577,-0.28046,2.16866][-0.015748,-1,0.023622][-0.819633,-0.617058,0][9.36286e-08,-0.280462,0][0,-1,0][-0.729272,-0.752598,0][9.36286e-08,-0.280462,0][0,-1,0][-0.729272,-0.752598,0][2.4905,-0.28046,0.770574][0.00787402,-1,0][-0.573615,-0.704437,0][2.48222,-0.28046,0.827406][0.00787402,-1,0][-0.574134,-0.700885,0][2.4905,-0.28046,0.770574][0.00787402,-1,0][-0.573615,-0.704437,0][9.36286e-08,-0.280462,0][0,-1,0][-0.729272,-0.752598,0][2.5799,-0.28046,0.260168][0.0551181,-1,0.00787402][-0.568028,-0.736338,0][2.61498,-0.28046,0.023391][0.11811,-0.992126,0.015748][-0.565836,-0.751136,0][2.5799,-0.28046,0.260168][0.0551181,-1,0.00787402][-0.568028,-0.736338,0][9.36286e-08,-0.280462,0][0,-1,0][-0.729272,-0.752598,0][2.61896,-0.28046,2.26718e-07][0.023622,-1,0][-0.565587,-0.752598,0][2.61498,-0.28046,0.023391][0.11811,-0.992126,0.015748][-0.565836,-0.751136,0][9.36286e-08,-0.280462,0][0,-1,0][-0.729272,-0.752598,0][-1.44577,-0.28046,2.16866][-0.015748,-1,0.023622][-0.819633,-0.617058,0][-1.62312,-0.28046,2.00584][-0.0393701,-1,0.0472441][-0.830717,-0.627234,0][9.36286e-08,-0.280462,0][0,-1,0][-0.729272,-0.752598,0][-1.62312,-0.28046,2.00584][-0.0393701,-1,0.0472441][-0.830717,-0.627234,0][-1.848,-0.28046,1.848][-0.023622,-1,0.023622][-0.844772,-0.637098,0][9.36286e-08,-0.280462,0][0,-1,0][-0.729272,-0.752598,0][2.48222,-0.28046,-0.827406][0,-1,0][-0.574134,-0.804311,0][2.5799,-0.28046,-0.260166][0.543307,-0.834646,-0.0787402][-0.568028,-0.768859,0][2.61896,-0.28046,2.26718e-07][0.023622,-1,0][-0.565587,-0.752598,0][2.48222,-0.28046,-0.827406][0,-1,0][-0.574134,-0.804311,0][2.61896,-0.28046,2.26718e-07][0.023622,-1,0][-0.565587,-0.752598,0][9.36286e-08,-0.280462,0][0,-1,0][-0.729272,-0.752598,0][-1.848,-0.28046,1.848][-0.023622,-1,0.023622][-0.844772,-0.637098,0][-1.95825,-0.28046,1.71993][-0.362205,-0.88189,0.299213][-0.851663,-0.645103,0][-2.16866,-0.28046,1.44577][-0.015748,-1,0.00787402][-0.864813,-0.662238,0][-1.848,-0.28046,1.848][-0.023622,-1,0.023622][-0.844772,-0.637098,0][-2.16866,-0.28046,1.44577][-0.015748,-1,0.00787402][-0.864813,-0.662238,0][9.36286e-08,-0.280462,0][0,-1,0][-0.729272,-0.752598,0][2.4471,-0.28046,-0.904234][0.023622,-1,-0.015748][-0.576329,-0.809113,0][2.48222,-0.28046,-0.827406][0,-1,0][-0.574134,-0.804311,0][9.36286e-08,-0.280462,0][0,-1,0][-0.729272,-0.752598,0][2.4471,-0.28046,-0.904234][0.023622,-1,-0.015748][-0.576329,-0.809113,0][9.36286e-08,-0.280462,0][0,-1,0][-0.729272,-0.752598,0][2.16866,-0.28046,-1.44577][0.023622,-1,-0.015748][-0.593731,-0.842959,0][-2.4471,-0.28046,0.904234][-0.023622,-1,0.015748][-0.882216,-0.696084,0][-2.48222,-0.28046,0.827406][0,-1,0][-0.884411,-0.700885,0][9.36286e-08,-0.280462,0][0,-1,0][-0.729272,-0.752598,0][-2.4471,-0.28046,0.904234][-0.023622,-1,0.015748][-0.882216,-0.696084,0][9.36286e-08,-0.280462,0][0,-1,0][-0.729272,-0.752598,0][-2.16866,-0.28046,1.44577][-0.015748,-1,0.00787402][-0.864813,-0.662238,0][1.95825,-0.28046,-1.71993][0.0393701,-1,-0.0314961][-0.606881,-0.860094,0][2.16866,-0.28046,-1.44577][0.023622,-1,-0.015748][-0.593731,-0.842959,0][9.36286e-08,-0.280462,0][0,-1,0][-0.729272,-0.752598,0][1.95825,-0.28046,-1.71993][0.0393701,-1,-0.0314961][-0.606881,-0.860094,0][9.36286e-08,-0.280462,0][0,-1,0][-0.729272,-0.752598,0][1.848,-0.28046,-1.848][0.0393701,-1,-0.0393701][-0.613772,-0.868098,0][-2.48222,-0.28046,0.827406][0,-1,0][-0.884411,-0.700885,0][-2.5799,-0.280462,0.260168][-0.543307,-0.834646,0.0787402][-0.890516,-0.736338,0][-2.61896,-0.280462,1.67168e-07][-0.023622,-1,0][-0.892958,-0.752598,0][-2.48222,-0.28046,0.827406][0,-1,0][-0.884411,-0.700885,0][-2.61896,-0.280462,1.67168e-07][-0.023622,-1,0][-0.892958,-0.752598,0][9.36286e-08,-0.280462,0][0,-1,0][-0.729272,-0.752598,0][1.62312,-0.28046,-2.00584][0.0393701,-1,-0.0472441][-0.627827,-0.877963,0][1.848,-0.28046,-1.848][0.0393701,-1,-0.0393701][-0.613772,-0.868098,0][9.36286e-08,-0.280462,0][0,-1,0][-0.729272,-0.752598,0][1.62312,-0.28046,-2.00584][0.0393701,-1,-0.0472441][-0.627827,-0.877963,0][9.36286e-08,-0.280462,0][0,-1,0][-0.729272,-0.752598,0][1.44577,-0.28046,-2.16866][0.015748,-1,-0.023622][-0.638912,-0.888139,0][-2.61498,-0.28046,-0.0233914][-0.11811,-0.992126,-0.015748][-0.892709,-0.75406,0][-2.5799,-0.28046,-0.260166][-0.0551181,-1,-0.00787402][-0.890516,-0.768859,0][9.36286e-08,-0.280462,0][0,-1,0][-0.729272,-0.752598,0][-2.61896,-0.280462,1.67168e-07][-0.023622,-1,0][-0.892958,-0.752598,0][-2.61498,-0.28046,-0.0233914][-0.11811,-0.992126,-0.015748][-0.892709,-0.75406,0][9.36286e-08,-0.280462,0][0,-1,0][-0.729272,-0.752598,0][-2.4905,-0.28046,-0.770574][-0.00787402,-1,0][-0.884929,-0.800759,0][-2.48222,-0.28046,-0.827406][-0.00787402,-1,0][-0.884411,-0.804311,0][9.36286e-08,-0.280462,0][0,-1,0][-0.729272,-0.752598,0][-2.4905,-0.28046,-0.770574][-0.00787402,-1,0][-0.884929,-0.800759,0][9.36286e-08,-0.280462,0][0,-1,0][-0.729272,-0.752598,0][-2.5799,-0.28046,-0.260166][-0.0551181,-1,-0.00787402][-0.890516,-0.768859,0][0.827406,-0.28046,-2.48222][0,-1,-0.00787402][-0.677559,-0.907737,0][1.27117,-0.28046,-2.24332][0.015748,-1,-0.023622][-0.649824,-0.892806,0][9.36286e-08,-0.280462,0][0,-1,0][-0.729272,-0.752598,0][1.27117,-0.28046,-2.24332][0.015748,-1,-0.023622][-0.649824,-0.892806,0][1.44577,-0.28046,-2.16866][0.015748,-1,-0.023622][-0.638912,-0.888139,0][9.36286e-08,-0.280462,0][0,-1,0][-0.729272,-0.752598,0][-2.24332,-0.28046,-1.27117][-0.023622,-1,-0.015748][-0.86948,-0.832046,0][-2.16866,-0.28046,-1.44577][-0.023622,-1,-0.015748][-0.864813,-0.842959,0][9.36286e-08,-0.280462,0][0,-1,0][-0.729272,-0.752598,0][-2.24332,-0.28046,-1.27117][-0.023622,-1,-0.015748][-0.86948,-0.832046,0][9.36286e-08,-0.280462,0][0,-1,0][-0.729272,-0.752598,0][-2.48222,-0.28046,-0.827406][-0.00787402,-1,0][-0.884411,-0.804311,0][5.57226e-08,-0.28046,-2.61896][0,-1,-0.023622][-0.729272,-0.916284,0][0.023391,-0.28046,-2.61498][0.015748,-0.992126,-0.11811][-0.72781,-0.916035,0][9.36286e-08,-0.280462,0][0,-1,0][-0.729272,-0.752598,0][9.36286e-08,-0.280462,0][0,-1,0][-0.729272,-0.752598,0][0.023391,-0.28046,-2.61498][0.015748,-0.992126,-0.11811][-0.72781,-0.916035,0][0.260168,-0.28046,-2.5799][0.00787402,-1,-0.0551181][-0.713012,-0.913842,0][0.770574,-0.28046,-2.4905][0,-1,-0.00787402][-0.681111,-0.908255,0][0.827406,-0.28046,-2.48222][0,-1,-0.00787402][-0.677559,-0.907737,0][9.36286e-08,-0.280462,0][0,-1,0][-0.729272,-0.752598,0][0.260168,-0.28046,-2.5799][0.00787402,-1,-0.0551181][-0.713012,-0.913842,0][0.770574,-0.28046,-2.4905][0,-1,-0.00787402][-0.681111,-0.908255,0][9.36286e-08,-0.280462,0][0,-1,0][-0.729272,-0.752598,0][-2.00584,-0.28046,-1.62312][-0.0472441,-1,-0.0393701][-0.854637,-0.854043,0][-1.848,-0.280462,-1.848][-0.0393701,-1,-0.0393701][-0.844772,-0.868098,0][9.36286e-08,-0.280462,0][0,-1,0][-0.729272,-0.752598,0][-2.00584,-0.28046,-1.62312][-0.0472441,-1,-0.0393701][-0.854637,-0.854043,0][9.36286e-08,-0.280462,0][0,-1,0][-0.729272,-0.752598,0][-2.16866,-0.28046,-1.44577][-0.023622,-1,-0.015748][-0.864813,-0.842959,0][-0.827406,-0.28046,-2.48222][0,-1,0][-0.780985,-0.907737,0][-0.260176,-0.28046,-2.5799][-0.0787402,-0.834646,-0.543307][-0.745533,-0.913842,0][5.57226e-08,-0.28046,-2.61896][0,-1,-0.023622][-0.729272,-0.916284,0][-0.827406,-0.28046,-2.48222][0,-1,0][-0.780985,-0.907737,0][5.57226e-08,-0.28046,-2.61896][0,-1,-0.023622][-0.729272,-0.916284,0][9.36286e-08,-0.280462,0][0,-1,0][-0.729272,-0.752598,0][-1.71993,-0.28046,-1.95825][-0.0314961,-1,-0.0393701][-0.836768,-0.874989,0][-1.44577,-0.28046,-2.16866][-0.015748,-1,-0.023622][-0.819633,-0.888139,0][9.36286e-08,-0.280462,0][0,-1,0][-0.729272,-0.752598,0][-1.71993,-0.28046,-1.95825][-0.0314961,-1,-0.0393701][-0.836768,-0.874989,0][9.36286e-08,-0.280462,0][0,-1,0][-0.729272,-0.752598,0][-1.848,-0.280462,-1.848][-0.0393701,-1,-0.0393701][-0.844772,-0.868098,0][-0.904234,-0.28046,-2.4471][-0.015748,-1,-0.023622][-0.785787,-0.905542,0][-0.827406,-0.28046,-2.48222][0,-1,0][-0.780985,-0.907737,0][9.36286e-08,-0.280462,0][0,-1,0][-0.729272,-0.752598,0][-0.904234,-0.28046,-2.4471][-0.015748,-1,-0.023622][-0.785787,-0.905542,0][9.36286e-08,-0.280462,0][0,-1,0][-0.729272,-0.752598,0][-1.44577,-0.28046,-2.16866][-0.015748,-1,-0.023622][-0.819633,-0.888139,0][2.00584,-0.169668,1.9555][0.393701,-0.874016,0.291339][-0.603908,-0.630379,0][1.98316,-0.171217,1.98316][0.338583,-0.866142,0.362205][-0.605325,-0.628651,0][1.848,-0.28046,1.848][0.023622,-1,0.023622][-0.613772,-0.637098,0][2.00584,-0.169668,1.9555][0.393701,-0.874016,0.291339][-0.603908,-0.630379,0][1.848,-0.28046,1.848][0.023622,-1,0.023622][-0.613772,-0.637098,0][2.00584,-0.28046,1.62312][0.0472441,-1,0.0393701][-0.603908,-0.651153,0][2.00584,-0.28046,1.62312][0.0472441,-1,0.0393701][-0.603908,-0.651153,0][2.05114,-0.171639,1.90023][0.322835,-0.897638,0.299213][-0.601076,-0.633834,0][2.00584,-0.169668,1.9555][0.393701,-0.874016,0.291339][-0.603908,-0.630379,0][2.05114,-0.171639,1.90023][0.322835,-0.897638,0.299213][-0.601076,-0.633834,0][2.00584,-0.28046,1.62312][0.0472441,-1,0.0393701][-0.603908,-0.651153,0][2.09972,-0.173753,1.84099][0.370079,-0.874016,0.322835][-0.59804,-0.637537,0][2.00584,-0.28046,1.62312][0.0472441,-1,0.0393701][-0.603908,-0.651153,0][2.28182,-0.214222,1.52121][0.448819,-0.858268,0.259843][-0.586658,-0.657522,0][2.09972,-0.173753,1.84099][0.370079,-0.874016,0.322835][-0.59804,-0.637537,0][2.28182,-0.214222,1.52121][0.448819,-0.858268,0.259843][-0.586658,-0.657522,0][2.00584,-0.28046,1.62312][0.0472441,-1,0.0393701][-0.603908,-0.651153,0][2.16866,-0.28046,1.44577][0.023622,-1,0.015748][-0.593731,-0.662238,0][1.52121,-0.214222,2.28182][0.259843,-0.866142,0.425197][-0.634196,-0.609984,0][1.71993,-0.28046,1.95825][0.299213,-0.88189,0.362205][-0.621776,-0.630208,0][1.84099,-0.173753,2.09972][0.330709,-0.858268,0.393701][-0.61421,-0.621366,0][1.848,-0.28046,1.848][0.023622,-1,0.023622][-0.613772,-0.637098,0][1.98316,-0.171217,1.98316][0.338583,-0.866142,0.362205][-0.605325,-0.628651,0][1.84099,-0.173753,2.09972][0.330709,-0.858268,0.393701][-0.61421,-0.621366,0][1.848,-0.28046,1.848][0.023622,-1,0.023622][-0.613772,-0.637098,0][1.84099,-0.173753,2.09972][0.330709,-0.858268,0.393701][-0.61421,-0.621366,0][1.71993,-0.28046,1.95825][0.299213,-0.88189,0.362205][-0.621776,-0.630208,0][1.44577,-0.28046,2.16866][0.00787402,-1,0.015748][-0.638912,-0.617058,0][1.71993,-0.28046,1.95825][0.299213,-0.88189,0.362205][-0.621776,-0.630208,0][1.52121,-0.214222,2.28182][0.259843,-0.866142,0.425197][-0.634196,-0.609984,0][2.16866,-0.28046,1.44577][0.023622,-1,0.015748][-0.593731,-0.662238,0][2.24332,-0.28046,1.27117][0.023622,-1,0.015748][-0.589064,-0.67315,0][2.28182,-0.214222,1.52121][0.448819,-0.858268,0.259843][-0.586658,-0.657522,0][0.904234,-0.280462,2.4471][0.19685,-0.905512,0.385827][-0.672757,-0.599655,0][1.44577,-0.28046,2.16866][0.00787402,-1,0.015748][-0.638912,-0.617058,0][1.52121,-0.214222,2.28182][0.259843,-0.866142,0.425197][-0.634196,-0.609984,0][0.904234,-0.280462,2.4471][0.19685,-0.905512,0.385827][-0.672757,-0.599655,0][1.52121,-0.214222,2.28182][0.259843,-0.866142,0.425197][-0.634196,-0.609984,0][0.838148,-0.265916,2.51444][0.15748,-0.834646,0.535433][-0.676888,-0.595446,0][2.24332,-0.28046,1.27117][0.023622,-1,0.015748][-0.589064,-0.67315,0][2.48222,-0.28046,0.827406][0.00787402,-1,0][-0.574134,-0.700885,0][2.51444,-0.265916,0.838148][0.519685,-0.834646,0.165354][-0.572119,-0.700214,0][2.24332,-0.28046,1.27117][0.023622,-1,0.015748][-0.589064,-0.67315,0][2.51444,-0.265916,0.838148][0.519685,-0.834646,0.165354][-0.572119,-0.700214,0][2.28182,-0.214222,1.52121][0.448819,-0.858268,0.259843][-0.586658,-0.657522,0][0.827406,-0.280462,2.48222][0,-1,0][-0.677559,-0.59746,0][0.904234,-0.280462,2.4471][0.19685,-0.905512,0.385827][-0.672757,-0.599655,0][0.838148,-0.265916,2.51444][0.15748,-0.834646,0.535433][-0.676888,-0.595446,0][2.48222,-0.28046,0.827406][0.00787402,-1,0][-0.574134,-0.700885,0][2.4905,-0.28046,0.770574][0.00787402,-1,0][-0.573615,-0.704437,0][2.51444,-0.265916,0.838148][0.519685,-0.834646,0.165354][-0.572119,-0.700214,0][0.260168,-0.28046,2.5799][0.0787402,-0.834646,0.543307][-0.713012,-0.591355,0][0.827406,-0.280462,2.48222][0,-1,0][-0.677559,-0.59746,0][0.838148,-0.265916,2.51444][0.15748,-0.834646,0.535433][-0.676888,-0.595446,0][2.4905,-0.28046,0.770574][0.00787402,-1,0][-0.573615,-0.704437,0][2.5799,-0.28046,0.260168][0.0551181,-1,0.00787402][-0.568028,-0.736338,0][2.51444,-0.265916,0.838148][0.519685,-0.834646,0.165354][-0.572119,-0.700214,0][-0.770574,-0.280462,2.4905][0,-1,0.00787402][-0.777433,-0.596942,0][-0.260164,-0.280462,2.5799][-0.00787402,-1,0.0551181][-0.745532,-0.591354,0][-0.838148,-0.265916,2.51444][-0.165354,-0.834646,0.519685][-0.781656,-0.595446,0][2.5799,-0.28046,-0.260166][0.543307,-0.834646,-0.0787402][-0.568028,-0.768859,0][2.48222,-0.28046,-0.827406][0,-1,0][-0.574134,-0.804311,0][2.51444,-0.265916,-0.838148][0.535433,-0.834646,-0.15748][-0.572119,-0.804983,0][-0.827406,-0.280462,2.48222][0,-1,0.00787402][-0.780985,-0.59746,0][-0.770574,-0.280462,2.4905][0,-1,0.00787402][-0.777433,-0.596942,0][-0.838148,-0.265916,2.51444][-0.165354,-0.834646,0.519685][-0.781656,-0.595446,0][2.48222,-0.28046,-0.827406][0,-1,0][-0.574134,-0.804311,0][2.4471,-0.28046,-0.904234][0.023622,-1,-0.015748][-0.576329,-0.809113,0][2.51444,-0.265916,-0.838148][0.535433,-0.834646,-0.15748][-0.572119,-0.804983,0][-1.27117,-0.28046,2.24332][-0.015748,-1,0.023622][-0.80872,-0.61239,0][-0.827406,-0.280462,2.48222][0,-1,0.00787402][-0.780985,-0.59746,0][-0.838148,-0.265916,2.51444][-0.165354,-0.834646,0.519685][-0.781656,-0.595446,0][-1.27117,-0.28046,2.24332][-0.015748,-1,0.023622][-0.80872,-0.61239,0][-0.838148,-0.265916,2.51444][-0.165354,-0.834646,0.519685][-0.781656,-0.595446,0][-1.52121,-0.214222,2.28182][-0.259843,-0.858268,0.448819][-0.824348,-0.609984,0][2.4471,-0.28046,-0.904234][0.023622,-1,-0.015748][-0.576329,-0.809113,0][2.16866,-0.28046,-1.44577][0.023622,-1,-0.015748][-0.593731,-0.842959,0][2.28182,-0.214222,-1.52121][0.425197,-0.866142,-0.259843][-0.586658,-0.847674,0][2.4471,-0.28046,-0.904234][0.023622,-1,-0.015748][-0.576329,-0.809113,0][2.28182,-0.214222,-1.52121][0.425197,-0.866142,-0.259843][-0.586658,-0.847674,0][2.51444,-0.265916,-0.838148][0.535433,-0.834646,-0.15748][-0.572119,-0.804983,0][-1.44577,-0.28046,2.16866][-0.015748,-1,0.023622][-0.819633,-0.617058,0][-1.27117,-0.28046,2.24332][-0.015748,-1,0.023622][-0.80872,-0.61239,0][-1.52121,-0.214222,2.28182][-0.259843,-0.858268,0.448819][-0.824348,-0.609984,0][2.16866,-0.28046,-1.44577][0.023622,-1,-0.015748][-0.593731,-0.842959,0][1.95825,-0.28046,-1.71993][0.0393701,-1,-0.0314961][-0.606881,-0.860094,0][2.28182,-0.214222,-1.52121][0.425197,-0.866142,-0.259843][-0.586658,-0.847674,0][-1.90023,-0.17164,2.05114][-0.299213,-0.897638,0.322835][-0.848037,-0.624402,0][-1.62312,-0.28046,2.00584][-0.0393701,-1,0.0472441][-0.830717,-0.627234,0][-1.84098,-0.173753,2.09972][-0.322835,-0.874016,0.370079][-0.844333,-0.621366,0][-1.62312,-0.28046,2.00584][-0.0393701,-1,0.0472441][-0.830717,-0.627234,0][-1.90023,-0.17164,2.05114][-0.299213,-0.897638,0.322835][-0.848037,-0.624402,0][-1.9555,-0.169669,2.00584][-0.291339,-0.874016,0.393701][-0.851491,-0.627234,0][-1.62312,-0.28046,2.00584][-0.0393701,-1,0.0472441][-0.830717,-0.627234,0][-1.44577,-0.28046,2.16866][-0.015748,-1,0.023622][-0.819633,-0.617058,0][-1.52121,-0.214222,2.28182][-0.259843,-0.858268,0.448819][-0.824348,-0.609984,0][-1.62312,-0.28046,2.00584][-0.0393701,-1,0.0472441][-0.830717,-0.627234,0][-1.52121,-0.214222,2.28182][-0.259843,-0.858268,0.448819][-0.824348,-0.609984,0][-1.84098,-0.173753,2.09972][-0.322835,-0.874016,0.370079][-0.844333,-0.621366,0][1.95825,-0.28046,-1.71993][0.0393701,-1,-0.0314961][-0.606881,-0.860094,0][1.848,-0.28046,-1.848][0.0393701,-1,-0.0393701][-0.613772,-0.868098,0][2.09972,-0.173753,-1.84099][0.393701,-0.858268,-0.330709][-0.59804,-0.86766,0][2.09972,-0.173753,-1.84099][0.393701,-0.858268,-0.330709][-0.59804,-0.86766,0][2.28182,-0.214222,-1.52121][0.425197,-0.866142,-0.259843][-0.586658,-0.847674,0][1.95825,-0.28046,-1.71993][0.0393701,-1,-0.0314961][-0.606881,-0.860094,0][2.09972,-0.173753,-1.84099][0.393701,-0.858268,-0.330709][-0.59804,-0.86766,0][1.848,-0.28046,-1.848][0.0393701,-1,-0.0393701][-0.613772,-0.868098,0][1.98316,-0.171217,-1.98316][0.362205,-0.866142,-0.338583][-0.605325,-0.876546,0][-1.9555,-0.169669,2.00584][-0.291339,-0.874016,0.393701][-0.851491,-0.627234,0][-1.98316,-0.171218,1.98316][-0.362205,-0.866142,0.338583][-0.853219,-0.628651,0][-1.848,-0.28046,1.848][-0.023622,-1,0.023622][-0.844772,-0.637098,0][-1.9555,-0.169669,2.00584][-0.291339,-0.874016,0.393701][-0.851491,-0.627234,0][-1.848,-0.28046,1.848][-0.023622,-1,0.023622][-0.844772,-0.637098,0][-1.62312,-0.28046,2.00584][-0.0393701,-1,0.0472441][-0.830717,-0.627234,0][1.9555,-0.169668,-2.00584][0.291339,-0.874016,-0.393701][-0.607053,-0.877963,0][1.98316,-0.171217,-1.98316][0.362205,-0.866142,-0.338583][-0.605325,-0.876546,0][1.848,-0.28046,-1.848][0.0393701,-1,-0.0393701][-0.613772,-0.868098,0][1.9555,-0.169668,-2.00584][0.291339,-0.874016,-0.393701][-0.607053,-0.877963,0][1.848,-0.28046,-1.848][0.0393701,-1,-0.0393701][-0.613772,-0.868098,0][1.62312,-0.28046,-2.00584][0.0393701,-1,-0.0472441][-0.627827,-0.877963,0][-2.09972,-0.173754,1.84098][-0.393701,-0.858268,0.330709][-0.860504,-0.637537,0][-2.28182,-0.214222,1.52121][-0.425197,-0.866142,0.259843][-0.871886,-0.657522,0][-1.95825,-0.28046,1.71993][-0.362205,-0.88189,0.299213][-0.851663,-0.645103,0][-2.09972,-0.173754,1.84098][-0.393701,-0.858268,0.330709][-0.860504,-0.637537,0][-1.848,-0.28046,1.848][-0.023622,-1,0.023622][-0.844772,-0.637098,0][-1.98316,-0.171218,1.98316][-0.362205,-0.866142,0.338583][-0.853219,-0.628651,0][-1.848,-0.28046,1.848][-0.023622,-1,0.023622][-0.844772,-0.637098,0][-2.09972,-0.173754,1.84098][-0.393701,-0.858268,0.330709][-0.860504,-0.637537,0][-1.95825,-0.28046,1.71993][-0.362205,-0.88189,0.299213][-0.851663,-0.645103,0][-2.16866,-0.28046,1.44577][-0.015748,-1,0.00787402][-0.864813,-0.662238,0][-1.95825,-0.28046,1.71993][-0.362205,-0.88189,0.299213][-0.851663,-0.645103,0][-2.28182,-0.214222,1.52121][-0.425197,-0.866142,0.259843][-0.871886,-0.657522,0][1.44577,-0.28046,-2.16866][0.015748,-1,-0.023622][-0.638912,-0.888139,0][1.52121,-0.214222,-2.28182][0.259843,-0.858268,-0.448819][-0.634196,-0.895212,0][1.62312,-0.28046,-2.00584][0.0393701,-1,-0.0472441][-0.627827,-0.877963,0][1.62312,-0.28046,-2.00584][0.0393701,-1,-0.0472441][-0.627827,-0.877963,0][1.52121,-0.214222,-2.28182][0.259843,-0.858268,-0.448819][-0.634196,-0.895212,0][1.84098,-0.173753,-2.09972][0.322835,-0.874016,-0.370079][-0.61421,-0.88383,0][1.90023,-0.17164,-2.05114][0.299213,-0.897638,-0.322835][-0.610508,-0.880795,0][1.9555,-0.169668,-2.00584][0.291339,-0.874016,-0.393701][-0.607053,-0.877963,0][1.62312,-0.28046,-2.00584][0.0393701,-1,-0.0472441][-0.627827,-0.877963,0][1.84098,-0.173753,-2.09972][0.322835,-0.874016,-0.370079][-0.61421,-0.88383,0][1.90023,-0.17164,-2.05114][0.299213,-0.897638,-0.322835][-0.610508,-0.880795,0][1.62312,-0.28046,-2.00584][0.0393701,-1,-0.0472441][-0.627827,-0.877963,0][2.25706,-0.160599,1.64906][0.535433,-0.740157,0.409449][-0.588206,-0.649532,0][2.09972,-0.173753,1.84099][0.370079,-0.874016,0.322835][-0.59804,-0.637537,0][2.28182,-0.214222,1.52121][0.448819,-0.858268,0.259843][-0.586658,-0.657522,0][1.64244,-0.166662,2.26248][0.385827,-0.771654,0.503937][-0.62662,-0.611193,0][1.55572,-0.163564,2.33358][0.322835,-0.771654,0.543307][-0.63204,-0.60675,0][1.52121,-0.214222,2.28182][0.259843,-0.866142,0.425197][-0.634196,-0.609984,0][1.64244,-0.166662,2.26248][0.385827,-0.771654,0.503937][-0.62662,-0.611193,0][1.52121,-0.214222,2.28182][0.259843,-0.866142,0.425197][-0.634196,-0.609984,0][1.84099,-0.173753,2.09972][0.330709,-0.858268,0.393701][-0.61421,-0.621366,0][2.33358,-0.163564,1.55572][0.543307,-0.771654,0.322835][-0.583424,-0.655366,0][2.25706,-0.160599,1.64906][0.535433,-0.740157,0.409449][-0.588206,-0.649532,0][2.28182,-0.214222,1.52121][0.448819,-0.858268,0.259843][-0.586658,-0.657522,0][1.55572,-0.163564,2.33358][0.322835,-0.771654,0.543307][-0.63204,-0.60675,0][1.37666,-0.166038,2.42114][0.244094,-0.811024,0.535433][-0.643231,-0.601276,0][1.52121,-0.214222,2.28182][0.259843,-0.866142,0.425197][-0.634196,-0.609984,0][0.886896,-0.155369,2.66068][0.133858,-0.811024,0.566929][-0.673841,-0.586305,0][0.838148,-0.265916,2.51444][0.15748,-0.834646,0.535433][-0.676888,-0.595446,0][1.03227,-0.158536,2.58958][0.244094,-0.811024,0.535433][-0.664755,-0.590749,0][0.838148,-0.265916,2.51444][0.15748,-0.834646,0.535433][-0.676888,-0.595446,0][1.37666,-0.166038,2.42114][0.244094,-0.811024,0.535433][-0.643231,-0.601276,0][1.03227,-0.158536,2.58958][0.244094,-0.811024,0.535433][-0.664755,-0.590749,0][1.37666,-0.166038,2.42114][0.244094,-0.811024,0.535433][-0.643231,-0.601276,0][0.838148,-0.265916,2.51444][0.15748,-0.834646,0.535433][-0.676888,-0.595446,0][1.52121,-0.214222,2.28182][0.259843,-0.866142,0.425197][-0.634196,-0.609984,0][2.33358,-0.163564,1.55572][0.543307,-0.771654,0.322835][-0.583424,-0.655366,0][2.28182,-0.214222,1.52121][0.448819,-0.858268,0.259843][-0.586658,-0.657522,0][2.40486,-0.158216,1.40996][0.582677,-0.771654,0.259843][-0.578968,-0.664476,0][2.28182,-0.214222,1.52121][0.448819,-0.858268,0.259843][-0.586658,-0.657522,0][2.51444,-0.149995,1.18591][0.559055,-0.787402,0.259843][-0.572119,-0.678479,0][2.40486,-0.158216,1.40996][0.582677,-0.771654,0.259843][-0.578968,-0.664476,0][2.51444,-0.149995,1.18591][0.559055,-0.787402,0.259843][-0.572119,-0.678479,0][2.28182,-0.214222,1.52121][0.448819,-0.858268,0.259843][-0.586658,-0.657522,0][2.51444,-0.265916,0.838148][0.519685,-0.834646,0.165354][-0.572119,-0.700214,0][0.886896,-0.155369,2.66068][0.133858,-0.811024,0.566929][-0.673841,-0.586305,0][0.440202,-0.15757,2.73318][0.0866142,-0.818898,0.566929][-0.701759,-0.581775,0][0.838148,-0.265916,2.51444][0.15748,-0.834646,0.535433][-0.676888,-0.595446,0][2.66068,-0.155369,0.886896][0.543307,-0.811024,0.204724][-0.562979,-0.697167,0][2.51444,-0.149995,1.18591][0.559055,-0.787402,0.259843][-0.572119,-0.678479,0][2.51444,-0.265916,0.838148][0.519685,-0.834646,0.165354][-0.572119,-0.700214,0][1.11445e-07,-0.280462,2.61896][0,-1,0.023622][-0.729272,-0.588913,0][0.197473,-0.155568,2.77256][0.0866142,-0.826772,0.559055][-0.71693,-0.579313,0][1.15878e-07,-0.153939,2.80462][-0.0472441,-0.826772,0.559055][-0.729272,-0.57731,0][0.197473,-0.155568,2.77256][0.0866142,-0.826772,0.559055][-0.71693,-0.579313,0][1.11445e-07,-0.280462,2.61896][0,-1,0.023622][-0.729272,-0.588913,0][0.260168,-0.28046,2.5799][0.0787402,-0.834646,0.543307][-0.713012,-0.591355,0][0.260168,-0.28046,2.5799][0.0787402,-0.834646,0.543307][-0.713012,-0.591355,0][0.838148,-0.265916,2.51444][0.15748,-0.834646,0.535433][-0.676888,-0.595446,0][0.440202,-0.15757,2.73318][0.0866142,-0.818898,0.566929][-0.701759,-0.581775,0][0.260168,-0.28046,2.5799][0.0787402,-0.834646,0.543307][-0.713012,-0.591355,0][0.440202,-0.15757,2.73318][0.0866142,-0.818898,0.566929][-0.701759,-0.581775,0][0.197473,-0.155568,2.77256][0.0866142,-0.826772,0.559055][-0.71693,-0.579313,0][2.72592,-0.151287,0.484872][0.574803,-0.811024,0.0866142][-0.558902,-0.722294,0][2.51444,-0.265916,0.838148][0.519685,-0.834646,0.165354][-0.572119,-0.700214,0][2.5799,-0.28046,0.260168][0.0551181,-1,0.00787402][-0.568028,-0.736338,0][2.72592,-0.151287,0.484872][0.574803,-0.811024,0.0866142][-0.558902,-0.722294,0][2.5799,-0.28046,0.260168][0.0551181,-1,0.00787402][-0.568028,-0.736338,0][2.61498,-0.28046,0.023391][0.11811,-0.992126,0.015748][-0.565836,-0.751136,0][2.51444,-0.265916,0.838148][0.519685,-0.834646,0.165354][-0.572119,-0.700214,0][2.6933,-0.153328,0.68588][0.582677,-0.811024,0.0866142][-0.56094,-0.709731,0][2.66068,-0.155369,0.886896][0.543307,-0.811024,0.204724][-0.562979,-0.697167,0][2.6933,-0.153328,0.68588][0.582677,-0.811024,0.0866142][-0.56094,-0.709731,0][2.51444,-0.265916,0.838148][0.519685,-0.834646,0.165354][-0.572119,-0.700214,0][2.72592,-0.151287,0.484872][0.574803,-0.811024,0.0866142][-0.558902,-0.722294,0][1.15878e-07,-0.153939,2.80462][-0.0472441,-0.826772,0.559055][-0.729272,-0.57731,0][-0.48487,-0.151288,2.72592][-0.0866142,-0.811024,0.574803][-0.759576,-0.582228,0][-0.0233914,-0.28046,2.61498][-0.015748,-0.992126,0.11811][-0.730734,-0.589162,0][1.15878e-07,-0.153939,2.80462][-0.0472441,-0.826772,0.559055][-0.729272,-0.57731,0][-0.0233914,-0.28046,2.61498][-0.015748,-0.992126,0.11811][-0.730734,-0.589162,0][1.11445e-07,-0.280462,2.61896][0,-1,0.023622][-0.729272,-0.588913,0][2.8046,-0.153938,2.33416e-07][0.559055,-0.826772,0.0472441][-0.553984,-0.752598,0][2.72592,-0.151287,0.484872][0.574803,-0.811024,0.0866142][-0.558902,-0.722294,0][2.61498,-0.28046,0.023391][0.11811,-0.992126,0.015748][-0.565836,-0.751136,0][2.8046,-0.153938,2.33416e-07][0.559055,-0.826772,0.0472441][-0.553984,-0.752598,0][2.61498,-0.28046,0.023391][0.11811,-0.992126,0.015748][-0.565836,-0.751136,0][2.61896,-0.28046,2.26718e-07][0.023622,-1,0][-0.565587,-0.752598,0][-0.886896,-0.155369,2.66068][-0.204724,-0.811024,0.543307][-0.784703,-0.586305,0][-0.838148,-0.265916,2.51444][-0.165354,-0.834646,0.519685][-0.781656,-0.595446,0][-0.685882,-0.153329,2.6933][-0.0866142,-0.811024,0.582677][-0.77214,-0.584267,0][-0.685882,-0.153329,2.6933][-0.0866142,-0.811024,0.582677][-0.77214,-0.584267,0][-0.838148,-0.265916,2.51444][-0.165354,-0.834646,0.519685][-0.781656,-0.595446,0][-0.48487,-0.151288,2.72592][-0.0866142,-0.811024,0.574803][-0.759576,-0.582228,0][-0.48487,-0.151288,2.72592][-0.0866142,-0.811024,0.574803][-0.759576,-0.582228,0][-0.260164,-0.280462,2.5799][-0.00787402,-1,0.0551181][-0.745532,-0.591354,0][-0.0233914,-0.28046,2.61498][-0.015748,-0.992126,0.11811][-0.730734,-0.589162,0][-0.260164,-0.280462,2.5799][-0.00787402,-1,0.0551181][-0.745532,-0.591354,0][-0.48487,-0.151288,2.72592][-0.0866142,-0.811024,0.574803][-0.759576,-0.582228,0][-0.838148,-0.265916,2.51444][-0.165354,-0.834646,0.519685][-0.781656,-0.595446,0][2.5799,-0.28046,-0.260166][0.543307,-0.834646,-0.0787402][-0.568028,-0.768859,0][2.77256,-0.155567,-0.197474][0.559055,-0.826772,-0.0866142][-0.555987,-0.76494,0][2.61896,-0.28046,2.26718e-07][0.023622,-1,0][-0.565587,-0.752598,0][2.73318,-0.15757,-0.440202][0.566929,-0.818898,-0.0866142][-0.558449,-0.780111,0][2.5799,-0.28046,-0.260166][0.543307,-0.834646,-0.0787402][-0.568028,-0.768859,0][2.51444,-0.265916,-0.838148][0.535433,-0.834646,-0.15748][-0.572119,-0.804983,0][2.77256,-0.155567,-0.197474][0.559055,-0.826772,-0.0866142][-0.555987,-0.76494,0][2.8046,-0.153938,2.33416e-07][0.559055,-0.826772,0.0472441][-0.553984,-0.752598,0][2.61896,-0.28046,2.26718e-07][0.023622,-1,0][-0.565587,-0.752598,0][2.77256,-0.155567,-0.197474][0.559055,-0.826772,-0.0866142][-0.555987,-0.76494,0][2.5799,-0.28046,-0.260166][0.543307,-0.834646,-0.0787402][-0.568028,-0.768859,0][2.73318,-0.15757,-0.440202][0.566929,-0.818898,-0.0866142][-0.558449,-0.780111,0][-0.886896,-0.155369,2.66068][-0.204724,-0.811024,0.543307][-0.784703,-0.586305,0][-1.18591,-0.149996,2.51444][-0.259843,-0.787402,0.559055][-0.803391,-0.595445,0][-0.838148,-0.265916,2.51444][-0.165354,-0.834646,0.519685][-0.781656,-0.595446,0][2.66068,-0.155369,-0.886896][0.566929,-0.811024,-0.133858][-0.562979,-0.808029,0][2.73318,-0.15757,-0.440202][0.566929,-0.818898,-0.0866142][-0.558449,-0.780111,0][2.51444,-0.265916,-0.838148][0.535433,-0.834646,-0.15748][-0.572119,-0.804983,0][-1.55572,-0.163564,2.33358][-0.322835,-0.771654,0.543307][-0.826504,-0.60675,0][-1.52121,-0.214222,2.28182][-0.259843,-0.858268,0.448819][-0.824348,-0.609984,0][-1.40996,-0.158216,2.40486][-0.259843,-0.771654,0.582677][-0.817394,-0.602294,0][-1.52121,-0.214222,2.28182][-0.259843,-0.858268,0.448819][-0.824348,-0.609984,0][-1.18591,-0.149996,2.51444][-0.259843,-0.787402,0.559055][-0.803391,-0.595445,0][-1.40996,-0.158216,2.40486][-0.259843,-0.771654,0.582677][-0.817394,-0.602294,0][-1.18591,-0.149996,2.51444][-0.259843,-0.787402,0.559055][-0.803391,-0.595445,0][-1.52121,-0.214222,2.28182][-0.259843,-0.858268,0.448819][-0.824348,-0.609984,0][-0.838148,-0.265916,2.51444][-0.165354,-0.834646,0.519685][-0.781656,-0.595446,0][2.28182,-0.214222,-1.52121][0.425197,-0.866142,-0.259843][-0.586658,-0.847674,0][2.42114,-0.166038,-1.37666][0.535433,-0.811024,-0.244094][-0.57795,-0.83864,0][2.51444,-0.265916,-0.838148][0.535433,-0.834646,-0.15748][-0.572119,-0.804983,0][2.51444,-0.265916,-0.838148][0.535433,-0.834646,-0.15748][-0.572119,-0.804983,0][2.58958,-0.158536,-1.03227][0.535433,-0.811024,-0.244094][-0.567423,-0.817115,0][2.66068,-0.155369,-0.886896][0.566929,-0.811024,-0.133858][-0.562979,-0.808029,0][2.58958,-0.158536,-1.03227][0.535433,-0.811024,-0.244094][-0.567423,-0.817115,0][2.51444,-0.265916,-0.838148][0.535433,-0.834646,-0.15748][-0.572119,-0.804983,0][2.42114,-0.166038,-1.37666][0.535433,-0.811024,-0.244094][-0.57795,-0.83864,0][-1.55572,-0.163564,2.33358][-0.322835,-0.771654,0.543307][-0.826504,-0.60675,0][-1.64906,-0.1606,2.25706][-0.409449,-0.740157,0.535433][-0.832338,-0.611532,0][-1.52121,-0.214222,2.28182][-0.259843,-0.858268,0.448819][-0.824348,-0.609984,0][2.33358,-0.163564,-1.55572][0.543307,-0.771654,-0.322835][-0.583424,-0.849831,0][2.42114,-0.166038,-1.37666][0.535433,-0.811024,-0.244094][-0.57795,-0.83864,0][2.28182,-0.214222,-1.52121][0.425197,-0.866142,-0.259843][-0.586658,-0.847674,0][-1.64906,-0.1606,2.25706][-0.409449,-0.740157,0.535433][-0.832338,-0.611532,0][-1.84098,-0.173753,2.09972][-0.322835,-0.874016,0.370079][-0.844333,-0.621366,0][-1.52121,-0.214222,2.28182][-0.259843,-0.858268,0.448819][-0.824348,-0.609984,0][2.26248,-0.166661,-1.64244][0.503937,-0.771654,-0.385827][-0.587867,-0.855251,0][2.33358,-0.163564,-1.55572][0.543307,-0.771654,-0.322835][-0.583424,-0.849831,0][2.28182,-0.214222,-1.52121][0.425197,-0.866142,-0.259843][-0.586658,-0.847674,0][2.26248,-0.166661,-1.64244][0.503937,-0.771654,-0.385827][-0.587867,-0.855251,0][2.28182,-0.214222,-1.52121][0.425197,-0.866142,-0.259843][-0.586658,-0.847674,0][2.09972,-0.173753,-1.84099][0.393701,-0.858268,-0.330709][-0.59804,-0.86766,0][-2.26248,-0.166662,1.64244][-0.503937,-0.771654,0.385827][-0.870677,-0.649946,0][-2.33358,-0.163565,1.55572][-0.543307,-0.771654,0.322835][-0.875121,-0.655366,0][-2.28182,-0.214222,1.52121][-0.425197,-0.866142,0.259843][-0.871886,-0.657522,0][-2.26248,-0.166662,1.64244][-0.503937,-0.771654,0.385827][-0.870677,-0.649946,0][-2.28182,-0.214222,1.52121][-0.425197,-0.866142,0.259843][-0.871886,-0.657522,0][-2.09972,-0.173754,1.84098][-0.393701,-0.858268,0.330709][-0.860504,-0.637537,0][1.27117,-0.28046,-2.24332][0.015748,-1,-0.023622][-0.649824,-0.892806,0][0.827406,-0.28046,-2.48222][0,-1,-0.00787402][-0.677559,-0.907737,0][0.838148,-0.265916,-2.51444][0.165354,-0.834646,-0.519685][-0.676888,-0.909751,0][1.27117,-0.28046,-2.24332][0.015748,-1,-0.023622][-0.649824,-0.892806,0][0.838148,-0.265916,-2.51444][0.165354,-0.834646,-0.519685][-0.676888,-0.909751,0][1.52121,-0.214222,-2.28182][0.259843,-0.858268,-0.448819][-0.634196,-0.895212,0][1.44577,-0.28046,-2.16866][0.015748,-1,-0.023622][-0.638912,-0.888139,0][1.27117,-0.28046,-2.24332][0.015748,-1,-0.023622][-0.649824,-0.892806,0][1.52121,-0.214222,-2.28182][0.259843,-0.858268,-0.448819][-0.634196,-0.895212,0][0.827406,-0.28046,-2.48222][0,-1,-0.00787402][-0.677559,-0.907737,0][0.770574,-0.28046,-2.4905][0,-1,-0.00787402][-0.681111,-0.908255,0][0.838148,-0.265916,-2.51444][0.165354,-0.834646,-0.519685][-0.676888,-0.909751,0][0.770574,-0.28046,-2.4905][0,-1,-0.00787402][-0.681111,-0.908255,0][0.260168,-0.28046,-2.5799][0.00787402,-1,-0.0551181][-0.713012,-0.913842,0][0.838148,-0.265916,-2.51444][0.165354,-0.834646,-0.519685][-0.676888,-0.909751,0][-0.260176,-0.28046,-2.5799][-0.0787402,-0.834646,-0.543307][-0.745533,-0.913842,0][-0.827406,-0.28046,-2.48222][0,-1,0][-0.780985,-0.907737,0][-0.838148,-0.265916,-2.51444][-0.15748,-0.834646,-0.535433][-0.781656,-0.909751,0][-0.827406,-0.28046,-2.48222][0,-1,0][-0.780985,-0.907737,0][-0.904234,-0.28046,-2.4471][-0.015748,-1,-0.023622][-0.785787,-0.905542,0][-0.838148,-0.265916,-2.51444][-0.15748,-0.834646,-0.535433][-0.781656,-0.909751,0][-0.904234,-0.28046,-2.4471][-0.015748,-1,-0.023622][-0.785787,-0.905542,0][-1.44577,-0.28046,-2.16866][-0.015748,-1,-0.023622][-0.819633,-0.888139,0][-1.52121,-0.214222,-2.28182][-0.259843,-0.866142,-0.425197][-0.824348,-0.895212,0][-0.904234,-0.28046,-2.4471][-0.015748,-1,-0.023622][-0.785787,-0.905542,0][-1.52121,-0.214222,-2.28182][-0.259843,-0.866142,-0.425197][-0.824348,-0.895212,0][-0.838148,-0.265916,-2.51444][-0.15748,-0.834646,-0.535433][-0.781656,-0.909751,0][-1.44577,-0.28046,-2.16866][-0.015748,-1,-0.023622][-0.819633,-0.888139,0][-1.71993,-0.28046,-1.95825][-0.0314961,-1,-0.0393701][-0.836768,-0.874989,0][-1.52121,-0.214222,-2.28182][-0.259843,-0.866142,-0.425197][-0.824348,-0.895212,0][-1.98316,-0.171218,-1.98316][-0.338583,-0.866142,-0.362205][-0.853219,-0.876546,0][-1.84098,-0.173753,-2.09972][-0.330709,-0.858268,-0.393701][-0.844333,-0.88383,0][-1.848,-0.280462,-1.848][-0.0393701,-1,-0.0393701][-0.844772,-0.868098,0][-1.84098,-0.173753,-2.09972][-0.330709,-0.858268,-0.393701][-0.844333,-0.88383,0][-1.71993,-0.28046,-1.95825][-0.0314961,-1,-0.0393701][-0.836768,-0.874989,0][-1.848,-0.280462,-1.848][-0.0393701,-1,-0.0393701][-0.844772,-0.868098,0][-1.71993,-0.28046,-1.95825][-0.0314961,-1,-0.0393701][-0.836768,-0.874989,0][-1.84098,-0.173753,-2.09972][-0.330709,-0.858268,-0.393701][-0.844333,-0.88383,0][-1.52121,-0.214222,-2.28182][-0.259843,-0.866142,-0.425197][-0.824348,-0.895212,0][-2.48222,-0.28046,-0.827406][-0.00787402,-1,0][-0.884411,-0.804311,0][-2.4905,-0.28046,-0.770574][-0.00787402,-1,0][-0.884929,-0.800759,0][-2.51444,-0.265916,-0.838148][-0.519685,-0.834646,-0.165354][-0.886425,-0.804983,0][-2.16866,-0.28046,-1.44577][-0.023622,-1,-0.015748][-0.864813,-0.842959,0][-2.24332,-0.28046,-1.27117][-0.023622,-1,-0.015748][-0.86948,-0.832046,0][-2.28182,-0.214222,-1.52121][-0.448819,-0.858268,-0.259843][-0.871886,-0.847674,0][-2.00584,-0.169668,-1.9555][-0.393701,-0.874016,-0.291339][-0.854637,-0.874817,0][-1.98316,-0.171218,-1.98316][-0.338583,-0.866142,-0.362205][-0.853219,-0.876546,0][-1.848,-0.280462,-1.848][-0.0393701,-1,-0.0393701][-0.844772,-0.868098,0][-2.00584,-0.169668,-1.9555][-0.393701,-0.874016,-0.291339][-0.854637,-0.874817,0][-1.848,-0.280462,-1.848][-0.0393701,-1,-0.0393701][-0.844772,-0.868098,0][-2.00584,-0.28046,-1.62312][-0.0472441,-1,-0.0393701][-0.854637,-0.854043,0][-2.5799,-0.280462,0.260168][-0.543307,-0.834646,0.0787402][-0.890516,-0.736338,0][-2.48222,-0.28046,0.827406][0,-1,0][-0.884411,-0.700885,0][-2.51444,-0.265916,0.838148][-0.535433,-0.834646,0.15748][-0.886425,-0.700214,0][-2.4905,-0.28046,-0.770574][-0.00787402,-1,0][-0.884929,-0.800759,0][-2.5799,-0.28046,-0.260166][-0.0551181,-1,-0.00787402][-0.890516,-0.768859,0][-2.51444,-0.265916,-0.838148][-0.519685,-0.834646,-0.165354][-0.886425,-0.804983,0][-2.24332,-0.28046,-1.27117][-0.023622,-1,-0.015748][-0.86948,-0.832046,0][-2.48222,-0.28046,-0.827406][-0.00787402,-1,0][-0.884411,-0.804311,0][-2.51444,-0.265916,-0.838148][-0.519685,-0.834646,-0.165354][-0.886425,-0.804983,0][-2.24332,-0.28046,-1.27117][-0.023622,-1,-0.015748][-0.86948,-0.832046,0][-2.51444,-0.265916,-0.838148][-0.519685,-0.834646,-0.165354][-0.886425,-0.804983,0][-2.28182,-0.214222,-1.52121][-0.448819,-0.858268,-0.259843][-0.871886,-0.847674,0][-2.16866,-0.28046,-1.44577][-0.023622,-1,-0.015748][-0.864813,-0.842959,0][-2.28182,-0.214222,-1.52121][-0.448819,-0.858268,-0.259843][-0.871886,-0.847674,0][-2.00584,-0.28046,-1.62312][-0.0472441,-1,-0.0393701][-0.854637,-0.854043,0][-2.00584,-0.28046,-1.62312][-0.0472441,-1,-0.0393701][-0.854637,-0.854043,0][-2.28182,-0.214222,-1.52121][-0.448819,-0.858268,-0.259843][-0.871886,-0.847674,0][-2.09972,-0.173753,-1.84098][-0.370079,-0.874016,-0.322835][-0.860504,-0.86766,0][-2.05114,-0.17164,-1.90023][-0.322835,-0.897638,-0.299213][-0.857468,-0.871363,0][-2.00584,-0.169668,-1.9555][-0.393701,-0.874016,-0.291339][-0.854637,-0.874817,0][-2.00584,-0.28046,-1.62312][-0.0472441,-1,-0.0393701][-0.854637,-0.854043,0][-2.05114,-0.17164,-1.90023][-0.322835,-0.897638,-0.299213][-0.857468,-0.871363,0][-2.00584,-0.28046,-1.62312][-0.0472441,-1,-0.0393701][-0.854637,-0.854043,0][-2.09972,-0.173753,-1.84098][-0.370079,-0.874016,-0.322835][-0.860504,-0.86766,0][-2.48222,-0.28046,0.827406][0,-1,0][-0.884411,-0.700885,0][-2.4471,-0.28046,0.904234][-0.023622,-1,0.015748][-0.882216,-0.696084,0][-2.51444,-0.265916,0.838148][-0.535433,-0.834646,0.15748][-0.886425,-0.700214,0][-2.4471,-0.28046,0.904234][-0.023622,-1,0.015748][-0.882216,-0.696084,0][-2.16866,-0.28046,1.44577][-0.015748,-1,0.00787402][-0.864813,-0.662238,0][-2.28182,-0.214222,1.52121][-0.425197,-0.866142,0.259843][-0.871886,-0.657522,0][-2.4471,-0.28046,0.904234][-0.023622,-1,0.015748][-0.882216,-0.696084,0][-2.28182,-0.214222,1.52121][-0.425197,-0.866142,0.259843][-0.871886,-0.657522,0][-2.51444,-0.265916,0.838148][-0.535433,-0.834646,0.15748][-0.886425,-0.700214,0][1.55572,-0.163564,-2.33358][0.322835,-0.771654,-0.543307][-0.63204,-0.898447,0][1.64906,-0.160599,-2.25706][0.409449,-0.740157,-0.535433][-0.626206,-0.893664,0][1.52121,-0.214222,-2.28182][0.259843,-0.858268,-0.448819][-0.634196,-0.895212,0][1.64906,-0.160599,-2.25706][0.409449,-0.740157,-0.535433][-0.626206,-0.893664,0][1.84098,-0.173753,-2.09972][0.322835,-0.874016,-0.370079][-0.61421,-0.88383,0][1.52121,-0.214222,-2.28182][0.259843,-0.858268,-0.448819][-0.634196,-0.895212,0][0.838148,-0.265916,-2.51444][0.165354,-0.834646,-0.519685][-0.676888,-0.909751,0][1.18591,-0.149996,-2.51444][0.259843,-0.787402,-0.559055][-0.655153,-0.909751,0][1.52121,-0.214222,-2.28182][0.259843,-0.858268,-0.448819][-0.634196,-0.895212,0][1.40996,-0.158216,-2.40486][0.259843,-0.771654,-0.582677][-0.64115,-0.902902,0][1.55572,-0.163564,-2.33358][0.322835,-0.771654,-0.543307][-0.63204,-0.898447,0][1.52121,-0.214222,-2.28182][0.259843,-0.858268,-0.448819][-0.634196,-0.895212,0][1.40996,-0.158216,-2.40486][0.259843,-0.771654,-0.582677][-0.64115,-0.902902,0][1.52121,-0.214222,-2.28182][0.259843,-0.858268,-0.448819][-0.634196,-0.895212,0][1.18591,-0.149996,-2.51444][0.259843,-0.787402,-0.559055][-0.655153,-0.909751,0][0.886896,-0.155369,-2.66068][0.204724,-0.811024,-0.543307][-0.673841,-0.918891,0][1.18591,-0.149996,-2.51444][0.259843,-0.787402,-0.559055][-0.655153,-0.909751,0][0.838148,-0.265916,-2.51444][0.165354,-0.834646,-0.519685][-0.676888,-0.909751,0][0.023391,-0.28046,-2.61498][0.015748,-0.992126,-0.11811][-0.72781,-0.916035,0][0.48487,-0.151288,-2.72592][0.0866142,-0.811024,-0.574803][-0.698968,-0.922969,0][0.260168,-0.28046,-2.5799][0.00787402,-1,-0.0551181][-0.713012,-0.913842,0][0.260168,-0.28046,-2.5799][0.00787402,-1,-0.0551181][-0.713012,-0.913842,0][0.48487,-0.151288,-2.72592][0.0866142,-0.811024,-0.574803][-0.698968,-0.922969,0][0.838148,-0.265916,-2.51444][0.165354,-0.834646,-0.519685][-0.676888,-0.909751,0][0.685882,-0.153329,-2.6933][0.0866142,-0.811024,-0.582677][-0.686404,-0.92093,0][0.886896,-0.155369,-2.66068][0.204724,-0.811024,-0.543307][-0.673841,-0.918891,0][0.838148,-0.265916,-2.51444][0.165354,-0.834646,-0.519685][-0.676888,-0.909751,0][0.685882,-0.153329,-2.6933][0.0866142,-0.811024,-0.582677][-0.686404,-0.92093,0][0.838148,-0.265916,-2.51444][0.165354,-0.834646,-0.519685][-0.676888,-0.909751,0][0.48487,-0.151288,-2.72592][0.0866142,-0.811024,-0.574803][-0.698968,-0.922969,0][1.19203e-07,-0.153939,-2.80462][0.0472441,-0.826772,-0.559055][-0.729272,-0.927886,0][0.48487,-0.151288,-2.72592][0.0866142,-0.811024,-0.574803][-0.698968,-0.922969,0][0.023391,-0.28046,-2.61498][0.015748,-0.992126,-0.11811][-0.72781,-0.916035,0][1.19203e-07,-0.153939,-2.80462][0.0472441,-0.826772,-0.559055][-0.729272,-0.927886,0][0.023391,-0.28046,-2.61498][0.015748,-0.992126,-0.11811][-0.72781,-0.916035,0][5.57226e-08,-0.28046,-2.61896][0,-1,-0.023622][-0.729272,-0.916284,0][-0.838148,-0.265916,-2.51444][-0.15748,-0.834646,-0.535433][-0.781656,-0.909751,0][-0.440204,-0.15757,-2.73318][-0.0866142,-0.818898,-0.566929][-0.756785,-0.923422,0][-0.260176,-0.28046,-2.5799][-0.0787402,-0.834646,-0.543307][-0.745533,-0.913842,0][-0.260176,-0.28046,-2.5799][-0.0787402,-0.834646,-0.543307][-0.745533,-0.913842,0][-0.440204,-0.15757,-2.73318][-0.0866142,-0.818898,-0.566929][-0.756785,-0.923422,0][-0.197473,-0.155568,-2.77256][-0.0866142,-0.826772,-0.559055][-0.741614,-0.925884,0][-0.197473,-0.155568,-2.77256][-0.0866142,-0.826772,-0.559055][-0.741614,-0.925884,0][1.19203e-07,-0.153939,-2.80462][0.0472441,-0.826772,-0.559055][-0.729272,-0.927886,0][5.57226e-08,-0.28046,-2.61896][0,-1,-0.023622][-0.729272,-0.916284,0][-0.197473,-0.155568,-2.77256][-0.0866142,-0.826772,-0.559055][-0.741614,-0.925884,0][5.57226e-08,-0.28046,-2.61896][0,-1,-0.023622][-0.729272,-0.916284,0][-0.260176,-0.28046,-2.5799][-0.0787402,-0.834646,-0.543307][-0.745533,-0.913842,0][-0.886896,-0.155369,-2.66068][-0.133858,-0.811024,-0.566929][-0.784703,-0.918891,0][-0.440204,-0.15757,-2.73318][-0.0866142,-0.818898,-0.566929][-0.756785,-0.923422,0][-0.838148,-0.265916,-2.51444][-0.15748,-0.834646,-0.535433][-0.781656,-0.909751,0][-1.52121,-0.214222,-2.28182][-0.259843,-0.866142,-0.425197][-0.824348,-0.895212,0][-1.37666,-0.166038,-2.42114][-0.244094,-0.811024,-0.535433][-0.815314,-0.90392,0][-0.838148,-0.265916,-2.51444][-0.15748,-0.834646,-0.535433][-0.781656,-0.909751,0][-1.03227,-0.158536,-2.58958][-0.244094,-0.811024,-0.535433][-0.793789,-0.914447,0][-0.886896,-0.155369,-2.66068][-0.133858,-0.811024,-0.566929][-0.784703,-0.918891,0][-0.838148,-0.265916,-2.51444][-0.15748,-0.834646,-0.535433][-0.781656,-0.909751,0][-1.03227,-0.158536,-2.58958][-0.244094,-0.811024,-0.535433][-0.793789,-0.914447,0][-0.838148,-0.265916,-2.51444][-0.15748,-0.834646,-0.535433][-0.781656,-0.909751,0][-1.37666,-0.166038,-2.42114][-0.244094,-0.811024,-0.535433][-0.815314,-0.90392,0][-1.55572,-0.163565,-2.33358][-0.322835,-0.771654,-0.543307][-0.826504,-0.898447,0][-1.37666,-0.166038,-2.42114][-0.244094,-0.811024,-0.535433][-0.815314,-0.90392,0][-1.52121,-0.214222,-2.28182][-0.259843,-0.866142,-0.425197][-0.824348,-0.895212,0][-1.64244,-0.166662,-2.26248][-0.385827,-0.771654,-0.503937][-0.831924,-0.894004,0][-1.55572,-0.163565,-2.33358][-0.322835,-0.771654,-0.543307][-0.826504,-0.898447,0][-1.52121,-0.214222,-2.28182][-0.259843,-0.866142,-0.425197][-0.824348,-0.895212,0][-1.64244,-0.166662,-2.26248][-0.385827,-0.771654,-0.503937][-0.831924,-0.894004,0][-1.52121,-0.214222,-2.28182][-0.259843,-0.866142,-0.425197][-0.824348,-0.895212,0][-1.84098,-0.173753,-2.09972][-0.330709,-0.858268,-0.393701][-0.844333,-0.88383,0][-2.25706,-0.1606,-1.64906][-0.535433,-0.740157,-0.409449][-0.870338,-0.855664,0][-2.09972,-0.173753,-1.84098][-0.370079,-0.874016,-0.322835][-0.860504,-0.86766,0][-2.28182,-0.214222,-1.52121][-0.448819,-0.858268,-0.259843][-0.871886,-0.847674,0][-2.33358,-0.163565,-1.55572][-0.543307,-0.771654,-0.322835][-0.875121,-0.849831,0][-2.25706,-0.1606,-1.64906][-0.535433,-0.740157,-0.409449][-0.870338,-0.855664,0][-2.28182,-0.214222,-1.52121][-0.448819,-0.858268,-0.259843][-0.871886,-0.847674,0][-2.77256,-0.155568,0.197473][-0.559055,-0.826772,0.0866142][-0.902557,-0.740256,0][-2.5799,-0.280462,0.260168][-0.543307,-0.834646,0.0787402][-0.890516,-0.736338,0][-2.73318,-0.157571,0.440206][-0.566929,-0.818898,0.0866142][-0.900095,-0.725085,0][-2.61896,-0.280462,1.67168e-07][-0.023622,-1,0][-0.892958,-0.752598,0][-2.77256,-0.155568,0.197473][-0.559055,-0.826772,0.0866142][-0.902557,-0.740256,0][-2.8046,-0.153939,1.86125e-07][-0.559055,-0.826772,-0.0472441][-0.90456,-0.752598,0][-2.5799,-0.280462,0.260168][-0.543307,-0.834646,0.0787402][-0.890516,-0.736338,0][-2.51444,-0.265916,0.838148][-0.535433,-0.834646,0.15748][-0.886425,-0.700214,0][-2.73318,-0.157571,0.440206][-0.566929,-0.818898,0.0866142][-0.900095,-0.725085,0][-2.5799,-0.280462,0.260168][-0.543307,-0.834646,0.0787402][-0.890516,-0.736338,0][-2.77256,-0.155568,0.197473][-0.559055,-0.826772,0.0866142][-0.902557,-0.740256,0][-2.61896,-0.280462,1.67168e-07][-0.023622,-1,0][-0.892958,-0.752598,0][-2.51444,-0.265916,-0.838148][-0.519685,-0.834646,-0.165354][-0.886425,-0.804983,0][-2.72592,-0.151288,-0.484868][-0.574803,-0.811024,-0.0866142][-0.899642,-0.782903,0][-2.6933,-0.153329,-0.685882][-0.582677,-0.811024,-0.0866142][-0.897604,-0.795466,0][-2.51444,-0.265916,-0.838148][-0.519685,-0.834646,-0.165354][-0.886425,-0.804983,0][-2.6933,-0.153329,-0.685882][-0.582677,-0.811024,-0.0866142][-0.897604,-0.795466,0][-2.66068,-0.15537,-0.886896][-0.543307,-0.811024,-0.204724][-0.895565,-0.808029,0][-2.72592,-0.151288,-0.484868][-0.574803,-0.811024,-0.0866142][-0.899642,-0.782903,0][-2.5799,-0.28046,-0.260166][-0.0551181,-1,-0.00787402][-0.890516,-0.768859,0][-2.61498,-0.28046,-0.0233914][-0.11811,-0.992126,-0.015748][-0.892709,-0.75406,0][-2.5799,-0.28046,-0.260166][-0.0551181,-1,-0.00787402][-0.890516,-0.768859,0][-2.72592,-0.151288,-0.484868][-0.574803,-0.811024,-0.0866142][-0.899642,-0.782903,0][-2.51444,-0.265916,-0.838148][-0.519685,-0.834646,-0.165354][-0.886425,-0.804983,0][-2.51444,-0.265916,-0.838148][-0.519685,-0.834646,-0.165354][-0.886425,-0.804983,0][-2.51444,-0.149996,-1.18591][-0.559055,-0.787402,-0.259843][-0.886425,-0.826717,0][-2.28182,-0.214222,-1.52121][-0.448819,-0.858268,-0.259843][-0.871886,-0.847674,0][-2.40486,-0.158217,-1.40996][-0.582677,-0.771654,-0.259843][-0.879576,-0.840721,0][-2.33358,-0.163565,-1.55572][-0.543307,-0.771654,-0.322835][-0.875121,-0.849831,0][-2.28182,-0.214222,-1.52121][-0.448819,-0.858268,-0.259843][-0.871886,-0.847674,0][-2.40486,-0.158217,-1.40996][-0.582677,-0.771654,-0.259843][-0.879576,-0.840721,0][-2.28182,-0.214222,-1.52121][-0.448819,-0.858268,-0.259843][-0.871886,-0.847674,0][-2.51444,-0.149996,-1.18591][-0.559055,-0.787402,-0.259843][-0.886425,-0.826717,0][-2.66068,-0.15537,0.886896][-0.566929,-0.811024,0.133858][-0.895565,-0.697167,0][-2.73318,-0.157571,0.440206][-0.566929,-0.818898,0.0866142][-0.900095,-0.725085,0][-2.51444,-0.265916,0.838148][-0.535433,-0.834646,0.15748][-0.886425,-0.700214,0][-2.8046,-0.153939,1.86125e-07][-0.559055,-0.826772,-0.0472441][-0.90456,-0.752598,0][-2.72592,-0.151288,-0.484868][-0.574803,-0.811024,-0.0866142][-0.899642,-0.782903,0][-2.61498,-0.28046,-0.0233914][-0.11811,-0.992126,-0.015748][-0.892709,-0.75406,0][-2.8046,-0.153939,1.86125e-07][-0.559055,-0.826772,-0.0472441][-0.90456,-0.752598,0][-2.61498,-0.28046,-0.0233914][-0.11811,-0.992126,-0.015748][-0.892709,-0.75406,0][-2.61896,-0.280462,1.67168e-07][-0.023622,-1,0][-0.892958,-0.752598,0][-2.66068,-0.15537,-0.886896][-0.543307,-0.811024,-0.204724][-0.895565,-0.808029,0][-2.51444,-0.149996,-1.18591][-0.559055,-0.787402,-0.259843][-0.886425,-0.826717,0][-2.51444,-0.265916,-0.838148][-0.519685,-0.834646,-0.165354][-0.886425,-0.804983,0][-2.58958,-0.158537,1.03227][-0.535433,-0.811024,0.244094][-0.891121,-0.688081,0][-2.66068,-0.15537,0.886896][-0.566929,-0.811024,0.133858][-0.895565,-0.697167,0][-2.51444,-0.265916,0.838148][-0.535433,-0.834646,0.15748][-0.886425,-0.700214,0][-2.51444,-0.265916,0.838148][-0.535433,-0.834646,0.15748][-0.886425,-0.700214,0][-2.28182,-0.214222,1.52121][-0.425197,-0.866142,0.259843][-0.871886,-0.657522,0][-2.42114,-0.166038,1.37667][-0.535433,-0.811024,0.244094][-0.880594,-0.666557,0][-2.51444,-0.265916,0.838148][-0.535433,-0.834646,0.15748][-0.886425,-0.700214,0][-2.42114,-0.166038,1.37667][-0.535433,-0.811024,0.244094][-0.880594,-0.666557,0][-2.58958,-0.158537,1.03227][-0.535433,-0.811024,0.244094][-0.891121,-0.688081,0][-2.33358,-0.163565,1.55572][-0.543307,-0.771654,0.322835][-0.875121,-0.655366,0][-2.42114,-0.166038,1.37667][-0.535433,-0.811024,0.244094][-0.880594,-0.666557,0][-2.28182,-0.214222,1.52121][-0.425197,-0.866142,0.259843][-0.871886,-0.657522,0]