version 1.00
2508
[0.695586,-0.160762,0.35569][0.622047,-0.755906,0.212598][13.9778,-15.0725,0][0.711756,-0.132532,0.371182][0.826772,-0.377953,0.409449][13.9768,-15.0708,0][0.700114,-0.13862,0.383754][0.677165,-0.456693,0.574803][13.976,-15.0712,0][0.695586,-0.160762,0.35569][0.622047,-0.755906,0.212598][13.9778,-15.0725,0][0.70822,-0.148472,0.324262][0.779528,-0.590551,-0.204724][13.9797,-15.0718,0][0.716436,-0.138222,0.336834][0.889764,-0.448819,-0.0393701][13.9789,-15.0711,0][0.695586,-0.160762,0.35569][0.622047,-0.755906,0.212598][13.9778,-15.0725,0][0.716436,-0.138222,0.336834][0.889764,-0.448819,-0.0393701][13.9789,-15.0711,0][0.71773,-0.132386,0.354008][0.905512,-0.377953,0.188976][13.9779,-15.0708,0][0.862424,2.12324,-0.259332][0.944882,0.307087,-0.11811][14.0162,-14.9298,0][0.84798,2.15066,-0.249448][0.692913,0.724409,-0.0314961][14.0156,-14.9281,0][0.860086,2.12844,-0.237606][0.913386,0.377953,0.149606][14.0149,-14.9295,0][0.84798,2.15066,-0.249448][0.692913,0.724409,-0.0314961][14.0156,-14.9281,0][0.862424,2.12324,-0.259332][0.944882,0.307087,-0.11811][14.0162,-14.9298,0][0.849414,2.14746,-0.262768][0.708661,0.685039,-0.165354][14.0164,-14.9283,0][0.845986,2.1465,-0.27606][0.818898,0.433071,-0.370079][14.0173,-14.9283,0][0.862424,2.12324,-0.259332][0.944882,0.307087,-0.11811][14.0162,-14.9298,0][0.856834,2.12166,-0.281014][0.874016,0.275591,-0.393701][14.0176,-14.9299,0][0.862424,2.12324,-0.259332][0.944882,0.307087,-0.11811][14.0162,-14.9298,0][0.845986,2.1465,-0.27606][0.818898,0.433071,-0.370079][14.0173,-14.9283,0][0.849414,2.14746,-0.262768][0.708661,0.685039,-0.165354][14.0164,-14.9283,0][0.693784,-0.108758,0.402898][0.590551,-0.0944882,0.80315][13.9748,-15.0693,0][0.711756,-0.132532,0.371182][0.826772,-0.377953,0.409449][13.9768,-15.0708,0][0.714762,-0.0977874,0.380244][0.858268,0.0472441,0.519685][13.9762,-15.0686,0][0.711756,-0.132532,0.371182][0.826772,-0.377953,0.409449][13.9768,-15.0708,0][0.693784,-0.108758,0.402898][0.590551,-0.0944882,0.80315][13.9748,-15.0693,0][0.700114,-0.13862,0.383754][0.677165,-0.456693,0.574803][13.976,-15.0712,0][0.860086,2.12844,-0.237606][0.913386,0.377953,0.149606][14.0149,-14.9295,0][0.841888,2.15562,-0.238114][0.629921,0.771654,0.0866142][14.0149,-14.9278,0][0.850146,2.13652,-0.219116][0.787402,0.488189,0.377953][14.0137,-14.929,0][0.841888,2.15562,-0.238114][0.629921,0.771654,0.0866142][14.0149,-14.9278,0][0.860086,2.12844,-0.237606][0.913386,0.377953,0.149606][14.0149,-14.9295,0][0.84798,2.15066,-0.249448][0.692913,0.724409,-0.0314961][14.0156,-14.9281,0][0.838218,2.14792,-0.28733][0.685039,0.456693,-0.566929][14.018,-14.9283,0][0.856834,2.12166,-0.281014][0.874016,0.275591,-0.393701][14.0176,-14.9299,0][0.844166,2.12398,-0.299396][0.716535,0.307087,-0.629921][14.0187,-14.9298,0][0.856834,2.12166,-0.281014][0.874016,0.275591,-0.393701][14.0176,-14.9299,0][0.838218,2.14792,-0.28733][0.685039,0.456693,-0.566929][14.018,-14.9283,0][0.845986,2.1465,-0.27606][0.818898,0.433071,-0.370079][14.0173,-14.9283,0][0.935112,1.93157,-0.077632][0.755906,0.637795,0.11811][14.0049,-14.9418,0][0.965068,1.89087,-0.187772][0.818898,0.559055,-0.133858][14.0117,-14.9443,0][0.867168,1.99459,-0.14775][0.574803,0.818898,-0.0866142][14.0092,-14.9378,0][0.965068,1.89087,-0.187772][0.818898,0.559055,-0.133858][14.0117,-14.9443,0][0.88364,1.97167,-0.20824][0.598425,0.779528,-0.188976][14.013,-14.9393,0][0.867168,1.99459,-0.14775][0.574803,0.818898,-0.0866142][14.0092,-14.9378,0][0.585684,0.164022,-0.354926][0.708661,-0.700787,0.11811][14.0222,-15.0522,0][0.758448,0.418924,-0.398256][0.92126,-0.377953,0.0629921][14.0249,-15.0363,0][0.758448,0.42516,-0.36157][0.92126,-0.377953,0.0629921][14.0226,-15.0359,0][0.585684,0.164022,-0.354926][0.708661,-0.700787,0.11811][14.0222,-15.0522,0][0.758448,0.42516,-0.36157][0.92126,-0.377953,0.0629921][14.0226,-15.0359,0][0.585684,0.170258,-0.31824][0.708661,-0.700787,0.11811][14.0199,-15.0519,0][1.0087,1.78684,0.0261][0.874016,0.330709,0.354331][13.9984,-14.9508,0][1.05786,1.72102,-0.151898][0.976378,0.204724,-0.0393701][14.0095,-14.9549,0][0.935112,1.93157,-0.077632][0.755906,0.637795,0.11811][14.0049,-14.9418,0][1.05786,1.72102,-0.151898][0.976378,0.204724,-0.0393701][14.0095,-14.9549,0][0.965068,1.89087,-0.187772][0.818898,0.559055,-0.133858][14.0117,-14.9443,0][0.935112,1.93157,-0.077632][0.755906,0.637795,0.11811][14.0049,-14.9418,0][1.0087,1.78684,0.0261][0.874016,0.330709,0.354331][13.9984,-14.9508,0][0.935112,1.93157,-0.077632][0.755906,0.637795,0.11811][14.0049,-14.9418,0][0.85561,1.98656,-0.002558][0.590551,0.755906,0.291339][14.0002,-14.9383,0][0.85561,1.98656,-0.002558][0.590551,0.755906,0.291339][14.0002,-14.9383,0][0.87975,1.87618,0.14677][0.606299,0.503937,0.614173][13.9908,-14.9452,0][1.0087,1.78684,0.0261][0.874016,0.330709,0.354331][13.9984,-14.9508,0][0.857102,2.05612,-0.2446][0.92126,0.362205,-0.125984][14.0153,-14.934,0][0.850646,2.07132,-0.218302][0.889764,0.440945,0.11811][14.0136,-14.933,0][0.853962,2.06362,-0.214368][0.889764,0.440945,0.11811][14.0134,-14.9335,0][0.850646,2.07132,-0.218302][0.889764,0.440945,0.11811][14.0136,-14.933,0][0.857102,2.05612,-0.2446][0.92126,0.362205,-0.125984][14.0153,-14.934,0][0.853578,2.06458,-0.246074][0.92126,0.362205,-0.133858][14.0154,-14.9335,0][0.857102,2.05612,-0.2446][0.92126,0.362205,-0.125984][14.0153,-14.934,0][0.849178,2.0537,-0.27475][0.866142,0.322835,-0.393701][14.0172,-14.9341,0][0.846368,2.0625,-0.27377][0.858268,0.322835,-0.393701][14.0171,-14.9336,0][0.846368,2.0625,-0.27377][0.858268,0.322835,-0.393701][14.0171,-14.9336,0][0.853578,2.06458,-0.246074][0.92126,0.362205,-0.133858][14.0154,-14.9335,0][0.857102,2.05612,-0.2446][0.92126,0.362205,-0.125984][14.0153,-14.934,0][0.723194,-0.108038,0.318352][0.96063,-0.0866142,-0.259843][13.9801,-15.0693,0][0.716436,-0.138222,0.336834][0.889764,-0.448819,-0.0393701][13.9789,-15.0711,0][0.70822,-0.148472,0.324262][0.779528,-0.590551,-0.204724][13.9797,-15.0718,0][0.70822,-0.148472,0.324262][0.779528,-0.590551,-0.204724][13.9797,-15.0718,0][0.70839,-0.126512,0.295696][0.771654,-0.314961,-0.543307][13.9815,-15.0704,0][0.723194,-0.108038,0.318352][0.96063,-0.0866142,-0.259843][13.9801,-15.0693,0][0.850146,2.13652,-0.219116][0.787402,0.488189,0.377953][14.0137,-14.929,0][0.832038,2.16158,-0.23049][0.535433,0.834646,0.15748][14.0144,-14.9274,0][0.834078,2.14626,-0.20668][0.590551,0.614173,0.527559][14.0129,-14.9284,0][0.832038,2.16158,-0.23049][0.535433,0.834646,0.15748][14.0144,-14.9274,0][0.850146,2.13652,-0.219116][0.787402,0.488189,0.377953][14.0137,-14.929,0][0.841888,2.15562,-0.238114][0.629921,0.771654,0.0866142][14.0149,-14.9278,0][0.853962,2.06362,-0.214368][0.889764,0.440945,0.11811][14.0134,-14.9335,0][0.83797,2.08172,-0.194656][0.771654,0.551181,0.322835][14.0122,-14.9324,0][0.840194,2.07504,-0.18863][0.771654,0.551181,0.330709][14.0118,-14.9328,0][0.83797,2.08172,-0.194656][0.771654,0.551181,0.322835][14.0122,-14.9324,0][0.853962,2.06362,-0.214368][0.889764,0.440945,0.11811][14.0134,-14.9335,0][0.850646,2.07132,-0.218302][0.889764,0.440945,0.11811][14.0136,-14.933,0][1.00045,1.51672,-0.34075][0.874016,-0.165354,-0.456693][14.0213,-14.9677,0][1.05443,1.54507,-0.116742][0.992126,-0.11811,0.0393701][14.0073,-14.9659,0][0.985316,1.45561,-0.33466][0.88189,-0.0393701,-0.464567][14.0209,-14.9715,0][0.985316,1.45561,-0.33466][0.88189,-0.0393701,-0.464567][14.0209,-14.9715,0][1.05443,1.54507,-0.116742][0.992126,-0.11811,0.0393701][14.0073,-14.9659,0][1.04053,1.48441,-0.105466][1,0,0.00787402][14.0066,-14.9697,0][0.985316,1.45561,-0.33466][0.88189,-0.0393701,-0.464567][14.0209,-14.9715,0][1.04053,1.48441,-0.105466][1,0,0.00787402][14.0066,-14.9697,0][1.04178,1.47824,-0.104164][0.992126,-0.110236,0.0393701][14.0065,-14.9701,0][1.04178,1.47824,-0.104164][0.992126,-0.110236,0.0393701][14.0065,-14.9701,0][0.986202,1.44919,-0.335068][0.874016,-0.15748,-0.456693][14.0209,-14.9719,0][0.985316,1.45561,-0.33466][0.88189,-0.0393701,-0.464567][14.0209,-14.9715,0][0.986202,1.44919,-0.335068][0.874016,-0.15748,-0.456693][14.0209,-14.9719,0][1.04178,1.47824,-0.104164][0.992126,-0.110236,0.0393701][14.0065,-14.9701,0][0.963424,1.39597,-0.324988][0.80315,-0.425197,-0.425197][14.0203,-14.9753,0][0.963424,1.39597,-0.324988][0.80315,-0.425197,-0.425197][14.0203,-14.9753,0][1.04178,1.47824,-0.104164][0.992126,-0.110236,0.0393701][14.0065,-14.9701,0][1.01902,1.4248,-0.094792][0.92126,-0.377953,0.0944882][14.0059,-14.9735,0][1.0126,1.69679,-0.33882][0.874016,0.165354,-0.448819][14.0212,-14.9565,0][1.05443,1.54507,-0.116742][0.992126,-0.11811,0.0393701][14.0073,-14.9659,0][1.00045,1.51672,-0.34075][0.874016,-0.165354,-0.456693][14.0213,-14.9677,0][1.05443,1.54507,-0.116742][0.992126,-0.11811,0.0393701][14.0073,-14.9659,0][1.0126,1.69679,-0.33882][0.874016,0.165354,-0.448819][14.0212,-14.9565,0][1.05786,1.72102,-0.151898][0.976378,0.204724,-0.0393701][14.0095,-14.9549,0][1.05786,1.72102,-0.151898][0.976378,0.204724,-0.0393701][14.0095,-14.9549,0][0.937006,1.87532,-0.303166][0.755906,0.527559,-0.393701][14.0189,-14.9453,0][0.965068,1.89087,-0.187772][0.818898,0.559055,-0.133858][14.0117,-14.9443,0][0.937006,1.87532,-0.303166][0.755906,0.527559,-0.393701][14.0189,-14.9453,0][1.05786,1.72102,-0.151898][0.976378,0.204724,-0.0393701][14.0095,-14.9549,0][1.0126,1.69679,-0.33882][0.874016,0.165354,-0.448819][14.0212,-14.9565,0][0.868092,1.96281,-0.272044][0.574803,0.76378,-0.307087][14.017,-14.9398,0][0.965068,1.89087,-0.187772][0.818898,0.559055,-0.133858][14.0117,-14.9443,0][0.937006,1.87532,-0.303166][0.755906,0.527559,-0.393701][14.0189,-14.9453,0][0.965068,1.89087,-0.187772][0.818898,0.559055,-0.133858][14.0117,-14.9443,0][0.868092,1.96281,-0.272044][0.574803,0.76378,-0.307087][14.017,-14.9398,0][0.88364,1.97167,-0.20824][0.598425,0.779528,-0.188976][14.013,-14.9393,0][0.858834,1.88908,-0.392486][0.574803,0.551181,-0.598425][14.0245,-14.9444,0][1.0126,1.69679,-0.33882][0.874016,0.165354,-0.448819][14.0212,-14.9565,0][0.886142,1.72064,-0.482912][0.606299,0.220472,-0.76378][14.0302,-14.955,0][1.0126,1.69679,-0.33882][0.874016,0.165354,-0.448819][14.0212,-14.9565,0][0.858834,1.88908,-0.392486][0.574803,0.551181,-0.598425][14.0245,-14.9444,0][0.937006,1.87532,-0.303166][0.755906,0.527559,-0.393701][14.0189,-14.9453,0][0.922914,0.721228,-0.439798][1,0,0][14.0275,-15.0174,0][0.854346,1.06106,-0.497582][0.92126,0.377953,-0.0629921][14.0311,-14.9962,0][0.854346,1.08778,-0.340402][0.88189,0.409449,0.251969][14.0213,-14.9945,0][0.922914,0.721228,-0.439798][1,0,0][14.0275,-15.0174,0][0.854346,1.08778,-0.340402][0.88189,0.409449,0.251969][14.0213,-14.9945,0][0.922914,0.747944,-0.282634][0.944882,0.0551181,0.314961][14.0177,-15.0158,0][0.854346,0.408106,-0.224864][0.88189,-0.299213,0.370079][14.0141,-15.037,0][0.922914,0.721228,-0.439798][1,0,0][14.0275,-15.0174,0][0.922914,0.747944,-0.282634][0.944882,0.0551181,0.314961][14.0177,-15.0158,0][0.922914,0.721228,-0.439798][1,0,0][14.0275,-15.0174,0][0.854346,0.408106,-0.224864][0.88189,-0.299213,0.370079][14.0141,-15.037,0][0.854346,0.381388,-0.382044][0.92126,-0.377953,0.0629921][14.0239,-15.0387,0][0.659082,0.120004,-0.175892][0.685039,-0.614173,0.401575][14.011,-15.055,0][0.854346,0.381388,-0.382044][0.92126,-0.377953,0.0629921][14.0239,-15.0387,0][0.854346,0.408106,-0.224864][0.88189,-0.299213,0.370079][14.0141,-15.037,0][0.854346,0.381388,-0.382044][0.92126,-0.377953,0.0629921][14.0239,-15.0387,0][0.659082,0.120004,-0.175892][0.685039,-0.614173,0.401575][14.011,-15.055,0][0.659082,0.0932802,-0.333108][0.708661,-0.700787,0.11811][14.0208,-15.0567,0][0.716436,-0.138222,0.336834][0.889764,-0.448819,-0.0393701][13.9789,-15.0711,0][0.723194,-0.108038,0.318352][0.96063,-0.0866142,-0.259843][13.9801,-15.0693,0][0.725526,-0.0975262,0.349298][0.992126,0.0472441,0.125984][13.9782,-15.0686,0][0.716436,-0.138222,0.336834][0.889764,-0.448819,-0.0393701][13.9789,-15.0711,0][0.725526,-0.0975262,0.349298][0.992126,0.0472441,0.125984][13.9782,-15.0686,0][0.71773,-0.132386,0.354008][0.905512,-0.377953,0.188976][13.9779,-15.0708,0][0.994756,1.62353,0.095996][0.858268,0.023622,0.511811][13.994,-14.961,0][1.05786,1.72102,-0.151898][0.976378,0.204724,-0.0393701][14.0095,-14.9549,0][1.0087,1.78684,0.0261][0.874016,0.330709,0.354331][13.9984,-14.9508,0][1.05786,1.72102,-0.151898][0.976378,0.204724,-0.0393701][14.0095,-14.9549,0][0.994756,1.62353,0.095996][0.858268,0.023622,0.511811][13.994,-14.961,0][1.05443,1.54507,-0.116742][0.992126,-0.11811,0.0393701][14.0073,-14.9659,0][0.849178,2.0537,-0.27475][0.866142,0.322835,-0.393701][14.0172,-14.9341,0][0.831406,2.05668,-0.300288][0.708661,0.322835,-0.622047][14.0188,-14.934,0][0.830118,2.06538,-0.29723][0.708661,0.322835,-0.629921][14.0186,-14.9334,0][0.830118,2.06538,-0.29723][0.708661,0.322835,-0.629921][14.0186,-14.9334,0][0.846368,2.0625,-0.27377][0.858268,0.322835,-0.393701][14.0171,-14.9336,0][0.849178,2.0537,-0.27475][0.866142,0.322835,-0.393701][14.0172,-14.9341,0][0.840194,2.07504,-0.18863][0.771654,0.551181,0.330709][14.0118,-14.9328,0][0.817432,2.0942,-0.178746][0.582677,0.669291,0.464567][14.0112,-14.9316,0][0.817838,2.0887,-0.171312][0.582677,0.669291,0.464567][14.0107,-14.932,0][0.817432,2.0942,-0.178746][0.582677,0.669291,0.464567][14.0112,-14.9316,0][0.840194,2.07504,-0.18863][0.771654,0.551181,0.330709][14.0118,-14.9328,0][0.83797,2.08172,-0.194656][0.771654,0.551181,0.322835][14.0122,-14.9324,0][0.856834,2.12166,-0.281014][0.874016,0.275591,-0.393701][14.0176,-14.9299,0][0.866252,2.1032,-0.255876][0.992126,-0.133858,-0.0551181][14.016,-14.9311,0][0.859478,2.1013,-0.282146][0.889764,-0.173228,-0.417323][14.0176,-14.9312,0][0.866252,2.1032,-0.255876][0.992126,-0.133858,-0.0551181][14.016,-14.9311,0][0.856834,2.12166,-0.281014][0.874016,0.275591,-0.393701][14.0176,-14.9299,0][0.862424,2.12324,-0.259332][0.944882,0.307087,-0.11811][14.0162,-14.9298,0][0.863418,2.10952,-0.229552][0.952756,-0.0314961,0.299213][14.0143,-14.9307,0][0.850146,2.13652,-0.219116][0.787402,0.488189,0.377953][14.0137,-14.929,0][0.851374,2.1193,-0.207146][0.795276,0.11811,0.598425][14.0129,-14.93,0][0.850146,2.13652,-0.219116][0.787402,0.488189,0.377953][14.0137,-14.929,0][0.863418,2.10952,-0.229552][0.952756,-0.0314961,0.299213][14.0143,-14.9307,0][0.860086,2.12844,-0.237606][0.913386,0.377953,0.149606][14.0149,-14.9295,0][1.05443,1.54507,-0.116742][0.992126,-0.11811,0.0393701][14.0073,-14.9659,0][0.979528,1.56439,0.112242][0.88189,0.133858,0.456693][13.993,-14.9647,0][1.04053,1.48441,-0.105466][1,0,0.00787402][14.0066,-14.9697,0][0.979528,1.56439,0.112242][0.88189,0.133858,0.456693][13.993,-14.9647,0][1.05443,1.54507,-0.116742][0.992126,-0.11811,0.0393701][14.0073,-14.9659,0][0.994756,1.62353,0.095996][0.858268,0.023622,0.511811][13.994,-14.961,0][0.980252,1.55892,0.115182][0.866142,0.0314961,0.503937][13.9928,-14.9651,0][1.04053,1.48441,-0.105466][1,0,0.00787402][14.0066,-14.9697,0][0.979528,1.56439,0.112242][0.88189,0.133858,0.456693][13.993,-14.9647,0][0.980252,1.55892,0.115182][0.866142,0.0314961,0.503937][13.9928,-14.9651,0][1.04178,1.47824,-0.104164][0.992126,-0.110236,0.0393701][14.0065,-14.9701,0][1.04053,1.48441,-0.105466][1,0,0.00787402][14.0066,-14.9697,0][0.82093,1.66839,0.262806][0.535433,0.228346,0.811024][13.9836,-14.9582,0][0.980252,1.55892,0.115182][0.866142,0.0314961,0.503937][13.9928,-14.9651,0][0.979528,1.56439,0.112242][0.88189,0.133858,0.456693][13.993,-14.9647,0][0.82093,1.66839,0.262806][0.535433,0.228346,0.811024][13.9836,-14.9582,0][0.979528,1.56439,0.112242][0.88189,0.133858,0.456693][13.993,-14.9647,0][0.821534,1.67296,0.258782][0.574803,0.322835,0.755906][13.9838,-14.9579,0][0.844166,2.12398,-0.299396][0.716535,0.307087,-0.629921][14.0187,-14.9298,0][0.859478,2.1013,-0.282146][0.889764,-0.173228,-0.417323][14.0176,-14.9312,0][0.84413,2.1041,-0.30442][0.677165,-0.149606,-0.716535][14.019,-14.931,0][0.859478,2.1013,-0.282146][0.889764,-0.173228,-0.417323][14.0176,-14.9312,0][0.844166,2.12398,-0.299396][0.716535,0.307087,-0.629921][14.0187,-14.9298,0][0.856834,2.12166,-0.281014][0.874016,0.275591,-0.393701][14.0176,-14.9299,0][0.986202,1.44919,-0.335068][0.874016,-0.15748,-0.456693][14.0209,-14.9719,0][0.830078,1.47942,-0.51231][0.551181,-0.0944882,-0.826772][14.032,-14.97,0][0.830332,1.48558,-0.510528][0.574803,0.015748,-0.818898][14.0319,-14.9697,0][0.830332,1.48558,-0.510528][0.574803,0.015748,-0.818898][14.0319,-14.9697,0][0.985316,1.45561,-0.33466][0.88189,-0.0393701,-0.464567][14.0209,-14.9715,0][0.986202,1.44919,-0.335068][0.874016,-0.15748,-0.456693][14.0209,-14.9719,0][1.0126,1.69679,-0.33882][0.874016,0.165354,-0.448819][14.0212,-14.9565,0][0.848886,1.54602,-0.512726][0.543307,-0.0944882,-0.834646][14.032,-14.9659,0][0.886142,1.72064,-0.482912][0.606299,0.220472,-0.76378][14.0302,-14.955,0][0.848886,1.54602,-0.512726][0.543307,-0.0944882,-0.834646][14.032,-14.9659,0][1.0126,1.69679,-0.33882][0.874016,0.165354,-0.448819][14.0212,-14.9565,0][1.00045,1.51672,-0.34075][0.874016,-0.165354,-0.456693][14.0213,-14.9677,0][0.840116,1.73001,0.239064][0.535433,0.228346,0.811024][13.9851,-14.9544,0][1.0087,1.78684,0.0261][0.874016,0.330709,0.354331][13.9984,-14.9508,0][0.87975,1.87618,0.14677][0.606299,0.503937,0.614173][13.9908,-14.9452,0][1.0087,1.78684,0.0261][0.874016,0.330709,0.354331][13.9984,-14.9508,0][0.840116,1.73001,0.239064][0.535433,0.228346,0.811024][13.9851,-14.9544,0][0.994756,1.62353,0.095996][0.858268,0.023622,0.511811][13.994,-14.961,0][0.866984,0.867434,0.420296][1,0,0][13.9737,-15.0083,0][0.866984,0.759572,-0.214226][0.937008,0.0551181,0.338583][14.0134,-15.015,0][0.800988,1.08666,-0.269826][0.866142,0.417323,0.275591][14.0169,-14.9946,0][0.800988,1.08666,-0.269826][0.866142,0.417323,0.275591][14.0169,-14.9946,0][0.800988,1.19452,0.364696][0.92126,0.377953,-0.0629921][13.9772,-14.9878,0][0.866984,0.867434,0.420296][1,0,0][13.9737,-15.0083,0][0.866984,0.867434,0.420296][1,0,0][13.9737,-15.0083,0][0.800988,0.432484,-0.158624][0.866142,-0.307087,0.393701][14.0099,-15.0355,0][0.866984,0.759572,-0.214226][0.937008,0.0551181,0.338583][14.0134,-15.015,0][0.800988,0.432484,-0.158624][0.866142,-0.307087,0.393701][14.0099,-15.0355,0][0.866984,0.867434,0.420296][1,0,0][13.9737,-15.0083,0][0.800988,0.540346,0.475898][0.92126,-0.377953,0.0629921][13.9703,-15.0287,0][0.854346,1.08778,-0.340402][0.88189,0.409449,0.251969][14.0213,-14.9945,0][0.61305,1.36395,-0.316962][0.661417,0.724409,0.19685][14.0198,-14.9773,0][0.800988,1.08666,-0.269826][0.866142,0.417323,0.275591][14.0169,-14.9946,0][0.854346,1.08778,-0.340402][0.88189,0.409449,0.251969][14.0213,-14.9945,0][0.659082,1.37588,-0.389376][0.685039,0.708661,0.181102][14.0243,-14.9765,0][0.61305,1.36395,-0.316962][0.661417,0.724409,0.19685][14.0198,-14.9773,0][0.800988,0.432484,-0.158624][0.866142,-0.307087,0.393701][14.0099,-15.0355,0][0.800988,0.540346,0.475898][0.92126,-0.377953,0.0629921][13.9703,-15.0287,0][0.61305,0.263054,0.523034][0.708661,-0.700787,0.11811][13.9673,-15.0461,0][0.61305,0.263054,0.523034][0.708661,-0.700787,0.11811][13.9673,-15.0461,0][0.61305,0.155192,-0.111488][0.661417,-0.614173,0.425197][14.007,-15.0528,0][0.800988,0.432484,-0.158624][0.866142,-0.307087,0.393701][14.0099,-15.0355,0][0.851374,2.1193,-0.207146][0.795276,0.11811,0.598425][14.0129,-14.93,0][0.834078,2.14626,-0.20668][0.590551,0.614173,0.527559][14.0129,-14.9284,0][0.831904,2.1311,-0.192076][0.527559,0.283465,0.795276][14.012,-14.9293,0][0.834078,2.14626,-0.20668][0.590551,0.614173,0.527559][14.0129,-14.9284,0][0.851374,2.1193,-0.207146][0.795276,0.11811,0.598425][14.0129,-14.93,0][0.850146,2.13652,-0.219116][0.787402,0.488189,0.377953][14.0137,-14.929,0][1.04178,1.47824,-0.104164][0.992126,-0.110236,0.0393701][14.0065,-14.9701,0][0.95784,1.50514,0.12425][0.787402,-0.228346,0.574803][13.9922,-14.9684,0][1.01902,1.4248,-0.094792][0.92126,-0.377953,0.0944882][14.0059,-14.9735,0][0.95784,1.50514,0.12425][0.787402,-0.228346,0.574803][13.9922,-14.9684,0][1.04178,1.47824,-0.104164][0.992126,-0.110236,0.0393701][14.0065,-14.9701,0][0.980252,1.55892,0.115182][0.866142,0.0314961,0.503937][13.9928,-14.9651,0][0.848886,1.54602,-0.512726][0.543307,-0.0944882,-0.834646][14.032,-14.9659,0][1.00045,1.51672,-0.34075][0.874016,-0.165354,-0.456693][14.0213,-14.9677,0][0.830332,1.48558,-0.510528][0.574803,0.015748,-0.818898][14.0319,-14.9697,0][0.830332,1.48558,-0.510528][0.574803,0.015748,-0.818898][14.0319,-14.9697,0][1.00045,1.51672,-0.34075][0.874016,-0.165354,-0.456693][14.0213,-14.9677,0][0.985316,1.45561,-0.33466][0.88189,-0.0393701,-0.464567][14.0209,-14.9715,0][0.758448,1.02028,-0.500478][0.92126,0.377953,-0.0629921][14.0313,-14.9987,0][0.819114,0.725838,-0.412682][1,0,0][14.0258,-15.0171,0][0.819114,0.719602,-0.449368][1,0,0][14.0281,-15.0175,0][0.819114,0.725838,-0.412682][1,0,0][14.0258,-15.0171,0][0.758448,1.02028,-0.500478][0.92126,0.377953,-0.0629921][14.0313,-14.9987,0][0.758448,1.02652,-0.463792][0.92126,0.377953,-0.0629921][14.029,-14.9983,0][0.758448,0.418924,-0.398256][0.92126,-0.377953,0.0629921][14.0249,-15.0363,0][0.819114,0.719602,-0.449368][1,0,0][14.0281,-15.0175,0][0.819114,0.725838,-0.412682][1,0,0][14.0258,-15.0171,0][0.758448,0.418924,-0.398256][0.92126,-0.377953,0.0629921][14.0249,-15.0363,0][0.819114,0.725838,-0.412682][1,0,0][14.0258,-15.0171,0][0.758448,0.42516,-0.36157][0.92126,-0.377953,0.0629921][14.0226,-15.0359,0][0.854346,0.408106,-0.224864][0.88189,-0.299213,0.370079][14.0141,-15.037,0][0.61305,0.155192,-0.111488][0.661417,-0.614173,0.425197][14.007,-15.0528,0][0.659082,0.120004,-0.175892][0.685039,-0.614173,0.401575][14.011,-15.055,0][0.61305,0.155192,-0.111488][0.661417,-0.614173,0.425197][14.007,-15.0528,0][0.854346,0.408106,-0.224864][0.88189,-0.299213,0.370079][14.0141,-15.037,0][0.800988,0.432484,-0.158624][0.866142,-0.307087,0.393701][14.0099,-15.0355,0][0.830078,1.47942,-0.51231][0.551181,-0.0944882,-0.826772][14.032,-14.97,0][0.986202,1.44919,-0.335068][0.874016,-0.15748,-0.456693][14.0209,-14.9719,0][0.807772,1.42603,-0.50159][0.464567,-0.354331,-0.811024][14.0313,-14.9734,0][0.807772,1.42603,-0.50159][0.464567,-0.354331,-0.811024][14.0313,-14.9734,0][0.986202,1.44919,-0.335068][0.874016,-0.15748,-0.456693][14.0209,-14.9719,0][0.963424,1.39597,-0.324988][0.80315,-0.425197,-0.425197][14.0203,-14.9753,0][0.863418,2.10952,-0.229552][0.952756,-0.0314961,0.299213][14.0143,-14.9307,0][0.835168,2.08224,-0.19729][0.716535,-0.133858,0.685039][14.0123,-14.9324,0][0.847212,2.07246,-0.219694][0.88189,-0.283465,0.370079][14.0137,-14.933,0][0.835168,2.08224,-0.19729][0.716535,-0.133858,0.685039][14.0123,-14.9324,0][0.863418,2.10952,-0.229552][0.952756,-0.0314961,0.299213][14.0143,-14.9307,0][0.851374,2.1193,-0.207146][0.795276,0.11811,0.598425][14.0129,-14.93,0][0.866252,2.1032,-0.255876][0.992126,-0.133858,-0.0551181][14.016,-14.9311,0][0.860086,2.12844,-0.237606][0.913386,0.377953,0.149606][14.0149,-14.9295,0][0.863418,2.10952,-0.229552][0.952756,-0.0314961,0.299213][14.0143,-14.9307,0][0.860086,2.12844,-0.237606][0.913386,0.377953,0.149606][14.0149,-14.9295,0][0.866252,2.1032,-0.255876][0.992126,-0.133858,-0.0551181][14.016,-14.9311,0][0.862424,2.12324,-0.259332][0.944882,0.307087,-0.11811][14.0162,-14.9298,0][0.854346,1.06106,-0.497582][0.92126,0.377953,-0.0629921][14.0311,-14.9962,0][0.659082,1.34916,-0.546592][0.708661,0.700787,-0.11811][14.0342,-14.9782,0][0.659082,1.37588,-0.389376][0.685039,0.708661,0.181102][14.0243,-14.9765,0][0.854346,1.06106,-0.497582][0.92126,0.377953,-0.0629921][14.0311,-14.9962,0][0.659082,1.37588,-0.389376][0.685039,0.708661,0.181102][14.0243,-14.9765,0][0.854346,1.08778,-0.340402][0.88189,0.409449,0.251969][14.0213,-14.9945,0][-0.189558,1.86272,-0.186704][0.692913,0.692913,-0.188976][14.0117,-14.9461,0][-0.277036,1.94432,0.027568][0.653543,0.677165,0.338583][13.9983,-14.941,0][-0.24398,1.89195,0.04316][0.590551,0.748031,0.307087][13.9973,-14.9443,0][-0.277036,1.94432,0.027568][0.653543,0.677165,0.338583][13.9983,-14.941,0][-0.189558,1.86272,-0.186704][0.692913,0.692913,-0.188976][14.0117,-14.9461,0][-0.223954,1.91582,-0.195952][0.755906,0.629921,-0.165354][14.0122,-14.9428,0][-0.239108,1.88886,0.045602][0.661417,0.661417,0.346457][13.9971,-14.9444,0][-0.162042,1.80431,-0.175868][0.929134,0.354331,-0.110236][14.011,-14.9497,0][-0.184248,1.85951,-0.18576][0.779528,0.614173,-0.149606][14.0116,-14.9463,0][-0.162042,1.80431,-0.175868][0.929134,0.354331,-0.110236][14.011,-14.9497,0][-0.239108,1.88886,0.045602][0.661417,0.661417,0.346457][13.9971,-14.9444,0][-0.21685,1.83377,0.055638][0.811024,0.401575,0.417323][13.9965,-14.9479,0][0.758448,1.02028,-0.500478][0.92126,0.377953,-0.0629921][14.0313,-14.9987,0][0.585684,1.27518,-0.54381][0.708661,0.700787,-0.11811][14.034,-14.9828,0][0.585684,1.28142,-0.507124][0.708661,0.700787,-0.11811][14.0317,-14.9824,0][0.758448,1.02028,-0.500478][0.92126,0.377953,-0.0629921][14.0313,-14.9987,0][0.585684,1.28142,-0.507124][0.708661,0.700787,-0.11811][14.0317,-14.9824,0][0.758448,1.02652,-0.463792][0.92126,0.377953,-0.0629921][14.029,-14.9983,0][0.922914,0.747944,-0.282634][0.944882,0.0551181,0.314961][14.0177,-15.0158,0][0.854346,1.08778,-0.340402][0.88189,0.409449,0.251969][14.0213,-14.9945,0][0.800988,1.08666,-0.269826][0.866142,0.417323,0.275591][14.0169,-14.9946,0][0.922914,0.747944,-0.282634][0.944882,0.0551181,0.314961][14.0177,-15.0158,0][0.800988,1.08666,-0.269826][0.866142,0.417323,0.275591][14.0169,-14.9946,0][0.866984,0.759572,-0.214226][0.937008,0.0551181,0.338583][14.0134,-15.015,0][0.800988,0.432484,-0.158624][0.866142,-0.307087,0.393701][14.0099,-15.0355,0][0.922914,0.747944,-0.282634][0.944882,0.0551181,0.314961][14.0177,-15.0158,0][0.866984,0.759572,-0.214226][0.937008,0.0551181,0.338583][14.0134,-15.015,0][0.922914,0.747944,-0.282634][0.944882,0.0551181,0.314961][14.0177,-15.0158,0][0.800988,0.432484,-0.158624][0.866142,-0.307087,0.393701][14.0099,-15.0355,0][0.854346,0.408106,-0.224864][0.88189,-0.299213,0.370079][14.0141,-15.037,0][0.84599,2.03072,-0.237716][0.913386,-0.401575,0][14.0149,-14.9356,0][0.853962,2.06362,-0.214368][0.889764,-0.291339,0.362205][14.0134,-14.9335,0][0.842812,2.0382,-0.207512][0.88189,-0.283465,0.370079][14.013,-14.9351,0][0.853962,2.06362,-0.214368][0.889764,-0.291339,0.362205][14.0134,-14.9335,0][0.84599,2.03072,-0.237716][0.913386,-0.401575,0][14.0149,-14.9356,0][0.857102,2.05612,-0.2446][0.913386,-0.401575,-0.015748][14.0153,-14.934,0][0.119414,1.92891,-0.247348][0.929134,0.362205,0][14.0155,-14.9419,0][0.119414,1.92565,-0.262218][0.929134,0.330709,-0.149606][14.0164,-14.9421,0][0.108374,1.93893,-0.267208][0.787402,0.559055,-0.251969][14.0167,-14.9413,0][0.108374,1.93893,-0.267208][0.787402,0.559055,-0.251969][14.0167,-14.9413,0][0.108374,1.94329,-0.247348][0.795276,0.606299,0][14.0155,-14.941,0][0.119414,1.92891,-0.247348][0.929134,0.362205,0][14.0155,-14.9419,0][-0.57314,-0.136182,0.334936][0.889764,-0.456693,-0.0472441][13.9791,-15.071,0][-0.598434,-0.150278,0.38108][0.582677,-0.622047,0.519685][13.9762,-15.0719,0][-0.595526,-0.163388,0.34249][0.622047,-0.779528,0.0472441][13.9786,-15.0727,0][-0.598434,-0.150278,0.38108][0.582677,-0.622047,0.519685][13.9762,-15.0719,0][-0.57314,-0.136182,0.334936][0.889764,-0.456693,-0.0472441][13.9791,-15.071,0][-0.576048,-0.123074,0.373524][0.850394,-0.299213,0.433071][13.9767,-15.0702,0][0.850044,2.06614,-0.24602][0.913386,-0.401575,0][14.0154,-14.9334,0][0.863418,2.10952,-0.229552][0.952756,-0.0314961,0.299213][14.0143,-14.9307,0][0.847212,2.07246,-0.219694][0.88189,-0.283465,0.370079][14.0137,-14.933,0][0.863418,2.10952,-0.229552][0.952756,-0.0314961,0.299213][14.0143,-14.9307,0][0.850044,2.06614,-0.24602][0.913386,-0.401575,0][14.0154,-14.9334,0][0.866252,2.1032,-0.255876][0.992126,-0.133858,-0.0551181][14.016,-14.9311,0][0.79497,1.94019,-0.212524][0.92126,-0.393701,0][14.0133,-14.9412,0][0.831022,2.03544,-0.209848][0.889764,-0.291339,0.362205][14.0131,-14.9353,0][0.792136,1.94651,-0.186198][0.88189,-0.299213,0.370079][14.0116,-14.9408,0][0.831022,2.03544,-0.209848][0.889764,-0.291339,0.362205][14.0131,-14.9353,0][0.79497,1.94019,-0.212524][0.92126,-0.393701,0][14.0133,-14.9412,0][0.833856,2.02912,-0.236172][0.913386,-0.401575,-0.015748][14.0148,-14.9357,0][0.55703,1.39819,-0.089846][0.874016,-0.307087,0.370079][14.0056,-14.9751,0][0.79497,1.94019,-0.212524][0.92126,-0.393701,0][14.0133,-14.9412,0][0.792136,1.94651,-0.186198][0.88189,-0.299213,0.370079][14.0116,-14.9408,0][0.79497,1.94019,-0.212524][0.92126,-0.393701,0][14.0133,-14.9412,0][0.55703,1.39819,-0.089846][0.874016,-0.307087,0.370079][14.0056,-14.9751,0][0.560016,1.39177,-0.11633][0.92126,-0.393701,-0.00787402][14.0073,-14.9755,0][0.79497,1.94019,-0.212524][0.92126,-0.393701,0][14.0133,-14.9412,0][0.560016,1.39177,-0.11633][0.92126,-0.393701,-0.00787402][14.0073,-14.9755,0][0.553238,1.38983,-0.14284][0.826772,-0.417323,-0.385827][14.0089,-14.9756,0][0.553238,1.38983,-0.14284][0.826772,-0.417323,-0.385827][14.0089,-14.9756,0][0.788196,1.9383,-0.238794][0.818898,-0.433071,-0.377953][14.0149,-14.9414,0][0.79497,1.94019,-0.212524][0.92126,-0.393701,0][14.0133,-14.9412,0][0.108374,1.92653,-0.284044][0.779528,0.425197,-0.456693][14.0178,-14.9421,0][0.108374,1.93893,-0.267208][0.787402,0.559055,-0.251969][14.0167,-14.9413,0][0.119414,1.92565,-0.262218][0.929134,0.330709,-0.149606][14.0164,-14.9421,0][0.108374,1.92653,-0.284044][0.779528,0.425197,-0.456693][14.0178,-14.9421,0][0.119414,1.92565,-0.262218][0.929134,0.330709,-0.149606][14.0164,-14.9421,0][0.119414,1.91636,-0.274824][0.779528,0.417323,-0.472441][14.0172,-14.9427,0][0.61305,1.36395,-0.316962][0.661417,0.724409,0.19685][14.0198,-14.9773,0][0.61305,1.47181,0.31756][0.708661,0.700787,-0.11811][13.9802,-14.9705,0][0.800988,1.19452,0.364696][0.92126,0.377953,-0.0629921][13.9772,-14.9878,0][0.800988,1.19452,0.364696][0.92126,0.377953,-0.0629921][13.9772,-14.9878,0][0.800988,1.08666,-0.269826][0.866142,0.417323,0.275591][14.0169,-14.9946,0][0.61305,1.36395,-0.316962][0.661417,0.724409,0.19685][14.0198,-14.9773,0][0.838108,2.02826,-0.267874][0.811024,-0.456693,-0.370079][14.0167,-14.9357,0][0.857102,2.05612,-0.2446][0.913386,-0.401575,-0.015748][14.0153,-14.934,0][0.84599,2.03072,-0.237716][0.913386,-0.401575,0][14.0149,-14.9356,0][0.857102,2.05612,-0.2446][0.913386,-0.401575,-0.015748][14.0153,-14.934,0][0.838108,2.02826,-0.267874][0.811024,-0.456693,-0.370079][14.0167,-14.9357,0][0.849178,2.0537,-0.27475][0.80315,-0.456693,-0.385827][14.0172,-14.9341,0][0.853962,2.06362,-0.214368][0.889764,-0.291339,0.362205][14.0134,-14.9335,0][0.829032,2.04962,-0.181818][0.716535,-0.133858,0.685039][14.0114,-14.9344,0][0.842812,2.0382,-0.207512][0.88189,-0.283465,0.370079][14.013,-14.9351,0][0.829032,2.04962,-0.181818][0.716535,-0.133858,0.685039][14.0114,-14.9344,0][0.853962,2.06362,-0.214368][0.889764,-0.291339,0.362205][14.0134,-14.9335,0][0.840194,2.07504,-0.18863][0.724409,-0.133858,0.677165][14.0118,-14.9328,0][0.843272,2.06424,-0.27229][0.811024,-0.456693,-0.370079][14.017,-14.9335,0][0.866252,2.1032,-0.255876][0.992126,-0.133858,-0.0551181][14.016,-14.9311,0][0.850044,2.06614,-0.24602][0.913386,-0.401575,0][14.0154,-14.9334,0][0.866252,2.1032,-0.255876][0.992126,-0.133858,-0.0551181][14.016,-14.9311,0][0.843272,2.06424,-0.27229][0.811024,-0.456693,-0.370079][14.017,-14.9335,0][0.859478,2.1013,-0.282146][0.889764,-0.173228,-0.417323][14.0176,-14.9312,0][0.788196,1.9383,-0.238794][0.818898,-0.433071,-0.377953][14.0149,-14.9414,0][0.833856,2.02912,-0.236172][0.913386,-0.401575,-0.015748][14.0148,-14.9357,0][0.79497,1.94019,-0.212524][0.92126,-0.393701,0][14.0133,-14.9412,0][0.833856,2.02912,-0.236172][0.913386,-0.401575,-0.015748][14.0148,-14.9357,0][0.788196,1.9383,-0.238794][0.818898,-0.433071,-0.377953][14.0149,-14.9414,0][0.827082,2.02722,-0.262444][0.80315,-0.456693,-0.385827][14.0164,-14.9358,0][0.831022,2.03544,-0.209848][0.889764,-0.291339,0.362205][14.0131,-14.9353,0][0.780092,1.9563,-0.163794][0.708661,-0.15748,0.692913][14.0102,-14.9402,0][0.792136,1.94651,-0.186198][0.88189,-0.299213,0.370079][14.0116,-14.9408,0][0.780092,1.9563,-0.163794][0.708661,-0.15748,0.692913][14.0102,-14.9402,0][0.831022,2.03544,-0.209848][0.889764,-0.291339,0.362205][14.0131,-14.9353,0][0.818978,2.04522,-0.187444][0.724409,-0.133858,0.677165][14.0117,-14.9347,0][-0.47757,-0.00179827,0.27753][0.724409,-0.661417,-0.19685][13.9827,-15.0626,0][-0.404504,0.0899758,0.270912][0.811024,-0.551181,0.204724][13.9831,-15.0569,0][-0.472496,0.00525414,0.309946][0.811024,-0.543307,0.228346][13.9806,-15.0622,0][-0.404504,0.0899758,0.270912][0.811024,-0.551181,0.204724][13.9831,-15.0569,0][-0.47757,-0.00179827,0.27753][0.724409,-0.661417,-0.19685][13.9827,-15.0626,0][-0.410088,0.083322,0.238498][0.716535,-0.669291,-0.220472][13.9851,-15.0573,0][0.108374,1.93893,-0.22749][0.787402,0.559055,0.251969][14.0142,-14.9413,0][0.119414,1.92891,-0.247348][0.929134,0.362205,0][14.0155,-14.9419,0][0.108374,1.94329,-0.247348][0.795276,0.606299,0][14.0155,-14.941,0][0.119414,1.92891,-0.247348][0.929134,0.362205,0][14.0155,-14.9419,0][0.108374,1.93893,-0.22749][0.787402,0.559055,0.251969][14.0142,-14.9413,0][0.119414,1.92565,-0.232478][0.929134,0.330709,0.149606][14.0145,-14.9421,0][-0.61647,-0.144404,0.32909][0.732283,-0.653543,-0.204724][13.9794,-15.0715,0][-0.49223,0.0101265,0.28169][0.732283,-0.653543,-0.19685][13.9824,-15.0619,0][-0.48846,0.015366,0.305786][0.787402,-0.566929,0.23622][13.9809,-15.0615,0][-0.61647,-0.144404,0.32909][0.732283,-0.653543,-0.204724][13.9794,-15.0715,0][-0.48846,0.015366,0.305786][0.787402,-0.566929,0.23622][13.9809,-15.0615,0][-0.612932,-0.139484,0.351704][0.787402,-0.566929,0.228346][13.978,-15.0712,0][-0.48846,0.015366,0.305786][0.787402,-0.566929,0.23622][13.9809,-15.0615,0][-0.617988,-0.12912,0.372078][0.692913,-0.377953,0.614173][13.9767,-15.0706,0][-0.612932,-0.139484,0.351704][0.787402,-0.566929,0.228346][13.978,-15.0712,0][-0.617988,-0.12912,0.372078][0.692913,-0.377953,0.614173][13.9767,-15.0706,0][-0.48846,0.015366,0.305786][0.787402,-0.566929,0.23622][13.9809,-15.0615,0][-0.493848,0.0264124,0.327498][0.692913,-0.377953,0.614173][13.9795,-15.0609,0][0.788196,1.9383,-0.238794][0.818898,-0.433071,-0.377953][14.0149,-14.9414,0][0.553238,1.38983,-0.14284][0.826772,-0.417323,-0.385827][14.0089,-14.9756,0][0.537726,1.39266,-0.165292][0.606299,-0.377953,-0.700787][14.0103,-14.9755,0][0.537726,1.39266,-0.165292][0.606299,-0.377953,-0.700787][14.0103,-14.9755,0][0.772846,1.94109,-0.261066][0.590551,-0.409449,-0.692913][14.0163,-14.9412,0][0.788196,1.9383,-0.238794][0.818898,-0.433071,-0.377953][14.0149,-14.9414,0][0.544764,1.40807,-0.067454][0.700787,-0.181102,0.692913][14.0042,-14.9745,0][0.792136,1.94651,-0.186198][0.88189,-0.299213,0.370079][14.0116,-14.9408,0][0.780092,1.9563,-0.163794][0.708661,-0.15748,0.692913][14.0102,-14.9402,0][0.792136,1.94651,-0.186198][0.88189,-0.299213,0.370079][14.0116,-14.9408,0][0.544764,1.40807,-0.067454][0.700787,-0.181102,0.692913][14.0042,-14.9745,0][0.55703,1.39819,-0.089846][0.874016,-0.307087,0.370079][14.0056,-14.9751,0][0.119414,1.91636,-0.274824][0.779528,0.417323,-0.472441][14.0172,-14.9427,0][0.108374,1.90796,-0.295294][0.496063,0.307087,-0.811024][14.0185,-14.9433,0][0.108374,1.92653,-0.284044][0.779528,0.425197,-0.456693][14.0178,-14.9421,0][0.108374,1.90796,-0.295294][0.496063,0.307087,-0.811024][14.0185,-14.9433,0][0.119414,1.91636,-0.274824][0.779528,0.417323,-0.472441][14.0172,-14.9427,0][0.119414,1.90246,-0.283248][0.76378,0.220472,-0.598425][14.0177,-14.9436,0][-0.627904,-0.142902,0.308716][0.519685,-0.606299,-0.598425][13.9807,-15.0714,0][-0.504414,0.0117258,0.259978][0.527559,-0.606299,-0.590551][13.9838,-15.0618,0][-0.49223,0.0101265,0.28169][0.732283,-0.653543,-0.19685][13.9824,-15.0619,0][-0.627904,-0.142902,0.308716][0.519685,-0.606299,-0.598425][13.9807,-15.0714,0][-0.49223,0.0101265,0.28169][0.732283,-0.653543,-0.19685][13.9824,-15.0619,0][-0.61647,-0.144404,0.32909][0.732283,-0.653543,-0.204724][13.9794,-15.0715,0][0.820358,2.03124,-0.29345][0.582677,-0.440945,-0.685039][14.0183,-14.9355,0][0.849178,2.0537,-0.27475][0.80315,-0.456693,-0.385827][14.0172,-14.9341,0][0.838108,2.02826,-0.267874][0.811024,-0.456693,-0.370079][14.0167,-14.9357,0][0.849178,2.0537,-0.27475][0.80315,-0.456693,-0.385827][14.0172,-14.9341,0][0.820358,2.03124,-0.29345][0.582677,-0.440945,-0.685039][14.0183,-14.9355,0][0.831406,2.05668,-0.300288][0.574803,-0.433071,-0.692913][14.0188,-14.934,0][-0.404504,0.0899758,0.270912][0.811024,-0.551181,0.204724][13.9831,-15.0569,0][-0.479744,0.0201104,0.339152][0.732283,-0.314961,0.606299][13.9788,-15.0612,0][-0.472496,0.00525414,0.309946][0.811024,-0.543307,0.228346][13.9806,-15.0622,0][-0.479744,0.0201104,0.339152][0.732283,-0.314961,0.606299][13.9788,-15.0612,0][-0.404504,0.0899758,0.270912][0.811024,-0.551181,0.204724][13.9831,-15.0569,0][-0.410628,0.10533,0.300118][0.740157,-0.330709,0.590551][13.9812,-15.0559,0][0.827922,2.06704,-0.294562][0.582677,-0.440945,-0.685039][14.0184,-14.9333,0][0.859478,2.1013,-0.282146][0.889764,-0.173228,-0.417323][14.0176,-14.9312,0][0.843272,2.06424,-0.27229][0.811024,-0.456693,-0.370079][14.017,-14.9335,0][0.859478,2.1013,-0.282146][0.889764,-0.173228,-0.417323][14.0176,-14.9312,0][0.827922,2.06704,-0.294562][0.582677,-0.440945,-0.685039][14.0184,-14.9333,0][0.84413,2.1041,-0.30442][0.677165,-0.149606,-0.716535][14.019,-14.931,0][0.714522,-0.0761896,0.303902][0.850394,0.299213,-0.433071][13.981,-15.0673,0][0.725526,-0.0975262,0.349298][0.992126,0.0472441,0.125984][13.9782,-15.0686,0][0.723194,-0.108038,0.318352][0.96063,-0.0866142,-0.259843][13.9801,-15.0693,0][0.725526,-0.0975262,0.349298][0.992126,0.0472441,0.125984][13.9782,-15.0686,0][0.714522,-0.0761896,0.303902][0.850394,0.299213,-0.433071][13.981,-15.0673,0][0.71743,-0.0630804,0.34249][0.889764,0.456693,0.0472441][13.9786,-15.0664,0][0.108374,1.92653,-0.210654][0.779528,0.425197,0.456693][14.0132,-14.9421,0][0.119414,1.92565,-0.232478][0.929134,0.330709,0.149606][14.0145,-14.9421,0][0.108374,1.93893,-0.22749][0.787402,0.559055,0.251969][14.0142,-14.9413,0][0.119414,1.92565,-0.232478][0.929134,0.330709,0.149606][14.0145,-14.9421,0][0.108374,1.92653,-0.210654][0.779528,0.425197,0.456693][14.0132,-14.9421,0][0.119414,1.91636,-0.219872][0.779528,0.417323,0.472441][14.0137,-14.9427,0][0.827082,2.02722,-0.262444][0.80315,-0.456693,-0.385827][14.0164,-14.9358,0][0.772846,1.94109,-0.261066][0.590551,-0.409449,-0.692913][14.0163,-14.9412,0][0.811732,2.03002,-0.284716][0.574803,-0.433071,-0.692913][14.0178,-14.9356,0][0.772846,1.94109,-0.261066][0.590551,-0.409449,-0.692913][14.0163,-14.9412,0][0.827082,2.02722,-0.262444][0.80315,-0.456693,-0.385827][14.0164,-14.9358,0][0.788196,1.9383,-0.238794][0.818898,-0.433071,-0.377953][14.0149,-14.9414,0][0.723194,-0.108038,0.318352][0.96063,-0.0866142,-0.259843][13.9801,-15.0693,0][0.696062,-0.0992238,0.275652][0.622047,0.00787402,-0.779528][13.9828,-15.0687,0][0.714522,-0.0761896,0.303902][0.850394,0.299213,-0.433071][13.981,-15.0673,0][0.696062,-0.0992238,0.275652][0.622047,0.00787402,-0.779528][13.9828,-15.0687,0][0.723194,-0.108038,0.318352][0.96063,-0.0866142,-0.259843][13.9801,-15.0693,0][0.70839,-0.126512,0.295696][0.771654,-0.314961,-0.543307][13.9815,-15.0704,0][0.70822,-0.148472,0.324262][0.779528,-0.590551,-0.204724][13.9797,-15.0718,0][0.68508,-0.147994,0.287404][0.480315,-0.582677,-0.653543][13.982,-15.0718,0][0.70839,-0.126512,0.295696][0.771654,-0.314961,-0.543307][13.9815,-15.0704,0][0.68508,-0.147994,0.287404][0.480315,-0.582677,-0.653543][13.982,-15.0718,0][0.70822,-0.148472,0.324262][0.779528,-0.590551,-0.204724][13.9797,-15.0718,0][0.695284,-0.160396,0.31966][0.614173,-0.748031,-0.267717][13.98,-15.0725,0][0.108374,1.88606,-0.299244][0.496063,0,-0.866142][14.0187,-14.9446,0][0.119414,1.86966,-0.283248][0.76378,-0.220472,-0.598425][14.0177,-14.9456,0][0.108374,1.86415,-0.295294][0.496063,-0.307087,-0.811024][14.0185,-14.946,0][0.119414,1.86966,-0.283248][0.76378,-0.220472,-0.598425][14.0177,-14.9456,0][0.108374,1.88606,-0.299244][0.496063,0,-0.866142][14.0187,-14.9446,0][0.119414,1.88606,-0.286206][0.76378,0,-0.645669][14.0179,-14.9446,0][0.108374,1.88606,-0.299244][0.496063,0,-0.866142][14.0187,-14.9446,0][0.119414,1.90246,-0.283248][0.76378,0.220472,-0.598425][14.0177,-14.9436,0][0.119414,1.88606,-0.286206][0.76378,0,-0.645669][14.0179,-14.9446,0][0.119414,1.90246,-0.283248][0.76378,0.220472,-0.598425][14.0177,-14.9436,0][0.108374,1.88606,-0.299244][0.496063,0,-0.866142][14.0187,-14.9446,0][0.108374,1.90796,-0.295294][0.496063,0.307087,-0.811024][14.0185,-14.9433,0][0.108374,1.90796,-0.199404][0.496063,0.307087,0.811024][14.0125,-14.9433,0][0.119414,1.91636,-0.219872][0.779528,0.417323,0.472441][14.0137,-14.9427,0][0.108374,1.92653,-0.210654][0.779528,0.425197,0.456693][14.0132,-14.9421,0][0.119414,1.91636,-0.219872][0.779528,0.417323,0.472441][14.0137,-14.9427,0][0.108374,1.90796,-0.199404][0.496063,0.307087,0.811024][14.0125,-14.9433,0][0.119414,1.90246,-0.21145][0.76378,0.220472,0.598425][14.0132,-14.9436,0][-0.283362,1.83688,-0.407422][0.622047,0.480315,-0.622047][14.0255,-14.9477,0][-0.189558,1.86272,-0.186704][0.692913,0.692913,-0.188976][14.0117,-14.9461,0][-0.25117,1.78196,-0.403642][0.559055,0.543307,-0.629921][14.0252,-14.9511,0][-0.189558,1.86272,-0.186704][0.692913,0.692913,-0.188976][14.0117,-14.9461,0][-0.283362,1.83688,-0.407422][0.622047,0.480315,-0.622047][14.0255,-14.9477,0][-0.223954,1.91582,-0.195952][0.755906,0.629921,-0.165354][14.0122,-14.9428,0][-0.395104,1.85826,0.223828][0.338583,0.598425,0.732283][13.986,-14.9464,0][-0.21685,1.83377,0.055638][0.811024,0.401575,0.417323][13.9965,-14.9479,0][-0.239108,1.88886,0.045602][0.661417,0.661417,0.346457][13.9971,-14.9444,0][-0.21685,1.83377,0.055638][0.811024,0.401575,0.417323][13.9965,-14.9479,0][-0.395104,1.85826,0.223828][0.338583,0.598425,0.732283][13.986,-14.9464,0][-0.373132,1.80347,0.233704][0.464567,0.330709,0.818898][13.9854,-14.9498,0][0.119414,1.86966,-0.21145][1,0,0][14.0132,-14.9456,0][0.119414,1.88606,-0.286206][1,0,0][14.0179,-14.9446,0][0.119414,1.88606,-0.208492][1,0,0][14.013,-14.9446,0][0.119414,1.88606,-0.286206][1,0,0][14.0179,-14.9446,0][0.119414,1.90246,-0.21145][1,0,0][14.0132,-14.9436,0][0.119414,1.88606,-0.208492][1,0,0][14.013,-14.9446,0][0.119414,1.88606,-0.286206][1,0,0][14.0179,-14.9446,0][0.119414,1.86966,-0.21145][1,0,0][14.0132,-14.9456,0][0.119414,1.86966,-0.283248][1,0,0][14.0177,-14.9456,0][0.119414,1.90246,-0.21145][1,0,0][14.0132,-14.9436,0][0.119414,1.88606,-0.286206][1,0,0][14.0179,-14.9446,0][0.119414,1.90246,-0.283248][1,0,0][14.0177,-14.9436,0][0.119414,1.86966,-0.283248][1,0,0][14.0177,-14.9456,0][0.119414,1.86966,-0.21145][1,0,0][14.0132,-14.9456,0][0.119414,1.85575,-0.274824][1,0,0][14.0172,-14.9465,0][0.119414,1.91636,-0.274824][1,0,0][14.0172,-14.9427,0][0.119414,1.90246,-0.21145][1,0,0][14.0132,-14.9436,0][0.119414,1.90246,-0.283248][1,0,0][14.0177,-14.9436,0][0.119414,1.85575,-0.219872][1,0,0][14.0137,-14.9465,0][0.119414,1.85575,-0.274824][1,0,0][14.0172,-14.9465,0][0.119414,1.86966,-0.21145][1,0,0][14.0132,-14.9456,0][0.119414,1.90246,-0.21145][1,0,0][14.0132,-14.9436,0][0.119414,1.91636,-0.274824][1,0,0][14.0172,-14.9427,0][0.119414,1.91636,-0.219872][1,0,0][14.0137,-14.9427,0][0.119414,1.85575,-0.274824][1,0,0][14.0172,-14.9465,0][0.119414,1.85575,-0.219872][1,0,0][14.0137,-14.9465,0][0.119414,1.84646,-0.262218][0.929134,-0.330709,-0.149606][14.0164,-14.9471,0][0.119414,1.84646,-0.232478][0.929134,-0.330709,0.149606][14.0145,-14.9471,0][0.119414,1.84646,-0.262218][0.929134,-0.330709,-0.149606][14.0164,-14.9471,0][0.119414,1.85575,-0.219872][1,0,0][14.0137,-14.9465,0][0.119414,1.84646,-0.262218][0.929134,-0.330709,-0.149606][14.0164,-14.9471,0][0.119414,1.84646,-0.232478][0.929134,-0.330709,0.149606][14.0145,-14.9471,0][0.119414,1.8432,-0.247348][0.929134,-0.362205,0][14.0155,-14.9473,0][0.119414,1.91636,-0.219872][1,0,0][14.0137,-14.9427,0][0.119414,1.91636,-0.274824][1,0,0][14.0172,-14.9427,0][0.119414,1.92565,-0.262218][0.929134,0.330709,-0.149606][14.0164,-14.9421,0][0.119414,1.92565,-0.262218][0.929134,0.330709,-0.149606][14.0164,-14.9421,0][0.119414,1.92565,-0.232478][0.929134,0.330709,0.149606][14.0145,-14.9421,0][0.119414,1.91636,-0.219872][1,0,0][14.0137,-14.9427,0][0.119414,1.92565,-0.232478][0.929134,0.330709,0.149606][14.0145,-14.9421,0][0.119414,1.92565,-0.262218][0.929134,0.330709,-0.149606][14.0164,-14.9421,0][0.119414,1.92891,-0.247348][0.929134,0.362205,0][14.0155,-14.9419,0][-0.60895,-0.163058,0.303902][0.456693,-0.779528,-0.433071][13.981,-15.0727,0][-0.57314,-0.136182,0.334936][0.889764,-0.456693,-0.0472441][13.9791,-15.071,0][-0.595526,-0.163388,0.34249][0.622047,-0.779528,0.0472441][13.9786,-15.0727,0][-0.57314,-0.136182,0.334936][0.889764,-0.456693,-0.0472441][13.9791,-15.071,0][-0.60895,-0.163058,0.303902][0.456693,-0.779528,-0.433071][13.981,-15.0727,0][-0.586564,-0.135854,0.296346][0.724409,-0.456693,-0.519685][13.9815,-15.071,0][-0.586564,-0.135854,0.296346][0.724409,-0.456693,-0.519685][13.9815,-15.071,0][-0.565044,-0.101738,0.328128][0.992126,-0.0472441,-0.125984][13.9795,-15.0689,0][-0.57314,-0.136182,0.334936][0.889764,-0.456693,-0.0472441][13.9791,-15.071,0][-0.565044,-0.101738,0.328128][0.992126,-0.0472441,-0.125984][13.9795,-15.0689,0][-0.586564,-0.135854,0.296346][0.724409,-0.456693,-0.519685][13.9815,-15.071,0][-0.57581,-0.101474,0.297182][0.858268,-0.0472441,-0.519685][13.9814,-15.0688,0][-0.578814,-0.0667302,0.306244][0.826772,0.377953,-0.409449][13.9809,-15.0667,0][-0.565044,-0.101738,0.328128][0.992126,-0.0472441,-0.125984][13.9795,-15.0689,0][-0.57581,-0.101474,0.297182][0.858268,-0.0472441,-0.519685][13.9814,-15.0688,0][-0.565044,-0.101738,0.328128][0.992126,-0.0472441,-0.125984][13.9795,-15.0689,0][-0.578814,-0.0667302,0.306244][0.826772,0.377953,-0.409449][13.9809,-15.0667,0][-0.57284,-0.066876,0.323418][0.905512,0.377953,-0.188976][13.9798,-15.0667,0][-0.57284,-0.066876,0.323418][0.905512,0.377953,-0.188976][13.9798,-15.0667,0][-0.578814,-0.0667302,0.306244][0.826772,0.377953,-0.409449][13.9809,-15.0667,0][-0.594986,-0.0385024,0.321736][0.622047,0.755906,-0.212598][13.9799,-15.0649,0][0.695586,-0.160762,0.35569][0.622047,-0.755906,0.212598][13.9778,-15.0725,0][0.71773,-0.132386,0.354008][0.905512,-0.377953,0.188976][13.9779,-15.0708,0][0.711756,-0.132532,0.371182][0.826772,-0.377953,0.409449][13.9768,-15.0708,0][0.725526,-0.0975262,0.349298][0.992126,0.0472441,0.125984][13.9782,-15.0686,0][0.711756,-0.132532,0.371182][0.826772,-0.377953,0.409449][13.9768,-15.0708,0][0.71773,-0.132386,0.354008][0.905512,-0.377953,0.188976][13.9779,-15.0708,0][0.711756,-0.132532,0.371182][0.826772,-0.377953,0.409449][13.9768,-15.0708,0][0.725526,-0.0975262,0.349298][0.992126,0.0472441,0.125984][13.9782,-15.0686,0][0.714762,-0.0977874,0.380244][0.858268,0.0472441,0.519685][13.9762,-15.0686,0][0.725526,-0.0975262,0.349298][0.992126,0.0472441,0.125984][13.9782,-15.0686,0][0.704006,-0.0634104,0.38108][0.724409,0.456693,0.519685][13.9762,-15.0665,0][0.714762,-0.0977874,0.380244][0.858268,0.0472441,0.519685][13.9762,-15.0686,0][0.71743,-0.0630804,0.34249][0.889764,0.456693,0.0472441][13.9786,-15.0664,0][0.704006,-0.0634104,0.38108][0.724409,0.456693,0.519685][13.9762,-15.0665,0][0.725526,-0.0975262,0.349298][0.992126,0.0472441,0.125984][13.9782,-15.0686,0][0.71743,-0.0630804,0.34249][0.889764,0.456693,0.0472441][13.9786,-15.0664,0][0.68162,-0.036204,0.373524][0.456693,0.779528,0.433071][13.9767,-15.0648,0][0.704006,-0.0634104,0.38108][0.724409,0.456693,0.519685][13.9762,-15.0665,0][0.695044,-0.035874,0.334936][0.622047,0.779528,-0.0472441][13.9791,-15.0647,0][0.68162,-0.036204,0.373524][0.456693,0.779528,0.433071][13.9767,-15.0648,0][0.71743,-0.0630804,0.34249][0.889764,0.456693,0.0472441][13.9786,-15.0664,0][-0.2462,1.7783,-0.404356][0.645669,0.456693,-0.614173][14.0253,-14.9514,0][-0.162042,1.80431,-0.175868][0.929134,0.354331,-0.110236][14.011,-14.9497,0][-0.224406,1.72325,-0.394336][0.779528,0.19685,-0.590551][14.0246,-14.9548,0][-0.162042,1.80431,-0.175868][0.929134,0.354331,-0.110236][14.011,-14.9497,0][-0.2462,1.7783,-0.404356][0.645669,0.456693,-0.614173][14.0253,-14.9514,0][-0.184248,1.85951,-0.18576][0.779528,0.614173,-0.149606][14.0116,-14.9463,0][0.119414,1.85575,-0.274824][0.779528,-0.417323,-0.472441][14.0172,-14.9465,0][0.108374,1.86415,-0.295294][0.496063,-0.307087,-0.811024][14.0185,-14.946,0][0.119414,1.86966,-0.283248][0.76378,-0.220472,-0.598425][14.0177,-14.9456,0][0.108374,1.86415,-0.295294][0.496063,-0.307087,-0.811024][14.0185,-14.946,0][0.119414,1.85575,-0.274824][0.779528,-0.417323,-0.472441][14.0172,-14.9465,0][0.108374,1.84559,-0.284044][0.779528,-0.425197,-0.456693][14.0178,-14.9472,0][0.010232,1.863,-0.202376][1,0,0][14.0126,-14.9461,0][0.010232,1.61927,-0.164518][1,0,0][14.0103,-14.9613,0][0.010232,1.84786,-0.287144][1,0,0][14.0179,-14.947,0][0.010232,1.60413,-0.249286][1,0,0][14.0156,-14.9622,0][0.010232,1.84786,-0.287144][1,0,0][14.0179,-14.947,0][0.010232,1.61927,-0.164518][1,0,0][14.0103,-14.9613,0][0.19622,1.79207,-0.172246][0.850394,-0.503937,0.141732][14.0108,-14.9505,0][0.306844,1.91891,0.012242][0.661417,-0.669291,-0.338583][13.9992,-14.9426,0][0.246818,1.81958,0.040348][0.740157,-0.551181,-0.377953][13.9975,-14.9488,0][0.306844,1.91891,0.012242][0.661417,-0.669291,-0.338583][13.9992,-14.9426,0][0.19622,1.79207,-0.172246][0.850394,-0.503937,0.141732][14.0108,-14.9505,0][0.258392,1.89253,-0.189768][0.771654,-0.622047,0.15748][14.0119,-14.9442,0][-0.712446,0.86966,0.4334][0.685039,0.125984,0.716535][13.9729,-15.0081,0][-0.639664,1.12689,0.360538][0.88189,-0.307087,0.362205][13.9775,-14.9921,0][-0.65862,1.13866,0.38797][0.637795,-0.133858,0.76378][13.9758,-14.9913,0][-0.639664,1.12689,0.360538][0.88189,-0.307087,0.362205][13.9775,-14.9921,0][-0.712446,0.86966,0.4334][0.685039,0.125984,0.716535][13.9729,-15.0081,0][-0.692348,0.865784,0.404908][0.952756,0.0551181,0.307087][13.9747,-15.0084,0][-0.712446,0.86966,0.4334][0.685039,0.125984,0.716535][13.9729,-15.0081,0][-0.639664,0.60468,0.449316][0.874016,0.417323,0.259843][13.9719,-15.0247,0][-0.692348,0.865784,0.404908][0.952756,0.0551181,0.307087][13.9747,-15.0084,0][-0.639664,0.60468,0.449316][0.874016,0.417323,0.259843][13.9719,-15.0247,0][-0.712446,0.86966,0.4334][0.685039,0.125984,0.716535][13.9729,-15.0081,0][-0.65781,0.600992,0.478776][0.629921,0.377953,0.677165][13.9701,-15.0249,0][0.311868,1.8202,-0.381694][0.629921,-0.464567,0.622047][14.0239,-14.9487,0][0.19622,1.79207,-0.172246][0.850394,-0.503937,0.141732][14.0108,-14.9505,0][0.25328,1.71675,-0.373326][0.700787,-0.346457,0.622047][14.0233,-14.9552,0][0.19622,1.79207,-0.172246][0.850394,-0.503937,0.141732][14.0108,-14.9505,0][0.311868,1.8202,-0.381694][0.629921,-0.464567,0.622047][14.0239,-14.9487,0][0.258392,1.89253,-0.189768][0.771654,-0.622047,0.15748][14.0119,-14.9442,0][-0.489638,1.34825,0.322954][0.677165,-0.614173,0.401575][13.9798,-14.9782,0][-0.65862,1.13866,0.38797][0.637795,-0.133858,0.76378][13.9758,-14.9913,0][-0.639664,1.12689,0.360538][0.88189,-0.307087,0.362205][13.9775,-14.9921,0][-0.65862,1.13866,0.38797][0.637795,-0.133858,0.76378][13.9758,-14.9913,0][-0.489638,1.34825,0.322954][0.677165,-0.614173,0.401575][13.9798,-14.9782,0][-0.504348,1.36697,0.34941][0.488189,-0.354331,0.795276][13.9782,-14.9771,0][0.108374,1.84559,-0.284044][0.779528,-0.425197,-0.456693][14.0178,-14.9472,0][0.119414,1.84646,-0.262218][0.929134,-0.330709,-0.149606][14.0164,-14.9471,0][0.108374,1.83318,-0.267208][0.787402,-0.559055,-0.251969][14.0167,-14.9479,0][0.119414,1.84646,-0.262218][0.929134,-0.330709,-0.149606][14.0164,-14.9471,0][0.108374,1.84559,-0.284044][0.779528,-0.425197,-0.456693][14.0178,-14.9472,0][0.119414,1.85575,-0.274824][0.779528,-0.417323,-0.472441][14.0172,-14.9465,0][0.108374,1.88606,-0.195454][0.496063,0,0.866142][14.0122,-14.9446,0][0.119414,1.90246,-0.21145][0.76378,0.220472,0.598425][14.0132,-14.9436,0][0.108374,1.90796,-0.199404][0.496063,0.307087,0.811024][14.0125,-14.9433,0][0.119414,1.90246,-0.21145][0.76378,0.220472,0.598425][14.0132,-14.9436,0][0.108374,1.88606,-0.195454][0.496063,0,0.866142][14.0122,-14.9446,0][0.119414,1.88606,-0.208492][0.76378,0,0.645669][14.013,-14.9446,0][0.119414,1.86966,-0.21145][0.76378,-0.220472,0.598425][14.0132,-14.9456,0][0.119414,1.88606,-0.208492][0.76378,0,0.645669][14.013,-14.9446,0][0.108374,1.88606,-0.195454][0.496063,0,0.866142][14.0122,-14.9446,0][0.108374,1.88606,-0.195454][0.496063,0,0.866142][14.0122,-14.9446,0][0.108374,1.86415,-0.199404][0.496063,-0.307087,0.811024][14.0125,-14.946,0][0.119414,1.86966,-0.21145][0.76378,-0.220472,0.598425][14.0132,-14.9456,0][-0.576048,-0.123074,0.373524][0.850394,-0.299213,0.433071][13.9767,-15.0702,0][-0.567376,-0.0912262,0.359074][0.96063,0.0866142,0.259843][13.9776,-15.0682,0][-0.59451,-0.100038,0.401774][0.622047,-0.00787402,0.779528][13.9749,-15.0688,0][-0.59451,-0.100038,0.401774][0.622047,-0.00787402,0.779528][13.9749,-15.0688,0][-0.567376,-0.0912262,0.359074][0.96063,0.0866142,0.259843][13.9776,-15.0682,0][-0.58218,-0.0727516,0.38173][0.771654,0.314961,0.543307][13.9761,-15.067,0][-0.58218,-0.0727516,0.38173][0.771654,0.314961,0.543307][13.9761,-15.067,0][-0.58235,-0.0507904,0.353164][0.779528,0.590551,0.204724][13.9779,-15.0657,0][-0.60549,-0.0512682,0.390022][0.480315,0.582677,0.653543][13.9756,-15.0657,0][-0.595286,-0.0388676,0.357766][0.614173,0.748031,0.267717][13.9776,-15.0649,0][-0.60549,-0.0512682,0.390022][0.480315,0.582677,0.653543][13.9756,-15.0657,0][-0.58235,-0.0507904,0.353164][0.779528,0.590551,0.204724][13.9779,-15.0657,0][-0.63912,1.10926,0.20809][0.92126,-0.385827,0.0472441][13.987,-14.9932,0][-0.489638,1.34825,0.322954][0.677165,-0.614173,0.401575][13.9798,-14.9782,0][-0.639664,1.12689,0.360538][0.88189,-0.307087,0.362205][13.9775,-14.9921,0][-0.489638,1.34825,0.322954][0.677165,-0.614173,0.401575][13.9798,-14.9782,0][-0.63912,1.10926,0.20809][0.92126,-0.385827,0.0472441][13.987,-14.9932,0][-0.48982,1.32954,0.170646][0.700787,-0.708661,0.0866142][13.9893,-14.9794,0][-0.59917,1.29471,-0.509384][0.559055,-0.653543,-0.503937][14.0318,-14.9816,0][-0.80502,1.03863,-0.507624][0.732283,-0.401575,-0.543307][14.0317,-14.9976,0][-0.621328,1.30966,-0.553694][0.559055,-0.653543,-0.503937][14.0346,-14.9806,0][-0.80502,1.03863,-0.507624][0.732283,-0.401575,-0.543307][14.0317,-14.9976,0][-0.59917,1.29471,-0.509384][0.559055,-0.653543,-0.503937][14.0318,-14.9816,0][-0.776066,1.03371,-0.465016][0.732283,-0.401575,-0.543307][14.0291,-14.9979,0][-0.674482,2.0005,-0.185856][0.811024,0.433071,0.385827][14.0116,-14.9375,0][-0.713368,2.08944,-0.209506][0.811024,0.456693,0.370079][14.0131,-14.9319,0][-0.72888,2.0866,-0.187054][0.582677,0.433071,0.685039][14.0117,-14.9321,0][-0.72888,2.0866,-0.187054][0.582677,0.433071,0.685039][14.0117,-14.9321,0][-0.689992,1.99768,-0.163404][0.590551,0.409449,0.700787][14.0102,-14.9376,0][-0.674482,2.0005,-0.185856][0.811024,0.433071,0.385827][14.0116,-14.9375,0][0.119414,1.86966,-0.21145][0.76378,-0.220472,0.598425][14.0132,-14.9456,0][0.108374,1.86415,-0.199404][0.496063,-0.307087,0.811024][14.0125,-14.946,0][0.119414,1.85575,-0.219872][0.779528,-0.417323,0.472441][14.0137,-14.9465,0][0.108374,1.86415,-0.199404][0.496063,-0.307087,0.811024][14.0125,-14.946,0][0.108374,1.84559,-0.210654][0.779528,-0.425197,0.456693][14.0132,-14.9472,0][0.119414,1.85575,-0.219872][0.779528,-0.417323,0.472441][14.0137,-14.9465,0][-0.721842,2.0712,-0.284892][0.708661,0.125984,-0.692913][14.0178,-14.9331,0][-0.67069,1.99215,-0.238852][0.88189,0.299213,-0.370079][14.0149,-14.938,0][-0.682956,1.98226,-0.261242][0.708661,0.15748,-0.685039][14.0163,-14.9386,0][-0.67069,1.99215,-0.238852][0.88189,0.299213,-0.370079][14.0149,-14.938,0][-0.721842,2.0712,-0.284892][0.708661,0.125984,-0.692913][14.0178,-14.9331,0][-0.709576,2.08108,-0.2625][0.88189,0.283465,-0.377953][14.0164,-14.9324,0][0.119414,1.8432,-0.247348][0.929134,-0.362205,0][14.0155,-14.9473,0][0.108374,1.83318,-0.267208][0.787402,-0.559055,-0.251969][14.0167,-14.9479,0][0.119414,1.84646,-0.262218][0.929134,-0.330709,-0.149606][14.0164,-14.9471,0][0.108374,1.83318,-0.267208][0.787402,-0.559055,-0.251969][14.0167,-14.9479,0][0.119414,1.8432,-0.247348][0.929134,-0.362205,0][14.0155,-14.9473,0][0.108374,1.82882,-0.247348][0.795276,-0.606299,0][14.0155,-14.9482,0][-0.565044,-0.101738,0.328128][0.992126,-0.0472441,-0.125984][13.9795,-15.0689,0][-0.576048,-0.123074,0.373524][0.850394,-0.299213,0.433071][13.9767,-15.0702,0][-0.57314,-0.136182,0.334936][0.889764,-0.456693,-0.0472441][13.9791,-15.071,0][-0.576048,-0.123074,0.373524][0.850394,-0.299213,0.433071][13.9767,-15.0702,0][-0.565044,-0.101738,0.328128][0.992126,-0.0472441,-0.125984][13.9795,-15.0689,0][-0.567376,-0.0912262,0.359074][0.96063,0.0866142,0.259843][13.9776,-15.0682,0][-0.71853,2.12542,-0.213926][0.811024,0.456693,0.370079][14.0134,-14.9297,0][-0.736466,2.1224,-0.188148][0.582677,0.433071,0.685039][14.0118,-14.9298,0][-0.70746,2.09998,-0.20705][0.80315,0.456693,0.385827][14.0129,-14.9313,0][-0.70746,2.09998,-0.20705][0.80315,0.456693,0.385827][14.0129,-14.9313,0][-0.736466,2.1224,-0.188148][0.582677,0.433071,0.685039][14.0118,-14.9298,0][-0.725418,2.09696,-0.181308][0.566929,0.433071,0.692913][14.0113,-14.9314,0][0.564996,0.0776084,0.327498][0.543307,0.582677,0.606299][13.9795,-15.0576,0][0.69619,-0.0795742,0.351704][0.755906,0.622047,0.204724][13.978,-15.0675,0][0.57718,0.0792078,0.305786][0.748031,0.622047,0.220472][13.9809,-15.0576,0][0.69619,-0.0795742,0.351704][0.755906,0.622047,0.204724][13.978,-15.0675,0][0.564996,0.0776084,0.327498][0.543307,0.582677,0.606299][13.9795,-15.0576,0][0.684756,-0.0810762,0.372078][0.551181,0.582677,0.598425][13.9767,-15.0676,0][0.596914,0.084082,0.27753][0.811024,0.551181,-0.204724][13.9827,-15.0572,0][0.516596,0.162478,0.209292][0.732283,0.322835,-0.598425][13.9869,-15.0523,0][0.52272,0.177832,0.238498][0.811024,0.551181,-0.220472][13.9851,-15.0514,0][0.516596,0.162478,0.209292][0.732283,0.322835,-0.598425][13.9869,-15.0523,0][0.596914,0.084082,0.27753][0.811024,0.551181,-0.204724][13.9827,-15.0572,0][0.589666,0.0692238,0.248324][0.740157,0.330709,-0.582677][13.9845,-15.0582,0][-0.729558,2.12646,-0.219352][0.80315,0.456693,0.385827][14.0137,-14.9296,0][-0.745766,2.16352,-0.22921][0.645669,0.700787,0.299213][14.0143,-14.9273,0][-0.761276,2.16068,-0.206758][0.425197,0.677165,0.598425][14.0129,-14.9275,0][-0.729558,2.12646,-0.219352][0.80315,0.456693,0.385827][14.0137,-14.9296,0][-0.761276,2.16068,-0.206758][0.425197,0.677165,0.598425][14.0129,-14.9275,0][-0.74507,2.12362,-0.196902][0.566929,0.433071,0.700787][14.0123,-14.9298,0][0.108374,1.83318,-0.22749][0.787402,-0.559055,0.251969][14.0142,-14.9479,0][0.119414,1.84646,-0.232478][0.929134,-0.330709,0.149606][14.0145,-14.9471,0][0.108374,1.84559,-0.210654][0.779528,-0.425197,0.456693][14.0132,-14.9472,0][0.108374,1.84559,-0.210654][0.779528,-0.425197,0.456693][14.0132,-14.9472,0][0.119414,1.84646,-0.232478][0.929134,-0.330709,0.149606][14.0145,-14.9471,0][0.119414,1.85575,-0.219872][0.779528,-0.417323,0.472441][14.0137,-14.9465,0][0.119414,1.8432,-0.247348][0.929134,-0.362205,0][14.0155,-14.9473,0][0.108374,1.83318,-0.22749][0.787402,-0.559055,0.251969][14.0142,-14.9479,0][0.108374,1.82882,-0.247348][0.795276,-0.606299,0][14.0155,-14.9482,0][0.108374,1.83318,-0.22749][0.787402,-0.559055,0.251969][14.0142,-14.9479,0][0.119414,1.8432,-0.247348][0.929134,-0.362205,0][14.0155,-14.9473,0][0.119414,1.84646,-0.232478][0.929134,-0.330709,0.149606][14.0145,-14.9471,0][0.58095,0.0739682,0.28169][0.811024,0.543307,-0.220472][13.9824,-15.0579,0][0.699728,-0.0844924,0.32909][0.811024,0.543307,-0.220472][13.9794,-15.0678,0][0.575562,0.0629218,0.259978][0.708661,0.346457,-0.606299][13.9838,-15.0586,0][0.694672,-0.094856,0.308716][0.708661,0.346457,-0.606299][13.9807,-15.0684,0][0.575562,0.0629218,0.259978][0.708661,0.346457,-0.606299][13.9838,-15.0586,0][0.699728,-0.0844924,0.32909][0.811024,0.543307,-0.220472][13.9794,-15.0678,0][-0.439524,1.45204,-0.089904][0.826772,0.417323,0.385827][14.0056,-14.9717,0][-0.689992,1.99768,-0.163404][0.590551,0.409449,0.700787][14.0102,-14.9376,0][-0.454874,1.44925,-0.067632][0.598425,0.377953,0.700787][14.0042,-14.9719,0][-0.689992,1.99768,-0.163404][0.590551,0.409449,0.700787][14.0102,-14.9376,0][-0.439524,1.45204,-0.089904][0.826772,0.417323,0.385827][14.0056,-14.9717,0][-0.674482,2.0005,-0.185856][0.811024,0.433071,0.385827][14.0116,-14.9375,0][0.57718,0.0792078,0.305786][0.748031,0.622047,0.220472][13.9809,-15.0576,0][0.699728,-0.0844924,0.32909][0.811024,0.543307,-0.220472][13.9794,-15.0678,0][0.58095,0.0739682,0.28169][0.811024,0.543307,-0.220472][13.9824,-15.0579,0][0.699728,-0.0844924,0.32909][0.811024,0.543307,-0.220472][13.9794,-15.0678,0][0.57718,0.0792078,0.305786][0.748031,0.622047,0.220472][13.9809,-15.0576,0][0.69619,-0.0795742,0.351704][0.755906,0.622047,0.204724][13.978,-15.0675,0][-0.682956,1.98226,-0.261242][0.708661,0.15748,-0.685039][14.0163,-14.9386,0][-0.435584,1.44383,-0.142498][0.874016,0.307087,-0.377953][14.0089,-14.9723,0][-0.447628,1.43404,-0.164904][0.692913,0.173228,-0.692913][14.0103,-14.9729,0][-0.435584,1.44383,-0.142498][0.874016,0.307087,-0.377953][14.0089,-14.9723,0][-0.682956,1.98226,-0.261242][0.708661,0.15748,-0.685039][14.0163,-14.9386,0][-0.67069,1.99215,-0.238852][0.88189,0.299213,-0.370079][14.0149,-14.938,0][0.596914,0.084082,0.27753][0.811024,0.551181,-0.204724][13.9827,-15.0572,0][0.52272,0.177832,0.238498][0.811024,0.551181,-0.220472][13.9851,-15.0514,0][0.517138,0.184486,0.270912][0.724409,0.661417,0.19685][13.9831,-15.051,0][0.517138,0.184486,0.270912][0.724409,0.661417,0.19685][13.9831,-15.051,0][0.59184,0.0911316,0.309946][0.716535,0.661417,0.212598][13.9806,-15.0568,0][0.596914,0.084082,0.27753][0.811024,0.551181,-0.204724][13.9827,-15.0572,0][-0.710642,2.12292,-0.244358][0.913386,0.401575,-0.00787402][14.0153,-14.9298,0][-0.71853,2.12542,-0.213926][0.811024,0.456693,0.370079][14.0134,-14.9297,0][-0.699528,2.0975,-0.237474][0.913386,0.401575,0.00787402][14.0148,-14.9314,0][-0.699528,2.0975,-0.237474][0.913386,0.401575,0.00787402][14.0148,-14.9314,0][-0.71853,2.12542,-0.213926][0.811024,0.456693,0.370079][14.0134,-14.9297,0][-0.70746,2.09998,-0.20705][0.80315,0.456693,0.385827][14.0129,-14.9313,0][-0.754238,2.14528,-0.304596][0.559055,0.417323,-0.716535][14.019,-14.9284,0][-0.725764,2.1181,-0.272346][0.88189,0.291339,-0.362205][14.017,-14.9301,0][-0.73803,2.10822,-0.294738][0.716535,0.133858,-0.685039][14.0184,-14.9307,0][-0.725764,2.1181,-0.272346][0.88189,0.291339,-0.362205][14.017,-14.9301,0][-0.754238,2.14528,-0.304596][0.559055,0.417323,-0.716535][14.019,-14.9284,0][-0.741972,2.15516,-0.282204][0.716535,0.559055,-0.417323][14.0176,-14.9278,0][-0.722778,2.12452,-0.245862][0.913386,0.401575,0.00787402][14.0154,-14.9297,0][-0.738986,2.16158,-0.25572][0.748031,0.661417,-0.0551181][14.016,-14.9274,0][-0.745766,2.16352,-0.22921][0.645669,0.700787,0.299213][14.0143,-14.9273,0][-0.722778,2.12452,-0.245862][0.913386,0.401575,0.00787402][14.0154,-14.9297,0][-0.745766,2.16352,-0.22921][0.645669,0.700787,0.299213][14.0143,-14.9273,0][-0.729558,2.12646,-0.219352][0.80315,0.456693,0.385827][14.0137,-14.9296,0][-0.667702,1.99857,-0.212366][0.913386,0.401575,0.00787402][14.0133,-14.9376,0][-0.706588,2.0875,-0.236016][0.913386,0.401575,-0.00787402][14.0148,-14.932,0][-0.713368,2.08944,-0.209506][0.811024,0.456693,0.370079][14.0131,-14.9319,0][-0.667702,1.99857,-0.212366][0.913386,0.401575,0.00787402][14.0133,-14.9376,0][-0.713368,2.08944,-0.209506][0.811024,0.456693,0.370079][14.0131,-14.9319,0][-0.674482,2.0005,-0.185856][0.811024,0.433071,0.385827][14.0116,-14.9375,0][-0.713994,2.1153,-0.274744][0.88189,0.283465,-0.377953][14.0172,-14.9303,0][-0.710642,2.12292,-0.244358][0.913386,0.401575,-0.00787402][14.0153,-14.9298,0][-0.702842,2.0899,-0.267888][0.88189,0.291339,-0.362205][14.0167,-14.9319,0][-0.702842,2.0899,-0.267888][0.88189,0.291339,-0.362205][14.0167,-14.9319,0][-0.710642,2.12292,-0.244358][0.913386,0.401575,-0.00787402][14.0153,-14.9298,0][-0.699528,2.0975,-0.237474][0.913386,0.401575,0.00787402][14.0148,-14.9314,0][-0.702842,2.0899,-0.267888][0.88189,0.291339,-0.362205][14.0167,-14.9319,0][-0.728028,2.10376,-0.300422][0.708661,0.125984,-0.692913][14.0188,-14.931,0][-0.713994,2.1153,-0.274744][0.88189,0.283465,-0.377953][14.0172,-14.9303,0][-0.728028,2.10376,-0.300422][0.708661,0.125984,-0.692913][14.0188,-14.931,0][-0.702842,2.0899,-0.267888][0.88189,0.291339,-0.362205][14.0167,-14.9319,0][-0.716864,2.07836,-0.293612][0.716535,0.133858,-0.685039][14.0184,-14.9326,0][0.692136,-0.0489842,0.296346][0.582677,0.622047,-0.519685][13.9815,-15.0656,0][0.71743,-0.0630804,0.34249][0.889764,0.456693,0.0472441][13.9786,-15.0664,0][0.714522,-0.0761896,0.303902][0.850394,0.299213,-0.433071][13.981,-15.0673,0][0.71743,-0.0630804,0.34249][0.889764,0.456693,0.0472441][13.9786,-15.0664,0][0.692136,-0.0489842,0.296346][0.582677,0.622047,-0.519685][13.9815,-15.0656,0][0.695044,-0.035874,0.334936][0.622047,0.779528,-0.0472441][13.9791,-15.0647,0][-0.43275,1.45014,-0.116174][0.92126,0.393701,0.00787402][14.0073,-14.9719,0][-0.674482,2.0005,-0.185856][0.811024,0.433071,0.385827][14.0116,-14.9375,0][-0.439524,1.45204,-0.089904][0.826772,0.417323,0.385827][14.0056,-14.9717,0][-0.674482,2.0005,-0.185856][0.811024,0.433071,0.385827][14.0116,-14.9375,0][-0.43275,1.45014,-0.116174][0.92126,0.393701,0.00787402][14.0073,-14.9719,0][-0.667702,1.99857,-0.212366][0.913386,0.401575,0.00787402][14.0133,-14.9376,0][-0.67069,1.99215,-0.238852][0.88189,0.299213,-0.370079][14.0149,-14.938,0][-0.43275,1.45014,-0.116174][0.92126,0.393701,0.00787402][14.0073,-14.9719,0][-0.435584,1.44383,-0.142498][0.874016,0.307087,-0.377953][14.0089,-14.9723,0][-0.43275,1.45014,-0.116174][0.92126,0.393701,0.00787402][14.0073,-14.9719,0][-0.67069,1.99215,-0.238852][0.88189,0.299213,-0.370079][14.0149,-14.938,0][-0.667702,1.99857,-0.212366][0.913386,0.401575,0.00787402][14.0133,-14.9376,0][-0.725764,2.1181,-0.272346][0.88189,0.291339,-0.362205][14.017,-14.9301,0][-0.741972,2.15516,-0.282204][0.716535,0.559055,-0.417323][14.0176,-14.9278,0][-0.738986,2.16158,-0.25572][0.748031,0.661417,-0.0551181][14.016,-14.9274,0][-0.725764,2.1181,-0.272346][0.88189,0.291339,-0.362205][14.017,-14.9301,0][-0.738986,2.16158,-0.25572][0.748031,0.661417,-0.0551181][14.016,-14.9274,0][-0.722778,2.12452,-0.245862][0.913386,0.401575,0.00787402][14.0154,-14.9297,0][-0.67069,1.99215,-0.238852][0.88189,0.299213,-0.370079][14.0149,-14.938,0][-0.709576,2.08108,-0.2625][0.88189,0.283465,-0.377953][14.0164,-14.9324,0][-0.706588,2.0875,-0.236016][0.913386,0.401575,-0.00787402][14.0148,-14.932,0][-0.67069,1.99215,-0.238852][0.88189,0.299213,-0.370079][14.0149,-14.938,0][-0.706588,2.0875,-0.236016][0.913386,0.401575,-0.00787402][14.0148,-14.932,0][-0.667702,1.99857,-0.212366][0.913386,0.401575,0.00787402][14.0133,-14.9376,0][-0.776066,1.03371,-0.465016][0.732283,-0.401575,-0.543307][14.0291,-14.9979,0][-0.869522,0.718936,-0.45328][0.795276,-0.102362,-0.598425][14.0283,-15.0176,0][-0.80502,1.03863,-0.507624][0.732283,-0.401575,-0.543307][14.0317,-14.9976,0][-0.869522,0.718936,-0.45328][0.795276,-0.102362,-0.598425][14.0283,-15.0176,0][-0.776066,1.03371,-0.465016][0.732283,-0.401575,-0.543307][14.0291,-14.9979,0][-0.838186,0.725838,-0.412682][0.795276,-0.102362,-0.598425][14.0258,-15.0171,0][-0.838186,0.725838,-0.412682][0.795276,-0.102362,-0.598425][14.0258,-15.0171,0][-0.776066,0.417966,-0.360346][0.732283,0.19685,-0.645669][14.0225,-15.0364,0][-0.869522,0.718936,-0.45328][0.795276,-0.102362,-0.598425][14.0283,-15.0176,0][-0.80502,0.39924,-0.398936][0.732283,0.19685,-0.645669][14.0249,-15.0375,0][-0.869522,0.718936,-0.45328][0.795276,-0.102362,-0.598425][14.0283,-15.0176,0][-0.776066,0.417966,-0.360346][0.732283,0.19685,-0.645669][14.0225,-15.0364,0][-0.691548,0.849416,0.25226][1,-0.00787402,0.00787402][13.9842,-15.0094,0][-0.639664,1.12689,0.360538][0.88189,-0.307087,0.362205][13.9775,-14.9921,0][-0.692348,0.865784,0.404908][0.952756,0.0551181,0.307087][13.9747,-15.0084,0][-0.639664,1.12689,0.360538][0.88189,-0.307087,0.362205][13.9775,-14.9921,0][-0.691548,0.849416,0.25226][1,-0.00787402,0.00787402][13.9842,-15.0094,0][-0.63912,1.10926,0.20809][0.92126,-0.385827,0.0472441][13.987,-14.9932,0][-0.776066,0.417966,-0.360346][0.732283,0.19685,-0.645669][14.0225,-15.0364,0][-0.59917,0.156962,-0.31598][0.559055,0.456693,-0.692913][14.0197,-15.0527,0][-0.80502,0.39924,-0.398936][0.732283,0.19685,-0.645669][14.0249,-15.0375,0][-0.621328,0.128216,-0.352864][0.559055,0.456693,-0.692913][14.0221,-15.0545,0][-0.80502,0.39924,-0.398936][0.732283,0.19685,-0.645669][14.0249,-15.0375,0][-0.59917,0.156962,-0.31598][0.559055,0.456693,-0.692913][14.0197,-15.0527,0][-0.63912,0.589572,0.296432][0.929134,0.377953,-0.0314961][13.9815,-15.0257,0][-0.692348,0.865784,0.404908][0.952756,0.0551181,0.307087][13.9747,-15.0084,0][-0.639664,0.60468,0.449316][0.874016,0.417323,0.259843][13.9719,-15.0247,0][-0.692348,0.865784,0.404908][0.952756,0.0551181,0.307087][13.9747,-15.0084,0][-0.63912,0.589572,0.296432][0.929134,0.377953,-0.0314961][13.9815,-15.0257,0][-0.691548,0.849416,0.25226][1,-0.00787402,0.00787402][13.9842,-15.0094,0][-0.827206,1.5537,-0.47797][0.543307,0.102362,0.834646][14.0299,-14.9654,0][-0.964684,1.52745,-0.322082][0.874016,0.173228,0.456693][14.0201,-14.967,0][-0.791428,1.44023,-0.472598][0.519685,0.204724,0.834646][14.0295,-14.9725,0][-0.791428,1.44023,-0.472598][0.519685,0.204724,0.834646][14.0295,-14.9725,0][-0.964684,1.52745,-0.322082][0.874016,0.173228,0.456693][14.0201,-14.967,0][-0.93481,1.41254,-0.309972][0.850394,0.267717,0.448819][14.0194,-14.9742,0][-0.739766,2.05918,-0.30327][0.582677,-0.669291,-0.464567][14.019,-14.9338,0][-0.716864,2.07836,-0.293612][0.76378,-0.551181,-0.330709][14.0184,-14.9326,0][-0.719056,2.0717,-0.287548][0.76378,-0.551181,-0.330709][14.018,-14.933,0][-0.716864,2.07836,-0.293612][0.76378,-0.551181,-0.330709][14.0184,-14.9326,0][-0.739766,2.05918,-0.30327][0.582677,-0.669291,-0.464567][14.019,-14.9338,0][-0.739406,2.06466,-0.310726][0.582677,-0.669291,-0.464567][14.0194,-14.9335,0][-0.565044,-0.101738,0.328128][0.992126,-0.0472441,-0.125984][13.9795,-15.0689,0][-0.574134,-0.0610424,0.340592][0.889764,0.448819,0.0393701][13.9787,-15.0663,0][-0.567376,-0.0912262,0.359074][0.96063,0.0866142,0.259843][13.9776,-15.0682,0][-0.574134,-0.0610424,0.340592][0.889764,0.448819,0.0393701][13.9787,-15.0663,0][-0.565044,-0.101738,0.328128][0.992126,-0.0472441,-0.125984][13.9795,-15.0689,0][-0.57284,-0.066876,0.323418][0.905512,0.377953,-0.188976][13.9798,-15.0667,0][-0.819062,1.72403,0.203686][0.535433,-0.220472,-0.818898][13.9873,-14.9547,0][-0.973256,1.77397,0.011622][0.874016,-0.322835,-0.354331][13.9993,-14.9516,0][-0.855206,1.85626,0.121652][0.606299,-0.503937,-0.614173][13.9924,-14.9465,0][-0.973256,1.77397,0.011622][0.874016,-0.322835,-0.354331][13.9993,-14.9516,0][-0.819062,1.72403,0.203686][0.535433,-0.220472,-0.818898][13.9873,-14.9547,0][-0.959806,1.62616,0.073534][0.858268,-0.015748,-0.511811][13.9954,-14.9609,0][-0.977144,1.69059,-0.320556][0.874016,-0.165354,0.448819][14.02,-14.9568,0][-0.827206,1.5537,-0.47797][0.543307,0.102362,0.834646][14.0299,-14.9654,0][-0.861858,1.71227,-0.45188][0.606299,-0.212598,0.76378][14.0282,-14.9555,0][-0.827206,1.5537,-0.47797][0.543307,0.102362,0.834646][14.0299,-14.9654,0][-0.977144,1.69059,-0.320556][0.874016,-0.165354,0.448819][14.02,-14.9568,0][-0.964684,1.52745,-0.322082][0.874016,0.173228,0.456693][14.0201,-14.967,0][-0.70746,2.09998,-0.20705][0.866142,-0.322835,0.393701][14.0129,-14.9313,0][-0.726692,2.08826,-0.184382][0.708661,-0.330709,0.629921][14.0115,-14.932,0][-0.710274,2.09118,-0.20803][0.858268,-0.322835,0.393701][14.013,-14.9318,0][-0.726692,2.08826,-0.184382][0.708661,-0.330709,0.629921][14.0115,-14.932,0][-0.70746,2.09998,-0.20705][0.866142,-0.322835,0.393701][14.0129,-14.9313,0][-0.725418,2.09696,-0.181308][0.708661,-0.322835,0.622047][14.0113,-14.9314,0][-1.01375,1.55392,-0.119396][0.992126,0.125984,-0.0472441][14.0075,-14.9654,0][-0.929776,1.51457,0.10339][0.84252,0.0866142,-0.535433][13.9935,-14.9678,0][-0.98603,1.43963,-0.098218][0.976378,0.228346,-0.0551181][14.0061,-14.9725,0][-0.929776,1.51457,0.10339][0.84252,0.0866142,-0.535433][13.9935,-14.9678,0][-1.01375,1.55392,-0.119396][0.992126,0.125984,-0.0472441][14.0075,-14.9654,0][-0.959806,1.62616,0.073534][0.858268,-0.015748,-0.511811][13.9954,-14.9609,0][-0.90551,1.90533,-0.081742][0.755906,-0.645669,-0.11811][14.0051,-14.9434,0][-0.933162,1.86779,-0.18238][0.818898,-0.559055,0.133858][14.0114,-14.9458,0][-0.845228,1.96154,-0.143384][0.574803,-0.811024,0.0866142][14.009,-14.9399,0][-0.933162,1.86779,-0.18238][0.818898,-0.559055,0.133858][14.0114,-14.9458,0][-0.86078,1.93993,-0.20038][0.598425,-0.779528,0.188976][14.0125,-14.9413,0][-0.845228,1.96154,-0.143384][0.574803,-0.811024,0.0866142][14.009,-14.9399,0][-1.01825,1.71318,-0.15047][0.976378,-0.204724,0.0393701][14.0094,-14.9554,0][-0.933162,1.86779,-0.18238][0.818898,-0.559055,0.133858][14.0114,-14.9458,0][-0.90551,1.90533,-0.081742][0.755906,-0.645669,-0.11811][14.0051,-14.9434,0][-0.973256,1.77397,0.011622][0.874016,-0.322835,-0.354331][13.9993,-14.9516,0][-1.01825,1.71318,-0.15047][0.976378,-0.204724,0.0393701][14.0094,-14.9554,0][-0.90551,1.90533,-0.081742][0.755906,-0.645669,-0.11811][14.0051,-14.9434,0][-0.567376,-0.0912262,0.359074][0.96063,0.0866142,0.259843][13.9776,-15.0682,0][-0.58235,-0.0507904,0.353164][0.779528,0.590551,0.204724][13.9779,-15.0657,0][-0.58218,-0.0727516,0.38173][0.771654,0.314961,0.543307][13.9761,-15.067,0][-0.58235,-0.0507904,0.353164][0.779528,0.590551,0.204724][13.9779,-15.0657,0][-0.567376,-0.0912262,0.359074][0.96063,0.0866142,0.259843][13.9776,-15.0682,0][-0.574134,-0.0610424,0.340592][0.889764,0.448819,0.0393701][13.9787,-15.0663,0][-0.964684,1.52745,-0.322082][0.874016,0.173228,0.456693][14.0201,-14.967,0][-1.01375,1.55392,-0.119396][0.992126,0.125984,-0.0472441][14.0075,-14.9654,0][-0.93481,1.41254,-0.309972][0.850394,0.267717,0.448819][14.0194,-14.9742,0][-0.93481,1.41254,-0.309972][0.850394,0.267717,0.448819][14.0194,-14.9742,0][-1.01375,1.55392,-0.119396][0.992126,0.125984,-0.0472441][14.0075,-14.9654,0][-0.98603,1.43963,-0.098218][0.976378,0.228346,-0.0551181][14.0061,-14.9725,0][-0.719056,2.0717,-0.287548][0.76378,-0.551181,-0.330709][14.018,-14.933,0][-0.702842,2.0899,-0.267888][0.889764,-0.448819,-0.125984][14.0167,-14.9319,0][-0.706148,2.0822,-0.263914][0.889764,-0.440945,-0.11811][14.0165,-14.9324,0][-0.702842,2.0899,-0.267888][0.889764,-0.448819,-0.125984][14.0167,-14.9319,0][-0.719056,2.0717,-0.287548][0.76378,-0.551181,-0.330709][14.018,-14.933,0][-0.716864,2.07836,-0.293612][0.76378,-0.551181,-0.330709][14.0184,-14.9326,0][-0.699528,2.0975,-0.237474][0.92126,-0.362205,0.125984][14.0148,-14.9314,0][-0.710274,2.09118,-0.20803][0.858268,-0.322835,0.393701][14.013,-14.9318,0][-0.703056,2.08904,-0.235976][0.92126,-0.362205,0.133858][14.0147,-14.9319,0][-0.710274,2.09118,-0.20803][0.858268,-0.322835,0.393701][14.013,-14.9318,0][-0.699528,2.0975,-0.237474][0.92126,-0.362205,0.125984][14.0148,-14.9314,0][-0.70746,2.09998,-0.20705][0.866142,-0.322835,0.393701][14.0129,-14.9313,0][-0.702842,2.0899,-0.267888][0.889764,-0.448819,-0.125984][14.0167,-14.9319,0][-0.699528,2.0975,-0.237474][0.92126,-0.362205,0.125984][14.0148,-14.9314,0][-0.706148,2.0822,-0.263914][0.889764,-0.440945,-0.11811][14.0165,-14.9324,0][-0.706148,2.0822,-0.263914][0.889764,-0.440945,-0.11811][14.0165,-14.9324,0][-0.699528,2.0975,-0.237474][0.92126,-0.362205,0.125984][14.0148,-14.9314,0][-0.703056,2.08904,-0.235976][0.92126,-0.362205,0.133858][14.0147,-14.9319,0][-0.48982,0.369286,0.333876][0.708661,0.700787,-0.0629921][13.9791,-15.0394,0][-0.639664,0.60468,0.449316][0.874016,0.417323,0.259843][13.9719,-15.0247,0][-0.489638,0.38333,0.486996][0.661417,0.716535,0.228346][13.9696,-15.0385,0][-0.639664,0.60468,0.449316][0.874016,0.417323,0.259843][13.9719,-15.0247,0][-0.48982,0.369286,0.333876][0.708661,0.700787,-0.0629921][13.9791,-15.0394,0][-0.63912,0.589572,0.296432][0.929134,0.377953,-0.0314961][13.9815,-15.0257,0][-0.959806,1.62616,0.073534][0.858268,-0.015748,-0.511811][13.9954,-14.9609,0][-1.01825,1.71318,-0.15047][0.976378,-0.204724,0.0393701][14.0094,-14.9554,0][-0.973256,1.77397,0.011622][0.874016,-0.322835,-0.354331][13.9993,-14.9516,0][-1.01825,1.71318,-0.15047][0.976378,-0.204724,0.0393701][14.0094,-14.9554,0][-0.959806,1.62616,0.073534][0.858268,-0.015748,-0.511811][13.9954,-14.9609,0][-1.01375,1.55392,-0.119396][0.992126,0.125984,-0.0472441][14.0075,-14.9654,0][-0.977144,1.69059,-0.320556][0.874016,-0.165354,0.448819][14.02,-14.9568,0][-1.01375,1.55392,-0.119396][0.992126,0.125984,-0.0472441][14.0075,-14.9654,0][-0.964684,1.52745,-0.322082][0.874016,0.173228,0.456693][14.0201,-14.967,0][-1.01375,1.55392,-0.119396][0.992126,0.125984,-0.0472441][14.0075,-14.9654,0][-0.977144,1.69059,-0.320556][0.874016,-0.165354,0.448819][14.02,-14.9568,0][-1.01825,1.71318,-0.15047][0.976378,-0.204724,0.0393701][14.0094,-14.9554,0][-0.578814,-0.0667302,0.306244][0.826772,0.377953,-0.409449][13.9809,-15.0667,0][-0.596788,-0.0905042,0.274528][0.590551,0.0944882,-0.80315][13.9828,-15.0682,0][-0.590456,-0.0606418,0.293672][0.677165,0.456693,-0.574803][13.9816,-15.0663,0][-0.596788,-0.0905042,0.274528][0.590551,0.0944882,-0.80315][13.9828,-15.0682,0][-0.578814,-0.0667302,0.306244][0.826772,0.377953,-0.409449][13.9809,-15.0667,0][-0.57581,-0.101474,0.297182][0.858268,-0.0472441,-0.519685][13.9814,-15.0688,0][-0.836078,1.86635,-0.369152][0.574803,-0.551181,0.598425][14.0231,-14.9459,0][-0.977144,1.69059,-0.320556][0.874016,-0.165354,0.448819][14.02,-14.9568,0][-0.861858,1.71227,-0.45188][0.606299,-0.212598,0.76378][14.0282,-14.9555,0][-0.977144,1.69059,-0.320556][0.874016,-0.165354,0.448819][14.02,-14.9568,0][-0.836078,1.86635,-0.369152][0.574803,-0.551181,0.598425][14.0231,-14.9459,0][-0.907592,1.85352,-0.287718][0.755906,-0.527559,0.393701][14.018,-14.9467,0][-0.832368,1.95605,-0.013182][0.590551,-0.755906,-0.291339][14.0008,-14.9402,0][-0.855206,1.85626,0.121652][0.606299,-0.503937,-0.614173][13.9924,-14.9465,0][-0.973256,1.77397,0.011622][0.874016,-0.322835,-0.354331][13.9993,-14.9516,0][-0.973256,1.77397,0.011622][0.874016,-0.322835,-0.354331][13.9993,-14.9516,0][-0.90551,1.90533,-0.081742][0.755906,-0.645669,-0.11811][14.0051,-14.9434,0][-0.832368,1.95605,-0.013182][0.590551,-0.755906,-0.291339][14.0008,-14.9402,0][-0.489638,0.38333,0.486996][0.661417,0.716535,0.228346][13.9696,-15.0385,0][-0.65781,0.600992,0.478776][0.629921,0.377953,0.677165][13.9701,-15.0249,0][-0.50321,0.373478,0.517208][0.480315,0.598425,0.637795][13.9677,-15.0392,0][-0.65781,0.600992,0.478776][0.629921,0.377953,0.677165][13.9701,-15.0249,0][-0.489638,0.38333,0.486996][0.661417,0.716535,0.228346][13.9696,-15.0385,0][-0.639664,0.60468,0.449316][0.874016,0.417323,0.259843][13.9719,-15.0247,0][-0.84612,1.93162,-0.260344][0.574803,-0.76378,0.307087][14.0163,-14.9418,0][-0.933162,1.86779,-0.18238][0.818898,-0.559055,0.133858][14.0114,-14.9458,0][-0.907592,1.85352,-0.287718][0.755906,-0.527559,0.393701][14.018,-14.9467,0][-0.933162,1.86779,-0.18238][0.818898,-0.559055,0.133858][14.0114,-14.9458,0][-0.84612,1.93162,-0.260344][0.574803,-0.76378,0.307087][14.0163,-14.9418,0][-0.86078,1.93993,-0.20038][0.598425,-0.779528,0.188976][14.0125,-14.9413,0][-0.907592,1.85352,-0.287718][0.755906,-0.527559,0.393701][14.018,-14.9467,0][-1.01825,1.71318,-0.15047][0.976378,-0.204724,0.0393701][14.0094,-14.9554,0][-0.977144,1.69059,-0.320556][0.874016,-0.165354,0.448819][14.02,-14.9568,0][-1.01825,1.71318,-0.15047][0.976378,-0.204724,0.0393701][14.0094,-14.9554,0][-0.907592,1.85352,-0.287718][0.755906,-0.527559,0.393701][14.018,-14.9467,0][-0.933162,1.86779,-0.18238][0.818898,-0.559055,0.133858][14.0114,-14.9458,0][-0.574134,-0.0610424,0.340592][0.889764,0.448819,0.0393701][13.9787,-15.0663,0][-0.57284,-0.066876,0.323418][0.905512,0.377953,-0.188976][13.9798,-15.0667,0][-0.594986,-0.0385024,0.321736][0.622047,0.755906,-0.212598][13.9799,-15.0649,0][-0.58235,-0.0507904,0.353164][0.779528,0.590551,0.204724][13.9779,-15.0657,0][-0.574134,-0.0610424,0.340592][0.889764,0.448819,0.0393701][13.9787,-15.0663,0][-0.594986,-0.0385024,0.321736][0.622047,0.755906,-0.212598][13.9799,-15.0649,0][-0.578814,-0.0667302,0.306244][0.826772,0.377953,-0.409449][13.9809,-15.0667,0][-0.590456,-0.0606418,0.293672][0.677165,0.456693,-0.574803][13.9816,-15.0663,0][-0.594986,-0.0385024,0.321736][0.622047,0.755906,-0.212598][13.9799,-15.0649,0][0.792742,2.16876,-0.28742][0.141732,0.905512,-0.409449][13.9505,-15.018,0][0.8148,2.1567,-0.297564][0.362205,0.779528,-0.511811][13.9491,-15.0186,0][0.802674,2.16276,-0.294954][0.23622,0.84252,-0.488189][13.9498,-15.0184,0][0.8148,2.1567,-0.297564][0.362205,0.779528,-0.511811][13.9491,-15.0186,0][0.792742,2.16876,-0.28742][0.141732,0.905512,-0.409449][13.9505,-15.018,0][0.827278,2.1515,-0.29488][0.409449,0.897638,-0.173228][13.9483,-15.0184,0][0.786536,2.17376,-0.276092][0.0787402,0.952756,-0.291339][13.9508,-15.0173,0][0.827278,2.1515,-0.29488][0.409449,0.897638,-0.173228][13.9483,-15.0184,0][0.792742,2.16876,-0.28742][0.141732,0.905512,-0.409449][13.9505,-15.018,0][0.786536,2.17376,-0.276092][0.0787402,0.952756,-0.291339][13.9508,-15.0173,0][0.838218,2.14792,-0.28733][0.409449,0.897638,-0.173228][13.9476,-15.018,0][0.827278,2.1515,-0.29488][0.409449,0.897638,-0.173228][13.9483,-15.0184,0][0.838218,2.14792,-0.28733][0.409449,0.897638,-0.173228][13.9476,-15.018,0][0.786536,2.17376,-0.276092][0.0787402,0.952756,-0.291339][13.9508,-15.0173,0][0.785026,2.177,-0.262692][0.0708661,0.984252,-0.15748][13.9509,-15.0164,0][0.838218,2.14792,-0.28733][0.409449,0.897638,-0.173228][13.9476,-15.018,0][0.785026,2.177,-0.262692][0.0708661,0.984252,-0.15748][13.9509,-15.0164,0][0.845986,2.1465,-0.27606][0.409449,0.897638,-0.173228][13.9471,-15.0173,0][0.845986,2.1465,-0.27606][0.409449,0.897638,-0.173228][13.9471,-15.0173,0][0.785026,2.177,-0.262692][0.0708661,0.984252,-0.15748][13.9509,-15.0164,0][0.849414,2.14746,-0.262768][0.708661,0.685039,-0.165354][13.9469,-15.0164,0][0.849414,2.14746,-0.262768][0.708661,0.685039,-0.165354][13.9469,-15.0164,0][0.796304,2.17654,-0.237918][0.181102,0.976378,0.0787402][13.9502,-15.0149,0][0.84798,2.15066,-0.249448][0.692913,0.724409,-0.0314961][13.947,-15.0156,0][0.796304,2.17654,-0.237918][0.181102,0.976378,0.0787402][13.9502,-15.0149,0][0.849414,2.14746,-0.262768][0.708661,0.685039,-0.165354][13.9469,-15.0164,0][0.788454,2.17798,-0.249278][0.102362,0.992126,-0.0314961][13.9507,-15.0156,0][0.788454,2.17798,-0.249278][0.102362,0.992126,-0.0314961][13.9507,-15.0156,0][0.849414,2.14746,-0.262768][0.708661,0.685039,-0.165354][13.9469,-15.0164,0][0.785026,2.177,-0.262692][0.0708661,0.984252,-0.15748][13.9509,-15.0164,0][0.807358,2.17292,-0.23036][0.291339,0.944882,0.15748][13.9495,-15.0144,0][0.84798,2.15066,-0.249448][0.692913,0.724409,-0.0314961][13.947,-15.0156,0][0.796304,2.17654,-0.237918][0.181102,0.976378,0.0787402][13.9502,-15.0149,0][0.807358,2.17292,-0.23036][0.291339,0.944882,0.15748][13.9495,-15.0144,0][0.841888,2.15562,-0.238114][0.629921,0.771654,0.0866142][13.9474,-15.0149,0][0.84798,2.15066,-0.249448][0.692913,0.724409,-0.0314961][13.947,-15.0156,0][0.841888,2.15562,-0.238114][0.629921,0.771654,0.0866142][13.9474,-15.0149,0][0.807358,2.17292,-0.23036][0.291339,0.944882,0.15748][13.9495,-15.0144,0][0.819912,2.16766,-0.227758][0.409449,0.889764,0.181102][13.9488,-15.0142,0][0.841888,2.15562,-0.238114][0.629921,0.771654,0.0866142][13.9474,-15.0149,0][0.819912,2.16766,-0.227758][0.409449,0.889764,0.181102][13.9488,-15.0142,0][0.832038,2.16158,-0.23049][0.535433,0.834646,0.15748][13.948,-15.0144,0][-0.785026,2.177,-0.262692][-0.0708661,0.984252,-0.15748][14.0491,-15.0164,0][-0.838218,2.14792,-0.28733][-0.409449,0.897638,-0.173228][14.0524,-15.018,0][-0.845986,2.1465,-0.27606][-0.409449,0.897638,-0.173228][14.0529,-15.0173,0][-0.785026,2.177,-0.262692][-0.0708661,0.984252,-0.15748][14.0491,-15.0164,0][-0.845986,2.1465,-0.27606][-0.409449,0.897638,-0.173228][14.0529,-15.0173,0][-0.849414,2.14746,-0.262768][-0.708661,0.685039,-0.165354][14.0531,-15.0164,0][-0.786536,2.17376,-0.276092][-0.0787402,0.952756,-0.291339][14.0492,-15.0173,0][-0.838218,2.14792,-0.28733][-0.409449,0.897638,-0.173228][14.0524,-15.018,0][-0.785026,2.177,-0.262692][-0.0708661,0.984252,-0.15748][14.0491,-15.0164,0][-0.838218,2.14792,-0.28733][-0.409449,0.897638,-0.173228][14.0524,-15.018,0][-0.786536,2.17376,-0.276092][-0.0787402,0.952756,-0.291339][14.0492,-15.0173,0][-0.827278,2.1515,-0.29488][-0.409449,0.897638,-0.173228][14.0517,-15.0184,0][-0.827278,2.1515,-0.29488][-0.409449,0.897638,-0.173228][14.0517,-15.0184,0][-0.786536,2.17376,-0.276092][-0.0787402,0.952756,-0.291339][14.0492,-15.0173,0][-0.792742,2.16876,-0.28742][-0.141732,0.905512,-0.409449][14.0495,-15.018,0][-0.792742,2.16876,-0.28742][-0.141732,0.905512,-0.409449][14.0495,-15.018,0][-0.814802,2.1567,-0.297564][-0.362205,0.779528,-0.511811][14.0509,-15.0186,0][-0.827278,2.1515,-0.29488][-0.409449,0.897638,-0.173228][14.0517,-15.0184,0][-0.814802,2.1567,-0.297564][-0.362205,0.779528,-0.511811][14.0509,-15.0186,0][-0.792742,2.16876,-0.28742][-0.141732,0.905512,-0.409449][14.0495,-15.018,0][-0.802674,2.16276,-0.294954][-0.23622,0.84252,-0.488189][14.0502,-15.0184,0][-0.807358,2.17292,-0.23036][-0.291339,0.944882,0.15748][14.0505,-15.0144,0][-0.841888,2.15562,-0.238114][-0.629921,0.771654,0.0866142][14.0526,-15.0149,0][-0.819912,2.16766,-0.227758][-0.409449,0.889764,0.181102][14.0512,-15.0142,0][-0.819912,2.16766,-0.227758][-0.409449,0.889764,0.181102][14.0512,-15.0142,0][-0.841888,2.15562,-0.238114][-0.629921,0.771654,0.0866142][14.0526,-15.0149,0][-0.832038,2.16158,-0.23049][-0.535433,0.834646,0.15748][14.052,-15.0144,0][-0.841888,2.15562,-0.238114][-0.629921,0.771654,0.0866142][14.0526,-15.0149,0][-0.807358,2.17292,-0.23036][-0.291339,0.944882,0.15748][14.0505,-15.0144,0][-0.84798,2.15066,-0.249448][-0.692913,0.724409,-0.0314961][14.053,-15.0156,0][-0.796304,2.17654,-0.237918][-0.181102,0.976378,0.0787402][14.0498,-15.0149,0][-0.84798,2.15066,-0.249448][-0.692913,0.724409,-0.0314961][14.053,-15.0156,0][-0.807358,2.17292,-0.23036][-0.291339,0.944882,0.15748][14.0505,-15.0144,0][-0.84798,2.15066,-0.249448][-0.692913,0.724409,-0.0314961][14.053,-15.0156,0][-0.796304,2.17654,-0.237918][-0.181102,0.976378,0.0787402][14.0498,-15.0149,0][-0.849414,2.14746,-0.262768][-0.708661,0.685039,-0.165354][14.0531,-15.0164,0][-0.788456,2.17798,-0.249278][-0.102362,0.992126,-0.0314961][14.0493,-15.0156,0][-0.849414,2.14746,-0.262768][-0.708661,0.685039,-0.165354][14.0531,-15.0164,0][-0.796304,2.17654,-0.237918][-0.181102,0.976378,0.0787402][14.0498,-15.0149,0][-0.785026,2.177,-0.262692][-0.0708661,0.984252,-0.15748][14.0491,-15.0164,0][-0.849414,2.14746,-0.262768][-0.708661,0.685039,-0.165354][14.0531,-15.0164,0][-0.788456,2.17798,-0.249278][-0.102362,0.992126,-0.0314961][14.0493,-15.0156,0][0.830118,2.06538,-0.29723][0.425197,0.88189,-0.19685][13.9481,-15.0186,0][0.806296,2.07412,-0.309486][0.425197,0.88189,-0.220472][13.9496,-15.0193,0][0.827922,2.06704,-0.294562][0.425197,0.88189,-0.19685][13.9483,-15.0184,0][0.806296,2.07412,-0.309486][0.425197,0.88189,-0.220472][13.9496,-15.0193,0][0.830118,2.06538,-0.29723][0.425197,0.88189,-0.19685][13.9481,-15.0186,0][0.807276,2.07276,-0.312934][0.425197,0.88189,-0.220472][13.9495,-15.0196,0][-0.827922,2.06704,-0.294562][-0.425197,0.88189,-0.19685][14.0517,-15.0184,0][-0.806296,2.07412,-0.309486][-0.425197,0.88189,-0.220472][14.0504,-15.0193,0][-0.830118,2.06538,-0.29723][-0.425197,0.88189,-0.19685][14.0519,-15.0186,0][-0.806296,2.07412,-0.309486][-0.425197,0.88189,-0.220472][14.0504,-15.0193,0][-0.807276,2.07276,-0.312934][-0.425197,0.88189,-0.220472][14.0505,-15.0196,0][-0.830118,2.06538,-0.29723][-0.425197,0.88189,-0.19685][14.0519,-15.0186,0][0.823546,2.02524,-0.10682][0.503937,0.866142,-0.015748][13.9485,-15.0067,0][0.85561,1.98656,-0.002558][0.590551,0.755906,0.291339][13.9465,-15.0002,0][0.935112,1.93157,-0.077632][0.755906,0.637795,0.11811][13.9416,-15.0049,0][0.935112,1.93157,-0.077632][0.755906,0.637795,0.11811][13.9416,-15.0049,0][0.867168,1.99459,-0.14775][0.574803,0.818898,-0.0866142][13.9458,-15.0092,0][0.823546,2.02524,-0.10682][0.503937,0.866142,-0.015748][13.9485,-15.0067,0][-0.823546,2.02524,-0.10682][-0.503937,0.866142,-0.015748][14.0515,-15.0067,0][-0.935112,1.93157,-0.077632][-0.755906,0.637795,0.11811][14.0584,-15.0049,0][-0.85561,1.98656,-0.002558][-0.590551,0.755906,0.291339][14.0535,-15.0002,0][-0.935112,1.93157,-0.077632][-0.755906,0.637795,0.11811][14.0584,-15.0049,0][-0.823546,2.02524,-0.10682][-0.503937,0.866142,-0.015748][14.0515,-15.0067,0][-0.867168,1.99459,-0.14775][-0.574803,0.818898,-0.0866142][14.0542,-15.0092,0][0.846368,2.0625,-0.27377][0.417323,0.889764,-0.181102][13.9471,-15.0171,0][0.827922,2.06704,-0.294562][0.425197,0.88189,-0.19685][13.9483,-15.0184,0][0.843272,2.06424,-0.27229][0.417323,0.889764,-0.181102][13.9473,-15.017,0][0.827922,2.06704,-0.294562][0.425197,0.88189,-0.19685][13.9483,-15.0184,0][0.846368,2.0625,-0.27377][0.417323,0.889764,-0.181102][13.9471,-15.0171,0][0.830118,2.06538,-0.29723][0.425197,0.88189,-0.19685][13.9481,-15.0186,0][-0.830118,2.06538,-0.29723][-0.425197,0.88189,-0.19685][14.0519,-15.0186,0][-0.846368,2.0625,-0.27377][-0.417323,0.889764,-0.181102][14.0529,-15.0171,0][-0.827922,2.06704,-0.294562][-0.425197,0.88189,-0.19685][14.0517,-15.0184,0][-0.843272,2.06424,-0.27229][-0.417323,0.889764,-0.181102][14.0527,-15.017,0][-0.827922,2.06704,-0.294562][-0.425197,0.88189,-0.19685][14.0517,-15.0184,0][-0.846368,2.0625,-0.27377][-0.417323,0.889764,-0.181102][14.0529,-15.0171,0][0.807276,2.07276,-0.312934][0.425197,0.88189,-0.220472][13.9495,-15.0196,0][0.78126,2.08358,-0.318504][0.401575,0.88189,-0.23622][13.9512,-15.0199,0][0.781636,2.0844,-0.314788][0.401575,0.88189,-0.23622][13.9511,-15.0197,0][0.807276,2.07276,-0.312934][0.425197,0.88189,-0.220472][13.9495,-15.0196,0][0.781636,2.0844,-0.314788][0.401575,0.88189,-0.23622][13.9511,-15.0197,0][0.806296,2.07412,-0.309486][0.425197,0.88189,-0.220472][13.9496,-15.0193,0][-0.807276,2.07276,-0.312934][-0.425197,0.88189,-0.220472][14.0505,-15.0196,0][-0.781636,2.0844,-0.314788][-0.401575,0.88189,-0.23622][14.0489,-15.0197,0][-0.78126,2.08358,-0.318504][-0.401575,0.88189,-0.23622][14.0488,-15.0199,0][-0.806296,2.07412,-0.309486][-0.425197,0.88189,-0.220472][14.0504,-15.0193,0][-0.781636,2.0844,-0.314788][-0.401575,0.88189,-0.23622][14.0489,-15.0197,0][-0.807276,2.07276,-0.312934][-0.425197,0.88189,-0.220472][14.0505,-15.0196,0][0.74282,2.12532,-0.194244][0.425197,0.88189,-0.19685][13.9536,-15.0121,0][0.765908,2.11782,-0.178478][0.425197,0.88189,-0.220472][13.9521,-15.0112,0][0.766918,2.11646,-0.181964][0.425197,0.88189,-0.220472][13.9521,-15.0114,0][0.766918,2.11646,-0.181964][0.425197,0.88189,-0.220472][13.9521,-15.0114,0][0.745068,2.12362,-0.196902][0.425197,0.88189,-0.19685][13.9534,-15.0123,0][0.74282,2.12532,-0.194244][0.425197,0.88189,-0.19685][13.9536,-15.0121,0][0.726426,2.1282,-0.217932][0.417323,0.889764,-0.181102][13.9546,-15.0136,0][0.74282,2.12532,-0.194244][0.425197,0.88189,-0.19685][13.9536,-15.0121,0][0.745068,2.12362,-0.196902][0.425197,0.88189,-0.19685][13.9534,-15.0123,0][0.726426,2.1282,-0.217932][0.417323,0.889764,-0.181102][13.9546,-15.0136,0][0.745068,2.12362,-0.196902][0.425197,0.88189,-0.19685][13.9534,-15.0123,0][0.729558,2.12646,-0.219352][0.417323,0.889764,-0.181102][13.9544,-15.0137,0][-0.765908,2.11782,-0.178478][-0.425197,0.88189,-0.220472][14.0479,-15.0112,0][-0.74282,2.12532,-0.194244][-0.425197,0.88189,-0.19685][14.0464,-15.0121,0][-0.766918,2.11646,-0.181964][-0.425197,0.88189,-0.220472][14.0479,-15.0114,0][-0.766918,2.11646,-0.181964][-0.425197,0.88189,-0.220472][14.0479,-15.0114,0][-0.74282,2.12532,-0.194244][-0.425197,0.88189,-0.19685][14.0464,-15.0121,0][-0.74507,2.12362,-0.196902][-0.425197,0.88189,-0.19685][14.0466,-15.0123,0][-0.726426,2.1282,-0.217932][-0.417323,0.889764,-0.181102][14.0454,-15.0136,0][-0.74507,2.12362,-0.196902][-0.425197,0.88189,-0.19685][14.0466,-15.0123,0][-0.74282,2.12532,-0.194244][-0.425197,0.88189,-0.19685][14.0464,-15.0121,0][-0.74507,2.12362,-0.196902][-0.425197,0.88189,-0.19685][14.0466,-15.0123,0][-0.726426,2.1282,-0.217932][-0.417323,0.889764,-0.181102][14.0454,-15.0136,0][-0.729558,2.12646,-0.219352][-0.417323,0.889764,-0.181102][14.0456,-15.0137,0][0.765908,2.11782,-0.178478][0.425197,0.88189,-0.220472][13.9521,-15.0112,0][0.792124,2.10688,-0.173046][0.401575,0.88189,-0.23622][13.9505,-15.0108,0][0.79173,2.10606,-0.17682][0.401575,0.88189,-0.23622][13.9505,-15.0111,0][0.79173,2.10606,-0.17682][0.401575,0.88189,-0.23622][13.9505,-15.0111,0][0.766918,2.11646,-0.181964][0.425197,0.88189,-0.220472][13.9521,-15.0114,0][0.765908,2.11782,-0.178478][0.425197,0.88189,-0.220472][13.9521,-15.0112,0][0.846368,2.0625,-0.27377][0.417323,0.889764,-0.181102][13.9471,-15.0171,0][0.850044,2.06614,-0.24602][0.393701,0.897638,-0.173228][13.9469,-15.0154,0][0.853578,2.06458,-0.246074][0.393701,0.897638,-0.173228][13.9467,-15.0154,0][0.850044,2.06614,-0.24602][0.393701,0.897638,-0.173228][13.9469,-15.0154,0][0.846368,2.0625,-0.27377][0.417323,0.889764,-0.181102][13.9471,-15.0171,0][0.843272,2.06424,-0.27229][0.417323,0.889764,-0.181102][13.9473,-15.017,0][0.726426,2.1282,-0.217932][0.417323,0.889764,-0.181102][13.9546,-15.0136,0][0.722778,2.12452,-0.245862][0.393701,0.905512,-0.173228][13.9548,-15.0154,0][0.719254,2.12606,-0.245886][0.393701,0.905512,-0.173228][13.955,-15.0154,0][0.722778,2.12452,-0.245862][0.393701,0.905512,-0.173228][13.9548,-15.0154,0][0.726426,2.1282,-0.217932][0.417323,0.889764,-0.181102][13.9546,-15.0136,0][0.729558,2.12646,-0.219352][0.417323,0.889764,-0.181102][13.9544,-15.0137,0][-0.792124,2.10688,-0.173046][-0.401575,0.88189,-0.23622][14.0495,-15.0108,0][-0.765908,2.11782,-0.178478][-0.425197,0.88189,-0.220472][14.0479,-15.0112,0][-0.79173,2.10606,-0.17682][-0.401575,0.88189,-0.23622][14.0495,-15.0111,0][-0.79173,2.10606,-0.17682][-0.401575,0.88189,-0.23622][14.0495,-15.0111,0][-0.765908,2.11782,-0.178478][-0.425197,0.88189,-0.220472][14.0479,-15.0112,0][-0.766918,2.11646,-0.181964][-0.425197,0.88189,-0.220472][14.0479,-15.0114,0][-0.846368,2.0625,-0.27377][-0.417323,0.889764,-0.181102][14.0529,-15.0171,0][-0.850046,2.06614,-0.24602][-0.393701,0.897638,-0.173228][14.0531,-15.0154,0][-0.843272,2.06424,-0.27229][-0.417323,0.889764,-0.181102][14.0527,-15.017,0][-0.850046,2.06614,-0.24602][-0.393701,0.897638,-0.173228][14.0531,-15.0154,0][-0.846368,2.0625,-0.27377][-0.417323,0.889764,-0.181102][14.0529,-15.0171,0][-0.853578,2.06458,-0.246074][-0.393701,0.897638,-0.173228][14.0533,-15.0154,0][-0.722778,2.12452,-0.245862][-0.393701,0.905512,-0.173228][14.0452,-15.0154,0][-0.726426,2.1282,-0.217932][-0.417323,0.889764,-0.181102][14.0454,-15.0136,0][-0.719254,2.12606,-0.245886][-0.393701,0.905512,-0.173228][14.045,-15.0154,0][-0.726426,2.1282,-0.217932][-0.417323,0.889764,-0.181102][14.0454,-15.0136,0][-0.722778,2.12452,-0.245862][-0.393701,0.905512,-0.173228][14.0452,-15.0154,0][-0.729558,2.12646,-0.219352][-0.417323,0.889764,-0.181102][14.0456,-15.0137,0][0.78126,2.08358,-0.318504][0.401575,0.88189,-0.23622][13.9512,-15.0199,0][0.755992,2.0962,-0.313062][0.385827,0.897638,-0.228346][13.9528,-15.0196,0][0.757662,2.09638,-0.30963][0.385827,0.897638,-0.228346][13.9526,-15.0194,0][0.78126,2.08358,-0.318504][0.401575,0.88189,-0.23622][13.9512,-15.0199,0][0.757662,2.09638,-0.30963][0.385827,0.897638,-0.228346][13.9526,-15.0194,0][0.781636,2.0844,-0.314788][0.401575,0.88189,-0.23622][13.9511,-15.0197,0][-0.755992,2.0962,-0.313062][-0.385827,0.897638,-0.228346][14.0472,-15.0196,0][-0.78126,2.08358,-0.318504][-0.401575,0.88189,-0.23622][14.0488,-15.0199,0][-0.757662,2.09638,-0.30963][-0.385827,0.897638,-0.228346][14.0474,-15.0194,0][-0.757662,2.09638,-0.30963][-0.385827,0.897638,-0.228346][14.0474,-15.0194,0][-0.78126,2.08358,-0.318504][-0.401575,0.88189,-0.23622][14.0488,-15.0199,0][-0.781636,2.0844,-0.314788][-0.401575,0.88189,-0.23622][14.0489,-15.0197,0][0.937006,1.87532,-0.303166][0.755906,0.527559,-0.393701][13.9414,-15.0189,0][0.824778,1.97043,-0.32155][0.496063,0.771654,-0.393701][13.9485,-15.0201,0][0.868092,1.96281,-0.272044][0.574803,0.76378,-0.307087][13.9457,-15.017,0][0.824778,1.97043,-0.32155][0.496063,0.771654,-0.393701][13.9485,-15.0201,0][0.937006,1.87532,-0.303166][0.755906,0.527559,-0.393701][13.9414,-15.0189,0][0.858834,1.88908,-0.392486][0.574803,0.551181,-0.598425][13.9463,-15.0245,0][-0.824778,1.97043,-0.32155][-0.496063,0.771654,-0.393701][14.0515,-15.0201,0][-0.937006,1.87532,-0.303166][-0.755906,0.527559,-0.393701][14.0586,-15.0189,0][-0.868092,1.96281,-0.272044][-0.574803,0.76378,-0.307087][14.0543,-15.017,0][-0.937006,1.87532,-0.303166][-0.755906,0.527559,-0.393701][14.0586,-15.0189,0][-0.824778,1.97043,-0.32155][-0.496063,0.771654,-0.393701][14.0515,-15.0201,0][-0.858834,1.88908,-0.392486][-0.574803,0.551181,-0.598425][14.0537,-15.0245,0][0.725764,2.1181,-0.272346][0.377953,0.905512,-0.188976][13.9546,-15.017,0][0.719254,2.12606,-0.245886][0.393701,0.905512,-0.173228][13.955,-15.0154,0][0.722778,2.12452,-0.245862][0.393701,0.905512,-0.173228][13.9548,-15.0154,0][0.719254,2.12606,-0.245886][0.393701,0.905512,-0.173228][13.955,-15.0154,0][0.725764,2.1181,-0.272346][0.377953,0.905512,-0.188976][13.9546,-15.017,0][0.722386,2.1192,-0.273794][0.377953,0.905512,-0.188976][13.9549,-15.0171,0][-0.725764,2.1181,-0.272346][-0.377953,0.905512,-0.188976][14.0454,-15.017,0][-0.719254,2.12606,-0.245886][-0.393701,0.905512,-0.173228][14.045,-15.0154,0][-0.722388,2.1192,-0.273794][-0.377953,0.905512,-0.188976][14.0451,-15.0171,0][-0.719254,2.12606,-0.245886][-0.393701,0.905512,-0.173228][14.045,-15.0154,0][-0.725764,2.1181,-0.272346][-0.377953,0.905512,-0.188976][14.0454,-15.017,0][-0.722778,2.12452,-0.245862][-0.393701,0.905512,-0.173228][14.0452,-15.0154,0][0.735306,2.1087,-0.29738][0.370079,0.905512,-0.212598][13.954,-15.0186,0][0.757662,2.09638,-0.30963][0.385827,0.897638,-0.228346][13.9526,-15.0194,0][0.755992,2.0962,-0.313062][0.385827,0.897638,-0.228346][13.9528,-15.0196,0][0.757662,2.09638,-0.30963][0.385827,0.897638,-0.228346][13.9526,-15.0194,0][0.735306,2.1087,-0.29738][0.370079,0.905512,-0.212598][13.954,-15.0186,0][0.73803,2.10822,-0.294738][0.370079,0.905512,-0.212598][13.9539,-15.0184,0][-0.735306,2.1087,-0.29738][-0.370079,0.905512,-0.212598][14.046,-15.0186,0][-0.757662,2.09638,-0.30963][-0.385827,0.897638,-0.228346][14.0474,-15.0194,0][-0.73803,2.10822,-0.294738][-0.370079,0.905512,-0.212598][14.0461,-15.0184,0][-0.757662,2.09638,-0.30963][-0.385827,0.897638,-0.228346][14.0474,-15.0194,0][-0.735306,2.1087,-0.29738][-0.370079,0.905512,-0.212598][14.046,-15.0186,0][-0.755992,2.0962,-0.313062][-0.385827,0.897638,-0.228346][14.0472,-15.0196,0][0.853578,2.06458,-0.246074][0.393701,0.897638,-0.173228][13.9467,-15.0154,0][0.847212,2.07246,-0.219694][0.377953,0.905512,-0.188976][13.947,-15.0137,0][0.850646,2.07132,-0.218302][0.377953,0.905512,-0.188976][13.9468,-15.0136,0][0.847212,2.07246,-0.219694][0.377953,0.905512,-0.188976][13.947,-15.0137,0][0.853578,2.06458,-0.246074][0.393701,0.897638,-0.173228][13.9467,-15.0154,0][0.850044,2.06614,-0.24602][0.393701,0.897638,-0.173228][13.9469,-15.0154,0][0.792124,2.10688,-0.173046][0.401575,0.88189,-0.23622][13.9505,-15.0108,0][0.815696,2.09404,-0.18222][0.385827,0.897638,-0.228346][13.949,-15.0114,0][0.79173,2.10606,-0.17682][0.401575,0.88189,-0.23622][13.9505,-15.0111,0][0.815696,2.09404,-0.18222][0.385827,0.897638,-0.228346][13.949,-15.0114,0][0.792124,2.10688,-0.173046][0.401575,0.88189,-0.23622][13.9505,-15.0108,0][0.817432,2.0942,-0.178746][0.385827,0.897638,-0.228346][13.9489,-15.0112,0][-0.853578,2.06458,-0.246074][-0.393701,0.897638,-0.173228][14.0533,-15.0154,0][-0.847212,2.07246,-0.219694][-0.377953,0.905512,-0.188976][14.053,-15.0137,0][-0.850046,2.06614,-0.24602][-0.393701,0.897638,-0.173228][14.0531,-15.0154,0][-0.847212,2.07246,-0.219694][-0.377953,0.905512,-0.188976][14.053,-15.0137,0][-0.853578,2.06458,-0.246074][-0.393701,0.897638,-0.173228][14.0533,-15.0154,0][-0.850646,2.07132,-0.218302][-0.377953,0.905512,-0.188976][14.0532,-15.0136,0][-0.817432,2.0942,-0.178746][-0.385827,0.897638,-0.228346][14.0511,-15.0112,0][-0.792124,2.10688,-0.173046][-0.401575,0.88189,-0.23622][14.0495,-15.0108,0][-0.815696,2.09404,-0.18222][-0.385827,0.897638,-0.228346][14.051,-15.0114,0][-0.79173,2.10606,-0.17682][-0.401575,0.88189,-0.23622][14.0495,-15.0111,0][-0.815696,2.09404,-0.18222][-0.385827,0.897638,-0.228346][14.051,-15.0114,0][-0.792124,2.10688,-0.173046][-0.401575,0.88189,-0.23622][14.0495,-15.0108,0][0.73803,2.10822,-0.294738][0.370079,0.905512,-0.212598][13.9539,-15.0184,0][0.722386,2.1192,-0.273794][0.377953,0.905512,-0.188976][13.9549,-15.0171,0][0.725764,2.1181,-0.272346][0.377953,0.905512,-0.188976][13.9546,-15.017,0][0.722386,2.1192,-0.273794][0.377953,0.905512,-0.188976][13.9549,-15.0171,0][0.73803,2.10822,-0.294738][0.370079,0.905512,-0.212598][13.9539,-15.0184,0][0.735306,2.1087,-0.29738][0.370079,0.905512,-0.212598][13.954,-15.0186,0][-0.722388,2.1192,-0.273794][-0.377953,0.905512,-0.188976][14.0451,-15.0171,0][-0.73803,2.10822,-0.294738][-0.370079,0.905512,-0.212598][14.0461,-15.0184,0][-0.725764,2.1181,-0.272346][-0.377953,0.905512,-0.188976][14.0454,-15.017,0][-0.73803,2.10822,-0.294738][-0.370079,0.905512,-0.212598][14.0461,-15.0184,0][-0.722388,2.1192,-0.273794][-0.377953,0.905512,-0.188976][14.0451,-15.0171,0][-0.735306,2.1087,-0.29738][-0.370079,0.905512,-0.212598][14.046,-15.0186,0][0.850646,2.07132,-0.218302][0.377953,0.905512,-0.188976][13.9468,-15.0136,0][0.835168,2.08224,-0.19729][0.370079,0.905512,-0.212598][13.9478,-15.0123,0][0.83797,2.08172,-0.194656][0.370079,0.905512,-0.212598][13.9476,-15.0122,0][0.835168,2.08224,-0.19729][0.370079,0.905512,-0.212598][13.9478,-15.0123,0][0.850646,2.07132,-0.218302][0.377953,0.905512,-0.188976][13.9468,-15.0136,0][0.847212,2.07246,-0.219694][0.377953,0.905512,-0.188976][13.947,-15.0137,0][0.83797,2.08172,-0.194656][0.370079,0.905512,-0.212598][13.9476,-15.0122,0][0.815696,2.09404,-0.18222][0.385827,0.897638,-0.228346][13.949,-15.0114,0][0.817432,2.0942,-0.178746][0.385827,0.897638,-0.228346][13.9489,-15.0112,0][0.815696,2.09404,-0.18222][0.385827,0.897638,-0.228346][13.949,-15.0114,0][0.83797,2.08172,-0.194656][0.370079,0.905512,-0.212598][13.9476,-15.0122,0][0.835168,2.08224,-0.19729][0.370079,0.905512,-0.212598][13.9478,-15.0123,0][-0.850646,2.07132,-0.218302][-0.377953,0.905512,-0.188976][14.0532,-15.0136,0][-0.835168,2.08224,-0.19729][-0.370079,0.905512,-0.212598][14.0522,-15.0123,0][-0.847212,2.07246,-0.219694][-0.377953,0.905512,-0.188976][14.053,-15.0137,0][-0.835168,2.08224,-0.19729][-0.370079,0.905512,-0.212598][14.0522,-15.0123,0][-0.850646,2.07132,-0.218302][-0.377953,0.905512,-0.188976][14.0532,-15.0136,0][-0.83797,2.08172,-0.194656][-0.370079,0.905512,-0.212598][14.0524,-15.0122,0][-0.815696,2.09404,-0.18222][-0.385827,0.897638,-0.228346][14.051,-15.0114,0][-0.83797,2.08172,-0.194656][-0.370079,0.905512,-0.212598][14.0524,-15.0122,0][-0.817432,2.0942,-0.178746][-0.385827,0.897638,-0.228346][14.0511,-15.0112,0][-0.83797,2.08172,-0.194656][-0.370079,0.905512,-0.212598][14.0524,-15.0122,0][-0.815696,2.09404,-0.18222][-0.385827,0.897638,-0.228346][14.051,-15.0114,0][-0.835168,2.08224,-0.19729][-0.370079,0.905512,-0.212598][14.0522,-15.0123,0][0.85561,1.98656,-0.002558][0.590551,0.755906,0.291339][13.9465,-15.0002,0][0.76457,2.05554,-0.095872][0.401575,0.913386,0][13.9522,-15.006,0][0.748144,2.04148,0.017724][0.354331,0.874016,0.346457][13.9532,-14.9989,0][0.76457,2.05554,-0.095872][0.401575,0.913386,0][13.9522,-15.006,0][0.85561,1.98656,-0.002558][0.590551,0.755906,0.291339][13.9465,-15.0002,0][0.823546,2.02524,-0.10682][0.503937,0.866142,-0.015748][13.9485,-15.0067,0][-0.85561,1.98656,-0.002558][-0.590551,0.755906,0.291339][14.0535,-15.0002,0][-0.748144,2.04148,0.017724][-0.354331,0.874016,0.346457][14.0468,-14.9989,0][-0.76457,2.05554,-0.095872][-0.401575,0.913386,0][14.0478,-15.006,0][-0.85561,1.98656,-0.002558][-0.590551,0.755906,0.291339][14.0535,-15.0002,0][-0.76457,2.05554,-0.095872][-0.401575,0.913386,0][14.0478,-15.006,0][-0.823546,2.02524,-0.10682][-0.503937,0.866142,-0.015748][14.0515,-15.0067,0][0.858834,1.88908,-0.392486][0.574803,0.551181,-0.598425][13.9463,-15.0245,0][0.765482,1.99228,-0.343692][0.393701,0.811024,-0.440945][13.9522,-15.0215,0][0.824778,1.97043,-0.32155][0.496063,0.771654,-0.393701][13.9485,-15.0201,0][0.765482,1.99228,-0.343692][0.393701,0.811024,-0.440945][13.9522,-15.0215,0][0.858834,1.88908,-0.392486][0.574803,0.551181,-0.598425][13.9463,-15.0245,0][0.751752,1.92849,-0.432302][0.338583,0.629921,-0.700787][13.953,-15.027,0][-0.858834,1.88908,-0.392486][-0.574803,0.551181,-0.598425][14.0537,-15.0245,0][-0.765482,1.99228,-0.343692][-0.393701,0.811024,-0.440945][14.0478,-15.0215,0][-0.751752,1.92849,-0.432302][-0.338583,0.629921,-0.700787][14.047,-15.027,0][-0.765482,1.99228,-0.343692][-0.393701,0.811024,-0.440945][14.0478,-15.0215,0][-0.858834,1.88908,-0.392486][-0.574803,0.551181,-0.598425][14.0537,-15.0245,0][-0.824778,1.97043,-0.32155][-0.496063,0.771654,-0.393701][14.0515,-15.0201,0][0.87975,1.87618,0.14677][0.606299,0.503937,0.614173][13.945,-14.9908,0][0.748144,2.04148,0.017724][0.354331,0.874016,0.346457][13.9532,-14.9989,0][0.70617,1.96565,0.179198][0.244094,0.685039,0.685039][13.9559,-14.9888,0][0.748144,2.04148,0.017724][0.354331,0.874016,0.346457][13.9532,-14.9989,0][0.87975,1.87618,0.14677][0.606299,0.503937,0.614173][13.945,-14.9908,0][0.85561,1.98656,-0.002558][0.590551,0.755906,0.291339][13.9465,-15.0002,0][-0.87975,1.87618,0.14677][-0.606299,0.503937,0.614173][14.055,-14.9908,0][-0.70617,1.96565,0.179198][-0.244094,0.685039,0.685039][14.0441,-14.9888,0][-0.748144,2.04148,0.017724][-0.354331,0.874016,0.346457][14.0468,-14.9989,0][-0.87975,1.87618,0.14677][-0.606299,0.503937,0.614173][14.055,-14.9908,0][-0.748144,2.04148,0.017724][-0.354331,0.874016,0.346457][14.0468,-14.9989,0][-0.85561,1.98656,-0.002558][-0.590551,0.755906,0.291339][14.0535,-15.0002,0][0.7056,2.07758,-0.117724][0.307087,0.952756,-0.0393701][13.9559,-15.0074,0][0.748144,2.04148,0.017724][0.354331,0.874016,0.346457][13.9532,-14.9989,0][0.76457,2.05554,-0.095872][0.401575,0.913386,0][13.9522,-15.006,0][0.748144,2.04148,0.017724][0.354331,0.874016,0.346457][13.9532,-14.9989,0][0.7056,2.07758,-0.117724][0.307087,0.952756,-0.0393701][13.9559,-15.0074,0][0.641094,2.08188,-0.02217][0.110236,0.96063,0.251969][13.9599,-15.0014,0][-0.76457,2.05554,-0.095872][-0.401575,0.913386,0][14.0478,-15.006,0][-0.748144,2.04148,0.017724][-0.354331,0.874016,0.346457][14.0468,-14.9989,0][-0.7056,2.07758,-0.117724][-0.307087,0.952756,-0.0393701][14.0441,-15.0074,0][-0.748144,2.04148,0.017724][-0.354331,0.874016,0.346457][14.0468,-14.9989,0][-0.641094,2.08188,-0.02217][-0.110236,0.96063,0.251969][14.0401,-15.0014,0][-0.7056,2.07758,-0.117724][-0.307087,0.952756,-0.0393701][14.0441,-15.0074,0][0.792124,2.10688,-0.173046][0.354331,0.779528,0.511811][13.9505,-15.0108,0][0.817838,2.0887,-0.171312][0.582677,0.669291,0.464567][13.9489,-15.0107,0][0.817432,2.0942,-0.178746][0.582677,0.669291,0.464567][13.9489,-15.0112,0][0.817838,2.0887,-0.171312][0.582677,0.669291,0.464567][13.9489,-15.0107,0][0.792124,2.10688,-0.173046][0.354331,0.779528,0.511811][13.9505,-15.0108,0][0.790266,2.1025,-0.1651][0.362205,0.779528,0.511811][13.9506,-15.0103,0][-0.81784,2.0887,-0.171312][-0.582677,0.669291,0.464567][14.0511,-15.0107,0][-0.792124,2.10688,-0.173046][-0.354331,0.779528,0.511811][14.0495,-15.0108,0][-0.817432,2.0942,-0.178746][-0.582677,0.669291,0.464567][14.0511,-15.0112,0][-0.792124,2.10688,-0.173046][-0.354331,0.779528,0.511811][14.0495,-15.0108,0][-0.81784,2.0887,-0.171312][-0.582677,0.669291,0.464567][14.0511,-15.0107,0][-0.790266,2.1025,-0.1651][-0.362205,0.779528,0.511811][14.0494,-15.0103,0][0.807358,2.17292,-0.23036][0.291339,0.944882,0.15748][13.9495,-15.0144,0][0.8143,2.15618,-0.202224][0.346457,0.740157,0.582677][13.9491,-15.0126,0][0.819912,2.16766,-0.227758][0.409449,0.889764,0.181102][13.9488,-15.0142,0][0.8143,2.15618,-0.202224][0.346457,0.740157,0.582677][13.9491,-15.0126,0][0.807358,2.17292,-0.23036][0.291339,0.944882,0.15748][13.9495,-15.0144,0][0.793822,2.16474,-0.20647][0.0944882,0.84252,0.527559][13.9504,-15.0129,0][-0.8143,2.15618,-0.202224][-0.346457,0.740157,0.582677][14.0509,-15.0126,0][-0.807358,2.17292,-0.23036][-0.291339,0.944882,0.15748][14.0505,-15.0144,0][-0.819912,2.16766,-0.227758][-0.409449,0.889764,0.181102][14.0512,-15.0142,0][-0.807358,2.17292,-0.23036][-0.291339,0.944882,0.15748][14.0505,-15.0144,0][-0.8143,2.15618,-0.202224][-0.346457,0.740157,0.582677][14.0509,-15.0126,0][-0.793822,2.16474,-0.20647][-0.0944882,0.84252,0.527559][14.0496,-15.0129,0][0.819912,2.16766,-0.227758][0.409449,0.889764,0.181102][13.9488,-15.0142,0][0.834078,2.14626,-0.20668][0.590551,0.614173,0.527559][13.9479,-15.0129,0][0.832038,2.16158,-0.23049][0.535433,0.834646,0.15748][13.948,-15.0144,0][0.834078,2.14626,-0.20668][0.590551,0.614173,0.527559][13.9479,-15.0129,0][0.819912,2.16766,-0.227758][0.409449,0.889764,0.181102][13.9488,-15.0142,0][0.8143,2.15618,-0.202224][0.346457,0.740157,0.582677][13.9491,-15.0126,0][-0.834078,2.14626,-0.20668][-0.590551,0.614173,0.527559][14.0521,-15.0129,0][-0.819912,2.16766,-0.227758][-0.409449,0.889764,0.181102][14.0512,-15.0142,0][-0.832038,2.16158,-0.23049][-0.535433,0.834646,0.15748][14.052,-15.0144,0][-0.819912,2.16766,-0.227758][-0.409449,0.889764,0.181102][14.0512,-15.0142,0][-0.834078,2.14626,-0.20668][-0.590551,0.614173,0.527559][14.0521,-15.0129,0][-0.8143,2.15618,-0.202224][-0.346457,0.740157,0.582677][14.0509,-15.0126,0][0.562868,2.0967,-0.11222][-0.0787402,1,0.0393701][13.9648,-15.007,0][0.7056,2.07758,-0.117724][0.307087,0.952756,-0.0393701][13.9559,-15.0074,0][0.662218,2.08534,-0.167074][0.228346,0.968504,-0.125984][13.9586,-15.0104,0][0.7056,2.07758,-0.117724][0.307087,0.952756,-0.0393701][13.9559,-15.0074,0][0.562868,2.0967,-0.11222][-0.0787402,1,0.0393701][13.9648,-15.007,0][0.641094,2.08188,-0.02217][0.110236,0.96063,0.251969][13.9599,-15.0014,0][-0.562868,2.0967,-0.11222][0.0787402,1,0.0393701][14.0352,-15.007,0][-0.7056,2.07758,-0.117724][-0.307087,0.952756,-0.0393701][14.0441,-15.0074,0][-0.641094,2.08188,-0.02217][-0.110236,0.96063,0.251969][14.0401,-15.0014,0][-0.7056,2.07758,-0.117724][-0.307087,0.952756,-0.0393701][14.0441,-15.0074,0][-0.562868,2.0967,-0.11222][0.0787402,1,0.0393701][14.0352,-15.007,0][-0.662218,2.08534,-0.167074][-0.228346,0.968504,-0.125984][14.0414,-15.0104,0][0.641094,2.08188,-0.02217][0.110236,0.96063,0.251969][13.9599,-15.0014,0][0.70617,1.96565,0.179198][0.244094,0.685039,0.685039][13.9559,-14.9888,0][0.748144,2.04148,0.017724][0.354331,0.874016,0.346457][13.9532,-14.9989,0][0.70617,1.96565,0.179198][0.244094,0.685039,0.685039][13.9559,-14.9888,0][0.641094,2.08188,-0.02217][0.110236,0.96063,0.251969][13.9599,-15.0014,0][0.533344,2.03208,0.114904][-0.125984,0.834646,0.543307][13.9667,-14.9928,0][-0.748144,2.04148,0.017724][-0.354331,0.874016,0.346457][14.0468,-14.9989,0][-0.70617,1.96565,0.179198][-0.244094,0.685039,0.685039][14.0441,-14.9888,0][-0.641094,2.08188,-0.02217][-0.110236,0.96063,0.251969][14.0401,-15.0014,0][-0.70617,1.96565,0.179198][-0.244094,0.685039,0.685039][14.0441,-14.9888,0][-0.533344,2.03208,0.114904][0.125984,0.834646,0.543307][14.0333,-14.9928,0][-0.641094,2.08188,-0.02217][-0.110236,0.96063,0.251969][14.0401,-15.0014,0][0.793822,2.16474,-0.20647][0.0944882,0.84252,0.527559][13.9504,-15.0129,0][0.796304,2.17654,-0.237918][0.181102,0.976378,0.0787402][13.9502,-15.0149,0][0.77579,2.17066,-0.218796][-0.125984,0.92126,0.377953][13.9515,-15.0137,0][0.796304,2.17654,-0.237918][0.181102,0.976378,0.0787402][13.9502,-15.0149,0][0.793822,2.16474,-0.20647][0.0944882,0.84252,0.527559][13.9504,-15.0129,0][0.807358,2.17292,-0.23036][0.291339,0.944882,0.15748][13.9495,-15.0144,0][-0.793822,2.16474,-0.20647][-0.0944882,0.84252,0.527559][14.0496,-15.0129,0][-0.796304,2.17654,-0.237918][-0.181102,0.976378,0.0787402][14.0498,-15.0149,0][-0.807358,2.17292,-0.23036][-0.291339,0.944882,0.15748][14.0505,-15.0144,0][-0.796304,2.17654,-0.237918][-0.181102,0.976378,0.0787402][14.0498,-15.0149,0][-0.793822,2.16474,-0.20647][-0.0944882,0.84252,0.527559][14.0496,-15.0129,0][-0.77579,2.17066,-0.218796][0.125984,0.92126,0.377953][14.0485,-15.0137,0][0.765908,2.11782,-0.178478][0.11811,0.874016,0.472441][13.9521,-15.0112,0][0.790266,2.1025,-0.1651][0.362205,0.779528,0.511811][13.9506,-15.0103,0][0.792124,2.10688,-0.173046][0.354331,0.779528,0.511811][13.9505,-15.0108,0][0.790266,2.1025,-0.1651][0.362205,0.779528,0.511811][13.9506,-15.0103,0][0.765908,2.11782,-0.178478][0.11811,0.874016,0.472441][13.9521,-15.0112,0][0.761676,2.11436,-0.170998][0.11811,0.874016,0.472441][13.9524,-15.0107,0][-0.790266,2.1025,-0.1651][-0.362205,0.779528,0.511811][14.0494,-15.0103,0][-0.765908,2.11782,-0.178478][-0.11811,0.874016,0.472441][14.0479,-15.0112,0][-0.792124,2.10688,-0.173046][-0.354331,0.779528,0.511811][14.0495,-15.0108,0][-0.765908,2.11782,-0.178478][-0.11811,0.874016,0.472441][14.0479,-15.0112,0][-0.790266,2.1025,-0.1651][-0.362205,0.779528,0.511811][14.0494,-15.0103,0][-0.761676,2.11436,-0.170998][-0.11811,0.874016,0.472441][14.0476,-15.0107,0][0.77579,2.17066,-0.218796][-0.125984,0.92126,0.377953][13.9515,-15.0137,0][0.788454,2.17798,-0.249278][0.102362,0.992126,-0.0314961][13.9507,-15.0156,0][0.762988,2.173,-0.237326][-0.291339,0.944882,0.149606][13.9523,-15.0148,0][0.788454,2.17798,-0.249278][0.102362,0.992126,-0.0314961][13.9507,-15.0156,0][0.77579,2.17066,-0.218796][-0.125984,0.92126,0.377953][13.9515,-15.0137,0][0.796304,2.17654,-0.237918][0.181102,0.976378,0.0787402][13.9502,-15.0149,0][-0.77579,2.17066,-0.218796][0.125984,0.92126,0.377953][14.0485,-15.0137,0][-0.788456,2.17798,-0.249278][-0.102362,0.992126,-0.0314961][14.0493,-15.0156,0][-0.796304,2.17654,-0.237918][-0.181102,0.976378,0.0787402][14.0498,-15.0149,0][-0.788456,2.17798,-0.249278][-0.102362,0.992126,-0.0314961][14.0493,-15.0156,0][-0.77579,2.17066,-0.218796][0.125984,0.92126,0.377953][14.0485,-15.0137,0][-0.76299,2.173,-0.237326][0.291339,0.944882,0.149606][14.0477,-15.0148,0][0.792742,2.16876,-0.28742][0.141732,0.905512,-0.409449][13.9505,-15.018,0][0.769982,2.15794,-0.299542][-0.220472,0.748031,-0.629921][13.9519,-15.0187,0][0.786536,2.17376,-0.276092][0.0787402,0.952756,-0.291339][13.9508,-15.0173,0][0.769982,2.15794,-0.299542][-0.220472,0.748031,-0.629921][13.9519,-15.0187,0][0.759858,2.16612,-0.281062][-0.338583,0.858268,-0.393701][13.9525,-15.0176,0][0.786536,2.17376,-0.276092][0.0787402,0.952756,-0.291339][13.9508,-15.0173,0][-0.786536,2.17376,-0.276092][-0.0787402,0.952756,-0.291339][14.0492,-15.0173,0][-0.769982,2.15794,-0.299542][0.220472,0.748031,-0.629921][14.0481,-15.0187,0][-0.792742,2.16876,-0.28742][-0.141732,0.905512,-0.409449][14.0495,-15.018,0][-0.769982,2.15794,-0.299542][0.220472,0.748031,-0.629921][14.0481,-15.0187,0][-0.786536,2.17376,-0.276092][-0.0787402,0.952756,-0.291339][14.0492,-15.0173,0][-0.759858,2.16612,-0.281062][0.338583,0.858268,-0.393701][14.0475,-15.0176,0][0.564808,2.04322,-0.326528][-0.0787402,0.866142,-0.488189][13.9647,-15.0204,0][0.54067,1.87552,-0.515144][-0.110236,0.527559,-0.84252][13.9662,-15.0322,0][0.412036,1.96671,-0.392892][-0.377953,0.708661,-0.598425][13.9742,-15.0246,0][0.54067,1.87552,-0.515144][-0.110236,0.527559,-0.84252][13.9662,-15.0322,0][0.564808,2.04322,-0.326528][-0.0787402,0.866142,-0.488189][13.9647,-15.0204,0][0.64413,1.98455,-0.409524][0.0944882,0.748031,-0.661417][13.9597,-15.0256,0][0.705868,2.0225,-0.332924][0.283465,0.858268,-0.425197][13.9559,-15.0208,0][0.751752,1.92849,-0.432302][0.338583,0.629921,-0.700787][13.953,-15.027,0][0.64413,1.98455,-0.409524][0.0944882,0.748031,-0.661417][13.9597,-15.0256,0][0.751752,1.92849,-0.432302][0.338583,0.629921,-0.700787][13.953,-15.027,0][0.705868,2.0225,-0.332924][0.283465,0.858268,-0.425197][13.9559,-15.0208,0][0.765482,1.99228,-0.343692][0.393701,0.811024,-0.440945][13.9522,-15.0215,0][-0.564808,2.04322,-0.326528][0.0787402,0.866142,-0.488189][14.0353,-15.0204,0][-0.54067,1.87552,-0.515144][0.110236,0.527559,-0.84252][14.0338,-15.0322,0][-0.644132,1.98455,-0.409524][-0.0944882,0.748031,-0.661417][14.0403,-15.0256,0][-0.54067,1.87552,-0.515144][0.110236,0.527559,-0.84252][14.0338,-15.0322,0][-0.564808,2.04322,-0.326528][0.0787402,0.866142,-0.488189][14.0353,-15.0204,0][-0.412036,1.96671,-0.392892][0.377953,0.708661,-0.598425][14.0258,-15.0246,0][-0.751752,1.92849,-0.432302][-0.338583,0.629921,-0.700787][14.047,-15.027,0][-0.705868,2.0225,-0.332924][-0.283465,0.858268,-0.425197][14.0441,-15.0208,0][-0.644132,1.98455,-0.409524][-0.0944882,0.748031,-0.661417][14.0403,-15.0256,0][-0.705868,2.0225,-0.332924][-0.283465,0.858268,-0.425197][14.0441,-15.0208,0][-0.751752,1.92849,-0.432302][-0.338583,0.629921,-0.700787][14.047,-15.027,0][-0.765482,1.99228,-0.343692][-0.393701,0.811024,-0.440945][14.0478,-15.0215,0][0.762988,2.173,-0.237326][-0.291339,0.944882,0.149606][13.9523,-15.0148,0][0.788454,2.17798,-0.249278][0.102362,0.992126,-0.0314961][13.9507,-15.0156,0][0.757394,2.1714,-0.259206][-0.362205,0.92126,-0.11811][13.9527,-15.0162,0][0.757394,2.1714,-0.259206][-0.362205,0.92126,-0.11811][13.9527,-15.0162,0][0.788454,2.17798,-0.249278][0.102362,0.992126,-0.0314961][13.9507,-15.0156,0][0.785026,2.177,-0.262692][0.0708661,0.984252,-0.15748][13.9509,-15.0164,0][-0.76299,2.173,-0.237326][0.291339,0.944882,0.149606][14.0477,-15.0148,0][-0.757394,2.1714,-0.259206][0.362205,0.92126,-0.11811][14.0473,-15.0162,0][-0.788456,2.17798,-0.249278][-0.102362,0.992126,-0.0314961][14.0493,-15.0156,0][-0.757394,2.1714,-0.259206][0.362205,0.92126,-0.11811][14.0473,-15.0162,0][-0.785026,2.177,-0.262692][-0.0708661,0.984252,-0.15748][14.0491,-15.0164,0][-0.788456,2.17798,-0.249278][-0.102362,0.992126,-0.0314961][14.0493,-15.0156,0][0.786536,2.17376,-0.276092][0.0787402,0.952756,-0.291339][13.9508,-15.0173,0][0.759858,2.16612,-0.281062][-0.338583,0.858268,-0.393701][13.9525,-15.0176,0][0.785026,2.177,-0.262692][0.0708661,0.984252,-0.15748][13.9509,-15.0164,0][0.759858,2.16612,-0.281062][-0.338583,0.858268,-0.393701][13.9525,-15.0176,0][0.757394,2.1714,-0.259206][-0.362205,0.92126,-0.11811][13.9527,-15.0162,0][0.785026,2.177,-0.262692][0.0708661,0.984252,-0.15748][13.9509,-15.0164,0][-0.785026,2.177,-0.262692][-0.0708661,0.984252,-0.15748][14.0491,-15.0164,0][-0.759858,2.16612,-0.281062][0.338583,0.858268,-0.393701][14.0475,-15.0176,0][-0.786536,2.17376,-0.276092][-0.0787402,0.952756,-0.291339][14.0492,-15.0173,0][-0.759858,2.16612,-0.281062][0.338583,0.858268,-0.393701][14.0475,-15.0176,0][-0.785026,2.177,-0.262692][-0.0708661,0.984252,-0.15748][14.0491,-15.0164,0][-0.757394,2.1714,-0.259206][0.362205,0.92126,-0.11811][14.0473,-15.0162,0][0.761676,2.11436,-0.170998][0.11811,0.874016,0.472441][13.9524,-15.0107,0][0.74282,2.12532,-0.194244][-0.102362,0.937008,0.338583][13.9536,-15.0121,0][0.736464,2.1224,-0.188148][-0.0944882,0.937008,0.346457][13.954,-15.0118,0][0.74282,2.12532,-0.194244][-0.102362,0.937008,0.338583][13.9536,-15.0121,0][0.761676,2.11436,-0.170998][0.11811,0.874016,0.472441][13.9524,-15.0107,0][0.765908,2.11782,-0.178478][0.11811,0.874016,0.472441][13.9521,-15.0112,0][-0.761676,2.11436,-0.170998][-0.11811,0.874016,0.472441][14.0476,-15.0107,0][-0.74282,2.12532,-0.194244][0.102362,0.937008,0.338583][14.0464,-15.0121,0][-0.765908,2.11782,-0.178478][-0.11811,0.874016,0.472441][14.0479,-15.0112,0][-0.74282,2.12532,-0.194244][0.102362,0.937008,0.338583][14.0464,-15.0121,0][-0.761676,2.11436,-0.170998][-0.11811,0.874016,0.472441][14.0476,-15.0107,0][-0.736466,2.1224,-0.188148][0.0944882,0.937008,0.346457][14.046,-15.0118,0][0.407014,2.0572,-0.030532][-0.401575,0.889764,0.212598][13.9746,-15.0019,0][0.533344,2.03208,0.114904][-0.125984,0.834646,0.543307][13.9667,-14.9928,0][0.562868,2.0967,-0.11222][-0.0787402,1,0.0393701][13.9648,-15.007,0][0.533344,2.03208,0.114904][-0.125984,0.834646,0.543307][13.9667,-14.9928,0][0.641094,2.08188,-0.02217][0.110236,0.96063,0.251969][13.9599,-15.0014,0][0.562868,2.0967,-0.11222][-0.0787402,1,0.0393701][13.9648,-15.007,0][-0.407014,2.0572,-0.030532][0.401575,0.889764,0.212598][14.0254,-15.0019,0][-0.562868,2.0967,-0.11222][0.0787402,1,0.0393701][14.0352,-15.007,0][-0.533344,2.03208,0.114904][0.125984,0.834646,0.543307][14.0333,-14.9928,0][-0.533344,2.03208,0.114904][0.125984,0.834646,0.543307][14.0333,-14.9928,0][-0.562868,2.0967,-0.11222][0.0787402,1,0.0393701][14.0352,-15.007,0][-0.641094,2.08188,-0.02217][-0.110236,0.96063,0.251969][14.0401,-15.0014,0][-0.108374,1.93893,-0.267208][-0.212598,0.889764,-0.401575][14.0068,-15.0167,0][-0.081722,1.94925,-0.247348][-0.110236,0.992126,0][14.0051,-15.0155,0][-0.081722,1.94444,-0.269274][-0.110236,0.905512,-0.409449][14.0051,-15.0168,0][-0.081722,1.94925,-0.247348][-0.110236,0.992126,0][14.0051,-15.0155,0][-0.108374,1.93893,-0.267208][-0.212598,0.889764,-0.401575][14.0068,-15.0167,0][-0.108374,1.94329,-0.247348][-0.220472,0.976378,0][14.0068,-15.0155,0][0.108374,1.93893,-0.267208][0.212598,0.889764,-0.401575][13.9932,-15.0167,0][0.081722,1.94925,-0.247348][0.110236,0.992126,0][13.9949,-15.0155,0][0.108374,1.94329,-0.247348][0.220472,0.976378,0][13.9932,-15.0155,0][0.081722,1.94925,-0.247348][0.110236,0.992126,0][13.9949,-15.0155,0][0.108374,1.93893,-0.267208][0.212598,0.889764,-0.401575][13.9932,-15.0167,0][0.081722,1.94444,-0.269274][0.110236,0.905512,-0.409449][13.9949,-15.0168,0][-0.108374,1.92653,-0.284044][-0.204724,0.661417,-0.724409][14.0068,-15.0178,0][-0.081722,1.94444,-0.269274][-0.110236,0.905512,-0.409449][14.0051,-15.0168,0][-0.081722,1.93074,-0.287862][-0.102362,0.669291,-0.732283][14.0051,-15.018,0][-0.081722,1.94444,-0.269274][-0.110236,0.905512,-0.409449][14.0051,-15.0168,0][-0.108374,1.92653,-0.284044][-0.204724,0.661417,-0.724409][14.0068,-15.0178,0][-0.108374,1.93893,-0.267208][-0.212598,0.889764,-0.401575][14.0068,-15.0167,0][0.108374,1.92653,-0.284044][0.204724,0.661417,-0.724409][13.9932,-15.0178,0][0.081722,1.94444,-0.269274][0.110236,0.905512,-0.409449][13.9949,-15.0168,0][0.108374,1.93893,-0.267208][0.212598,0.889764,-0.401575][13.9932,-15.0167,0][0.081722,1.94444,-0.269274][0.110236,0.905512,-0.409449][13.9949,-15.0168,0][0.108374,1.92653,-0.284044][0.204724,0.661417,-0.724409][13.9932,-15.0178,0][0.081722,1.93074,-0.287862][0.102362,0.669291,-0.732283][13.9949,-15.018,0][0.407014,2.0572,-0.030532][-0.401575,0.889764,0.212598][13.9746,-15.0019,0][0.223954,1.91582,-0.195952][-0.755906,0.629921,-0.165354][13.986,-15.0122,0][0.277036,1.94432,0.027568][-0.653543,0.677165,0.338583][13.9827,-14.9983,0][0.223954,1.91582,-0.195952][-0.755906,0.629921,-0.165354][13.986,-15.0122,0][0.407014,2.0572,-0.030532][-0.401575,0.889764,0.212598][13.9746,-15.0019,0][0.362572,2.03286,-0.218592][-0.488189,0.84252,-0.212598][13.9773,-15.0137,0][0.562868,2.0967,-0.11222][-0.0787402,1,0.0393701][13.9648,-15.007,0][0.362572,2.03286,-0.218592][-0.488189,0.84252,-0.212598][13.9773,-15.0137,0][0.407014,2.0572,-0.030532][-0.401575,0.889764,0.212598][13.9746,-15.0019,0][0.362572,2.03286,-0.218592][-0.488189,0.84252,-0.212598][13.9773,-15.0137,0][0.562868,2.0967,-0.11222][-0.0787402,1,0.0393701][13.9648,-15.007,0][0.535014,2.08168,-0.22554][-0.141732,0.96063,-0.244094][13.9666,-15.0141,0][0.662218,2.08534,-0.167074][0.228346,0.968504,-0.125984][13.9586,-15.0104,0][0.535014,2.08168,-0.22554][-0.141732,0.96063,-0.244094][13.9666,-15.0141,0][0.562868,2.0967,-0.11222][-0.0787402,1,0.0393701][13.9648,-15.007,0][0.535014,2.08168,-0.22554][-0.141732,0.96063,-0.244094][13.9666,-15.0141,0][0.662218,2.08534,-0.167074][0.228346,0.968504,-0.125984][13.9586,-15.0104,0][0.646122,2.07656,-0.231482][0.19685,0.952756,-0.244094][13.9596,-15.0145,0][0.646122,2.07656,-0.231482][0.19685,0.952756,-0.244094][13.9596,-15.0145,0][0.564808,2.04322,-0.326528][-0.0787402,0.866142,-0.488189][13.9647,-15.0204,0][0.535014,2.08168,-0.22554][-0.141732,0.96063,-0.244094][13.9666,-15.0141,0][0.564808,2.04322,-0.326528][-0.0787402,0.866142,-0.488189][13.9647,-15.0204,0][0.646122,2.07656,-0.231482][0.19685,0.952756,-0.244094][13.9596,-15.0145,0][0.66247,2.05472,-0.2878][0.220472,0.913386,-0.354331][13.9586,-15.018,0][0.646122,2.07656,-0.231482][0.19685,0.952756,-0.244094][13.9596,-15.0145,0][0.824778,1.97043,-0.32155][0.496063,0.771654,-0.393701][13.9485,-15.0201,0][0.66247,2.05472,-0.2878][0.220472,0.913386,-0.354331][13.9586,-15.018,0][0.662218,2.08534,-0.167074][0.228346,0.968504,-0.125984][13.9586,-15.0104,0][0.824778,1.97043,-0.32155][0.496063,0.771654,-0.393701][13.9485,-15.0201,0][0.646122,2.07656,-0.231482][0.19685,0.952756,-0.244094][13.9596,-15.0145,0][0.765482,1.99228,-0.343692][0.393701,0.811024,-0.440945][13.9522,-15.0215,0][0.66247,2.05472,-0.2878][0.220472,0.913386,-0.354331][13.9586,-15.018,0][0.824778,1.97043,-0.32155][0.496063,0.771654,-0.393701][13.9485,-15.0201,0][0.66247,2.05472,-0.2878][0.220472,0.913386,-0.354331][13.9586,-15.018,0][0.765482,1.99228,-0.343692][0.393701,0.811024,-0.440945][13.9522,-15.0215,0][0.705868,2.0225,-0.332924][0.283465,0.858268,-0.425197][13.9559,-15.0208,0][0.824778,1.97043,-0.32155][0.496063,0.771654,-0.393701][13.9485,-15.0201,0][0.662218,2.08534,-0.167074][0.228346,0.968504,-0.125984][13.9586,-15.0104,0][0.868092,1.96281,-0.272044][0.574803,0.76378,-0.307087][13.9457,-15.017,0][0.868092,1.96281,-0.272044][0.574803,0.76378,-0.307087][13.9457,-15.017,0][0.662218,2.08534,-0.167074][0.228346,0.968504,-0.125984][13.9586,-15.0104,0][0.7056,2.07758,-0.117724][0.307087,0.952756,-0.0393701][13.9559,-15.0074,0][0.868092,1.96281,-0.272044][0.574803,0.76378,-0.307087][13.9457,-15.017,0][0.7056,2.07758,-0.117724][0.307087,0.952756,-0.0393701][13.9559,-15.0074,0][0.88364,1.97167,-0.20824][0.598425,0.779528,-0.188976][13.9448,-15.013,0][0.76457,2.05554,-0.095872][0.401575,0.913386,0][13.9522,-15.006,0][0.88364,1.97167,-0.20824][0.598425,0.779528,-0.188976][13.9448,-15.013,0][0.7056,2.07758,-0.117724][0.307087,0.952756,-0.0393701][13.9559,-15.0074,0][0.88364,1.97167,-0.20824][0.598425,0.779528,-0.188976][13.9448,-15.013,0][0.76457,2.05554,-0.095872][0.401575,0.913386,0][13.9522,-15.006,0][0.867168,1.99459,-0.14775][0.574803,0.818898,-0.0866142][13.9458,-15.0092,0][0.867168,1.99459,-0.14775][0.574803,0.818898,-0.0866142][13.9458,-15.0092,0][0.76457,2.05554,-0.095872][0.401575,0.913386,0][13.9522,-15.006,0][0.823546,2.02524,-0.10682][0.503937,0.866142,-0.015748][13.9485,-15.0067,0][0.64413,1.98455,-0.409524][0.0944882,0.748031,-0.661417][13.9597,-15.0256,0][0.66247,2.05472,-0.2878][0.220472,0.913386,-0.354331][13.9586,-15.018,0][0.705868,2.0225,-0.332924][0.283465,0.858268,-0.425197][13.9559,-15.0208,0][0.66247,2.05472,-0.2878][0.220472,0.913386,-0.354331][13.9586,-15.018,0][0.64413,1.98455,-0.409524][0.0944882,0.748031,-0.661417][13.9597,-15.0256,0][0.564808,2.04322,-0.326528][-0.0787402,0.866142,-0.488189][13.9647,-15.0204,0][0.607628,1.77752,0.302216][0.102362,0.433071,0.897638][13.962,-14.9811,0][0.398948,1.86152,0.22024][-0.267717,0.677165,0.685039][13.9751,-14.9862,0][0.395104,1.85826,0.223828][-0.338583,0.598425,0.732283][13.9753,-14.986,0][0.398948,1.86152,0.22024][-0.267717,0.677165,0.685039][13.9751,-14.9862,0][0.607628,1.77752,0.302216][0.102362,0.433071,0.897638][13.962,-14.9811,0][0.609944,1.78127,0.297998][0.15748,0.519685,0.84252][13.9619,-14.9814,0][-0.607628,1.77752,0.302216][-0.102362,0.433071,0.897638][14.038,-14.9811,0][-0.398948,1.86152,0.22024][0.267717,0.677165,0.685039][14.0249,-14.9862,0][-0.609944,1.78127,0.297998][-0.15748,0.519685,0.84252][14.0381,-14.9814,0][-0.398948,1.86152,0.22024][0.267717,0.677165,0.685039][14.0249,-14.9862,0][-0.607628,1.77752,0.302216][-0.102362,0.433071,0.897638][14.038,-14.9811,0][-0.395104,1.85826,0.223828][0.338583,0.598425,0.732283][14.0247,-14.986,0][0.786182,2.14818,-0.31183][-0.023622,0.622047,-0.787402][13.9509,-15.0195,0][0.792742,2.16876,-0.28742][0.141732,0.905512,-0.409449][13.9505,-15.018,0][0.802674,2.16276,-0.294954][0.23622,0.84252,-0.488189][13.9498,-15.0184,0][0.792742,2.16876,-0.28742][0.141732,0.905512,-0.409449][13.9505,-15.018,0][0.786182,2.14818,-0.31183][-0.023622,0.622047,-0.787402][13.9509,-15.0195,0][0.769982,2.15794,-0.299542][-0.220472,0.748031,-0.629921][13.9519,-15.0187,0][0.759858,2.16612,-0.281062][-0.338583,0.858268,-0.393701][13.9525,-15.0176,0][0.769982,2.15794,-0.299542][-0.220472,0.748031,-0.629921][13.9519,-15.0187,0][0.754238,2.14528,-0.304596][-0.559055,0.417323,-0.716535][13.9529,-15.019,0][0.754238,2.14528,-0.304596][-0.559055,0.417323,-0.716535][13.9529,-15.019,0][0.741972,2.15516,-0.282204][-0.716535,0.559055,-0.417323][13.9536,-15.0176,0][0.759858,2.16612,-0.281062][-0.338583,0.858268,-0.393701][13.9525,-15.0176,0][-0.786184,2.14818,-0.31183][0.023622,0.622047,-0.787402][14.0491,-15.0195,0][-0.792742,2.16876,-0.28742][-0.141732,0.905512,-0.409449][14.0495,-15.018,0][-0.769982,2.15794,-0.299542][0.220472,0.748031,-0.629921][14.0481,-15.0187,0][-0.792742,2.16876,-0.28742][-0.141732,0.905512,-0.409449][14.0495,-15.018,0][-0.786184,2.14818,-0.31183][0.023622,0.622047,-0.787402][14.0491,-15.0195,0][-0.802674,2.16276,-0.294954][-0.23622,0.84252,-0.488189][14.0502,-15.0184,0][-0.759858,2.16612,-0.281062][0.338583,0.858268,-0.393701][14.0475,-15.0176,0][-0.754238,2.14528,-0.304596][0.559055,0.417323,-0.716535][14.0471,-15.019,0][-0.769982,2.15794,-0.299542][0.220472,0.748031,-0.629921][14.0481,-15.0187,0][-0.754238,2.14528,-0.304596][0.559055,0.417323,-0.716535][14.0471,-15.019,0][-0.759858,2.16612,-0.281062][0.338583,0.858268,-0.393701][14.0475,-15.0176,0][-0.741972,2.15516,-0.282204][0.716535,0.559055,-0.417323][14.0464,-15.0176,0][0.783124,2.15352,-0.191822][-0.125984,0.582677,0.80315][13.9511,-15.012,0][0.77579,2.17066,-0.218796][-0.125984,0.92126,0.377953][13.9515,-15.0137,0][0.761276,2.16068,-0.206758][-0.425197,0.677165,0.598425][13.9524,-15.0129,0][0.77579,2.17066,-0.218796][-0.125984,0.92126,0.377953][13.9515,-15.0137,0][0.783124,2.15352,-0.191822][-0.125984,0.582677,0.80315][13.9511,-15.012,0][0.793822,2.16474,-0.20647][0.0944882,0.84252,0.527559][13.9504,-15.0129,0][0.807938,2.14312,-0.186678][0.204724,0.448819,0.866142][13.9495,-15.0117,0][0.793822,2.16474,-0.20647][0.0944882,0.84252,0.527559][13.9504,-15.0129,0][0.783124,2.15352,-0.191822][-0.125984,0.582677,0.80315][13.9511,-15.012,0][0.793822,2.16474,-0.20647][0.0944882,0.84252,0.527559][13.9504,-15.0129,0][0.807938,2.14312,-0.186678][0.204724,0.448819,0.866142][13.9495,-15.0117,0][0.8143,2.15618,-0.202224][0.346457,0.740157,0.582677][13.9491,-15.0126,0][-0.783124,2.15352,-0.191822][0.125984,0.582677,0.80315][14.0489,-15.012,0][-0.77579,2.17066,-0.218796][0.125984,0.92126,0.377953][14.0485,-15.0137,0][-0.793822,2.16474,-0.20647][-0.0944882,0.84252,0.527559][14.0496,-15.0129,0][-0.77579,2.17066,-0.218796][0.125984,0.92126,0.377953][14.0485,-15.0137,0][-0.783124,2.15352,-0.191822][0.125984,0.582677,0.80315][14.0489,-15.012,0][-0.761276,2.16068,-0.206758][0.425197,0.677165,0.598425][14.0476,-15.0129,0][-0.793822,2.16474,-0.20647][-0.0944882,0.84252,0.527559][14.0496,-15.0129,0][-0.807938,2.14312,-0.186678][-0.204724,0.448819,0.866142][14.0505,-15.0117,0][-0.783124,2.15352,-0.191822][0.125984,0.582677,0.80315][14.0489,-15.012,0][-0.807938,2.14312,-0.186678][-0.204724,0.448819,0.866142][14.0505,-15.0117,0][-0.793822,2.16474,-0.20647][-0.0944882,0.84252,0.527559][14.0496,-15.0129,0][-0.8143,2.15618,-0.202224][-0.346457,0.740157,0.582677][14.0509,-15.0126,0][0.412036,1.96671,-0.392892][-0.377953,0.708661,-0.598425][13.9742,-15.0246,0][0.535014,2.08168,-0.22554][-0.141732,0.96063,-0.244094][13.9666,-15.0141,0][0.564808,2.04322,-0.326528][-0.0787402,0.866142,-0.488189][13.9647,-15.0204,0][0.535014,2.08168,-0.22554][-0.141732,0.96063,-0.244094][13.9666,-15.0141,0][0.412036,1.96671,-0.392892][-0.377953,0.708661,-0.598425][13.9742,-15.0246,0][0.362572,2.03286,-0.218592][-0.488189,0.84252,-0.212598][13.9773,-15.0137,0][-0.535014,2.08168,-0.22554][0.141732,0.96063,-0.244094][14.0334,-15.0141,0][-0.412036,1.96671,-0.392892][0.377953,0.708661,-0.598425][14.0258,-15.0246,0][-0.564808,2.04322,-0.326528][0.0787402,0.866142,-0.488189][14.0353,-15.0204,0][-0.412036,1.96671,-0.392892][0.377953,0.708661,-0.598425][14.0258,-15.0246,0][-0.535014,2.08168,-0.22554][0.141732,0.96063,-0.244094][14.0334,-15.0141,0][-0.362572,2.03286,-0.218592][0.488189,0.84252,-0.212598][14.0227,-15.0137,0][0.71853,2.12542,-0.213926][-0.267717,0.952756,0.133858][13.9551,-15.0134,0][0.736464,2.1224,-0.188148][-0.0944882,0.937008,0.346457][13.954,-15.0118,0][0.74282,2.12532,-0.194244][-0.102362,0.937008,0.338583][13.9536,-15.0121,0][0.71853,2.12542,-0.213926][-0.267717,0.952756,0.133858][13.9551,-15.0134,0][0.74282,2.12532,-0.194244][-0.102362,0.937008,0.338583][13.9536,-15.0121,0][0.726426,2.1282,-0.217932][-0.267717,0.952756,0.125984][13.9546,-15.0136,0][-0.71853,2.12542,-0.213926][0.267717,0.952756,0.133858][14.0449,-15.0134,0][-0.74282,2.12532,-0.194244][0.102362,0.937008,0.338583][14.0464,-15.0121,0][-0.736466,2.1224,-0.188148][0.0944882,0.937008,0.346457][14.046,-15.0118,0][-0.74282,2.12532,-0.194244][0.102362,0.937008,0.338583][14.0464,-15.0121,0][-0.71853,2.12542,-0.213926][0.267717,0.952756,0.133858][14.0449,-15.0134,0][-0.726426,2.1282,-0.217932][0.267717,0.952756,0.125984][14.0454,-15.0136,0][-0.081722,1.94925,-0.247348][-0.110236,0.992126,0][14.0051,-15.0155,0][-0.108374,1.93893,-0.22749][-0.212598,0.889764,0.401575][14.0068,-15.0142,0][-0.081722,1.94444,-0.225422][-0.110236,0.905512,0.409449][14.0051,-15.0141,0][-0.108374,1.93893,-0.22749][-0.212598,0.889764,0.401575][14.0068,-15.0142,0][-0.081722,1.94925,-0.247348][-0.110236,0.992126,0][14.0051,-15.0155,0][-0.108374,1.94329,-0.247348][-0.220472,0.976378,0][14.0068,-15.0155,0][0.108374,1.94329,-0.247348][0.220472,0.976378,0][13.9932,-15.0155,0][0.081722,1.94925,-0.247348][0.110236,0.992126,0][13.9949,-15.0155,0][0.108374,1.93893,-0.22749][0.212598,0.889764,0.401575][13.9932,-15.0142,0][0.081722,1.94925,-0.247348][0.110236,0.992126,0][13.9949,-15.0155,0][0.081722,1.94444,-0.225422][0.110236,0.905512,0.409449][13.9949,-15.0141,0][0.108374,1.93893,-0.22749][0.212598,0.889764,0.401575][13.9932,-15.0142,0][0.010232,1.863,-0.202376][0,0.984252,-0.173228][13.9994,-15.0126,0][0.010232,1.84786,-0.287144][0,0.984252,-0.173228][13.9994,-15.0179,0][-0.009142,1.84786,-0.287144][0,0.984252,-0.173228][14.0006,-15.0179,0][-0.009142,1.84786,-0.287144][0,0.984252,-0.173228][14.0006,-15.0179,0][-0.009142,1.863,-0.202376][0,0.984252,-0.173228][14.0006,-15.0126,0][0.010232,1.863,-0.202376][0,0.984252,-0.173228][13.9994,-15.0126,0][-0.223954,1.91582,-0.195952][0.755906,0.629921,-0.165354][14.014,-15.0122,0][-0.407014,2.0572,-0.030532][0.401575,0.889764,0.212598][14.0254,-15.0019,0][-0.277036,1.94432,0.027568][0.653543,0.677165,0.338583][14.0173,-14.9983,0][-0.407014,2.0572,-0.030532][0.401575,0.889764,0.212598][14.0254,-15.0019,0][-0.223954,1.91582,-0.195952][0.755906,0.629921,-0.165354][14.014,-15.0122,0][-0.362572,2.03286,-0.218592][0.488189,0.84252,-0.212598][14.0227,-15.0137,0][-0.184248,1.85951,-0.18576][0.779528,0.614173,-0.149606][14.0115,-15.0116,0][-0.24398,1.89195,0.04316][0.590551,0.748031,0.307087][14.0152,-14.9973,0][-0.239108,1.88886,0.045602][0.661417,0.661417,0.346457][14.0149,-14.9971,0][-0.189558,1.86272,-0.186704][0.692913,0.692913,-0.188976][14.0118,-15.0117,0][-0.24398,1.89195,0.04316][0.590551,0.748031,0.307087][14.0152,-14.9973,0][-0.184248,1.85951,-0.18576][0.779528,0.614173,-0.149606][14.0115,-15.0116,0][-0.562868,2.0967,-0.11222][0.0787402,1,0.0393701][14.0352,-15.007,0][-0.362572,2.03286,-0.218592][0.488189,0.84252,-0.212598][14.0227,-15.0137,0][-0.535014,2.08168,-0.22554][0.141732,0.96063,-0.244094][14.0334,-15.0141,0][-0.362572,2.03286,-0.218592][0.488189,0.84252,-0.212598][14.0227,-15.0137,0][-0.562868,2.0967,-0.11222][0.0787402,1,0.0393701][14.0352,-15.007,0][-0.407014,2.0572,-0.030532][0.401575,0.889764,0.212598][14.0254,-15.0019,0][-0.535014,2.08168,-0.22554][0.141732,0.96063,-0.244094][14.0334,-15.0141,0][-0.662218,2.08534,-0.167074][-0.228346,0.968504,-0.125984][14.0414,-15.0104,0][-0.562868,2.0967,-0.11222][0.0787402,1,0.0393701][14.0352,-15.007,0][-0.662218,2.08534,-0.167074][-0.228346,0.968504,-0.125984][14.0414,-15.0104,0][-0.535014,2.08168,-0.22554][0.141732,0.96063,-0.244094][14.0334,-15.0141,0][-0.646122,2.07656,-0.231482][-0.19685,0.952756,-0.244094][14.0404,-15.0145,0][-0.564808,2.04322,-0.326528][0.0787402,0.866142,-0.488189][14.0353,-15.0204,0][-0.646122,2.07656,-0.231482][-0.19685,0.952756,-0.244094][14.0404,-15.0145,0][-0.535014,2.08168,-0.22554][0.141732,0.96063,-0.244094][14.0334,-15.0141,0][-0.646122,2.07656,-0.231482][-0.19685,0.952756,-0.244094][14.0404,-15.0145,0][-0.564808,2.04322,-0.326528][0.0787402,0.866142,-0.488189][14.0353,-15.0204,0][-0.66247,2.05472,-0.2878][-0.220472,0.913386,-0.354331][14.0414,-15.018,0][-0.66247,2.05472,-0.2878][-0.220472,0.913386,-0.354331][14.0414,-15.018,0][-0.824778,1.97043,-0.32155][-0.496063,0.771654,-0.393701][14.0515,-15.0201,0][-0.646122,2.07656,-0.231482][-0.19685,0.952756,-0.244094][14.0404,-15.0145,0][-0.646122,2.07656,-0.231482][-0.19685,0.952756,-0.244094][14.0404,-15.0145,0][-0.824778,1.97043,-0.32155][-0.496063,0.771654,-0.393701][14.0515,-15.0201,0][-0.662218,2.08534,-0.167074][-0.228346,0.968504,-0.125984][14.0414,-15.0104,0][-0.824778,1.97043,-0.32155][-0.496063,0.771654,-0.393701][14.0515,-15.0201,0][-0.66247,2.05472,-0.2878][-0.220472,0.913386,-0.354331][14.0414,-15.018,0][-0.765482,1.99228,-0.343692][-0.393701,0.811024,-0.440945][14.0478,-15.0215,0][-0.765482,1.99228,-0.343692][-0.393701,0.811024,-0.440945][14.0478,-15.0215,0][-0.66247,2.05472,-0.2878][-0.220472,0.913386,-0.354331][14.0414,-15.018,0][-0.705868,2.0225,-0.332924][-0.283465,0.858268,-0.425197][14.0441,-15.0208,0][-0.868092,1.96281,-0.272044][-0.574803,0.76378,-0.307087][14.0543,-15.017,0][-0.662218,2.08534,-0.167074][-0.228346,0.968504,-0.125984][14.0414,-15.0104,0][-0.824778,1.97043,-0.32155][-0.496063,0.771654,-0.393701][14.0515,-15.0201,0][-0.868092,1.96281,-0.272044][-0.574803,0.76378,-0.307087][14.0543,-15.017,0][-0.7056,2.07758,-0.117724][-0.307087,0.952756,-0.0393701][14.0441,-15.0074,0][-0.662218,2.08534,-0.167074][-0.228346,0.968504,-0.125984][14.0414,-15.0104,0][-0.7056,2.07758,-0.117724][-0.307087,0.952756,-0.0393701][14.0441,-15.0074,0][-0.868092,1.96281,-0.272044][-0.574803,0.76378,-0.307087][14.0543,-15.017,0][-0.88364,1.97167,-0.20824][-0.598425,0.779528,-0.188976][14.0552,-15.013,0][-0.7056,2.07758,-0.117724][-0.307087,0.952756,-0.0393701][14.0441,-15.0074,0][-0.88364,1.97167,-0.20824][-0.598425,0.779528,-0.188976][14.0552,-15.013,0][-0.76457,2.05554,-0.095872][-0.401575,0.913386,0][14.0478,-15.006,0][-0.867168,1.99459,-0.14775][-0.574803,0.818898,-0.0866142][14.0542,-15.0092,0][-0.76457,2.05554,-0.095872][-0.401575,0.913386,0][14.0478,-15.006,0][-0.88364,1.97167,-0.20824][-0.598425,0.779528,-0.188976][14.0552,-15.013,0][-0.76457,2.05554,-0.095872][-0.401575,0.913386,0][14.0478,-15.006,0][-0.867168,1.99459,-0.14775][-0.574803,0.818898,-0.0866142][14.0542,-15.0092,0][-0.823546,2.02524,-0.10682][-0.503937,0.866142,-0.015748][14.0515,-15.0067,0][-0.66247,2.05472,-0.2878][-0.220472,0.913386,-0.354331][14.0414,-15.018,0][-0.644132,1.98455,-0.409524][-0.0944882,0.748031,-0.661417][14.0403,-15.0256,0][-0.705868,2.0225,-0.332924][-0.283465,0.858268,-0.425197][14.0441,-15.0208,0][-0.644132,1.98455,-0.409524][-0.0944882,0.748031,-0.661417][14.0403,-15.0256,0][-0.66247,2.05472,-0.2878][-0.220472,0.913386,-0.354331][14.0414,-15.018,0][-0.564808,2.04322,-0.326528][0.0787402,0.866142,-0.488189][14.0353,-15.0204,0][0.710642,2.12292,-0.244358][-0.362205,0.929134,-0.125984][13.9556,-15.0153,0][0.71853,2.12542,-0.213926][-0.267717,0.952756,0.133858][13.9551,-15.0134,0][0.726426,2.1282,-0.217932][-0.267717,0.952756,0.125984][13.9546,-15.0136,0][0.710642,2.12292,-0.244358][-0.362205,0.929134,-0.125984][13.9556,-15.0153,0][0.726426,2.1282,-0.217932][-0.267717,0.952756,0.125984][13.9546,-15.0136,0][0.719254,2.12606,-0.245886][-0.362205,0.92126,-0.133858][13.955,-15.0154,0][-0.710642,2.12292,-0.244358][0.362205,0.929134,-0.125984][14.0444,-15.0153,0][-0.726426,2.1282,-0.217932][0.267717,0.952756,0.125984][14.0454,-15.0136,0][-0.71853,2.12542,-0.213926][0.267717,0.952756,0.133858][14.0449,-15.0134,0][-0.726426,2.1282,-0.217932][0.267717,0.952756,0.125984][14.0454,-15.0136,0][-0.710642,2.12292,-0.244358][0.362205,0.929134,-0.125984][14.0444,-15.0153,0][-0.719254,2.12606,-0.245886][0.362205,0.92126,-0.133858][14.045,-15.0154,0][0.728028,2.10376,-0.300422][-0.23622,0.740157,-0.629921][13.9545,-15.0188,0][0.722386,2.1192,-0.273794][-0.346457,0.850394,-0.401575][13.9549,-15.0171,0][0.735306,2.1087,-0.29738][-0.228346,0.740157,-0.637795][13.954,-15.0186,0][0.722386,2.1192,-0.273794][-0.346457,0.850394,-0.401575][13.9549,-15.0171,0][0.728028,2.10376,-0.300422][-0.23622,0.740157,-0.629921][13.9545,-15.0188,0][0.713994,2.1153,-0.274744][-0.346457,0.850394,-0.393701][13.9554,-15.0172,0][-0.713994,2.1153,-0.274744][0.346457,0.850394,-0.393701][14.0446,-15.0172,0][-0.728028,2.10376,-0.300422][0.23622,0.740157,-0.629921][14.0455,-15.0188,0][-0.722388,2.1192,-0.273794][0.346457,0.850394,-0.401575][14.0451,-15.0171,0][-0.735306,2.1087,-0.29738][0.228346,0.740157,-0.637795][14.046,-15.0186,0][-0.722388,2.1192,-0.273794][0.346457,0.850394,-0.401575][14.0451,-15.0171,0][-0.728028,2.10376,-0.300422][0.23622,0.740157,-0.629921][14.0455,-15.0188,0][0.713994,2.1153,-0.274744][-0.346457,0.850394,-0.393701][13.9554,-15.0172,0][0.719254,2.12606,-0.245886][-0.362205,0.92126,-0.133858][13.955,-15.0154,0][0.722386,2.1192,-0.273794][-0.346457,0.850394,-0.401575][13.9549,-15.0171,0][0.719254,2.12606,-0.245886][-0.362205,0.92126,-0.133858][13.955,-15.0154,0][0.713994,2.1153,-0.274744][-0.346457,0.850394,-0.393701][13.9554,-15.0172,0][0.710642,2.12292,-0.244358][-0.362205,0.929134,-0.125984][13.9556,-15.0153,0][-0.722388,2.1192,-0.273794][0.346457,0.850394,-0.401575][14.0451,-15.0171,0][-0.719254,2.12606,-0.245886][0.362205,0.92126,-0.133858][14.045,-15.0154,0][-0.713994,2.1153,-0.274744][0.346457,0.850394,-0.393701][14.0446,-15.0172,0][-0.719254,2.12606,-0.245886][0.362205,0.92126,-0.133858][14.045,-15.0154,0][-0.710642,2.12292,-0.244358][0.362205,0.929134,-0.125984][14.0444,-15.0153,0][-0.713994,2.1153,-0.274744][0.346457,0.850394,-0.393701][14.0446,-15.0172,0][0.61305,1.36395,-0.316962][0.661417,0.724409,0.19685][13.9617,-15.0198,0][0.33178,1.65709,0.286064][0.385827,0.913386,-0.15748][13.9793,-14.9821,0][0.61305,1.47181,0.31756][0.708661,0.700787,-0.11811][13.9617,-14.9802,0][0.33178,1.65709,0.286064][0.385827,0.913386,-0.15748][13.9793,-14.9821,0][0.61305,1.36395,-0.316962][0.661417,0.724409,0.19685][13.9617,-15.0198,0][0.33178,1.54923,-0.348458][0.354331,0.929134,0.110236][13.9793,-15.0218,0][-0.61305,1.36395,-0.316962][-0.661417,0.724409,0.19685][14.0383,-15.0198,0][-0.33178,1.65709,0.286064][-0.385827,0.913386,-0.15748][14.0207,-14.9821,0][-0.33178,1.54923,-0.348458][-0.354331,0.929134,0.110236][14.0207,-15.0218,0][-0.33178,1.65709,0.286064][-0.385827,0.913386,-0.15748][14.0207,-14.9821,0][-0.61305,1.36395,-0.316962][-0.661417,0.724409,0.19685][14.0383,-15.0198,0][-0.61305,1.47181,0.31756][-0.708661,0.700787,-0.11811][14.0383,-14.9802,0][0.659082,1.34916,-0.546592][0.708661,0.700787,-0.11811][13.9588,-15.0342,0][0.366848,1.54166,-0.579352][0.377953,0.913386,-0.15748][13.9771,-15.0362,0][0.366848,1.56839,-0.422098][0.377953,0.92126,0.110236][13.9771,-15.0264,0][0.659082,1.34916,-0.546592][0.708661,0.700787,-0.11811][13.9588,-15.0342,0][0.366848,1.56839,-0.422098][0.377953,0.92126,0.110236][13.9771,-15.0264,0][0.659082,1.37588,-0.389376][0.685039,0.708661,0.181102][13.9588,-15.0243,0][-0.659082,1.34916,-0.546592][-0.708661,0.700787,-0.11811][14.0412,-15.0342,0][-0.366848,1.56839,-0.422098][-0.377953,0.92126,0.110236][14.0229,-15.0264,0][-0.366848,1.54166,-0.579352][-0.377953,0.913386,-0.15748][14.0229,-15.0362,0][-0.366848,1.56839,-0.422098][-0.377953,0.92126,0.110236][14.0229,-15.0264,0][-0.659082,1.34916,-0.546592][-0.708661,0.700787,-0.11811][14.0412,-15.0342,0][-0.659082,1.37588,-0.389376][-0.685039,0.708661,0.181102][14.0412,-15.0243,0][0.761276,2.16068,-0.206758][-0.425197,0.677165,0.598425][13.9524,-15.0129,0][0.762988,2.173,-0.237326][-0.291339,0.944882,0.149606][13.9523,-15.0148,0][0.745766,2.16352,-0.22921][-0.645669,0.700787,0.299213][13.9534,-15.0143,0][0.762988,2.173,-0.237326][-0.291339,0.944882,0.149606][13.9523,-15.0148,0][0.761276,2.16068,-0.206758][-0.425197,0.677165,0.598425][13.9524,-15.0129,0][0.77579,2.17066,-0.218796][-0.125984,0.92126,0.377953][13.9515,-15.0137,0][-0.761276,2.16068,-0.206758][0.425197,0.677165,0.598425][14.0476,-15.0129,0][-0.76299,2.173,-0.237326][0.291339,0.944882,0.149606][14.0477,-15.0148,0][-0.77579,2.17066,-0.218796][0.125984,0.92126,0.377953][14.0485,-15.0137,0][-0.76299,2.173,-0.237326][0.291339,0.944882,0.149606][14.0477,-15.0148,0][-0.761276,2.16068,-0.206758][0.425197,0.677165,0.598425][14.0476,-15.0129,0][-0.745766,2.16352,-0.22921][0.645669,0.700787,0.299213][14.0466,-15.0143,0][-0.081722,1.94444,-0.225422][-0.110236,0.905512,0.409449][14.0051,-15.0141,0][-0.108374,1.92653,-0.210654][-0.204724,0.661417,0.724409][14.0068,-15.0132,0][-0.081722,1.93074,-0.206834][-0.102362,0.669291,0.732283][14.0051,-15.0129,0][-0.108374,1.92653,-0.210654][-0.204724,0.661417,0.724409][14.0068,-15.0132,0][-0.081722,1.94444,-0.225422][-0.110236,0.905512,0.409449][14.0051,-15.0141,0][-0.108374,1.93893,-0.22749][-0.212598,0.889764,0.401575][14.0068,-15.0142,0][0.081722,1.93074,-0.206834][0.102362,0.669291,0.732283][13.9949,-15.0129,0][0.108374,1.92653,-0.210654][0.204724,0.661417,0.724409][13.9932,-15.0132,0][0.081722,1.94444,-0.225422][0.110236,0.905512,0.409449][13.9949,-15.0141,0][0.108374,1.93893,-0.22749][0.212598,0.889764,0.401575][13.9932,-15.0142,0][0.081722,1.94444,-0.225422][0.110236,0.905512,0.409449][13.9949,-15.0141,0][0.108374,1.92653,-0.210654][0.204724,0.661417,0.724409][13.9932,-15.0132,0][0.533344,2.03208,0.114904][-0.125984,0.834646,0.543307][13.9667,-14.9928,0][0.407014,2.0572,-0.030532][-0.401575,0.889764,0.212598][13.9746,-15.0019,0][0.42755,1.91466,0.200256][-0.330709,0.606299,0.724409][13.9733,-14.9875,0][0.277036,1.94432,0.027568][-0.653543,0.677165,0.338583][13.9827,-14.9983,0][0.42755,1.91466,0.200256][-0.330709,0.606299,0.724409][13.9733,-14.9875,0][0.407014,2.0572,-0.030532][-0.401575,0.889764,0.212598][13.9746,-15.0019,0][-0.42755,1.91466,0.200256][0.330709,0.606299,0.724409][14.0267,-14.9875,0][-0.277036,1.94432,0.027568][0.653543,0.677165,0.338583][14.0173,-14.9983,0][-0.407014,2.0572,-0.030532][0.401575,0.889764,0.212598][14.0254,-15.0019,0][-0.42755,1.91466,0.200256][0.330709,0.606299,0.724409][14.0267,-14.9875,0][-0.407014,2.0572,-0.030532][0.401575,0.889764,0.212598][14.0254,-15.0019,0][-0.533344,2.03208,0.114904][0.125984,0.834646,0.543307][14.0333,-14.9928,0][0.738986,2.16158,-0.25572][-0.748031,0.661417,-0.0551181][13.9538,-15.016,0][0.745766,2.16352,-0.22921][-0.645669,0.700787,0.299213][13.9534,-15.0143,0][0.762988,2.173,-0.237326][-0.291339,0.944882,0.149606][13.9523,-15.0148,0][0.738986,2.16158,-0.25572][-0.748031,0.661417,-0.0551181][13.9538,-15.016,0][0.762988,2.173,-0.237326][-0.291339,0.944882,0.149606][13.9523,-15.0148,0][0.757394,2.1714,-0.259206][-0.362205,0.92126,-0.11811][13.9527,-15.0162,0][-0.757394,2.1714,-0.259206][0.362205,0.92126,-0.11811][14.0473,-15.0162,0][-0.76299,2.173,-0.237326][0.291339,0.944882,0.149606][14.0477,-15.0148,0][-0.738986,2.16158,-0.25572][0.748031,0.661417,-0.0551181][14.0462,-15.016,0][-0.745766,2.16352,-0.22921][0.645669,0.700787,0.299213][14.0466,-15.0143,0][-0.738986,2.16158,-0.25572][0.748031,0.661417,-0.0551181][14.0462,-15.016,0][-0.76299,2.173,-0.237326][0.291339,0.944882,0.149606][14.0477,-15.0148,0][0.759858,2.16612,-0.281062][-0.338583,0.858268,-0.393701][13.9525,-15.0176,0][0.741972,2.15516,-0.282204][-0.716535,0.559055,-0.417323][13.9536,-15.0176,0][0.757394,2.1714,-0.259206][-0.362205,0.92126,-0.11811][13.9527,-15.0162,0][0.741972,2.15516,-0.282204][-0.716535,0.559055,-0.417323][13.9536,-15.0176,0][0.738986,2.16158,-0.25572][-0.748031,0.661417,-0.0551181][13.9538,-15.016,0][0.757394,2.1714,-0.259206][-0.362205,0.92126,-0.11811][13.9527,-15.0162,0][-0.757394,2.1714,-0.259206][0.362205,0.92126,-0.11811][14.0473,-15.0162,0][-0.741972,2.15516,-0.282204][0.716535,0.559055,-0.417323][14.0464,-15.0176,0][-0.759858,2.16612,-0.281062][0.338583,0.858268,-0.393701][14.0475,-15.0176,0][-0.741972,2.15516,-0.282204][0.716535,0.559055,-0.417323][14.0464,-15.0176,0][-0.757394,2.1714,-0.259206][0.362205,0.92126,-0.11811][14.0473,-15.0162,0][-0.738986,2.16158,-0.25572][0.748031,0.661417,-0.0551181][14.0462,-15.016,0][0.366848,1.54166,-0.579352][0.377953,0.913386,-0.15748][13.9771,-15.0362,0][1.48926e-15,1.60925,-0.590858][0,0.984252,-0.165354][14,-15.0369,0][1.49253e-15,1.63599,-0.43359][0,1,0.0629921][14,-15.0271,0][0.366848,1.54166,-0.579352][0.377953,0.913386,-0.15748][13.9771,-15.0362,0][1.49253e-15,1.63599,-0.43359][0,1,0.0629921][14,-15.0271,0][0.366848,1.56839,-0.422098][0.377953,0.92126,0.110236][13.9771,-15.0264,0][-0.366848,1.54166,-0.579352][-0.377953,0.913386,-0.15748][14.0229,-15.0362,0][1.49253e-15,1.63599,-0.43359][0,1,0.0629921][14,-15.0271,0][1.48926e-15,1.60925,-0.590858][0,0.984252,-0.165354][14,-15.0369,0][1.49253e-15,1.63599,-0.43359][0,1,0.0629921][14,-15.0271,0][-0.366848,1.54166,-0.579352][-0.377953,0.913386,-0.15748][14.0229,-15.0362,0][-0.366848,1.56839,-0.422098][-0.377953,0.92126,0.110236][14.0229,-15.0264,0][0.2462,1.7783,-0.404356][-0.645669,0.456693,-0.614173][13.9846,-15.0253,0][0.189558,1.86272,-0.186704][-0.692913,0.692913,-0.188976][13.9882,-15.0117,0][0.25117,1.78196,-0.403642][-0.559055,0.543307,-0.629921][13.9843,-15.0252,0][0.189558,1.86272,-0.186704][-0.692913,0.692913,-0.188976][13.9882,-15.0117,0][0.2462,1.7783,-0.404356][-0.645669,0.456693,-0.614173][13.9846,-15.0253,0][0.184248,1.85951,-0.18576][-0.779528,0.614173,-0.149606][13.9885,-15.0116,0][-0.184248,1.85951,-0.18576][0.779528,0.614173,-0.149606][14.0115,-15.0116,0][-0.2462,1.7783,-0.404356][0.645669,0.456693,-0.614173][14.0154,-15.0253,0][-0.189558,1.86272,-0.186704][0.692913,0.692913,-0.188976][14.0118,-15.0117,0][-0.25117,1.78196,-0.403642][0.559055,0.543307,-0.629921][14.0157,-15.0252,0][-0.189558,1.86272,-0.186704][0.692913,0.692913,-0.188976][14.0118,-15.0117,0][-0.2462,1.7783,-0.404356][0.645669,0.456693,-0.614173][14.0154,-15.0253,0][0.585684,1.27518,-0.54381][0.708661,0.700787,-0.11811][13.9634,-15.034,0][0.327126,1.4455,-0.572762][0.377953,0.913386,-0.15748][13.9796,-15.0358,0][0.327126,1.45174,-0.536076][0.377953,0.913386,-0.15748][13.9796,-15.0335,0][0.585684,1.27518,-0.54381][0.708661,0.700787,-0.11811][13.9634,-15.034,0][0.327126,1.45174,-0.536076][0.377953,0.913386,-0.15748][13.9796,-15.0335,0][0.585684,1.28142,-0.507124][0.708661,0.700787,-0.11811][13.9634,-15.0317,0][-0.585684,1.27518,-0.54381][-0.708661,0.700787,-0.11811][14.0366,-15.034,0][-0.327126,1.45174,-0.536076][-0.377953,0.913386,-0.15748][14.0204,-15.0335,0][-0.327126,1.4455,-0.572762][-0.377953,0.913386,-0.15748][14.0204,-15.0358,0][-0.327126,1.45174,-0.536076][-0.377953,0.913386,-0.15748][14.0204,-15.0335,0][-0.585684,1.27518,-0.54381][-0.708661,0.700787,-0.11811][14.0366,-15.034,0][-0.585684,1.28142,-0.507124][-0.708661,0.700787,-0.11811][14.0366,-15.0317,0][0.33178,1.54923,-0.348458][0.354331,0.929134,0.110236][13.9793,-15.0218,0][1.50308e-15,1.72216,0.275004][0,0.984252,-0.165354][14,-14.9828,0][0.33178,1.65709,0.286064][0.385827,0.913386,-0.15748][13.9793,-14.9821,0][1.50308e-15,1.72216,0.275004][0,0.984252,-0.165354][14,-14.9828,0][0.33178,1.54923,-0.348458][0.354331,0.929134,0.110236][13.9793,-15.0218,0][1.48987e-15,1.6143,-0.359518][0,1,0.0787402][14,-15.0225,0][-0.33178,1.54923,-0.348458][-0.354331,0.929134,0.110236][14.0207,-15.0218,0][1.50308e-15,1.72216,0.275004][0,0.984252,-0.165354][14,-14.9828,0][1.48987e-15,1.6143,-0.359518][0,1,0.0787402][14,-15.0225,0][1.50308e-15,1.72216,0.275004][0,0.984252,-0.165354][14,-14.9828,0][-0.33178,1.54923,-0.348458][-0.354331,0.929134,0.110236][14.0207,-15.0218,0][-0.33178,1.65709,0.286064][-0.385827,0.913386,-0.15748][14.0207,-14.9821,0][0.283362,1.83688,-0.407422][-0.622047,0.480315,-0.622047][13.9823,-15.0255,0][0.362572,2.03286,-0.218592][-0.488189,0.84252,-0.212598][13.9773,-15.0137,0][0.412036,1.96671,-0.392892][-0.377953,0.708661,-0.598425][13.9742,-15.0246,0][0.362572,2.03286,-0.218592][-0.488189,0.84252,-0.212598][13.9773,-15.0137,0][0.283362,1.83688,-0.407422][-0.622047,0.480315,-0.622047][13.9823,-15.0255,0][0.223954,1.91582,-0.195952][-0.755906,0.629921,-0.165354][13.986,-15.0122,0][-0.362572,2.03286,-0.218592][0.488189,0.84252,-0.212598][14.0227,-15.0137,0][-0.283362,1.83688,-0.407422][0.622047,0.480315,-0.622047][14.0177,-15.0255,0][-0.412036,1.96671,-0.392892][0.377953,0.708661,-0.598425][14.0258,-15.0246,0][-0.283362,1.83688,-0.407422][0.622047,0.480315,-0.622047][14.0177,-15.0255,0][-0.362572,2.03286,-0.218592][0.488189,0.84252,-0.212598][14.0227,-15.0137,0][-0.223954,1.91582,-0.195952][0.755906,0.629921,-0.165354][14.014,-15.0122,0][0.327126,1.4455,-0.572762][0.377953,0.913386,-0.15748][13.9796,-15.0358,0][1.47653e-15,1.50531,-0.582928][0,0.984252,-0.165354][14,-15.0364,0][1.47729e-15,1.51155,-0.546242][0,0.984252,-0.165354][14,-15.0341,0][0.327126,1.4455,-0.572762][0.377953,0.913386,-0.15748][13.9796,-15.0358,0][1.47729e-15,1.51155,-0.546242][0,0.984252,-0.165354][14,-15.0341,0][0.327126,1.45174,-0.536076][0.377953,0.913386,-0.15748][13.9796,-15.0335,0][-0.327126,1.4455,-0.572762][-0.377953,0.913386,-0.15748][14.0204,-15.0358,0][1.47729e-15,1.51155,-0.546242][0,0.984252,-0.165354][14,-15.0341,0][1.47653e-15,1.50531,-0.582928][0,0.984252,-0.165354][14,-15.0364,0][1.47729e-15,1.51155,-0.546242][0,0.984252,-0.165354][14,-15.0341,0][-0.327126,1.4455,-0.572762][-0.377953,0.913386,-0.15748][14.0204,-15.0358,0][-0.327126,1.45174,-0.536076][-0.377953,0.913386,-0.15748][14.0204,-15.0335,0][0.24398,1.89195,0.04316][-0.590551,0.748031,0.307087][13.9848,-14.9973,0][0.395104,1.85826,0.223828][-0.338583,0.598425,0.732283][13.9753,-14.986,0][0.398948,1.86152,0.22024][-0.267717,0.677165,0.685039][13.9751,-14.9862,0][0.395104,1.85826,0.223828][-0.338583,0.598425,0.732283][13.9753,-14.986,0][0.24398,1.89195,0.04316][-0.590551,0.748031,0.307087][13.9848,-14.9973,0][0.239108,1.88886,0.045602][-0.661417,0.661417,0.346457][13.9851,-14.9971,0][-0.24398,1.89195,0.04316][0.590551,0.748031,0.307087][14.0152,-14.9973,0][-0.395104,1.85826,0.223828][0.338583,0.598425,0.732283][14.0247,-14.986,0][-0.239108,1.88886,0.045602][0.661417,0.661417,0.346457][14.0149,-14.9971,0][-0.395104,1.85826,0.223828][0.338583,0.598425,0.732283][14.0247,-14.986,0][-0.24398,1.89195,0.04316][0.590551,0.748031,0.307087][14.0152,-14.9973,0][-0.398948,1.86152,0.22024][0.267717,0.677165,0.685039][14.0249,-14.9862,0][0.366848,1.56839,-0.422098][0.377953,0.92126,0.110236][13.9771,-15.0264,0][0.61305,1.36395,-0.316962][0.661417,0.724409,0.19685][13.9617,-15.0198,0][0.659082,1.37588,-0.389376][0.685039,0.708661,0.181102][13.9588,-15.0243,0][0.61305,1.36395,-0.316962][0.661417,0.724409,0.19685][13.9617,-15.0198,0][0.366848,1.56839,-0.422098][0.377953,0.92126,0.110236][13.9771,-15.0264,0][0.33178,1.54923,-0.348458][0.354331,0.929134,0.110236][13.9793,-15.0218,0][-0.61305,1.36395,-0.316962][-0.661417,0.724409,0.19685][14.0383,-15.0198,0][-0.366848,1.56839,-0.422098][-0.377953,0.92126,0.110236][14.0229,-15.0264,0][-0.659082,1.37588,-0.389376][-0.685039,0.708661,0.181102][14.0412,-15.0243,0][-0.366848,1.56839,-0.422098][-0.377953,0.92126,0.110236][14.0229,-15.0264,0][-0.61305,1.36395,-0.316962][-0.661417,0.724409,0.19685][14.0383,-15.0198,0][-0.33178,1.54923,-0.348458][-0.354331,0.929134,0.110236][14.0207,-15.0218,0][0.081722,1.94444,-0.269274][0.110236,0.905512,-0.409449][13.9949,-15.0168,0][-0.081722,1.94444,-0.269274][-0.110236,0.905512,-0.409449][14.0051,-15.0168,0][-0.081722,1.94925,-0.247348][-0.110236,0.992126,0][14.0051,-15.0155,0][0.081722,1.94444,-0.269274][0.110236,0.905512,-0.409449][13.9949,-15.0168,0][-0.081722,1.94925,-0.247348][-0.110236,0.992126,0][14.0051,-15.0155,0][0.081722,1.94925,-0.247348][0.110236,0.992126,0][13.9949,-15.0155,0][0.081722,1.93074,-0.287862][0.102362,0.669291,-0.732283][13.9949,-15.018,0][-0.081722,1.94444,-0.269274][-0.110236,0.905512,-0.409449][14.0051,-15.0168,0][0.081722,1.94444,-0.269274][0.110236,0.905512,-0.409449][13.9949,-15.0168,0][0.081722,1.93074,-0.287862][0.102362,0.669291,-0.732283][13.9949,-15.018,0][-0.081722,1.93074,-0.287862][-0.102362,0.669291,-0.732283][14.0051,-15.018,0][-0.081722,1.94444,-0.269274][-0.110236,0.905512,-0.409449][14.0051,-15.0168,0][1.49253e-15,1.63599,-0.43359][0,1,0.0629921][14,-15.0271,0][0.33178,1.54923,-0.348458][0.354331,0.929134,0.110236][13.9793,-15.0218,0][0.366848,1.56839,-0.422098][0.377953,0.92126,0.110236][13.9771,-15.0264,0][0.33178,1.54923,-0.348458][0.354331,0.929134,0.110236][13.9793,-15.0218,0][1.49253e-15,1.63599,-0.43359][0,1,0.0629921][14,-15.0271,0][1.48987e-15,1.6143,-0.359518][0,1,0.0787402][14,-15.0225,0][1.49253e-15,1.63599,-0.43359][0,1,0.0629921][14,-15.0271,0][-0.33178,1.54923,-0.348458][-0.354331,0.929134,0.110236][14.0207,-15.0218,0][1.48987e-15,1.6143,-0.359518][0,1,0.0787402][14,-15.0225,0][-0.33178,1.54923,-0.348458][-0.354331,0.929134,0.110236][14.0207,-15.0218,0][1.49253e-15,1.63599,-0.43359][0,1,0.0629921][14,-15.0271,0][-0.366848,1.56839,-0.422098][-0.377953,0.92126,0.110236][14.0229,-15.0264,0][0.184248,1.85951,-0.18576][-0.779528,0.614173,-0.149606][13.9885,-15.0116,0][0.239108,1.88886,0.045602][-0.661417,0.661417,0.346457][13.9851,-14.9971,0][0.24398,1.89195,0.04316][-0.590551,0.748031,0.307087][13.9848,-14.9973,0][0.184248,1.85951,-0.18576][-0.779528,0.614173,-0.149606][13.9885,-15.0116,0][0.24398,1.89195,0.04316][-0.590551,0.748031,0.307087][13.9848,-14.9973,0][0.189558,1.86272,-0.186704][-0.692913,0.692913,-0.188976][13.9882,-15.0117,0][0.662804,-0.021298,0.328128][0.23622,0.96063,-0.125984][13.9586,-14.9795,0][0.68162,-0.036204,0.373524][0.456693,0.779528,0.433071][13.9574,-14.9767,0][0.695044,-0.035874,0.334936][0.622047,0.779528,-0.0472441][13.9566,-14.9791,0][0.68162,-0.036204,0.373524][0.456693,0.779528,0.433071][13.9574,-14.9767,0][0.662804,-0.021298,0.328128][0.23622,0.96063,-0.125984][13.9586,-14.9795,0][0.652038,-0.0215622,0.359074][0.102362,0.96063,0.259843][13.9592,-14.9776,0][-0.68162,-0.036204,0.373524][-0.456693,0.779528,0.433071][14.0426,-14.9767,0][-0.662804,-0.021298,0.328128][-0.23622,0.96063,-0.125984][14.0414,-14.9795,0][-0.695044,-0.035874,0.334936][-0.622047,0.779528,-0.0472441][14.0434,-14.9791,0][-0.662804,-0.021298,0.328128][-0.23622,0.96063,-0.125984][14.0414,-14.9795,0][-0.68162,-0.036204,0.373524][-0.456693,0.779528,0.433071][14.0426,-14.9767,0][-0.652038,-0.0215622,0.359074][-0.102362,0.96063,0.259843][14.0408,-14.9776,0][0.272246,0.221582,0.54287][-0.259843,0.740157,0.614173][13.983,-14.9661,0][0.50321,0.373478,0.517208][-0.480315,0.598425,0.637795][13.9685,-14.9677,0][0.489638,0.38333,0.486996][-0.661417,0.716535,0.228346][13.9694,-14.9696,0][0.489638,0.38333,0.486996][-0.661417,0.716535,0.228346][13.9694,-14.9696,0][0.265108,0.23543,0.512188][-0.354331,0.913386,0.204724][13.9834,-14.968,0][0.272246,0.221582,0.54287][-0.259843,0.740157,0.614173][13.983,-14.9661,0][0.265108,0.23543,0.512188][-0.354331,0.913386,0.204724][13.9834,-14.968,0][1.31279e-15,0.168266,0.551878][0,0.795276,0.606299][14,-14.9655,0][0.272246,0.221582,0.54287][-0.259843,0.740157,0.614173][13.983,-14.9661,0][0.265108,0.23543,0.512188][-0.354331,0.913386,0.204724][13.9834,-14.968,0][1.31465e-15,0.183494,0.521044][0,0.984252,0.19685][14,-14.9674,0][1.31279e-15,0.168266,0.551878][0,0.795276,0.606299][14,-14.9655,0][-0.272246,0.221582,0.54287][0.259843,0.740157,0.614173][14.017,-14.9661,0][-0.489638,0.38333,0.486996][0.661417,0.716535,0.228346][14.0306,-14.9696,0][-0.50321,0.373478,0.517208][0.480315,0.598425,0.637795][14.0315,-14.9677,0][-0.489638,0.38333,0.486996][0.661417,0.716535,0.228346][14.0306,-14.9696,0][-0.272246,0.221582,0.54287][0.259843,0.740157,0.614173][14.017,-14.9661,0][-0.265108,0.23543,0.512188][0.354331,0.913386,0.204724][14.0166,-14.968,0][1.31279e-15,0.168266,0.551878][0,0.795276,0.606299][14,-14.9655,0][-0.265108,0.23543,0.512188][0.354331,0.913386,0.204724][14.0166,-14.968,0][-0.272246,0.221582,0.54287][0.259843,0.740157,0.614173][14.017,-14.9661,0][-0.265108,0.23543,0.512188][0.354331,0.913386,0.204724][14.0166,-14.968,0][1.31279e-15,0.168266,0.551878][0,0.795276,0.606299][14,-14.9655,0][1.31465e-15,0.183494,0.521044][0,0.984252,0.19685][14,-14.9674,0][0.081722,1.94444,-0.225422][0.110236,0.905512,0.409449][13.9949,-15.0141,0][-0.081722,1.93074,-0.206834][-0.102362,0.669291,0.732283][14.0051,-15.0129,0][0.081722,1.93074,-0.206834][0.102362,0.669291,0.732283][13.9949,-15.0129,0][0.081722,1.94444,-0.225422][0.110236,0.905512,0.409449][13.9949,-15.0141,0][-0.081722,1.94444,-0.225422][-0.110236,0.905512,0.409449][14.0051,-15.0141,0][-0.081722,1.93074,-0.206834][-0.102362,0.669291,0.732283][14.0051,-15.0129,0][0.081722,1.94925,-0.247348][0.110236,0.992126,0][13.9949,-15.0155,0][-0.081722,1.94444,-0.225422][-0.110236,0.905512,0.409449][14.0051,-15.0141,0][0.081722,1.94444,-0.225422][0.110236,0.905512,0.409449][13.9949,-15.0141,0][0.081722,1.94925,-0.247348][0.110236,0.992126,0][13.9949,-15.0155,0][-0.081722,1.94925,-0.247348][-0.110236,0.992126,0][14.0051,-15.0155,0][-0.081722,1.94444,-0.225422][-0.110236,0.905512,0.409449][14.0051,-15.0141,0][0.575452,0.08898,0.339152][0.488189,0.645669,0.590551][13.964,-14.9788,0][0.517138,0.184486,0.270912][0.724409,0.661417,0.19685][13.9677,-14.9831,0][0.500952,0.181122,0.300118][0.496063,0.645669,0.582677][13.9687,-14.9812,0][0.517138,0.184486,0.270912][0.724409,0.661417,0.19685][13.9677,-14.9831,0][0.575452,0.08898,0.339152][0.488189,0.645669,0.590551][13.964,-14.9788,0][0.59184,0.0911316,0.309946][0.716535,0.661417,0.212598][13.963,-14.9806,0][-0.575452,0.08898,0.339152][-0.488189,0.645669,0.590551][14.036,-14.9788,0][-0.517138,0.184486,0.270912][-0.724409,0.661417,0.19685][14.0323,-14.9831,0][-0.591842,0.0911316,0.309946][-0.716535,0.661417,0.212598][14.037,-14.9806,0][-0.517138,0.184486,0.270912][-0.724409,0.661417,0.19685][14.0323,-14.9831,0][-0.575452,0.08898,0.339152][-0.488189,0.645669,0.590551][14.036,-14.9788,0][-0.500952,0.181122,0.300118][-0.496063,0.645669,0.582677][14.0313,-14.9812,0][0.655462,-0.0498844,0.401774][0.133858,0.606299,0.779528][13.959,-14.9749,0][0.652038,-0.0215622,0.359074][0.102362,0.96063,0.259843][13.9592,-14.9776,0][0.63106,-0.0325324,0.38173][-0.15748,0.818898,0.543307][13.9606,-14.9761,0][0.652038,-0.0215622,0.359074][0.102362,0.96063,0.259843][13.9592,-14.9776,0][0.655462,-0.0498844,0.401774][0.133858,0.606299,0.779528][13.959,-14.9749,0][0.68162,-0.036204,0.373524][0.456693,0.779528,0.433071][13.9574,-14.9767,0][-0.655462,-0.0498844,0.401774][-0.133858,0.606299,0.779528][14.041,-14.9749,0][-0.652038,-0.0215622,0.359074][-0.102362,0.96063,0.259843][14.0408,-14.9776,0][-0.68162,-0.036204,0.373524][-0.456693,0.779528,0.433071][14.0426,-14.9767,0][-0.652038,-0.0215622,0.359074][-0.102362,0.96063,0.259843][14.0408,-14.9776,0][-0.655462,-0.0498844,0.401774][-0.133858,0.606299,0.779528][14.041,-14.9749,0][-0.63106,-0.0325324,0.38173][0.15748,0.818898,0.543307][14.0394,-14.9761,0][0.662804,-0.021298,0.328128][0.23622,0.96063,-0.125984][13.9586,-14.9795,0][0.692136,-0.0489842,0.296346][0.582677,0.622047,-0.519685][13.9567,-14.9815,0][0.660472,-0.0318104,0.297182][0.204724,0.834646,-0.519685][13.9587,-14.9814,0][0.692136,-0.0489842,0.296346][0.582677,0.622047,-0.519685][13.9567,-14.9815,0][0.662804,-0.021298,0.328128][0.23622,0.96063,-0.125984][13.9586,-14.9795,0][0.695044,-0.035874,0.334936][0.622047,0.779528,-0.0472441][13.9566,-14.9791,0][-0.660472,-0.0318104,0.297182][-0.204724,0.834646,-0.519685][14.0413,-14.9814,0][-0.692136,-0.0489842,0.296346][-0.582677,0.622047,-0.519685][14.0433,-14.9815,0][-0.662804,-0.021298,0.328128][-0.23622,0.96063,-0.125984][14.0414,-14.9795,0][-0.692136,-0.0489842,0.296346][-0.582677,0.622047,-0.519685][14.0433,-14.9815,0][-0.695044,-0.035874,0.334936][-0.622047,0.779528,-0.0472441][14.0434,-14.9791,0][-0.662804,-0.021298,0.328128][-0.23622,0.96063,-0.125984][14.0414,-14.9795,0][0.266376,0.222098,0.358898][-0.385827,0.92126,-0.0787402][13.9834,-14.9776,0][0.489638,0.38333,0.486996][-0.661417,0.716535,0.228346][13.9694,-14.9696,0][0.48982,0.369286,0.333876][-0.708661,0.700787,-0.0629921][13.9694,-14.9791,0][0.489638,0.38333,0.486996][-0.661417,0.716535,0.228346][13.9694,-14.9696,0][0.266376,0.222098,0.358898][-0.385827,0.92126,-0.0787402][13.9834,-14.9776,0][0.265108,0.23543,0.512188][-0.354331,0.913386,0.204724][13.9834,-14.968,0][-0.266376,0.222098,0.358898][0.385827,0.92126,-0.0787402][14.0166,-14.9776,0][-0.489638,0.38333,0.486996][0.661417,0.716535,0.228346][14.0306,-14.9696,0][-0.265108,0.23543,0.512188][0.354331,0.913386,0.204724][14.0166,-14.968,0][-0.489638,0.38333,0.486996][0.661417,0.716535,0.228346][14.0306,-14.9696,0][-0.266376,0.222098,0.358898][0.385827,0.92126,-0.0787402][14.0166,-14.9776,0][-0.48982,0.369286,0.333876][0.708661,0.700787,-0.0629921][14.0306,-14.9791,0][0.60549,-0.0512682,0.390022][-0.480315,0.582677,0.653543][13.9622,-14.9756,0][0.609476,-0.0284696,0.353164][-0.425197,0.88189,0.204724][13.9619,-14.9779,0][0.595286,-0.0388676,0.357766][-0.614173,0.748031,0.267717][13.9628,-14.9776,0][0.609476,-0.0284696,0.353164][-0.425197,0.88189,0.204724][13.9619,-14.9779,0][0.60549,-0.0512682,0.390022][-0.480315,0.582677,0.653543][13.9622,-14.9756,0][0.63106,-0.0325324,0.38173][-0.15748,0.818898,0.543307][13.9606,-14.9761,0][-0.609476,-0.0284696,0.353164][0.425197,0.88189,0.204724][14.0381,-14.9779,0][-0.60549,-0.0512682,0.390022][0.480315,0.582677,0.653543][14.0378,-14.9756,0][-0.595286,-0.0388676,0.357766][0.614173,0.748031,0.267717][14.0372,-14.9776,0][-0.60549,-0.0512682,0.390022][0.480315,0.582677,0.653543][14.0378,-14.9756,0][-0.609476,-0.0284696,0.353164][0.425197,0.88189,0.204724][14.0381,-14.9779,0][-0.63106,-0.0325324,0.38173][0.15748,0.818898,0.543307][14.0394,-14.9761,0][1.31305e-15,0.170412,0.367684][0,1,-0.0866142][14,-14.977,0][0.265108,0.23543,0.512188][-0.354331,0.913386,0.204724][13.9834,-14.968,0][0.266376,0.222098,0.358898][-0.385827,0.92126,-0.0787402][13.9834,-14.9776,0][0.265108,0.23543,0.512188][-0.354331,0.913386,0.204724][13.9834,-14.968,0][1.31305e-15,0.170412,0.367684][0,1,-0.0866142][14,-14.977,0][1.31465e-15,0.183494,0.521044][0,0.984252,0.19685][14,-14.9674,0][1.31305e-15,0.170412,0.367684][0,1,-0.0866142][14,-14.977,0][-0.265108,0.23543,0.512188][0.354331,0.913386,0.204724][14.0166,-14.968,0][1.31465e-15,0.183494,0.521044][0,0.984252,0.19685][14,-14.9674,0][-0.265108,0.23543,0.512188][0.354331,0.913386,0.204724][14.0166,-14.968,0][1.31305e-15,0.170412,0.367684][0,1,-0.0866142][14,-14.977,0][-0.266376,0.222098,0.358898][0.385827,0.92126,-0.0787402][14.0166,-14.9776,0][0.426272,0.0866864,0.209292][-0.622047,0.740157,-0.259843][13.9734,-14.9869,0][0.517138,0.184486,0.270912][-0.622047,0.740157,-0.259843][13.9677,-14.9831,0][0.52272,0.177832,0.238498][-0.622047,0.740157,-0.259843][13.9673,-14.9851,0][0.410088,0.083322,0.238498][-0.622047,0.740157,-0.259843][13.9744,-14.9851,0][0.517138,0.184486,0.270912][-0.622047,0.740157,-0.259843][13.9677,-14.9831,0][0.426272,0.0866864,0.209292][-0.622047,0.740157,-0.259843][13.9734,-14.9869,0][0.52272,0.177832,0.238498][-0.622047,0.740157,-0.259843][13.9673,-14.9851,0][0.449852,0.0994038,0.18908][-0.622047,0.740157,-0.259843][13.9719,-14.9882,0][0.426272,0.0866864,0.209292][-0.622047,0.740157,-0.259843][13.9734,-14.9869,0][0.517138,0.184486,0.270912][-0.622047,0.740157,-0.259843][13.9677,-14.9831,0][0.410088,0.083322,0.238498][-0.622047,0.740157,-0.259843][13.9744,-14.9851,0][0.500952,0.181122,0.300118][-0.622047,0.740157,-0.259843][13.9687,-14.9812,0][0.449852,0.0994038,0.18908][-0.622047,0.740157,-0.259843][13.9719,-14.9882,0][0.52272,0.177832,0.238498][-0.622047,0.740157,-0.259843][13.9673,-14.9851,0][0.516596,0.162478,0.209292][-0.622047,0.740157,-0.259843][13.9677,-14.9869,0][0.449852,0.0994038,0.18908][-0.622047,0.740157,-0.259843][13.9719,-14.9882,0][0.516596,0.162478,0.209292][-0.622047,0.740157,-0.259843][13.9677,-14.9869,0][0.476158,0.118954,0.181868][-0.622047,0.740157,-0.259843][13.9702,-14.9886,0][0.476158,0.118954,0.181868][-0.622047,0.740157,-0.259843][13.9702,-14.9886,0][0.516596,0.162478,0.209292][-0.622047,0.740157,-0.259843][13.9677,-14.9869,0][0.499978,0.141464,0.18908][-0.622047,0.740157,-0.259843][13.9688,-14.9882,0][0.404504,0.0899758,0.270912][-0.622047,0.740157,-0.259843][13.9747,-14.9831,0][0.500952,0.181122,0.300118][-0.622047,0.740157,-0.259843][13.9687,-14.9812,0][0.410088,0.083322,0.238498][-0.622047,0.740157,-0.259843][13.9744,-14.9851,0][0.500952,0.181122,0.300118][-0.622047,0.740157,-0.259843][13.9687,-14.9812,0][0.404504,0.0899758,0.270912][-0.622047,0.740157,-0.259843][13.9747,-14.9831,0][0.477372,0.168404,0.320328][-0.622047,0.740157,-0.259843][13.9702,-14.98,0][0.410628,0.10533,0.300118][-0.622047,0.740157,-0.259843][13.9743,-14.9812,0][0.477372,0.168404,0.320328][-0.622047,0.740157,-0.259843][13.9702,-14.98,0][0.404504,0.0899758,0.270912][-0.622047,0.740157,-0.259843][13.9747,-14.9831,0][0.410628,0.10533,0.300118][-0.622047,0.740157,-0.259843][13.9743,-14.9812,0][0.451068,0.148854,0.327542][-0.622047,0.740157,-0.259843][13.9718,-14.9795,0][0.477372,0.168404,0.320328][-0.622047,0.740157,-0.259843][13.9702,-14.98,0][0.451068,0.148854,0.327542][-0.622047,0.740157,-0.259843][13.9718,-14.9795,0][0.410628,0.10533,0.300118][-0.622047,0.740157,-0.259843][13.9743,-14.9812,0][0.427246,0.126344,0.320328][-0.622047,0.740157,-0.259843][13.9733,-14.98,0][-0.516596,0.162478,0.209292][0.622047,0.740157,-0.259843][14.0323,-14.9869,0][-0.476158,0.118954,0.181868][0.622047,0.740157,-0.259843][14.0298,-14.9886,0][-0.499978,0.141464,0.18908][0.622047,0.740157,-0.259843][14.0312,-14.9882,0][-0.476158,0.118954,0.181868][0.622047,0.740157,-0.259843][14.0298,-14.9886,0][-0.516596,0.162478,0.209292][0.622047,0.740157,-0.259843][14.0323,-14.9869,0][-0.449852,0.0994038,0.18908][0.622047,0.740157,-0.259843][14.0281,-14.9882,0][-0.52272,0.177832,0.238498][0.622047,0.740157,-0.259843][14.0327,-14.9851,0][-0.449852,0.0994038,0.18908][0.622047,0.740157,-0.259843][14.0281,-14.9882,0][-0.516596,0.162478,0.209292][0.622047,0.740157,-0.259843][14.0323,-14.9869,0][-0.449852,0.0994038,0.18908][0.622047,0.740157,-0.259843][14.0281,-14.9882,0][-0.52272,0.177832,0.238498][0.622047,0.740157,-0.259843][14.0327,-14.9851,0][-0.426272,0.0866864,0.209292][0.622047,0.740157,-0.259843][14.0266,-14.9869,0][-0.426272,0.0866864,0.209292][0.622047,0.740157,-0.259843][14.0266,-14.9869,0][-0.52272,0.177832,0.238498][0.622047,0.740157,-0.259843][14.0327,-14.9851,0][-0.517138,0.184486,0.270912][0.622047,0.740157,-0.259843][14.0323,-14.9831,0][-0.426272,0.0866864,0.209292][0.622047,0.740157,-0.259843][14.0266,-14.9869,0][-0.517138,0.184486,0.270912][0.622047,0.740157,-0.259843][14.0323,-14.9831,0][-0.410088,0.083322,0.238498][0.622047,0.740157,-0.259843][14.0256,-14.9851,0][-0.500952,0.181122,0.300118][0.622047,0.740157,-0.259843][14.0313,-14.9812,0][-0.410088,0.083322,0.238498][0.622047,0.740157,-0.259843][14.0256,-14.9851,0][-0.517138,0.184486,0.270912][0.622047,0.740157,-0.259843][14.0323,-14.9831,0][-0.410088,0.083322,0.238498][0.622047,0.740157,-0.259843][14.0256,-14.9851,0][-0.500952,0.181122,0.300118][0.622047,0.740157,-0.259843][14.0313,-14.9812,0][-0.404504,0.0899758,0.270912][0.622047,0.740157,-0.259843][14.0253,-14.9831,0][-0.477372,0.168404,0.320328][0.622047,0.740157,-0.259843][14.0298,-14.98,0][-0.404504,0.0899758,0.270912][0.622047,0.740157,-0.259843][14.0253,-14.9831,0][-0.500952,0.181122,0.300118][0.622047,0.740157,-0.259843][14.0313,-14.9812,0][-0.404504,0.0899758,0.270912][0.622047,0.740157,-0.259843][14.0253,-14.9831,0][-0.477372,0.168404,0.320328][0.622047,0.740157,-0.259843][14.0298,-14.98,0][-0.410628,0.10533,0.300118][0.622047,0.740157,-0.259843][14.0257,-14.9812,0][-0.451068,0.148854,0.327542][0.622047,0.740157,-0.259843][14.0282,-14.9795,0][-0.410628,0.10533,0.300118][0.622047,0.740157,-0.259843][14.0257,-14.9812,0][-0.477372,0.168404,0.320328][0.622047,0.740157,-0.259843][14.0298,-14.98,0][-0.410628,0.10533,0.300118][0.622047,0.740157,-0.259843][14.0257,-14.9812,0][-0.451068,0.148854,0.327542][0.622047,0.740157,-0.259843][14.0282,-14.9795,0][-0.427246,0.126344,0.320328][0.622047,0.740157,-0.259843][14.0267,-14.98,0][0.63106,-0.0325324,0.38173][-0.15748,0.818898,0.543307][13.9606,-14.9761,0][0.621118,-0.0223824,0.340592][-0.275591,0.96063,0.0393701][13.9612,-14.9787,0][0.609476,-0.0284696,0.353164][-0.425197,0.88189,0.204724][13.9619,-14.9779,0][0.621118,-0.0223824,0.340592][-0.275591,0.96063,0.0393701][13.9612,-14.9787,0][0.63106,-0.0325324,0.38173][-0.15748,0.818898,0.543307][13.9606,-14.9761,0][0.652038,-0.0215622,0.359074][0.102362,0.96063,0.259843][13.9592,-14.9776,0][-0.63106,-0.0325324,0.38173][0.15748,0.818898,0.543307][14.0394,-14.9761,0][-0.621118,-0.0223824,0.340592][0.275591,0.96063,0.0393701][14.0388,-14.9787,0][-0.652038,-0.0215622,0.359074][-0.102362,0.96063,0.259843][14.0408,-14.9776,0][-0.621118,-0.0223824,0.340592][0.275591,0.96063,0.0393701][14.0388,-14.9787,0][-0.63106,-0.0325324,0.38173][0.15748,0.818898,0.543307][14.0394,-14.9761,0][-0.609476,-0.0284696,0.353164][0.425197,0.88189,0.204724][14.0381,-14.9779,0][0.625798,-0.02807,0.306244][-0.212598,0.889764,-0.409449][13.9609,-14.9809,0][0.645668,-0.050284,0.274528][0.023622,0.598425,-0.80315][13.9596,-14.9828,0][0.617582,-0.038322,0.293672][-0.314961,0.748031,-0.574803][13.9614,-14.9816,0][0.645668,-0.050284,0.274528][0.023622,0.598425,-0.80315][13.9596,-14.9828,0][0.625798,-0.02807,0.306244][-0.212598,0.889764,-0.409449][13.9609,-14.9809,0][0.660472,-0.0318104,0.297182][0.204724,0.834646,-0.519685][13.9587,-14.9814,0][-0.617582,-0.038322,0.293672][0.314961,0.748031,-0.574803][14.0386,-14.9816,0][-0.645668,-0.050284,0.274528][-0.023622,0.598425,-0.80315][14.0404,-14.9828,0][-0.625798,-0.02807,0.306244][0.212598,0.889764,-0.409449][14.0391,-14.9809,0][-0.645668,-0.050284,0.274528][-0.023622,0.598425,-0.80315][14.0404,-14.9828,0][-0.660472,-0.0318104,0.297182][-0.204724,0.834646,-0.519685][14.0413,-14.9814,0][-0.625798,-0.02807,0.306244][0.212598,0.889764,-0.409449][14.0391,-14.9809,0][0.652038,-0.0215622,0.359074][0.102362,0.96063,0.259843][13.9592,-14.9776,0][0.662804,-0.021298,0.328128][0.23622,0.96063,-0.125984][13.9586,-14.9795,0][0.621118,-0.0223824,0.340592][-0.275591,0.96063,0.0393701][13.9612,-14.9787,0][0.662804,-0.021298,0.328128][0.23622,0.96063,-0.125984][13.9586,-14.9795,0][0.627092,-0.0222336,0.323418][-0.19685,0.96063,-0.188976][13.9608,-14.9798,0][0.621118,-0.0223824,0.340592][-0.275591,0.96063,0.0393701][13.9612,-14.9787,0][-0.652038,-0.0215622,0.359074][-0.102362,0.96063,0.259843][14.0408,-14.9776,0][-0.621118,-0.0223824,0.340592][0.275591,0.96063,0.0393701][14.0388,-14.9787,0][-0.662804,-0.021298,0.328128][-0.23622,0.96063,-0.125984][14.0414,-14.9795,0][-0.662804,-0.021298,0.328128][-0.23622,0.96063,-0.125984][14.0414,-14.9795,0][-0.621118,-0.0223824,0.340592][0.275591,0.96063,0.0393701][14.0388,-14.9787,0][-0.627092,-0.0222336,0.323418][0.19685,0.96063,-0.188976][14.0392,-14.9798,0][0.627092,-0.0222336,0.323418][-0.19685,0.96063,-0.188976][13.9608,-14.9798,0][0.660472,-0.0318104,0.297182][0.204724,0.834646,-0.519685][13.9587,-14.9814,0][0.625798,-0.02807,0.306244][-0.212598,0.889764,-0.409449][13.9609,-14.9809,0][0.660472,-0.0318104,0.297182][0.204724,0.834646,-0.519685][13.9587,-14.9814,0][0.627092,-0.0222336,0.323418][-0.19685,0.96063,-0.188976][13.9608,-14.9798,0][0.662804,-0.021298,0.328128][0.23622,0.96063,-0.125984][13.9586,-14.9795,0][-0.625798,-0.02807,0.306244][0.212598,0.889764,-0.409449][14.0391,-14.9809,0][-0.660472,-0.0318104,0.297182][-0.204724,0.834646,-0.519685][14.0413,-14.9814,0][-0.627092,-0.0222336,0.323418][0.19685,0.96063,-0.188976][14.0392,-14.9798,0][-0.660472,-0.0318104,0.297182][-0.204724,0.834646,-0.519685][14.0413,-14.9814,0][-0.662804,-0.021298,0.328128][-0.23622,0.96063,-0.125984][14.0414,-14.9795,0][-0.627092,-0.0222336,0.323418][0.19685,0.96063,-0.188976][14.0392,-14.9798,0][0.595286,-0.0388676,0.357766][-0.614173,0.748031,0.267717][13.9628,-14.9776,0][0.594986,-0.0385024,0.321736][-0.622047,0.755906,-0.212598][13.9628,-14.9799,0][0.58235,-0.0507904,0.353164][-0.779528,0.590551,0.204724][13.9636,-14.9779,0][0.609476,-0.0284696,0.353164][-0.425197,0.88189,0.204724][13.9619,-14.9779,0][0.594986,-0.0385024,0.321736][-0.622047,0.755906,-0.212598][13.9628,-14.9799,0][0.595286,-0.0388676,0.357766][-0.614173,0.748031,0.267717][13.9628,-14.9776,0][-0.595286,-0.0388676,0.357766][0.614173,0.748031,0.267717][14.0372,-14.9776,0][-0.58235,-0.0507904,0.353164][0.779528,0.590551,0.204724][14.0364,-14.9779,0][-0.594986,-0.0385024,0.321736][0.622047,0.755906,-0.212598][14.0372,-14.9799,0][-0.609476,-0.0284696,0.353164][0.425197,0.88189,0.204724][14.0381,-14.9779,0][-0.595286,-0.0388676,0.357766][0.614173,0.748031,0.267717][14.0372,-14.9776,0][-0.594986,-0.0385024,0.321736][0.622047,0.755906,-0.212598][14.0372,-14.9799,0][0.590456,-0.0606418,0.293672][-0.677165,0.456693,-0.574803][13.9631,-14.9816,0][0.594986,-0.0385024,0.321736][-0.622047,0.755906,-0.212598][13.9628,-14.9799,0][0.604646,-0.050244,0.28907][-0.488189,0.590551,-0.637795][13.9622,-14.9819,0][-0.590456,-0.0606418,0.293672][0.677165,0.456693,-0.574803][14.0369,-14.9816,0][-0.604646,-0.050244,0.28907][0.488189,0.590551,-0.637795][14.0378,-14.9819,0][-0.594986,-0.0385024,0.321736][0.622047,0.755906,-0.212598][14.0372,-14.9799,0][0.621118,-0.0223824,0.340592][-0.275591,0.96063,0.0393701][13.9612,-14.9787,0][0.594986,-0.0385024,0.321736][-0.622047,0.755906,-0.212598][13.9628,-14.9799,0][0.609476,-0.0284696,0.353164][-0.425197,0.88189,0.204724][13.9619,-14.9779,0][-0.621118,-0.0223824,0.340592][0.275591,0.96063,0.0393701][14.0388,-14.9787,0][-0.609476,-0.0284696,0.353164][0.425197,0.88189,0.204724][14.0381,-14.9779,0][-0.594986,-0.0385024,0.321736][0.622047,0.755906,-0.212598][14.0372,-14.9799,0][0.604646,-0.050244,0.28907][-0.488189,0.590551,-0.637795][13.9622,-14.9819,0][0.594986,-0.0385024,0.321736][-0.622047,0.755906,-0.212598][13.9628,-14.9799,0][0.617582,-0.038322,0.293672][-0.314961,0.748031,-0.574803][13.9614,-14.9816,0][0.617582,-0.038322,0.293672][-0.314961,0.748031,-0.574803][13.9614,-14.9816,0][0.594986,-0.0385024,0.321736][-0.622047,0.755906,-0.212598][13.9628,-14.9799,0][0.625798,-0.02807,0.306244][-0.212598,0.889764,-0.409449][13.9609,-14.9809,0][-0.604646,-0.050244,0.28907][0.488189,0.590551,-0.637795][14.0378,-14.9819,0][-0.617582,-0.038322,0.293672][0.314961,0.748031,-0.574803][14.0386,-14.9816,0][-0.594986,-0.0385024,0.321736][0.622047,0.755906,-0.212598][14.0372,-14.9799,0][-0.617582,-0.038322,0.293672][0.314961,0.748031,-0.574803][14.0386,-14.9816,0][-0.625798,-0.02807,0.306244][0.212598,0.889764,-0.409449][14.0391,-14.9809,0][-0.594986,-0.0385024,0.321736][0.622047,0.755906,-0.212598][14.0372,-14.9799,0][0.627092,-0.0222336,0.323418][-0.19685,0.96063,-0.188976][13.9608,-14.9798,0][0.594986,-0.0385024,0.321736][-0.622047,0.755906,-0.212598][13.9628,-14.9799,0][0.621118,-0.0223824,0.340592][-0.275591,0.96063,0.0393701][13.9612,-14.9787,0][-0.627092,-0.0222336,0.323418][0.19685,0.96063,-0.188976][14.0392,-14.9798,0][-0.621118,-0.0223824,0.340592][0.275591,0.96063,0.0393701][14.0388,-14.9787,0][-0.594986,-0.0385024,0.321736][0.622047,0.755906,-0.212598][14.0372,-14.9799,0][0.625798,-0.02807,0.306244][-0.212598,0.889764,-0.409449][13.9609,-14.9809,0][0.594986,-0.0385024,0.321736][-0.622047,0.755906,-0.212598][13.9628,-14.9799,0][0.627092,-0.0222336,0.323418][-0.19685,0.96063,-0.188976][13.9608,-14.9798,0][-0.625798,-0.02807,0.306244][0.212598,0.889764,-0.409449][14.0391,-14.9809,0][-0.627092,-0.0222336,0.323418][0.19685,0.96063,-0.188976][14.0392,-14.9798,0][-0.594986,-0.0385024,0.321736][0.622047,0.755906,-0.212598][14.0372,-14.9799,0][0.693784,-0.108758,0.402898][0.590551,-0.0944882,0.80315][14.0434,-15.0693,0][0.668214,-0.127496,0.41119][0.267717,-0.330709,0.905512][14.0418,-15.0705,0][0.700114,-0.13862,0.383754][0.677165,-0.456693,0.574803][14.0438,-15.0712,0][0.700114,-0.13862,0.383754][0.677165,-0.456693,0.574803][14.0438,-15.0712,0][0.668214,-0.127496,0.41119][0.267717,-0.330709,0.905512][14.0418,-15.0705,0][0.685924,-0.14902,0.388356][0.488189,-0.590551,0.637795][14.0429,-15.0718,0][-0.693784,-0.108758,0.402898][-0.590551,-0.0944882,0.80315][13.9566,-15.0693,0][-0.700114,-0.13862,0.383754][-0.677165,-0.456693,0.574803][13.9562,-15.0712,0][-0.668214,-0.127496,0.41119][-0.267717,-0.330709,0.905512][13.9582,-15.0705,0][-0.700114,-0.13862,0.383754][-0.677165,-0.456693,0.574803][13.9562,-15.0712,0][-0.685924,-0.14902,0.388356][-0.488189,-0.590551,0.637795][13.9571,-15.0718,0][-0.668214,-0.127496,0.41119][-0.267717,-0.330709,0.905512][13.9582,-15.0705,0][0.33178,0.0777744,0.55453][0.212598,-0.362205,0.905512][14.0207,-15.0576,0][1.30283e-15,0.0869364,0.598536][0,-0.173228,0.984252][14,-15.0571,0][1.29374e-15,0.01271,0.56559][0,-0.409449,0.913386][14,-15.0617,0][1.30283e-15,0.0869364,0.598536][0,-0.173228,0.984252][14,-15.0571,0][0.33178,0.0777744,0.55453][0.212598,-0.362205,0.905512][14.0207,-15.0576,0][0.30586,0.147,0.58838][0.125984,-0.149606,0.984252][14.0191,-15.0533,0][-0.33178,0.0777744,0.55453][-0.212598,-0.362205,0.905512][13.9793,-15.0576,0][1.30283e-15,0.0869364,0.598536][0,-0.173228,0.984252][14,-15.0571,0][-0.30586,0.147,0.58838][-0.125984,-0.149606,0.984252][13.9809,-15.0533,0][1.30283e-15,0.0869364,0.598536][0,-0.173228,0.984252][14,-15.0571,0][-0.33178,0.0777744,0.55453][-0.212598,-0.362205,0.905512][13.9793,-15.0576,0][1.29374e-15,0.01271,0.56559][0,-0.409449,0.913386][14,-15.0617,0][-0.61305,0.263054,0.523034][-0.393701,-0.244094,0.889764][13.9617,-15.0461,0][-0.30586,0.147,0.58838][-0.125984,-0.149606,0.984252][13.9809,-15.0533,0][-0.564996,0.31799,0.559466][-0.23622,-0.0708661,0.968504][13.9647,-15.0426,0][-0.30586,0.147,0.58838][-0.125984,-0.149606,0.984252][13.9809,-15.0533,0][-0.61305,0.263054,0.523034][-0.393701,-0.244094,0.889764][13.9617,-15.0461,0][-0.33178,0.0777744,0.55453][-0.212598,-0.362205,0.905512][13.9793,-15.0576,0][0.61305,0.263054,0.523034][0.393701,-0.244094,0.889764][14.0383,-15.0461,0][0.30586,0.147,0.58838][0.125984,-0.149606,0.984252][14.0191,-15.0533,0][0.33178,0.0777744,0.55453][0.212598,-0.362205,0.905512][14.0207,-15.0576,0][0.30586,0.147,0.58838][0.125984,-0.149606,0.984252][14.0191,-15.0533,0][0.61305,0.263054,0.523034][0.393701,-0.244094,0.889764][14.0383,-15.0461,0][0.564996,0.31799,0.559466][0.23622,-0.0708661,0.968504][14.0353,-15.0426,0][0.616894,-0.127242,0.40933][-0.354331,-0.338583,0.874016][14.0386,-15.0705,0][0.6301,-0.167452,0.380244][-0.204724,-0.834646,0.519685][14.0394,-15.073,0][0.644904,-0.148978,0.402898][-0.023622,-0.598425,0.80315][14.0403,-15.0718,0][0.6301,-0.167452,0.380244][-0.204724,-0.834646,0.519685][14.0394,-15.073,0][0.616894,-0.127242,0.40933][-0.354331,-0.338583,0.874016][14.0386,-15.0705,0][0.598434,-0.150278,0.38108][-0.582677,-0.622047,0.519685][14.0374,-15.0719,0][-0.616894,-0.127242,0.40933][0.354331,-0.338583,0.874016][13.9614,-15.0705,0][-0.6301,-0.167452,0.380244][0.204724,-0.834646,0.519685][13.9606,-15.073,0][-0.598434,-0.150278,0.38108][0.582677,-0.622047,0.519685][13.9626,-15.0719,0][-0.6301,-0.167452,0.380244][0.204724,-0.834646,0.519685][13.9606,-15.073,0][-0.616894,-0.127242,0.40933][0.354331,-0.338583,0.874016][13.9614,-15.0705,0][-0.644904,-0.148978,0.402898][0.023622,-0.598425,0.80315][13.9597,-15.0718,0][0.564996,0.31799,0.559466][0.23622,-0.0708661,0.968504][14.0353,-15.0426,0][0.800988,0.540346,0.475898][0.511811,-0.0708661,0.858268][14.0501,-15.0287,0][0.737886,0.573714,0.516226][0.299213,0.0314961,0.952756][14.0461,-15.0266,0][0.800988,0.540346,0.475898][0.511811,-0.0708661,0.858268][14.0501,-15.0287,0][0.564996,0.31799,0.559466][0.23622,-0.0708661,0.968504][14.0353,-15.0426,0][0.61305,0.263054,0.523034][0.393701,-0.244094,0.889764][14.0383,-15.0461,0][-0.800988,0.540346,0.475898][-0.511811,-0.0708661,0.858268][13.9499,-15.0287,0][-0.564996,0.31799,0.559466][-0.23622,-0.0708661,0.968504][13.9647,-15.0426,0][-0.737886,0.573714,0.516226][-0.299213,0.0314961,0.952756][13.9539,-15.0266,0][-0.564996,0.31799,0.559466][-0.23622,-0.0708661,0.968504][13.9647,-15.0426,0][-0.800988,0.540346,0.475898][-0.511811,-0.0708661,0.858268][13.9499,-15.0287,0][-0.61305,0.263054,0.523034][-0.393701,-0.244094,0.889764][13.9617,-15.0461,0][0.366848,-0.072498,-0.143168][0.377953,-0.834646,0.401575][14.0229,-15.067,0][0.659082,0.120004,-0.175892][0.685039,-0.614173,0.401575][14.0412,-15.055,0][0.61305,0.155192,-0.111488][0.661417,-0.614173,0.425197][14.0383,-15.0528,0][0.61305,0.155192,-0.111488][0.661417,-0.614173,0.425197][14.0383,-15.0528,0][0.33178,-0.030088,-0.079992][0.354331,-0.84252,0.417323][14.0207,-15.0644,0][0.366848,-0.072498,-0.143168][0.377953,-0.834646,0.401575][14.0229,-15.067,0][-0.659082,0.120004,-0.175892][-0.685039,-0.614173,0.401575][13.9588,-15.055,0][-0.366848,-0.072498,-0.143168][-0.377953,-0.834646,0.401575][13.9771,-15.067,0][-0.61305,0.155192,-0.111488][-0.661417,-0.614173,0.425197][13.9617,-15.0528,0][-0.61305,0.155192,-0.111488][-0.661417,-0.614173,0.425197][13.9617,-15.0528,0][-0.366848,-0.072498,-0.143168][-0.377953,-0.834646,0.401575][13.9771,-15.067,0][-0.33178,-0.030088,-0.079992][-0.354331,-0.84252,0.417323][13.9793,-15.0644,0][0.8143,2.15618,-0.202224][0.346457,0.740157,0.582677][14.0509,-14.9277,0][0.807938,2.14312,-0.186678][0.204724,0.448819,0.866142][14.0505,-14.9286,0][0.834078,2.14626,-0.20668][0.590551,0.614173,0.527559][14.0521,-14.9284,0][0.807938,2.14312,-0.186678][0.204724,0.448819,0.866142][14.0505,-14.9286,0][0.831904,2.1311,-0.192076][0.527559,0.283465,0.795276][14.052,-14.9293,0][0.834078,2.14626,-0.20668][0.590551,0.614173,0.527559][14.0521,-14.9284,0][-0.8143,2.15618,-0.202224][-0.346457,0.740157,0.582677][13.9491,-14.9277,0][-0.834078,2.14626,-0.20668][-0.590551,0.614173,0.527559][13.9479,-14.9284,0][-0.807938,2.14312,-0.186678][-0.204724,0.448819,0.866142][13.9495,-14.9286,0][-0.831904,2.1311,-0.192076][-0.527559,0.283465,0.795276][13.948,-14.9293,0][-0.807938,2.14312,-0.186678][-0.204724,0.448819,0.866142][13.9495,-14.9286,0][-0.834078,2.14626,-0.20668][-0.590551,0.614173,0.527559][13.9479,-14.9284,0][0.737886,0.573714,0.516226][0.299213,0.0314961,0.952756][14.0461,-15.0266,0][0.866984,0.867434,0.420296][0.551181,0.141732,0.818898][14.0542,-15.0083,0][0.798274,0.87508,0.465272][0.322835,0.15748,0.937008][14.0499,-15.0078,0][0.866984,0.867434,0.420296][0.551181,0.141732,0.818898][14.0542,-15.0083,0][0.737886,0.573714,0.516226][0.299213,0.0314961,0.952756][14.0461,-15.0266,0][0.800988,0.540346,0.475898][0.511811,-0.0708661,0.858268][14.0501,-15.0287,0][-0.737886,0.573714,0.516226][-0.299213,0.0314961,0.952756][13.9539,-15.0266,0][-0.866984,0.867434,0.420296][-0.551181,0.141732,0.818898][13.9458,-15.0083,0][-0.800988,0.540346,0.475898][-0.511811,-0.0708661,0.858268][13.9499,-15.0287,0][-0.866984,0.867434,0.420296][-0.551181,0.141732,0.818898][13.9458,-15.0083,0][-0.737886,0.573714,0.516226][-0.299213,0.0314961,0.952756][13.9539,-15.0266,0][-0.798274,0.87508,0.465272][-0.322835,0.15748,0.937008][13.9501,-15.0078,0][0.821534,1.67296,0.258782][0.574803,0.322835,0.755906][14.0513,-14.9579,0][0.994756,1.62353,0.095996][0.858268,0.023622,0.511811][14.0622,-14.961,0][0.840116,1.73001,0.239064][0.535433,0.228346,0.811024][14.0525,-14.9544,0][0.994756,1.62353,0.095996][0.858268,0.023622,0.511811][14.0622,-14.961,0][0.821534,1.67296,0.258782][0.574803,0.322835,0.755906][14.0513,-14.9579,0][0.979528,1.56439,0.112242][0.88189,0.133858,0.456693][14.0612,-14.9647,0][-0.994756,1.62353,0.095996][-0.858268,0.023622,0.511811][13.9378,-14.961,0][-0.821534,1.67296,0.258782][-0.574803,0.322835,0.755906][13.9487,-14.9579,0][-0.840116,1.73001,0.239064][-0.535433,0.228346,0.811024][13.9475,-14.9544,0][-0.821534,1.67296,0.258782][-0.574803,0.322835,0.755906][13.9487,-14.9579,0][-0.994756,1.62353,0.095996][-0.858268,0.023622,0.511811][13.9378,-14.961,0][-0.979528,1.56439,0.112242][-0.88189,0.133858,0.456693][13.9388,-14.9647,0][0.607628,1.77752,0.302216][0.102362,0.433071,0.897638][14.038,-14.9514,0][0.82093,1.66839,0.262806][0.535433,0.228346,0.811024][14.0513,-14.9582,0][0.821534,1.67296,0.258782][0.574803,0.322835,0.755906][14.0513,-14.9579,0][0.607628,1.77752,0.302216][0.102362,0.433071,0.897638][14.038,-14.9514,0][0.821534,1.67296,0.258782][0.574803,0.322835,0.755906][14.0513,-14.9579,0][0.609944,1.78127,0.297998][0.15748,0.519685,0.84252][14.0381,-14.9512,0][-0.607628,1.77752,0.302216][-0.102362,0.433071,0.897638][13.962,-14.9514,0][-0.821534,1.67296,0.258782][-0.574803,0.322835,0.755906][13.9487,-14.9579,0][-0.82093,1.66839,0.262806][-0.535433,0.228346,0.811024][13.9487,-14.9582,0][-0.609944,1.78127,0.297998][-0.15748,0.519685,0.84252][13.9619,-14.9512,0][-0.821534,1.67296,0.258782][-0.574803,0.322835,0.755906][13.9487,-14.9579,0][-0.607628,1.77752,0.302216][-0.102362,0.433071,0.897638][13.962,-14.9514,0][0.800988,1.19452,0.364696][0.511811,0.346457,0.787402][14.0501,-14.9878,0][0.798274,0.87508,0.465272][0.322835,0.15748,0.937008][14.0499,-15.0078,0][0.866984,0.867434,0.420296][0.551181,0.141732,0.818898][14.0542,-15.0083,0][0.798274,0.87508,0.465272][0.322835,0.15748,0.937008][14.0499,-15.0078,0][0.800988,1.19452,0.364696][0.511811,0.346457,0.787402][14.0501,-14.9878,0][0.737136,1.17614,0.41437][0.291339,0.275591,0.913386][14.0461,-14.989,0][-0.798274,0.87508,0.465272][-0.322835,0.15748,0.937008][13.9501,-15.0078,0][-0.800988,1.19452,0.364696][-0.511811,0.346457,0.787402][13.9499,-14.9878,0][-0.866984,0.867434,0.420296][-0.551181,0.141732,0.818898][13.9458,-15.0083,0][-0.800988,1.19452,0.364696][-0.511811,0.346457,0.787402][13.9499,-14.9878,0][-0.798274,0.87508,0.465272][-0.322835,0.15748,0.937008][13.9501,-15.0078,0][-0.737136,1.17614,0.41437][-0.291339,0.275591,0.913386][13.9539,-14.989,0][0.668214,-0.127496,0.41119][0.267717,-0.330709,0.905512][14.0418,-15.0705,0][0.672988,-0.160942,0.383754][0.314961,-0.748031,0.574803][14.0421,-15.0726,0][0.685924,-0.14902,0.388356][0.488189,-0.590551,0.637795][14.0429,-15.0718,0][0.672988,-0.160942,0.383754][0.314961,-0.748031,0.574803][14.0421,-15.0726,0][0.668214,-0.127496,0.41119][0.267717,-0.330709,0.905512][14.0418,-15.0705,0][0.644904,-0.148978,0.402898][-0.023622,-0.598425,0.80315][14.0403,-15.0718,0][0.693784,-0.108758,0.402898][0.590551,-0.0944882,0.80315][14.0434,-15.0693,0][0.645962,-0.100454,0.41967][0,-0.00787402,1][14.0404,-15.0688,0][0.668214,-0.127496,0.41119][0.267717,-0.330709,0.905512][14.0418,-15.0705,0][0.677846,-0.077088,0.40933][0.401575,0.283465,0.874016][14.0424,-15.0673,0][0.645962,-0.100454,0.41967][0,-0.00787402,1][14.0404,-15.0688,0][0.693784,-0.108758,0.402898][0.590551,-0.0944882,0.80315][14.0434,-15.0693,0][0.645962,-0.100454,0.41967][0,-0.00787402,1][14.0404,-15.0688,0][0.644904,-0.148978,0.402898][-0.023622,-0.598425,0.80315][14.0403,-15.0718,0][0.668214,-0.127496,0.41119][0.267717,-0.330709,0.905512][14.0418,-15.0705,0][0.644904,-0.148978,0.402898][-0.023622,-0.598425,0.80315][14.0403,-15.0718,0][0.645962,-0.100454,0.41967][0,-0.00787402,1][14.0404,-15.0688,0][0.616894,-0.127242,0.40933][-0.354331,-0.338583,0.874016][14.0386,-15.0705,0][0.645962,-0.100454,0.41967][0,-0.00787402,1][14.0404,-15.0688,0][0.655462,-0.0498844,0.401774][0.133858,0.606299,0.779528][14.041,-15.0656,0][0.623576,-0.0732476,0.412114][-0.259843,0.322835,0.913386][14.039,-15.0671,0][0.655462,-0.0498844,0.401774][0.133858,0.606299,0.779528][14.041,-15.0656,0][0.645962,-0.100454,0.41967][0,-0.00787402,1][14.0404,-15.0688,0][0.677846,-0.077088,0.40933][0.401575,0.283465,0.874016][14.0424,-15.0673,0][-0.668214,-0.127496,0.41119][-0.267717,-0.330709,0.905512][13.9582,-15.0705,0][-0.672988,-0.160942,0.383754][-0.314961,-0.748031,0.574803][13.9579,-15.0726,0][-0.644904,-0.148978,0.402898][0.023622,-0.598425,0.80315][13.9597,-15.0718,0][-0.672988,-0.160942,0.383754][-0.314961,-0.748031,0.574803][13.9579,-15.0726,0][-0.668214,-0.127496,0.41119][-0.267717,-0.330709,0.905512][13.9582,-15.0705,0][-0.685924,-0.14902,0.388356][-0.488189,-0.590551,0.637795][13.9571,-15.0718,0][-0.693784,-0.108758,0.402898][-0.590551,-0.0944882,0.80315][13.9566,-15.0693,0][-0.668214,-0.127496,0.41119][-0.267717,-0.330709,0.905512][13.9582,-15.0705,0][-0.645962,-0.100454,0.41967][0,-0.00787402,1][13.9596,-15.0688,0][-0.677846,-0.077088,0.40933][-0.401575,0.283465,0.874016][13.9576,-15.0673,0][-0.693784,-0.108758,0.402898][-0.590551,-0.0944882,0.80315][13.9566,-15.0693,0][-0.645962,-0.100454,0.41967][0,-0.00787402,1][13.9596,-15.0688,0][-0.645962,-0.100454,0.41967][0,-0.00787402,1][13.9596,-15.0688,0][-0.644904,-0.148978,0.402898][0.023622,-0.598425,0.80315][13.9597,-15.0718,0][-0.616894,-0.127242,0.40933][0.354331,-0.338583,0.874016][13.9614,-15.0705,0][-0.644904,-0.148978,0.402898][0.023622,-0.598425,0.80315][13.9597,-15.0718,0][-0.645962,-0.100454,0.41967][0,-0.00787402,1][13.9596,-15.0688,0][-0.668214,-0.127496,0.41119][-0.267717,-0.330709,0.905512][13.9582,-15.0705,0][-0.645962,-0.100454,0.41967][0,-0.00787402,1][13.9596,-15.0688,0][-0.655462,-0.0498844,0.401774][-0.133858,0.606299,0.779528][13.959,-15.0656,0][-0.677846,-0.077088,0.40933][-0.401575,0.283465,0.874016][13.9576,-15.0673,0][-0.655462,-0.0498844,0.401774][-0.133858,0.606299,0.779528][13.959,-15.0656,0][-0.645962,-0.100454,0.41967][0,-0.00787402,1][13.9596,-15.0688,0][-0.623576,-0.0732476,0.412114][0.259843,0.322835,0.913386][13.961,-15.0671,0][-0.980252,1.55892,0.115182][-0.866142,0.0314961,0.503937][13.9387,-14.9651,0][-0.79888,1.6143,0.271938][-0.448819,-0.0314961,0.897638][13.9501,-14.9616,0][-0.82093,1.66839,0.262806][-0.535433,0.228346,0.811024][13.9487,-14.9582,0][-0.79888,1.6143,0.271938][-0.448819,-0.0314961,0.897638][13.9501,-14.9616,0][-0.980252,1.55892,0.115182][-0.866142,0.0314961,0.503937][13.9387,-14.9651,0][-0.95784,1.50514,0.12425][-0.787402,-0.228346,0.574803][13.9401,-14.9684,0][0.79888,1.6143,0.271938][0.448819,-0.0314961,0.897638][14.0499,-14.9616,0][0.980252,1.55892,0.115182][0.866142,0.0314961,0.503937][14.0613,-14.9651,0][0.82093,1.66839,0.262806][0.535433,0.228346,0.811024][14.0513,-14.9582,0][0.980252,1.55892,0.115182][0.866142,0.0314961,0.503937][14.0613,-14.9651,0][0.79888,1.6143,0.271938][0.448819,-0.0314961,0.897638][14.0499,-14.9616,0][0.95784,1.50514,0.12425][0.787402,-0.228346,0.574803][14.0599,-14.9684,0][0.61305,1.47181,0.31756][0.393701,0.527559,0.755906][14.0383,-14.9705,0][0.737136,1.17614,0.41437][0.291339,0.275591,0.913386][14.0461,-14.989,0][0.800988,1.19452,0.364696][0.511811,0.346457,0.787402][14.0501,-14.9878,0][0.737136,1.17614,0.41437][0.291339,0.275591,0.913386][14.0461,-14.989,0][0.61305,1.47181,0.31756][0.393701,0.527559,0.755906][14.0383,-14.9705,0][0.563942,1.43113,0.37125][0.220472,0.377953,0.897638][14.0352,-14.9731,0][-0.61305,1.47181,0.31756][-0.393701,0.527559,0.755906][13.9617,-14.9705,0][-0.737136,1.17614,0.41437][-0.291339,0.275591,0.913386][13.9539,-14.989,0][-0.563942,1.43113,0.37125][-0.220472,0.377953,0.897638][13.9648,-14.9731,0][-0.737136,1.17614,0.41437][-0.291339,0.275591,0.913386][13.9539,-14.989,0][-0.61305,1.47181,0.31756][-0.393701,0.527559,0.755906][13.9617,-14.9705,0][-0.800988,1.19452,0.364696][-0.511811,0.346457,0.787402][13.9499,-14.9878,0][0.633204,1.83618,0.27683][0.102362,0.440945,0.889764][14.0396,-14.9477,0][0.87975,1.87618,0.14677][0.606299,0.503937,0.614173][14.055,-14.9452,0][0.70617,1.96565,0.179198][0.244094,0.685039,0.685039][14.0441,-14.9396,0][0.87975,1.87618,0.14677][0.606299,0.503937,0.614173][14.055,-14.9452,0][0.633204,1.83618,0.27683][0.102362,0.440945,0.889764][14.0396,-14.9477,0][0.840116,1.73001,0.239064][0.535433,0.228346,0.811024][14.0525,-14.9544,0][0.633204,1.83618,0.27683][0.102362,0.440945,0.889764][14.0396,-14.9477,0][0.70617,1.96565,0.179198][0.244094,0.685039,0.685039][14.0441,-14.9396,0][0.533344,2.03208,0.114904][-0.125984,0.834646,0.543307][14.0333,-14.9355,0][0.533344,2.03208,0.114904][-0.125984,0.834646,0.543307][14.0333,-14.9355,0][0.42755,1.91466,0.200256][-0.330709,0.606299,0.724409][14.0267,-14.9428,0][0.633204,1.83618,0.27683][0.102362,0.440945,0.889764][14.0396,-14.9477,0][-0.633204,1.83618,0.27683][-0.102362,0.440945,0.889764][13.9604,-14.9477,0][-0.87975,1.87618,0.14677][-0.606299,0.503937,0.614173][13.945,-14.9452,0][-0.840116,1.73001,0.239064][-0.535433,0.228346,0.811024][13.9475,-14.9544,0][-0.87975,1.87618,0.14677][-0.606299,0.503937,0.614173][13.945,-14.9452,0][-0.633204,1.83618,0.27683][-0.102362,0.440945,0.889764][13.9604,-14.9477,0][-0.70617,1.96565,0.179198][-0.244094,0.685039,0.685039][13.9559,-14.9396,0][-0.633204,1.83618,0.27683][-0.102362,0.440945,0.889764][13.9604,-14.9477,0][-0.533344,2.03208,0.114904][0.125984,0.834646,0.543307][13.9667,-14.9355,0][-0.70617,1.96565,0.179198][-0.244094,0.685039,0.685039][13.9559,-14.9396,0][-0.533344,2.03208,0.114904][0.125984,0.834646,0.543307][13.9667,-14.9355,0][-0.633204,1.83618,0.27683][-0.102362,0.440945,0.889764][13.9604,-14.9477,0][-0.42755,1.91466,0.200256][0.330709,0.606299,0.724409][13.9733,-14.9428,0][0.609944,1.78127,0.297998][0.15748,0.519685,0.84252][14.0381,-14.9512,0][0.840116,1.73001,0.239064][0.535433,0.228346,0.811024][14.0525,-14.9544,0][0.633204,1.83618,0.27683][0.102362,0.440945,0.889764][14.0396,-14.9477,0][0.840116,1.73001,0.239064][0.535433,0.228346,0.811024][14.0525,-14.9544,0][0.609944,1.78127,0.297998][0.15748,0.519685,0.84252][14.0381,-14.9512,0][0.821534,1.67296,0.258782][0.574803,0.322835,0.755906][14.0513,-14.9579,0][-0.609944,1.78127,0.297998][-0.15748,0.519685,0.84252][13.9619,-14.9512,0][-0.840116,1.73001,0.239064][-0.535433,0.228346,0.811024][13.9475,-14.9544,0][-0.821534,1.67296,0.258782][-0.574803,0.322835,0.755906][13.9487,-14.9579,0][-0.840116,1.73001,0.239064][-0.535433,0.228346,0.811024][13.9475,-14.9544,0][-0.609944,1.78127,0.297998][-0.15748,0.519685,0.84252][13.9619,-14.9512,0][-0.633204,1.83618,0.27683][-0.102362,0.440945,0.889764][13.9604,-14.9477,0][0.33178,1.65709,0.286064][0.212598,0.645669,0.732283][14.0207,-14.9589,0][0.563942,1.43113,0.37125][0.220472,0.377953,0.897638][14.0352,-14.9731,0][0.61305,1.47181,0.31756][0.393701,0.527559,0.755906][14.0383,-14.9705,0][0.563942,1.43113,0.37125][0.220472,0.377953,0.897638][14.0352,-14.9731,0][0.33178,1.65709,0.286064][0.212598,0.645669,0.732283][14.0207,-14.9589,0][0.30512,1.60139,0.342454][0.11811,0.440945,0.889764][14.0191,-14.9624,0][-0.33178,1.65709,0.286064][-0.212598,0.645669,0.732283][13.9793,-14.9589,0][-0.563942,1.43113,0.37125][-0.220472,0.377953,0.897638][13.9648,-14.9731,0][-0.30512,1.60139,0.342454][-0.11811,0.440945,0.889764][13.9809,-14.9624,0][-0.563942,1.43113,0.37125][-0.220472,0.377953,0.897638][13.9648,-14.9731,0][-0.33178,1.65709,0.286064][-0.212598,0.645669,0.732283][13.9793,-14.9589,0][-0.61305,1.47181,0.31756][-0.393701,0.527559,0.755906][13.9617,-14.9705,0][0.585762,1.72309,0.311672][-0.00787402,0.173228,0.984252][14.0366,-14.9548,0][0.82093,1.66839,0.262806][0.535433,0.228346,0.811024][14.0513,-14.9582,0][0.607628,1.77752,0.302216][0.102362,0.433071,0.897638][14.038,-14.9514,0][0.82093,1.66839,0.262806][0.535433,0.228346,0.811024][14.0513,-14.9582,0][0.585762,1.72309,0.311672][-0.00787402,0.173228,0.984252][14.0366,-14.9548,0][0.79888,1.6143,0.271938][0.448819,-0.0314961,0.897638][14.0499,-14.9616,0][-0.585762,1.72309,0.311672][0.00787402,0.173228,0.984252][13.9634,-14.9548,0][-0.82093,1.66839,0.262806][-0.535433,0.228346,0.811024][13.9487,-14.9582,0][-0.79888,1.6143,0.271938][-0.448819,-0.0314961,0.897638][13.9501,-14.9616,0][-0.82093,1.66839,0.262806][-0.535433,0.228346,0.811024][13.9487,-14.9582,0][-0.585762,1.72309,0.311672][0.00787402,0.173228,0.984252][13.9634,-14.9548,0][-0.607628,1.77752,0.302216][-0.102362,0.433071,0.897638][13.962,-14.9514,0][0.704006,-0.0634104,0.38108][0.724409,0.456693,0.519685][14.044,-15.0665,0][0.677846,-0.077088,0.40933][0.401575,0.283465,0.874016][14.0424,-15.0673,0][0.714762,-0.0977874,0.380244][0.858268,0.0472441,0.519685][14.0447,-15.0686,0][0.714762,-0.0977874,0.380244][0.858268,0.0472441,0.519685][14.0447,-15.0686,0][0.677846,-0.077088,0.40933][0.401575,0.283465,0.874016][14.0424,-15.0673,0][0.693784,-0.108758,0.402898][0.590551,-0.0944882,0.80315][14.0434,-15.0693,0][-0.704006,-0.0634104,0.38108][-0.724409,0.456693,0.519685][13.956,-15.0665,0][-0.714762,-0.0977874,0.380244][-0.858268,0.0472441,0.519685][13.9553,-15.0686,0][-0.677846,-0.077088,0.40933][-0.401575,0.283465,0.874016][13.9576,-15.0673,0][-0.714762,-0.0977874,0.380244][-0.858268,0.0472441,0.519685][13.9553,-15.0686,0][-0.693784,-0.108758,0.402898][-0.590551,-0.0944882,0.80315][13.9566,-15.0693,0][-0.677846,-0.077088,0.40933][-0.401575,0.283465,0.874016][13.9576,-15.0673,0][1.50308e-15,1.72216,0.275004][0,0.685039,0.732283][14,-14.9549,0][0.30512,1.60139,0.342454][0.11811,0.440945,0.889764][14.0191,-14.9624,0][0.33178,1.65709,0.286064][0.212598,0.645669,0.732283][14.0207,-14.9589,0][0.30512,1.60139,0.342454][0.11811,0.440945,0.889764][14.0191,-14.9624,0][1.50308e-15,1.72216,0.275004][0,0.685039,0.732283][14,-14.9549,0][1.49561e-15,1.66116,0.332344][0,0.464567,0.889764][14,-14.9587,0][1.50308e-15,1.72216,0.275004][0,0.685039,0.732283][14,-14.9549,0][-0.30512,1.60139,0.342454][-0.11811,0.440945,0.889764][13.9809,-14.9624,0][1.49561e-15,1.66116,0.332344][0,0.464567,0.889764][14,-14.9587,0][-0.30512,1.60139,0.342454][-0.11811,0.440945,0.889764][13.9809,-14.9624,0][1.50308e-15,1.72216,0.275004][0,0.685039,0.732283][14,-14.9549,0][-0.33178,1.65709,0.286064][-0.212598,0.645669,0.732283][13.9793,-14.9589,0][0.30586,0.147,0.58838][0.125984,-0.149606,0.984252][14.0191,-15.0533,0][0.538728,0.344052,0.55604][-0.173228,0.330709,0.929134][14.0337,-15.041,0][0.291642,0.18106,0.583894][-0.0944882,0.377953,0.92126][14.0182,-15.0512,0][0.538728,0.344052,0.55604][-0.173228,0.330709,0.929134][14.0337,-15.041,0][0.30586,0.147,0.58838][0.125984,-0.149606,0.984252][14.0191,-15.0533,0][0.564996,0.31799,0.559466][0.23622,-0.0708661,0.968504][14.0353,-15.0426,0][-0.564996,0.31799,0.559466][-0.23622,-0.0708661,0.968504][13.9647,-15.0426,0][-0.30586,0.147,0.58838][-0.125984,-0.149606,0.984252][13.9809,-15.0533,0][-0.538728,0.344052,0.55604][0.173228,0.330709,0.929134][13.9663,-15.041,0][-0.538728,0.344052,0.55604][0.173228,0.330709,0.929134][13.9663,-15.041,0][-0.30586,0.147,0.58838][-0.125984,-0.149606,0.984252][13.9809,-15.0533,0][-0.291642,0.18106,0.583894][0.0944882,0.377953,0.92126][13.9818,-15.0512,0][0.563942,1.43113,0.37125][0.220472,0.377953,0.897638][14.0352,-14.9731,0][0.702822,1.16204,0.41622][-0.244094,0.0629921,0.968504][14.0439,-14.9899,0][0.737136,1.17614,0.41437][0.291339,0.275591,0.913386][14.0461,-14.989,0][0.702822,1.16204,0.41622][-0.244094,0.0629921,0.968504][14.0439,-14.9899,0][0.563942,1.43113,0.37125][0.220472,0.377953,0.897638][14.0352,-14.9731,0][0.537674,1.40507,0.374676][-0.188976,-0.023622,0.984252][14.0336,-14.9747,0][0.2909,1.56733,0.34694][-0.102362,-0.0866142,0.992126][14.0182,-14.9645,0][1.49561e-15,1.66116,0.332344][0,0.464567,0.889764][14,-14.9587,0][1.4911e-15,1.62429,0.337204][0,-0.110236,0.992126][14,-14.961,0][1.49561e-15,1.66116,0.332344][0,0.464567,0.889764][14,-14.9587,0][0.2909,1.56733,0.34694][-0.102362,-0.0866142,0.992126][14.0182,-14.9645,0][0.30512,1.60139,0.342454][0.11811,0.440945,0.889764][14.0191,-14.9624,0][-0.702822,1.16204,0.41622][0.244094,0.0629921,0.968504][13.9561,-14.9899,0][-0.563942,1.43113,0.37125][-0.220472,0.377953,0.897638][13.9648,-14.9731,0][-0.737136,1.17614,0.41437][-0.291339,0.275591,0.913386][13.9539,-14.989,0][-0.563942,1.43113,0.37125][-0.220472,0.377953,0.897638][13.9648,-14.9731,0][-0.702822,1.16204,0.41622][0.244094,0.0629921,0.968504][13.9561,-14.9899,0][-0.537674,1.40507,0.374676][0.188976,-0.023622,0.984252][13.9664,-14.9747,0][1.49561e-15,1.66116,0.332344][0,0.464567,0.889764][14,-14.9587,0][-0.2909,1.56733,0.34694][0.102362,-0.0866142,0.992126][13.9818,-14.9645,0][1.4911e-15,1.62429,0.337204][0,-0.110236,0.992126][14,-14.961,0][-0.2909,1.56733,0.34694][0.102362,-0.0866142,0.992126][13.9818,-14.9645,0][1.49561e-15,1.66116,0.332344][0,0.464567,0.889764][14,-14.9587,0][-0.30512,1.60139,0.342454][-0.11811,0.440945,0.889764][13.9809,-14.9624,0][0.30512,1.60139,0.342454][0.11811,0.440945,0.889764][14.0191,-14.9624,0][0.537674,1.40507,0.374676][-0.188976,-0.023622,0.984252][14.0336,-14.9747,0][0.563942,1.43113,0.37125][0.220472,0.377953,0.897638][14.0352,-14.9731,0][0.537674,1.40507,0.374676][-0.188976,-0.023622,0.984252][14.0336,-14.9747,0][0.30512,1.60139,0.342454][0.11811,0.440945,0.889764][14.0191,-14.9624,0][0.2909,1.56733,0.34694][-0.102362,-0.0866142,0.992126][14.0182,-14.9645,0][-0.30512,1.60139,0.342454][-0.11811,0.440945,0.889764][13.9809,-14.9624,0][-0.537674,1.40507,0.374676][0.188976,-0.023622,0.984252][13.9664,-14.9747,0][-0.2909,1.56733,0.34694][0.102362,-0.0866142,0.992126][13.9818,-14.9645,0][-0.537674,1.40507,0.374676][0.188976,-0.023622,0.984252][13.9664,-14.9747,0][-0.30512,1.60139,0.342454][-0.11811,0.440945,0.889764][13.9809,-14.9624,0][-0.563942,1.43113,0.37125][-0.220472,0.377953,0.897638][13.9648,-14.9731,0][0.398948,1.86152,0.22024][-0.267717,0.677165,0.685039][14.0249,-14.9462,0][0.609944,1.78127,0.297998][0.15748,0.519685,0.84252][14.0381,-14.9512,0][0.42755,1.91466,0.200256][-0.330709,0.606299,0.724409][14.0267,-14.9428,0][0.609944,1.78127,0.297998][0.15748,0.519685,0.84252][14.0381,-14.9512,0][0.633204,1.83618,0.27683][0.102362,0.440945,0.889764][14.0396,-14.9477,0][0.42755,1.91466,0.200256][-0.330709,0.606299,0.724409][14.0267,-14.9428,0][-0.42755,1.91466,0.200256][0.330709,0.606299,0.724409][13.9733,-14.9428,0][-0.609944,1.78127,0.297998][-0.15748,0.519685,0.84252][13.9619,-14.9512,0][-0.398948,1.86152,0.22024][0.267717,0.677165,0.685039][13.9751,-14.9462,0][-0.609944,1.78127,0.297998][-0.15748,0.519685,0.84252][13.9619,-14.9512,0][-0.42755,1.91466,0.200256][0.330709,0.606299,0.724409][13.9733,-14.9428,0][-0.633204,1.83618,0.27683][-0.102362,0.440945,0.889764][13.9604,-14.9477,0][0.780092,1.9563,-0.163794][0.708661,-0.15748,0.692913][14.0488,-14.9402,0][0.818978,2.04522,-0.187444][0.724409,-0.133858,0.677165][14.0512,-14.9347,0][0.760622,1.96809,-0.148724][0.425197,0.015748,0.905512][14.0475,-14.9395,0][0.799506,2.05702,-0.172374][0.448819,0.0393701,0.897638][14.05,-14.9339,0][0.760622,1.96809,-0.148724][0.425197,0.015748,0.905512][14.0475,-14.9395,0][0.818978,2.04522,-0.187444][0.724409,-0.133858,0.677165][14.0512,-14.9347,0][-0.760622,1.96809,-0.148724][-0.425197,0.015748,0.905512][13.9525,-14.9395,0][-0.818978,2.04522,-0.187444][-0.724409,-0.133858,0.677165][13.9488,-14.9347,0][-0.780092,1.9563,-0.163794][-0.708661,-0.15748,0.692913][13.9512,-14.9402,0][-0.760622,1.96809,-0.148724][-0.425197,0.015748,0.905512][13.9525,-14.9395,0][-0.799508,2.05702,-0.172374][-0.448819,0.0393701,0.897638][13.95,-14.9339,0][-0.818978,2.04522,-0.187444][-0.724409,-0.133858,0.677165][13.9488,-14.9347,0][0.817838,2.0887,-0.171312][0.448819,0.0393701,0.897638][14.0511,-14.932,0][0.806698,2.06326,-0.164538][0.440945,0.0472441,0.897638][14.0504,-14.9335,0][0.840194,2.07504,-0.18863][0.724409,-0.133858,0.677165][14.0525,-14.9328,0][0.806698,2.06326,-0.164538][0.440945,0.0472441,0.897638][14.0504,-14.9335,0][0.829032,2.04962,-0.181818][0.716535,-0.133858,0.685039][14.0518,-14.9344,0][0.840194,2.07504,-0.18863][0.724409,-0.133858,0.677165][14.0525,-14.9328,0][-0.81784,2.0887,-0.171312][-0.448819,0.0393701,0.897638][13.9489,-14.932,0][-0.840194,2.07504,-0.18863][-0.724409,-0.133858,0.677165][13.9475,-14.9328,0][-0.806698,2.06326,-0.164538][-0.440945,0.0472441,0.897638][13.9496,-14.9335,0][-0.806698,2.06326,-0.164538][-0.440945,0.0472441,0.897638][13.9496,-14.9335,0][-0.840194,2.07504,-0.18863][-0.724409,-0.133858,0.677165][13.9475,-14.9328,0][-0.829032,2.04962,-0.181818][-0.716535,-0.133858,0.685039][13.9482,-14.9344,0][0.835168,2.08224,-0.19729][0.716535,-0.133858,0.685039][14.0522,-14.9324,0][0.851374,2.1193,-0.207146][0.795276,0.11811,0.598425][14.0532,-14.93,0][0.815696,2.09404,-0.18222][0.440945,0.0472441,0.897638][14.051,-14.9316,0][0.831904,2.1311,-0.192076][0.527559,0.283465,0.795276][14.052,-14.9293,0][0.815696,2.09404,-0.18222][0.440945,0.0472441,0.897638][14.051,-14.9316,0][0.851374,2.1193,-0.207146][0.795276,0.11811,0.598425][14.0532,-14.93,0][-0.815696,2.09404,-0.18222][-0.440945,0.0472441,0.897638][13.949,-14.9316,0][-0.831904,2.1311,-0.192076][-0.527559,0.283465,0.795276][13.948,-14.9293,0][-0.851374,2.1193,-0.207146][-0.795276,0.11811,0.598425][13.9468,-14.93,0][-0.815696,2.09404,-0.18222][-0.440945,0.0472441,0.897638][13.949,-14.9316,0][-0.851374,2.1193,-0.207146][-0.795276,0.11811,0.598425][13.9468,-14.93,0][-0.835168,2.08224,-0.19729][-0.716535,-0.133858,0.685039][13.9478,-14.9324,0][0.493848,0.0264124,0.327498][-0.692913,-0.377953,0.614173][14.0309,-15.0609,0][0.630638,-0.115362,0.386178][-0.448819,-0.110236,0.88189][14.0394,-15.0697,0][0.507328,0.0410722,0.342522][-0.456693,-0.110236,0.88189][14.0317,-15.0599,0][0.630638,-0.115362,0.386178][-0.448819,-0.110236,0.88189][14.0394,-15.0697,0][0.493848,0.0264124,0.327498][-0.692913,-0.377953,0.614173][14.0309,-15.0609,0][0.617988,-0.12912,0.372078][-0.692913,-0.377953,0.614173][14.0386,-15.0706,0][-0.493848,0.0264124,0.327498][0.692913,-0.377953,0.614173][13.9691,-15.0609,0][-0.630638,-0.115362,0.386178][0.448819,-0.110236,0.88189][13.9606,-15.0697,0][-0.617988,-0.12912,0.372078][0.692913,-0.377953,0.614173][13.9614,-15.0706,0][-0.630638,-0.115362,0.386178][0.448819,-0.110236,0.88189][13.9606,-15.0697,0][-0.493848,0.0264124,0.327498][0.692913,-0.377953,0.614173][13.9691,-15.0609,0][-0.507328,0.0410722,0.342522][0.456693,-0.110236,0.88189][13.9683,-15.0599,0][0.373132,1.80347,0.233704][-0.464567,0.330709,0.818898][14.0233,-14.9498,0][0.585762,1.72309,0.311672][-0.00787402,0.173228,0.984252][14.0366,-14.9548,0][0.395104,1.85826,0.223828][-0.338583,0.598425,0.732283][14.0247,-14.9464,0][0.585762,1.72309,0.311672][-0.00787402,0.173228,0.984252][14.0366,-14.9548,0][0.607628,1.77752,0.302216][0.102362,0.433071,0.897638][14.038,-14.9514,0][0.395104,1.85826,0.223828][-0.338583,0.598425,0.732283][14.0247,-14.9464,0][-0.395104,1.85826,0.223828][0.338583,0.598425,0.732283][13.9753,-14.9464,0][-0.585762,1.72309,0.311672][0.00787402,0.173228,0.984252][13.9634,-14.9548,0][-0.373132,1.80347,0.233704][0.464567,0.330709,0.818898][13.9767,-14.9498,0][-0.585762,1.72309,0.311672][0.00787402,0.173228,0.984252][13.9634,-14.9548,0][-0.395104,1.85826,0.223828][0.338583,0.598425,0.732283][13.9753,-14.9464,0][-0.607628,1.77752,0.302216][-0.102362,0.433071,0.897638][13.962,-14.9514,0][0.525132,1.41991,-0.052564][0.417323,-0.015748,0.905512][14.0328,-14.9738,0][0.780092,1.9563,-0.163794][0.708661,-0.15748,0.692913][14.0488,-14.9402,0][0.760622,1.96809,-0.148724][0.425197,0.015748,0.905512][14.0475,-14.9395,0][0.780092,1.9563,-0.163794][0.708661,-0.15748,0.692913][14.0488,-14.9402,0][0.525132,1.41991,-0.052564][0.417323,-0.015748,0.905512][14.0328,-14.9738,0][0.544764,1.40807,-0.067454][0.700787,-0.181102,0.692913][14.034,-14.9745,0][0.760622,1.96809,-0.148724][0.425197,0.015748,0.905512][14.0475,-14.9395,0][0.799506,2.05702,-0.172374][0.448819,0.0393701,0.897638][14.05,-14.9339,0][0.736654,1.98011,-0.143324][0.0866142,0.181102,0.976378][14.046,-14.9387,0][0.77554,2.06904,-0.166974][0.102362,0.212598,0.968504][14.0485,-14.9332,0][0.736654,1.98011,-0.143324][0.0866142,0.181102,0.976378][14.046,-14.9387,0][0.799506,2.05702,-0.172374][0.448819,0.0393701,0.897638][14.05,-14.9339,0][-0.525132,1.41991,-0.052564][-0.417323,-0.015748,0.905512][13.9672,-14.9738,0][-0.780092,1.9563,-0.163794][-0.708661,-0.15748,0.692913][13.9512,-14.9402,0][-0.544764,1.40807,-0.067454][-0.700787,-0.181102,0.692913][13.966,-14.9745,0][-0.780092,1.9563,-0.163794][-0.708661,-0.15748,0.692913][13.9512,-14.9402,0][-0.525132,1.41991,-0.052564][-0.417323,-0.015748,0.905512][13.9672,-14.9738,0][-0.760622,1.96809,-0.148724][-0.425197,0.015748,0.905512][13.9525,-14.9395,0][-0.736654,1.98011,-0.143324][-0.0866142,0.181102,0.976378][13.954,-14.9387,0][-0.799508,2.05702,-0.172374][-0.448819,0.0393701,0.897638][13.95,-14.9339,0][-0.760622,1.96809,-0.148724][-0.425197,0.015748,0.905512][13.9525,-14.9395,0][-0.736654,1.98011,-0.143324][-0.0866142,0.181102,0.976378][13.954,-14.9387,0][-0.77554,2.06904,-0.166974][-0.102362,0.212598,0.968504][13.9515,-14.9332,0][-0.799508,2.05702,-0.172374][-0.448819,0.0393701,0.897638][13.95,-14.9339,0][0.24398,1.89195,0.04316][-0.590551,0.748031,0.307087][14.0152,-14.9443,0][0.398948,1.86152,0.22024][-0.267717,0.677165,0.685039][14.0249,-14.9462,0][0.277036,1.94432,0.027568][-0.653543,0.677165,0.338583][14.0173,-14.941,0][0.398948,1.86152,0.22024][-0.267717,0.677165,0.685039][14.0249,-14.9462,0][0.42755,1.91466,0.200256][-0.330709,0.606299,0.724409][14.0267,-14.9428,0][0.277036,1.94432,0.027568][-0.653543,0.677165,0.338583][14.0173,-14.941,0][-0.277036,1.94432,0.027568][0.653543,0.677165,0.338583][13.9827,-14.941,0][-0.398948,1.86152,0.22024][0.267717,0.677165,0.685039][13.9751,-14.9462,0][-0.24398,1.89195,0.04316][0.590551,0.748031,0.307087][13.9848,-14.9443,0][-0.398948,1.86152,0.22024][0.267717,0.677165,0.685039][13.9751,-14.9462,0][-0.277036,1.94432,0.027568][0.653543,0.677165,0.338583][13.9827,-14.941,0][-0.42755,1.91466,0.200256][0.330709,0.606299,0.724409][13.9733,-14.9428,0][0.266376,0.222098,0.358898][0,0.165354,0.984252][14.0166,-15.0486,0][1.47936e-15,1.52842,0.136838][0,0.165354,0.984252][14,-14.967,0][1.31305e-15,0.170412,0.367684][0,0.165354,0.984252][14,-15.0518,0][1.47936e-15,1.52842,0.136838][0,0.165354,0.984252][14,-14.967,0][-0.266376,0.222098,0.358898][0,0.165354,0.984252][13.9834,-15.0486,0][1.31305e-15,0.170412,0.367684][0,0.165354,0.984252][14,-15.0518,0][1.47936e-15,1.52842,0.136838][0,0.165354,0.984252][14,-14.967,0][0.266376,0.222098,0.358898][0,0.165354,0.984252][14.0166,-15.0486,0][0.266376,1.47673,0.145624][0,0.165354,0.984252][14.0166,-14.9702,0][-0.266376,0.222098,0.358898][0,0.165354,0.984252][13.9834,-15.0486,0][1.47936e-15,1.52842,0.136838][0,0.165354,0.984252][14,-14.967,0][-0.266376,1.47673,0.145624][0,0.165354,0.984252][13.9834,-14.9702,0][0.266376,0.222098,0.358898][0,0.165354,0.984252][14.0166,-15.0486,0][0.48982,1.32954,0.170646][0,0.165354,0.984252][14.0306,-14.9794,0][0.266376,1.47673,0.145624][0,0.165354,0.984252][14.0166,-14.9702,0][-0.48982,1.32954,0.170646][0,0.165354,0.984252][13.9694,-14.9794,0][-0.266376,0.222098,0.358898][0,0.165354,0.984252][13.9834,-15.0486,0][-0.266376,1.47673,0.145624][0,0.165354,0.984252][13.9834,-14.9702,0][0.48982,1.32954,0.170646][0,0.165354,0.984252][14.0306,-14.9794,0][0.266376,0.222098,0.358898][0,0.165354,0.984252][14.0166,-15.0486,0][0.48982,0.369286,0.333876][0,0.165354,0.984252][14.0306,-15.0394,0][-0.266376,0.222098,0.358898][0,0.165354,0.984252][13.9834,-15.0486,0][-0.48982,1.32954,0.170646][0,0.165354,0.984252][13.9694,-14.9794,0][-0.48982,0.369286,0.333876][0,0.165354,0.984252][13.9694,-15.0394,0][0.63912,0.589572,0.296432][0,0.165354,0.984252][14.0399,-15.0257,0][0.48982,1.32954,0.170646][0,0.165354,0.984252][14.0306,-14.9794,0][0.48982,0.369286,0.333876][0,0.165354,0.984252][14.0306,-15.0394,0][0.48982,1.32954,0.170646][0,0.165354,0.984252][14.0306,-14.9794,0][0.63912,0.589572,0.296432][0,0.165354,0.984252][14.0399,-15.0257,0][0.63912,1.10926,0.20809][0,0.165354,0.984252][14.0399,-14.9932,0][0.63912,1.10926,0.20809][0,0.165354,0.984252][14.0399,-14.9932,0][0.63912,0.589572,0.296432][0,0.165354,0.984252][14.0399,-15.0257,0][0.691548,0.849416,0.25226][0,0.165354,0.984252][14.0432,-15.0094,0][-0.48982,1.32954,0.170646][0,0.165354,0.984252][13.9694,-14.9794,0][-0.63912,0.589572,0.296432][0,0.165354,0.984252][13.9601,-15.0257,0][-0.48982,0.369286,0.333876][0,0.165354,0.984252][13.9694,-15.0394,0][-0.63912,0.589572,0.296432][0,0.165354,0.984252][13.9601,-15.0257,0][-0.48982,1.32954,0.170646][0,0.165354,0.984252][13.9694,-14.9794,0][-0.63912,1.10926,0.20809][0,0.165354,0.984252][13.9601,-14.9932,0][-0.63912,0.589572,0.296432][0,0.165354,0.984252][13.9601,-15.0257,0][-0.63912,1.10926,0.20809][0,0.165354,0.984252][13.9601,-14.9932,0][-0.691548,0.849416,0.25226][0,0.165354,0.984252][13.9568,-15.0094,0][0.410628,0.10533,0.300118][-0.740157,-0.330709,0.590551][14.0257,-15.0559,0][0.497878,0.0398296,0.359362][-0.511811,-0.0314961,0.858268][14.0311,-15.06,0][0.427246,0.126344,0.320328][-0.519685,-0.0393701,0.850394][14.0267,-15.0546,0][0.497878,0.0398296,0.359362][-0.511811,-0.0314961,0.858268][14.0311,-15.06,0][0.410628,0.10533,0.300118][-0.740157,-0.330709,0.590551][14.0257,-15.0559,0][0.479744,0.0201104,0.339152][-0.732283,-0.314961,0.606299][14.03,-15.0612,0][-0.479744,0.0201104,0.339152][0.732283,-0.314961,0.606299][13.97,-15.0612,0][-0.410628,0.10533,0.300118][0.740157,-0.330709,0.590551][13.9743,-15.0559,0][-0.497878,0.0398296,0.359362][0.511811,-0.0314961,0.858268][13.9689,-15.06,0][-0.427246,0.126344,0.320328][0.519685,-0.0393701,0.850394][13.9733,-15.0546,0][-0.497878,0.0398296,0.359362][0.511811,-0.0314961,0.858268][13.9689,-15.06,0][-0.410628,0.10533,0.300118][0.740157,-0.330709,0.590551][13.9743,-15.0559,0][0.790266,2.1025,-0.1651][0.102362,0.212598,0.968504][14.0494,-14.9311,0][0.779168,2.07706,-0.158332][0.102362,0.212598,0.968504][14.0487,-14.9327,0][0.817838,2.0887,-0.171312][0.448819,0.0393701,0.897638][14.0511,-14.932,0][0.779168,2.07706,-0.158332][0.102362,0.212598,0.968504][14.0487,-14.9327,0][0.806698,2.06326,-0.164538][0.440945,0.0472441,0.897638][14.0504,-14.9335,0][0.817838,2.0887,-0.171312][0.448819,0.0393701,0.897638][14.0511,-14.932,0][-0.790266,2.1025,-0.1651][-0.102362,0.212598,0.968504][13.9506,-14.9311,0][-0.81784,2.0887,-0.171312][-0.448819,0.0393701,0.897638][13.9489,-14.932,0][-0.779168,2.07706,-0.158332][-0.102362,0.212598,0.968504][13.9513,-14.9327,0][-0.779168,2.07706,-0.158332][-0.102362,0.212598,0.968504][13.9513,-14.9327,0][-0.81784,2.0887,-0.171312][-0.448819,0.0393701,0.897638][13.9489,-14.932,0][-0.806698,2.06326,-0.164538][-0.440945,0.0472441,0.897638][13.9496,-14.9335,0][0.815696,2.09404,-0.18222][0.440945,0.0472441,0.897638][14.051,-14.9316,0][0.831904,2.1311,-0.192076][0.527559,0.283465,0.795276][14.052,-14.9293,0][0.79173,2.10606,-0.17682][0.102362,0.212598,0.968504][14.0495,-14.9309,0][0.807938,2.14312,-0.186678][0.204724,0.448819,0.866142][14.0505,-14.9286,0][0.79173,2.10606,-0.17682][0.102362,0.212598,0.968504][14.0495,-14.9309,0][0.831904,2.1311,-0.192076][0.527559,0.283465,0.795276][14.052,-14.9293,0][-0.79173,2.10606,-0.17682][-0.102362,0.212598,0.968504][13.9505,-14.9309,0][-0.807938,2.14312,-0.186678][-0.204724,0.448819,0.866142][13.9495,-14.9286,0][-0.831904,2.1311,-0.192076][-0.527559,0.283465,0.795276][13.948,-14.9293,0][-0.79173,2.10606,-0.17682][-0.102362,0.212598,0.968504][13.9505,-14.9309,0][-0.831904,2.1311,-0.192076][-0.527559,0.283465,0.795276][13.948,-14.9293,0][-0.815696,2.09404,-0.18222][-0.440945,0.0472441,0.897638][13.949,-14.9316,0][-0.108374,1.90796,-0.199404][-0.496063,0.307087,0.811024][13.9932,-14.9433,0][-0.081722,1.91024,-0.194414][-0.102362,0.354331,0.929134][13.9949,-14.9431,0][-0.108374,1.92653,-0.210654][-0.204724,0.661417,0.724409][13.9932,-14.9421,0][-0.081722,1.91024,-0.194414][-0.102362,0.354331,0.929134][13.9949,-14.9431,0][-0.081722,1.93074,-0.206834][-0.102362,0.669291,0.732283][13.9949,-14.9418,0][-0.108374,1.92653,-0.210654][-0.204724,0.661417,0.724409][13.9932,-14.9421,0][0.081722,1.91024,-0.194414][0.102362,0.354331,0.929134][14.0051,-14.9431,0][0.108374,1.92653,-0.210654][0.204724,0.661417,0.724409][14.0068,-14.9421,0][0.081722,1.93074,-0.206834][0.102362,0.669291,0.732283][14.0051,-14.9418,0][0.108374,1.92653,-0.210654][0.204724,0.661417,0.724409][14.0068,-14.9421,0][0.081722,1.91024,-0.194414][0.102362,0.354331,0.929134][14.0051,-14.9431,0][0.108374,1.90796,-0.199404][0.496063,0.307087,0.811024][14.0068,-14.9433,0][0.507328,0.0410722,0.342522][-0.456693,-0.110236,0.88189][14.0317,-15.0599,0][0.648378,-0.100936,0.39121][-0.11811,0.173228,0.976378][14.0405,-15.0688,0][0.52623,0.0564436,0.347884][-0.125984,0.173228,0.976378][14.0329,-15.059,0][0.648378,-0.100936,0.39121][-0.11811,0.173228,0.976378][14.0405,-15.0688,0][0.507328,0.0410722,0.342522][-0.456693,-0.110236,0.88189][14.0317,-15.0599,0][0.630638,-0.115362,0.386178][-0.448819,-0.110236,0.88189][14.0394,-15.0697,0][-0.507328,0.0410722,0.342522][0.456693,-0.110236,0.88189][13.9683,-15.0599,0][-0.648378,-0.100936,0.39121][0.11811,0.173228,0.976378][13.9595,-15.0688,0][-0.630638,-0.115362,0.386178][0.448819,-0.110236,0.88189][13.9606,-15.0697,0][-0.648378,-0.100936,0.39121][0.11811,0.173228,0.976378][13.9595,-15.0688,0][-0.507328,0.0410722,0.342522][0.456693,-0.110236,0.88189][13.9683,-15.0599,0][-0.52623,0.0564436,0.347884][0.125984,0.173228,0.976378][13.9671,-15.059,0][0.537674,1.40507,0.374676][-0.188976,-0.023622,0.984252][14.0336,-14.9747,0][0.2909,1.56733,0.34694][-0.102362,-0.0866142,0.992126][14.0182,-14.9645,0][0.273044,1.51964,0.32362][-0.259843,-0.503937,0.818898][14.0171,-14.9675,0][0.273044,1.51964,0.32362][-0.259843,-0.503937,0.818898][14.0171,-14.9675,0][0.504348,1.36697,0.34941][-0.488189,-0.354331,0.795276][14.0315,-14.9771,0][0.537674,1.40507,0.374676][-0.188976,-0.023622,0.984252][14.0336,-14.9747,0][-0.2909,1.56733,0.34694][0.102362,-0.0866142,0.992126][13.9818,-14.9645,0][-0.537674,1.40507,0.374676][0.188976,-0.023622,0.984252][13.9664,-14.9747,0][-0.273044,1.51964,0.32362][0.259843,-0.503937,0.818898][13.9829,-14.9675,0][-0.273044,1.51964,0.32362][0.259843,-0.503937,0.818898][13.9829,-14.9675,0][-0.537674,1.40507,0.374676][0.188976,-0.023622,0.984252][13.9664,-14.9747,0][-0.504348,1.36697,0.34941][0.488189,-0.354331,0.795276][13.9685,-14.9771,0][0.779168,2.07706,-0.158332][0.102362,0.212598,0.968504][14.0487,-14.9327,0][0.761676,2.11436,-0.170998][-0.259843,0.354331,0.897638][14.0476,-14.9304,0][0.750616,2.0889,-0.164204][-0.251969,0.346457,0.905512][14.0469,-14.9319,0][0.761676,2.11436,-0.170998][-0.259843,0.354331,0.897638][14.0476,-14.9304,0][0.779168,2.07706,-0.158332][0.102362,0.212598,0.968504][14.0487,-14.9327,0][0.790266,2.1025,-0.1651][0.102362,0.212598,0.968504][14.0494,-14.9311,0][-0.761676,2.11436,-0.170998][0.259843,0.354331,0.897638][13.9524,-14.9304,0][-0.779168,2.07706,-0.158332][-0.102362,0.212598,0.968504][13.9513,-14.9327,0][-0.750616,2.0889,-0.164204][0.251969,0.346457,0.905512][13.9531,-14.9319,0][-0.779168,2.07706,-0.158332][-0.102362,0.212598,0.968504][13.9513,-14.9327,0][-0.761676,2.11436,-0.170998][0.259843,0.354331,0.897638][13.9524,-14.9304,0][-0.790266,2.1025,-0.1651][-0.102362,0.212598,0.968504][13.9506,-14.9311,0][0.427246,0.126344,0.320328][-0.519685,-0.0393701,0.850394][14.0267,-15.0546,0][0.523306,0.06051,0.366576][-0.188976,0.259843,0.944882][14.0327,-15.0587,0][0.451068,0.148854,0.327542][-0.19685,0.259843,0.944882][14.0282,-15.0532,0][0.523306,0.06051,0.366576][-0.188976,0.259843,0.944882][14.0327,-15.0587,0][0.427246,0.126344,0.320328][-0.519685,-0.0393701,0.850394][14.0267,-15.0546,0][0.497878,0.0398296,0.359362][-0.511811,-0.0314961,0.858268][14.0311,-15.06,0][-0.497878,0.0398296,0.359362][0.511811,-0.0314961,0.858268][13.9689,-15.06,0][-0.427246,0.126344,0.320328][0.519685,-0.0393701,0.850394][13.9733,-15.0546,0][-0.523306,0.06051,0.366576][0.188976,0.259843,0.944882][13.9673,-15.0587,0][-0.451068,0.148854,0.327542][0.19685,0.259843,0.944882][13.9718,-15.0532,0][-0.523306,0.06051,0.366576][0.188976,0.259843,0.944882][13.9673,-15.0587,0][-0.427246,0.126344,0.320328][0.519685,-0.0393701,0.850394][13.9733,-15.0546,0][0.50116,1.43188,-0.047404][0.0708661,0.141732,0.984252][14.0313,-14.973,0][0.760622,1.96809,-0.148724][0.425197,0.015748,0.905512][14.0475,-14.9395,0][0.736654,1.98011,-0.143324][0.0866142,0.181102,0.976378][14.046,-14.9387,0][0.760622,1.96809,-0.148724][0.425197,0.015748,0.905512][14.0475,-14.9395,0][0.50116,1.43188,-0.047404][0.0708661,0.141732,0.984252][14.0313,-14.973,0][0.525132,1.41991,-0.052564][0.417323,-0.015748,0.905512][14.0328,-14.9738,0][0.71184,1.9905,-0.148468][-0.267717,0.314961,0.905512][14.0445,-14.9381,0][0.50116,1.43188,-0.047404][0.0708661,0.141732,0.984252][14.0313,-14.973,0][0.736654,1.98011,-0.143324][0.0866142,0.181102,0.976378][14.046,-14.9387,0][0.71184,1.9905,-0.148468][-0.267717,0.314961,0.905512][14.0445,-14.9381,0][0.4765,1.44218,-0.052708][-0.291339,0.283465,0.913386][14.0298,-14.9724,0][0.50116,1.43188,-0.047404][0.0708661,0.141732,0.984252][14.0313,-14.973,0][-0.50116,1.43188,-0.047404][-0.0708661,0.141732,0.984252][13.9687,-14.973,0][-0.760622,1.96809,-0.148724][-0.425197,0.015748,0.905512][13.9525,-14.9395,0][-0.525132,1.41991,-0.052564][-0.417323,-0.015748,0.905512][13.9672,-14.9738,0][-0.760622,1.96809,-0.148724][-0.425197,0.015748,0.905512][13.9525,-14.9395,0][-0.50116,1.43188,-0.047404][-0.0708661,0.141732,0.984252][13.9687,-14.973,0][-0.736654,1.98011,-0.143324][-0.0866142,0.181102,0.976378][13.954,-14.9387,0][-0.50116,1.43188,-0.047404][-0.0708661,0.141732,0.984252][13.9687,-14.973,0][-0.71184,1.9905,-0.148468][0.267717,0.314961,0.905512][13.9555,-14.9381,0][-0.736654,1.98011,-0.143324][-0.0866142,0.181102,0.976378][13.954,-14.9387,0][-0.71184,1.9905,-0.148468][0.267717,0.314961,0.905512][13.9555,-14.9381,0][-0.50116,1.43188,-0.047404][-0.0708661,0.141732,0.984252][13.9687,-14.973,0][-0.4765,1.44218,-0.052708][0.291339,0.283465,0.913386][13.9702,-14.9724,0][0.79173,2.10606,-0.17682][0.102362,0.212598,0.968504][14.0495,-14.9309,0][0.783124,2.15352,-0.191822][-0.125984,0.582677,0.80315][14.0489,-14.9279,0][0.766918,2.11646,-0.181964][-0.251969,0.346457,0.905512][14.0479,-14.9302,0][0.783124,2.15352,-0.191822][-0.125984,0.582677,0.80315][14.0489,-14.9279,0][0.79173,2.10606,-0.17682][0.102362,0.212598,0.968504][14.0495,-14.9309,0][0.807938,2.14312,-0.186678][0.204724,0.448819,0.866142][14.0505,-14.9286,0][-0.783124,2.15352,-0.191822][0.125984,0.582677,0.80315][13.9511,-14.9279,0][-0.79173,2.10606,-0.17682][-0.102362,0.212598,0.968504][13.9505,-14.9309,0][-0.766918,2.11646,-0.181964][0.251969,0.346457,0.905512][13.9521,-14.9302,0][-0.79173,2.10606,-0.17682][-0.102362,0.212598,0.968504][13.9505,-14.9309,0][-0.783124,2.15352,-0.191822][0.125984,0.582677,0.80315][13.9511,-14.9279,0][-0.807938,2.14312,-0.186678][-0.204724,0.448819,0.866142][13.9495,-14.9286,0][0.52623,0.0564436,0.347884][-0.125984,0.173228,0.976378][14.0329,-15.059,0][0.648378,-0.100936,0.39121][-0.11811,0.173228,0.976378][14.0405,-15.0688,0][0.546812,0.0694842,0.342522][0.228346,0.417323,0.88189][14.0342,-15.0582,0][0.667692,-0.0887,0.386178][0.23622,0.425197,0.874016][14.0417,-15.068,0][0.546812,0.0694842,0.342522][0.228346,0.417323,0.88189][14.0342,-15.0582,0][0.648378,-0.100936,0.39121][-0.11811,0.173228,0.976378][14.0405,-15.0688,0][-0.648378,-0.100936,0.39121][0.11811,0.173228,0.976378][13.9595,-15.0688,0][-0.52623,0.0564436,0.347884][0.125984,0.173228,0.976378][13.9671,-15.059,0][-0.546812,0.0694842,0.342522][-0.228346,0.417323,0.88189][13.9658,-15.0582,0][-0.546812,0.0694842,0.342522][-0.228346,0.417323,0.88189][13.9658,-15.0582,0][-0.667692,-0.0887,0.386178][-0.23622,0.425197,0.874016][13.9583,-15.068,0][-0.648378,-0.100936,0.39121][0.11811,0.173228,0.976378][13.9595,-15.0688,0][0.761136,0.87508,0.465272][-0.251969,0.15748,0.952756][14.0476,-15.0078,0][0.702822,1.16204,0.41622][-0.244094,0.0629921,0.968504][14.0439,-14.9899,0][0.65862,1.13866,0.38797][-0.637795,-0.133858,0.76378][14.0412,-14.9913,0][0.761136,0.87508,0.465272][-0.251969,0.15748,0.952756][14.0476,-15.0078,0][0.65862,1.13866,0.38797][-0.637795,-0.133858,0.76378][14.0412,-14.9913,0][0.712446,0.86966,0.4334][-0.685039,0.125984,0.716535][14.0445,-15.0081,0][0.291642,0.18106,0.583894][-0.0944882,0.377953,0.92126][14.0182,-15.0512,0][0.538728,0.344052,0.55604][-0.173228,0.330709,0.929134][14.0337,-15.041,0][0.50321,0.373478,0.517208][-0.480315,0.598425,0.637795][14.0315,-15.0392,0][0.50321,0.373478,0.517208][-0.480315,0.598425,0.637795][14.0315,-15.0392,0][0.272246,0.221582,0.54287][-0.259843,0.740157,0.614173][14.017,-15.0487,0][0.291642,0.18106,0.583894][-0.0944882,0.377953,0.92126][14.0182,-15.0512,0][0.564996,0.31799,0.559466][0.23622,-0.0708661,0.968504][14.0353,-15.0426,0][0.703572,0.587816,0.514376][-0.228346,0.251969,0.937008][14.044,-15.0258,0][0.538728,0.344052,0.55604][-0.173228,0.330709,0.929134][14.0337,-15.041,0][0.703572,0.587816,0.514376][-0.228346,0.251969,0.937008][14.044,-15.0258,0][0.564996,0.31799,0.559466][0.23622,-0.0708661,0.968504][14.0353,-15.0426,0][0.737886,0.573714,0.516226][0.299213,0.0314961,0.952756][14.0461,-15.0266,0][-0.712446,0.86966,0.4334][0.685039,0.125984,0.716535][13.9555,-15.0081,0][-0.65862,1.13866,0.38797][0.637795,-0.133858,0.76378][13.9588,-14.9913,0][-0.761136,0.87508,0.465272][0.251969,0.15748,0.952756][13.9524,-15.0078,0][-0.761136,0.87508,0.465272][0.251969,0.15748,0.952756][13.9524,-15.0078,0][-0.65862,1.13866,0.38797][0.637795,-0.133858,0.76378][13.9588,-14.9913,0][-0.702822,1.16204,0.41622][0.244094,0.0629921,0.968504][13.9561,-14.9899,0][-0.538728,0.344052,0.55604][0.173228,0.330709,0.929134][13.9663,-15.041,0][-0.291642,0.18106,0.583894][0.0944882,0.377953,0.92126][13.9818,-15.0512,0][-0.50321,0.373478,0.517208][0.480315,0.598425,0.637795][13.9685,-15.0392,0][-0.50321,0.373478,0.517208][0.480315,0.598425,0.637795][13.9685,-15.0392,0][-0.291642,0.18106,0.583894][0.0944882,0.377953,0.92126][13.9818,-15.0512,0][-0.272246,0.221582,0.54287][0.259843,0.740157,0.614173][13.983,-15.0487,0][-0.703572,0.587816,0.514376][0.228346,0.251969,0.937008][13.956,-15.0258,0][-0.564996,0.31799,0.559466][-0.23622,-0.0708661,0.968504][13.9647,-15.0426,0][-0.538728,0.344052,0.55604][0.173228,0.330709,0.929134][13.9663,-15.041,0][-0.564996,0.31799,0.559466][-0.23622,-0.0708661,0.968504][13.9647,-15.0426,0][-0.703572,0.587816,0.514376][0.228346,0.251969,0.937008][13.956,-15.0258,0][-0.737886,0.573714,0.516226][-0.299213,0.0314961,0.952756][13.9539,-15.0266,0][1.30734e-15,0.123802,0.593676][0,0.393701,0.92126][14,-15.0548,0][0.291642,0.18106,0.583894][-0.0944882,0.377953,0.92126][14.0182,-15.0512,0][0.272246,0.221582,0.54287][-0.259843,0.740157,0.614173][14.017,-15.0487,0][1.30734e-15,0.123802,0.593676][0,0.393701,0.92126][14,-15.0548,0][0.272246,0.221582,0.54287][-0.259843,0.740157,0.614173][14.017,-15.0487,0][1.31279e-15,0.168266,0.551878][0,0.795276,0.606299][14,-15.052,0][1.30283e-15,0.0869364,0.598536][0,-0.173228,0.984252][14,-15.0571,0][0.291642,0.18106,0.583894][-0.0944882,0.377953,0.92126][14.0182,-15.0512,0][1.30734e-15,0.123802,0.593676][0,0.393701,0.92126][14,-15.0548,0][0.291642,0.18106,0.583894][-0.0944882,0.377953,0.92126][14.0182,-15.0512,0][1.30283e-15,0.0869364,0.598536][0,-0.173228,0.984252][14,-15.0571,0][0.30586,0.147,0.58838][0.125984,-0.149606,0.984252][14.0191,-15.0533,0][-0.291642,0.18106,0.583894][0.0944882,0.377953,0.92126][13.9818,-15.0512,0][1.30734e-15,0.123802,0.593676][0,0.393701,0.92126][14,-15.0548,0][-0.272246,0.221582,0.54287][0.259843,0.740157,0.614173][13.983,-15.0487,0][-0.272246,0.221582,0.54287][0.259843,0.740157,0.614173][13.983,-15.0487,0][1.30734e-15,0.123802,0.593676][0,0.393701,0.92126][14,-15.0548,0][1.31279e-15,0.168266,0.551878][0,0.795276,0.606299][14,-15.052,0][1.30734e-15,0.123802,0.593676][0,0.393701,0.92126][14,-15.0548,0][-0.291642,0.18106,0.583894][0.0944882,0.377953,0.92126][13.9818,-15.0512,0][1.30283e-15,0.0869364,0.598536][0,-0.173228,0.984252][14,-15.0571,0][-0.30586,0.147,0.58838][-0.125984,-0.149606,0.984252][13.9809,-15.0533,0][1.30283e-15,0.0869364,0.598536][0,-0.173228,0.984252][14,-15.0571,0][-0.291642,0.18106,0.583894][0.0944882,0.377953,0.92126][13.9818,-15.0512,0][0.010232,1.61927,-0.164518][0,0.149606,0.984252][14.0006,-14.9613,0][-0.009142,1.863,-0.202376][0,0.149606,0.984252][13.9994,-14.9461,0][-0.009142,1.61927,-0.164518][0,0.149606,0.984252][13.9994,-14.9613,0][-0.009142,1.863,-0.202376][0,0.149606,0.984252][13.9994,-14.9461,0][0.010232,1.61927,-0.164518][0,0.149606,0.984252][14.0006,-14.9613,0][0.010232,1.863,-0.202376][0,0.149606,0.984252][14.0006,-14.9461,0][0.65781,0.600992,0.478776][-0.629921,0.377953,0.677165][14.0411,-15.0249,0][0.50321,0.373478,0.517208][-0.480315,0.598425,0.637795][14.0315,-15.0392,0][0.538728,0.344052,0.55604][-0.173228,0.330709,0.929134][14.0337,-15.041,0][0.65781,0.600992,0.478776][-0.629921,0.377953,0.677165][14.0411,-15.0249,0][0.538728,0.344052,0.55604][-0.173228,0.330709,0.929134][14.0337,-15.041,0][0.703572,0.587816,0.514376][-0.228346,0.251969,0.937008][14.044,-15.0258,0][0.761136,0.87508,0.465272][-0.251969,0.15748,0.952756][14.0476,-15.0078,0][0.703572,0.587816,0.514376][-0.228346,0.251969,0.937008][14.044,-15.0258,0][0.737886,0.573714,0.516226][0.299213,0.0314961,0.952756][14.0461,-15.0266,0][0.737886,0.573714,0.516226][0.299213,0.0314961,0.952756][14.0461,-15.0266,0][0.798274,0.87508,0.465272][0.322835,0.15748,0.937008][14.0499,-15.0078,0][0.761136,0.87508,0.465272][-0.251969,0.15748,0.952756][14.0476,-15.0078,0][0.737136,1.17614,0.41437][0.291339,0.275591,0.913386][14.0461,-14.989,0][0.761136,0.87508,0.465272][-0.251969,0.15748,0.952756][14.0476,-15.0078,0][0.798274,0.87508,0.465272][0.322835,0.15748,0.937008][14.0499,-15.0078,0][0.761136,0.87508,0.465272][-0.251969,0.15748,0.952756][14.0476,-15.0078,0][0.737136,1.17614,0.41437][0.291339,0.275591,0.913386][14.0461,-14.989,0][0.702822,1.16204,0.41622][-0.244094,0.0629921,0.968504][14.0439,-14.9899,0][-0.703572,0.587816,0.514376][0.228346,0.251969,0.937008][13.956,-15.0258,0][-0.538728,0.344052,0.55604][0.173228,0.330709,0.929134][13.9663,-15.041,0][-0.65781,0.600992,0.478776][0.629921,0.377953,0.677165][13.9589,-15.0249,0][-0.50321,0.373478,0.517208][0.480315,0.598425,0.637795][13.9685,-15.0392,0][-0.65781,0.600992,0.478776][0.629921,0.377953,0.677165][13.9589,-15.0249,0][-0.538728,0.344052,0.55604][0.173228,0.330709,0.929134][13.9663,-15.041,0][-0.761136,0.87508,0.465272][0.251969,0.15748,0.952756][13.9524,-15.0078,0][-0.737886,0.573714,0.516226][-0.299213,0.0314961,0.952756][13.9539,-15.0266,0][-0.703572,0.587816,0.514376][0.228346,0.251969,0.937008][13.956,-15.0258,0][-0.737886,0.573714,0.516226][-0.299213,0.0314961,0.952756][13.9539,-15.0266,0][-0.761136,0.87508,0.465272][0.251969,0.15748,0.952756][13.9524,-15.0078,0][-0.798274,0.87508,0.465272][-0.322835,0.15748,0.937008][13.9501,-15.0078,0][-0.761136,0.87508,0.465272][0.251969,0.15748,0.952756][13.9524,-15.0078,0][-0.737136,1.17614,0.41437][-0.291339,0.275591,0.913386][13.9539,-14.989,0][-0.798274,0.87508,0.465272][-0.322835,0.15748,0.937008][13.9501,-15.0078,0][-0.737136,1.17614,0.41437][-0.291339,0.275591,0.913386][13.9539,-14.989,0][-0.761136,0.87508,0.465272][0.251969,0.15748,0.952756][13.9524,-15.0078,0][-0.702822,1.16204,0.41622][0.244094,0.0629921,0.968504][13.9561,-14.9899,0][-0.081722,1.88606,-0.190052][-0.102362,0,0.992126][13.9949,-14.9446,0][-0.108374,1.86415,-0.199404][-0.496063,-0.307087,0.811024][13.9932,-14.946,0][-0.081722,1.86187,-0.194414][-0.102362,-0.354331,0.929134][13.9949,-14.9461,0][-0.108374,1.86415,-0.199404][-0.496063,-0.307087,0.811024][13.9932,-14.946,0][-0.081722,1.88606,-0.190052][-0.102362,0,0.992126][13.9949,-14.9446,0][-0.108374,1.88606,-0.195454][-0.496063,0,0.866142][13.9932,-14.9446,0][-0.081722,1.88606,-0.190052][-0.102362,0,0.992126][13.9949,-14.9446,0][-0.081722,1.91024,-0.194414][-0.102362,0.354331,0.929134][13.9949,-14.9431,0][-0.108374,1.90796,-0.199404][-0.496063,0.307087,0.811024][13.9932,-14.9433,0][-0.108374,1.88606,-0.195454][-0.496063,0,0.866142][13.9932,-14.9446,0][-0.081722,1.88606,-0.190052][-0.102362,0,0.992126][13.9949,-14.9446,0][-0.108374,1.90796,-0.199404][-0.496063,0.307087,0.811024][13.9932,-14.9433,0][0.750616,2.0889,-0.164204][-0.251969,0.346457,0.905512][14.0469,-14.9319,0][0.736464,2.1224,-0.188148][-0.582677,0.433071,0.685039][14.046,-14.9298,0][0.725418,2.09696,-0.181308][-0.566929,0.433071,0.692913][14.0453,-14.9314,0][0.736464,2.1224,-0.188148][-0.582677,0.433071,0.685039][14.046,-14.9298,0][0.750616,2.0889,-0.164204][-0.251969,0.346457,0.905512][14.0469,-14.9319,0][0.761676,2.11436,-0.170998][-0.259843,0.354331,0.897638][14.0476,-14.9304,0][-0.736466,2.1224,-0.188148][0.582677,0.433071,0.685039][13.954,-14.9298,0][-0.750616,2.0889,-0.164204][0.251969,0.346457,0.905512][13.9531,-14.9319,0][-0.725418,2.09696,-0.181308][0.566929,0.433071,0.692913][13.9547,-14.9314,0][-0.750616,2.0889,-0.164204][0.251969,0.346457,0.905512][13.9531,-14.9319,0][-0.736466,2.1224,-0.188148][0.582677,0.433071,0.685039][13.954,-14.9298,0][-0.761676,2.11436,-0.170998][0.259843,0.354331,0.897638][13.9524,-14.9304,0][0.702822,1.16204,0.41622][-0.244094,0.0629921,0.968504][14.0439,-14.9899,0][0.537674,1.40507,0.374676][-0.188976,-0.023622,0.984252][14.0336,-14.9747,0][0.504348,1.36697,0.34941][-0.488189,-0.354331,0.795276][14.0315,-14.9771,0][0.702822,1.16204,0.41622][-0.244094,0.0629921,0.968504][14.0439,-14.9899,0][0.504348,1.36697,0.34941][-0.488189,-0.354331,0.795276][14.0315,-14.9771,0][0.65862,1.13866,0.38797][-0.637795,-0.133858,0.76378][14.0412,-14.9913,0][-0.702822,1.16204,0.41622][0.244094,0.0629921,0.968504][13.9561,-14.9899,0][-0.504348,1.36697,0.34941][0.488189,-0.354331,0.795276][13.9685,-14.9771,0][-0.537674,1.40507,0.374676][0.188976,-0.023622,0.984252][13.9664,-14.9747,0][-0.504348,1.36697,0.34941][0.488189,-0.354331,0.795276][13.9685,-14.9771,0][-0.702822,1.16204,0.41622][0.244094,0.0629921,0.968504][13.9561,-14.9899,0][-0.65862,1.13866,0.38797][0.637795,-0.133858,0.76378][13.9588,-14.9913,0][0.477372,0.168404,0.320328][0.165354,0.503937,0.850394][14.0298,-15.052,0][0.523306,0.06051,0.366576][-0.188976,0.259843,0.944882][14.0327,-15.0587,0][0.550992,0.07805,0.359362][0.165354,0.503937,0.850394][14.0344,-15.0576,0][0.523306,0.06051,0.366576][-0.188976,0.259843,0.944882][14.0327,-15.0587,0][0.477372,0.168404,0.320328][0.165354,0.503937,0.850394][14.0298,-15.052,0][0.451068,0.148854,0.327542][-0.19685,0.259843,0.944882][14.0282,-15.0532,0][-0.523306,0.06051,0.366576][0.188976,0.259843,0.944882][13.9673,-15.0587,0][-0.477372,0.168404,0.320328][-0.165354,0.503937,0.850394][13.9702,-15.052,0][-0.550992,0.07805,0.359362][-0.165354,0.503937,0.850394][13.9656,-15.0576,0][-0.477372,0.168404,0.320328][-0.165354,0.503937,0.850394][13.9702,-15.052,0][-0.523306,0.06051,0.366576][0.188976,0.259843,0.944882][13.9673,-15.0587,0][-0.451068,0.148854,0.327542][0.19685,0.259843,0.944882][13.9718,-15.0532,0][0.766918,2.11646,-0.181964][-0.251969,0.346457,0.905512][14.0479,-14.9302,0][0.761276,2.16068,-0.206758][-0.425197,0.677165,0.598425][14.0476,-14.9275,0][0.745068,2.12362,-0.196902][-0.566929,0.433071,0.700787][14.0466,-14.9298,0][0.761276,2.16068,-0.206758][-0.425197,0.677165,0.598425][14.0476,-14.9275,0][0.766918,2.11646,-0.181964][-0.251969,0.346457,0.905512][14.0479,-14.9302,0][0.783124,2.15352,-0.191822][-0.125984,0.582677,0.80315][14.0489,-14.9279,0][-0.761276,2.16068,-0.206758][0.425197,0.677165,0.598425][13.9524,-14.9275,0][-0.766918,2.11646,-0.181964][0.251969,0.346457,0.905512][13.9521,-14.9302,0][-0.74507,2.12362,-0.196902][0.566929,0.433071,0.700787][13.9534,-14.9298,0][-0.766918,2.11646,-0.181964][0.251969,0.346457,0.905512][13.9521,-14.9302,0][-0.761276,2.16068,-0.206758][0.425197,0.677165,0.598425][13.9524,-14.9275,0][-0.783124,2.15352,-0.191822][0.125984,0.582677,0.80315][13.9511,-14.9279,0][0.703572,0.587816,0.514376][-0.228346,0.251969,0.937008][14.044,-15.0258,0][0.712446,0.86966,0.4334][-0.685039,0.125984,0.716535][14.0445,-15.0081,0][0.65781,0.600992,0.478776][-0.629921,0.377953,0.677165][14.0411,-15.0249,0][0.712446,0.86966,0.4334][-0.685039,0.125984,0.716535][14.0445,-15.0081,0][0.703572,0.587816,0.514376][-0.228346,0.251969,0.937008][14.044,-15.0258,0][0.761136,0.87508,0.465272][-0.251969,0.15748,0.952756][14.0476,-15.0078,0][-0.761136,0.87508,0.465272][0.251969,0.15748,0.952756][13.9524,-15.0078,0][-0.703572,0.587816,0.514376][0.228346,0.251969,0.937008][13.956,-15.0258,0][-0.712446,0.86966,0.4334][0.685039,0.125984,0.716535][13.9555,-15.0081,0][-0.65781,0.600992,0.478776][0.629921,0.377953,0.677165][13.9589,-15.0249,0][-0.712446,0.86966,0.4334][0.685039,0.125984,0.716535][13.9555,-15.0081,0][-0.703572,0.587816,0.514376][0.228346,0.251969,0.937008][13.956,-15.0258,0][0.546812,0.0694842,0.342522][0.228346,0.417323,0.88189][14.0342,-15.0582,0][0.667692,-0.0887,0.386178][0.23622,0.425197,0.874016][14.0417,-15.068,0][0.564996,0.0776084,0.327498][0.543307,0.582677,0.606299][14.0353,-15.0576,0][0.684756,-0.0810762,0.372078][0.551181,0.582677,0.598425][14.0428,-15.0676,0][0.564996,0.0776084,0.327498][0.543307,0.582677,0.606299][14.0353,-15.0576,0][0.667692,-0.0887,0.386178][0.23622,0.425197,0.874016][14.0417,-15.068,0][-0.667692,-0.0887,0.386178][-0.23622,0.425197,0.874016][13.9583,-15.068,0][-0.546812,0.0694842,0.342522][-0.228346,0.417323,0.88189][13.9658,-15.0582,0][-0.564996,0.0776084,0.327498][-0.543307,0.582677,0.606299][13.9647,-15.0576,0][-0.564996,0.0776084,0.327498][-0.543307,0.582677,0.606299][13.9647,-15.0576,0][-0.684756,-0.0810762,0.372078][-0.551181,0.582677,0.598425][13.9572,-15.0676,0][-0.667692,-0.0887,0.386178][-0.23622,0.425197,0.874016][13.9583,-15.068,0][0.689992,1.99768,-0.163404][-0.590551,0.409449,0.700787][14.0431,-14.9376,0][0.454874,1.44925,-0.067632][-0.598425,0.377953,0.700787][14.0284,-14.9719,0][0.4765,1.44218,-0.052708][-0.291339,0.283465,0.913386][14.0298,-14.9724,0][0.689992,1.99768,-0.163404][-0.590551,0.409449,0.700787][14.0431,-14.9376,0][0.4765,1.44218,-0.052708][-0.291339,0.283465,0.913386][14.0298,-14.9724,0][0.71184,1.9905,-0.148468][-0.267717,0.314961,0.905512][14.0445,-14.9381,0][0.736654,1.98011,-0.143324][0.0866142,0.181102,0.976378][14.046,-14.9387,0][0.750728,2.07944,-0.172118][-0.259843,0.354331,0.897638][14.0469,-14.9325,0][0.71184,1.9905,-0.148468][-0.267717,0.314961,0.905512][14.0445,-14.9381,0][0.750728,2.07944,-0.172118][-0.259843,0.354331,0.897638][14.0469,-14.9325,0][0.736654,1.98011,-0.143324][0.0866142,0.181102,0.976378][14.046,-14.9387,0][0.77554,2.06904,-0.166974][0.102362,0.212598,0.968504][14.0485,-14.9332,0][-0.689992,1.99768,-0.163404][0.590551,0.409449,0.700787][13.9569,-14.9376,0][-0.4765,1.44218,-0.052708][0.291339,0.283465,0.913386][13.9702,-14.9724,0][-0.454874,1.44925,-0.067632][0.598425,0.377953,0.700787][13.9716,-14.9719,0][-0.4765,1.44218,-0.052708][0.291339,0.283465,0.913386][13.9702,-14.9724,0][-0.689992,1.99768,-0.163404][0.590551,0.409449,0.700787][13.9569,-14.9376,0][-0.71184,1.9905,-0.148468][0.267717,0.314961,0.905512][13.9555,-14.9381,0][-0.750728,2.07944,-0.172118][0.259843,0.354331,0.897638][13.9531,-14.9325,0][-0.736654,1.98011,-0.143324][-0.0866142,0.181102,0.976378][13.954,-14.9387,0][-0.71184,1.9905,-0.148468][0.267717,0.314961,0.905512][13.9555,-14.9381,0][-0.736654,1.98011,-0.143324][-0.0866142,0.181102,0.976378][13.954,-14.9387,0][-0.750728,2.07944,-0.172118][0.259843,0.354331,0.897638][13.9531,-14.9325,0][-0.77554,2.06904,-0.166974][-0.102362,0.212598,0.968504][13.9515,-14.9332,0][-0.081722,1.86187,-0.194414][-0.102362,-0.354331,0.929134][13.9949,-14.9461,0][0.081722,1.86187,-0.194414][0.102362,-0.354331,0.929134][14.0051,-14.9461,0][0.081722,1.88606,-0.190052][0.102362,0,0.992126][14.0051,-14.9446,0][-0.081722,1.84137,-0.206834][-0.102362,-0.669291,0.732283][13.9949,-14.9474,0][0.081722,1.86187,-0.194414][0.102362,-0.354331,0.929134][14.0051,-14.9461,0][-0.081722,1.86187,-0.194414][-0.102362,-0.354331,0.929134][13.9949,-14.9461,0][-0.081722,1.84137,-0.206834][-0.102362,-0.669291,0.732283][13.9949,-14.9474,0][0.081722,1.84137,-0.206834][0.102362,-0.669291,0.732283][14.0051,-14.9474,0][0.081722,1.86187,-0.194414][0.102362,-0.354331,0.929134][14.0051,-14.9461,0][-0.081722,1.86187,-0.194414][-0.102362,-0.354331,0.929134][13.9949,-14.9461,0][0.081722,1.88606,-0.190052][0.102362,0,0.992126][14.0051,-14.9446,0][-0.081722,1.88606,-0.190052][-0.102362,0,0.992126][13.9949,-14.9446,0][0.108374,1.86415,-0.199404][0.496063,-0.307087,0.811024][14.0068,-14.946,0][0.081722,1.88606,-0.190052][0.102362,0,0.992126][14.0051,-14.9446,0][0.081722,1.86187,-0.194414][0.102362,-0.354331,0.929134][14.0051,-14.9461,0][0.081722,1.88606,-0.190052][0.102362,0,0.992126][14.0051,-14.9446,0][0.108374,1.86415,-0.199404][0.496063,-0.307087,0.811024][14.0068,-14.946,0][0.108374,1.88606,-0.195454][0.496063,0,0.866142][14.0068,-14.9446,0][0.081722,1.88606,-0.190052][0.102362,0,0.992126][14.0051,-14.9446,0][0.108374,1.90796,-0.199404][0.496063,0.307087,0.811024][14.0068,-14.9433,0][0.081722,1.91024,-0.194414][0.102362,0.354331,0.929134][14.0051,-14.9431,0][0.108374,1.90796,-0.199404][0.496063,0.307087,0.811024][14.0068,-14.9433,0][0.081722,1.88606,-0.190052][0.102362,0,0.992126][14.0051,-14.9446,0][0.108374,1.88606,-0.195454][0.496063,0,0.866142][14.0068,-14.9446,0][-0.081722,1.88606,-0.190052][-0.102362,0,0.992126][13.9949,-14.9446,0][0.081722,1.88606,-0.190052][0.102362,0,0.992126][14.0051,-14.9446,0][0.081722,1.91024,-0.194414][0.102362,0.354331,0.929134][14.0051,-14.9431,0][-0.081722,1.88606,-0.190052][-0.102362,0,0.992126][13.9949,-14.9446,0][0.081722,1.91024,-0.194414][0.102362,0.354331,0.929134][14.0051,-14.9431,0][-0.081722,1.91024,-0.194414][-0.102362,0.354331,0.929134][13.9949,-14.9431,0][-0.081722,1.91024,-0.194414][-0.102362,0.354331,0.929134][13.9949,-14.9431,0][0.081722,1.91024,-0.194414][0.102362,0.354331,0.929134][14.0051,-14.9431,0][0.081722,1.93074,-0.206834][0.102362,0.669291,0.732283][14.0051,-14.9418,0][-0.081722,1.91024,-0.194414][-0.102362,0.354331,0.929134][13.9949,-14.9431,0][0.081722,1.93074,-0.206834][0.102362,0.669291,0.732283][14.0051,-14.9418,0][-0.081722,1.93074,-0.206834][-0.102362,0.669291,0.732283][13.9949,-14.9418,0][0.59451,-0.100038,0.401774][-0.622047,-0.00787402,0.779528][14.0372,-15.0688,0][0.645962,-0.100454,0.41967][0,-0.00787402,1][14.0404,-15.0688,0][0.623576,-0.0732476,0.412114][-0.259843,0.322835,0.913386][14.039,-15.0671,0][0.645962,-0.100454,0.41967][0,-0.00787402,1][14.0404,-15.0688,0][0.59451,-0.100038,0.401774][-0.622047,-0.00787402,0.779528][14.0372,-15.0688,0][0.616894,-0.127242,0.40933][-0.354331,-0.338583,0.874016][14.0386,-15.0705,0][0.623576,-0.0732476,0.412114][-0.259843,0.322835,0.913386][14.039,-15.0671,0][0.58218,-0.0727516,0.38173][-0.771654,0.314961,0.543307][14.0364,-15.067,0][0.59451,-0.100038,0.401774][-0.622047,-0.00787402,0.779528][14.0372,-15.0688,0][0.58218,-0.0727516,0.38173][-0.771654,0.314961,0.543307][14.0364,-15.067,0][0.623576,-0.0732476,0.412114][-0.259843,0.322835,0.913386][14.039,-15.0671,0][0.60549,-0.0512682,0.390022][-0.480315,0.582677,0.653543][14.0378,-15.0657,0][0.576048,-0.123074,0.373524][-0.850394,-0.299213,0.433071][14.036,-15.0702,0][0.616894,-0.127242,0.40933][-0.354331,-0.338583,0.874016][14.0386,-15.0705,0][0.59451,-0.100038,0.401774][-0.622047,-0.00787402,0.779528][14.0372,-15.0688,0][0.616894,-0.127242,0.40933][-0.354331,-0.338583,0.874016][14.0386,-15.0705,0][0.576048,-0.123074,0.373524][-0.850394,-0.299213,0.433071][14.036,-15.0702,0][0.598434,-0.150278,0.38108][-0.582677,-0.622047,0.519685][14.0374,-15.0719,0][-0.623576,-0.0732476,0.412114][0.259843,0.322835,0.913386][13.961,-15.0671,0][-0.645962,-0.100454,0.41967][0,-0.00787402,1][13.9596,-15.0688,0][-0.59451,-0.100038,0.401774][0.622047,-0.00787402,0.779528][13.9628,-15.0688,0][-0.645962,-0.100454,0.41967][0,-0.00787402,1][13.9596,-15.0688,0][-0.616894,-0.127242,0.40933][0.354331,-0.338583,0.874016][13.9614,-15.0705,0][-0.59451,-0.100038,0.401774][0.622047,-0.00787402,0.779528][13.9628,-15.0688,0][-0.623576,-0.0732476,0.412114][0.259843,0.322835,0.913386][13.961,-15.0671,0][-0.59451,-0.100038,0.401774][0.622047,-0.00787402,0.779528][13.9628,-15.0688,0][-0.58218,-0.0727516,0.38173][0.771654,0.314961,0.543307][13.9636,-15.067,0][-0.60549,-0.0512682,0.390022][0.480315,0.582677,0.653543][13.9622,-15.0657,0][-0.623576,-0.0732476,0.412114][0.259843,0.322835,0.913386][13.961,-15.0671,0][-0.58218,-0.0727516,0.38173][0.771654,0.314961,0.543307][13.9636,-15.067,0][-0.59451,-0.100038,0.401774][0.622047,-0.00787402,0.779528][13.9628,-15.0688,0][-0.616894,-0.127242,0.40933][0.354331,-0.338583,0.874016][13.9614,-15.0705,0][-0.576048,-0.123074,0.373524][0.850394,-0.299213,0.433071][13.964,-15.0702,0][-0.616894,-0.127242,0.40933][0.354331,-0.338583,0.874016][13.9614,-15.0705,0][-0.598434,-0.150278,0.38108][0.582677,-0.622047,0.519685][13.9626,-15.0719,0][-0.576048,-0.123074,0.373524][0.850394,-0.299213,0.433071][13.964,-15.0702,0][0.68162,-0.036204,0.373524][0.456693,0.779528,0.433071][14.0426,-15.0648,0][0.677846,-0.077088,0.40933][0.401575,0.283465,0.874016][14.0424,-15.0673,0][0.704006,-0.0634104,0.38108][0.724409,0.456693,0.519685][14.044,-15.0665,0][0.677846,-0.077088,0.40933][0.401575,0.283465,0.874016][14.0424,-15.0673,0][0.68162,-0.036204,0.373524][0.456693,0.779528,0.433071][14.0426,-15.0648,0][0.655462,-0.0498844,0.401774][0.133858,0.606299,0.779528][14.041,-15.0656,0][-0.68162,-0.036204,0.373524][-0.456693,0.779528,0.433071][13.9574,-15.0648,0][-0.677846,-0.077088,0.40933][-0.401575,0.283465,0.874016][13.9576,-15.0673,0][-0.655462,-0.0498844,0.401774][-0.133858,0.606299,0.779528][13.959,-15.0656,0][-0.677846,-0.077088,0.40933][-0.401575,0.283465,0.874016][13.9576,-15.0673,0][-0.68162,-0.036204,0.373524][-0.456693,0.779528,0.433071][13.9574,-15.0648,0][-0.704006,-0.0634104,0.38108][-0.724409,0.456693,0.519685][13.956,-15.0665,0][0.2909,1.56733,0.34694][-0.102362,-0.0866142,0.992126][14.0182,-14.9645,0][1.4911e-15,1.62429,0.337204][0,-0.110236,0.992126][14,-14.961,0][1.48485e-15,1.57328,0.31456][0,-0.551181,0.834646][14,-14.9642,0][1.48485e-15,1.57328,0.31456][0,-0.551181,0.834646][14,-14.9642,0][0.273044,1.51964,0.32362][-0.259843,-0.503937,0.818898][14.0171,-14.9675,0][0.2909,1.56733,0.34694][-0.102362,-0.0866142,0.992126][14.0182,-14.9645,0][0.265108,1.49616,0.297856][-0.370079,-0.818898,0.433071][14.0166,-14.969,0][0.504348,1.36697,0.34941][-0.488189,-0.354331,0.795276][14.0315,-14.9771,0][0.273044,1.51964,0.32362][-0.259843,-0.503937,0.818898][14.0171,-14.9675,0][0.504348,1.36697,0.34941][-0.488189,-0.354331,0.795276][14.0315,-14.9771,0][0.265108,1.49616,0.297856][-0.370079,-0.818898,0.433071][14.0166,-14.969,0][0.489638,1.34825,0.322954][-0.677165,-0.614173,0.401575][14.0306,-14.9782,0][1.4911e-15,1.62429,0.337204][0,-0.110236,0.992126][14,-14.961,0][-0.2909,1.56733,0.34694][0.102362,-0.0866142,0.992126][13.9818,-14.9645,0][1.48485e-15,1.57328,0.31456][0,-0.551181,0.834646][14,-14.9642,0][1.48485e-15,1.57328,0.31456][0,-0.551181,0.834646][14,-14.9642,0][-0.2909,1.56733,0.34694][0.102362,-0.0866142,0.992126][13.9818,-14.9645,0][-0.273044,1.51964,0.32362][0.259843,-0.503937,0.818898][13.9829,-14.9675,0][-0.273044,1.51964,0.32362][0.259843,-0.503937,0.818898][13.9829,-14.9675,0][-0.504348,1.36697,0.34941][0.488189,-0.354331,0.795276][13.9685,-14.9771,0][-0.265108,1.49616,0.297856][0.370079,-0.818898,0.433071][13.9834,-14.969,0][-0.504348,1.36697,0.34941][0.488189,-0.354331,0.795276][13.9685,-14.9771,0][-0.489638,1.34825,0.322954][0.677165,-0.614173,0.401575][13.9694,-14.9782,0][-0.265108,1.49616,0.297856][0.370079,-0.818898,0.433071][13.9834,-14.969,0][0.71184,1.9905,-0.148468][-0.267717,0.314961,0.905512][14.0445,-14.9381,0][0.728878,2.0866,-0.187054][-0.582677,0.433071,0.685039][14.0456,-14.9321,0][0.689992,1.99768,-0.163404][-0.590551,0.409449,0.700787][14.0431,-14.9376,0][0.728878,2.0866,-0.187054][-0.582677,0.433071,0.685039][14.0456,-14.9321,0][0.71184,1.9905,-0.148468][-0.267717,0.314961,0.905512][14.0445,-14.9381,0][0.750728,2.07944,-0.172118][-0.259843,0.354331,0.897638][14.0469,-14.9325,0][-0.72888,2.0866,-0.187054][0.582677,0.433071,0.685039][13.9544,-14.9321,0][-0.71184,1.9905,-0.148468][0.267717,0.314961,0.905512][13.9555,-14.9381,0][-0.689992,1.99768,-0.163404][0.590551,0.409449,0.700787][13.9569,-14.9376,0][-0.71184,1.9905,-0.148468][0.267717,0.314961,0.905512][13.9555,-14.9381,0][-0.72888,2.0866,-0.187054][0.582677,0.433071,0.685039][13.9544,-14.9321,0][-0.750728,2.07944,-0.172118][0.259843,0.354331,0.897638][13.9531,-14.9325,0][0.311868,1.8202,-0.381694][0.629921,-0.464567,0.622047][14.0195,-14.9487,0][0.25328,1.71675,-0.373326][0.700787,-0.346457,0.622047][14.0158,-14.9552,0][0.451566,1.7223,-0.511784][0.307087,-0.259843,0.913386][14.0282,-14.9549,0][0.25328,1.71675,-0.373326][0.700787,-0.346457,0.622047][14.0158,-14.9552,0][0.399936,1.6151,-0.508426][0.362205,-0.149606,0.92126][14.025,-14.9616,0][0.451566,1.7223,-0.511784][0.307087,-0.259843,0.913386][14.0282,-14.9549,0][-0.311868,1.8202,-0.381694][-0.629921,-0.464567,0.622047][13.9805,-14.9487,0][-0.451566,1.7223,-0.511784][-0.307087,-0.259843,0.913386][13.9718,-14.9549,0][-0.25328,1.71675,-0.373326][-0.700787,-0.346457,0.622047][13.9842,-14.9552,0][-0.25328,1.71675,-0.373326][-0.700787,-0.346457,0.622047][13.9842,-14.9552,0][-0.451566,1.7223,-0.511784][-0.307087,-0.259843,0.913386][13.9718,-14.9549,0][-0.399936,1.6151,-0.508426][-0.362205,-0.149606,0.92126][13.975,-14.9616,0][0.500952,0.181122,0.300118][0.496063,0.645669,0.582677][14.0313,-15.0512,0][0.550992,0.07805,0.359362][0.165354,0.503937,0.850394][14.0344,-15.0576,0][0.575452,0.08898,0.339152][0.488189,0.645669,0.590551][14.036,-15.0569,0][0.550992,0.07805,0.359362][0.165354,0.503937,0.850394][14.0344,-15.0576,0][0.500952,0.181122,0.300118][0.496063,0.645669,0.582677][14.0313,-15.0512,0][0.477372,0.168404,0.320328][0.165354,0.503937,0.850394][14.0298,-15.052,0][-0.550992,0.07805,0.359362][-0.165354,0.503937,0.850394][13.9656,-15.0576,0][-0.500952,0.181122,0.300118][-0.496063,0.645669,0.582677][13.9687,-15.0512,0][-0.575452,0.08898,0.339152][-0.488189,0.645669,0.590551][13.964,-15.0569,0][-0.500952,0.181122,0.300118][-0.496063,0.645669,0.582677][13.9687,-15.0512,0][-0.550992,0.07805,0.359362][-0.165354,0.503937,0.850394][13.9656,-15.0576,0][-0.477372,0.168404,0.320328][-0.165354,0.503937,0.850394][13.9702,-15.052,0][0.427484,1.93848,-0.368792][0.377953,-0.708661,0.598425][14.0267,-14.9413,0][0.451566,1.7223,-0.511784][0.307087,-0.259843,0.913386][14.0282,-14.9549,0][0.545388,1.85456,-0.481178][0.110236,-0.527559,0.84252][14.0341,-14.9466,0][0.451566,1.7223,-0.511784][0.307087,-0.259843,0.913386][14.0282,-14.9549,0][0.427484,1.93848,-0.368792][0.377953,-0.708661,0.598425][14.0267,-14.9413,0][0.311868,1.8202,-0.381694][0.629921,-0.464567,0.622047][14.0195,-14.9487,0][-0.427484,1.93848,-0.368792][-0.377953,-0.708661,0.598425][13.9733,-14.9413,0][-0.451566,1.7223,-0.511784][-0.307087,-0.259843,0.913386][13.9718,-14.9549,0][-0.311868,1.8202,-0.381694][-0.629921,-0.464567,0.622047][13.9805,-14.9487,0][-0.451566,1.7223,-0.511784][-0.307087,-0.259843,0.913386][13.9718,-14.9549,0][-0.427484,1.93848,-0.368792][-0.377953,-0.708661,0.598425][13.9733,-14.9413,0][-0.545388,1.85456,-0.481178][-0.110236,-0.527559,0.84252][13.9659,-14.9466,0][-0.108374,1.84559,-0.210654][-0.204724,-0.661417,0.724409][13.9932,-14.9472,0][-0.081722,1.86187,-0.194414][-0.102362,-0.354331,0.929134][13.9949,-14.9461,0][-0.108374,1.86415,-0.199404][-0.496063,-0.307087,0.811024][13.9932,-14.946,0][-0.081722,1.86187,-0.194414][-0.102362,-0.354331,0.929134][13.9949,-14.9461,0][-0.108374,1.84559,-0.210654][-0.204724,-0.661417,0.724409][13.9932,-14.9472,0][-0.081722,1.84137,-0.206834][-0.102362,-0.669291,0.732283][13.9949,-14.9474,0][0.108374,1.84559,-0.210654][0.204724,-0.661417,0.724409][14.0068,-14.9472,0][0.081722,1.86187,-0.194414][0.102362,-0.354331,0.929134][14.0051,-14.9461,0][0.081722,1.84137,-0.206834][0.102362,-0.669291,0.732283][14.0051,-14.9474,0][0.081722,1.86187,-0.194414][0.102362,-0.354331,0.929134][14.0051,-14.9461,0][0.108374,1.84559,-0.210654][0.204724,-0.661417,0.724409][14.0068,-14.9472,0][0.108374,1.86415,-0.199404][0.496063,-0.307087,0.811024][14.0068,-14.946,0][0.451566,1.7223,-0.511784][0.307087,-0.259843,0.913386][14.0282,-14.9549,0][0.399936,1.6151,-0.508426][0.362205,-0.149606,0.92126][14.025,-14.9616,0][0.639758,1.62493,-0.546748][-0.110236,-0.0551181,0.992126][14.04,-14.9609,0][0.399936,1.6151,-0.508426][0.362205,-0.149606,0.92126][14.025,-14.9616,0][0.59617,1.51426,-0.544366][-0.0787402,0.0472441,0.992126][14.0373,-14.9679,0][0.639758,1.62493,-0.546748][-0.110236,-0.0551181,0.992126][14.04,-14.9609,0][-0.451566,1.7223,-0.511784][-0.307087,-0.259843,0.913386][13.9718,-14.9549,0][-0.639758,1.62493,-0.546748][0.110236,-0.0551181,0.992126][13.96,-14.9609,0][-0.399936,1.6151,-0.508426][-0.362205,-0.149606,0.92126][13.975,-14.9616,0][-0.399936,1.6151,-0.508426][-0.362205,-0.149606,0.92126][13.975,-14.9616,0][-0.639758,1.62493,-0.546748][0.110236,-0.0551181,0.992126][13.96,-14.9609,0][-0.59617,1.51426,-0.544366][0.0787402,0.0472441,0.992126][13.9627,-14.9679,0][0.806698,2.06326,-0.164538][0.0393701,-0.614173,0.787402][14.0504,-14.9335,0][0.821722,2.04472,-0.184824][0.23622,-0.740157,0.629921][14.0514,-14.9347,0][0.829032,2.04962,-0.181818][0.23622,-0.740157,0.629921][14.0518,-14.9344,0][0.821722,2.04472,-0.184824][0.23622,-0.740157,0.629921][14.0514,-14.9347,0][0.806698,2.06326,-0.164538][0.0393701,-0.614173,0.787402][14.0504,-14.9335,0][0.801206,2.05718,-0.168954][0.0393701,-0.606299,0.795276][14.0501,-14.9339,0][-0.806698,2.06326,-0.164538][-0.0393701,-0.614173,0.787402][13.9496,-14.9335,0][-0.821722,2.04472,-0.184824][-0.23622,-0.740157,0.629921][13.9486,-14.9347,0][-0.801206,2.05718,-0.168954][-0.0393701,-0.606299,0.795276][13.9499,-14.9339,0][-0.821722,2.04472,-0.184824][-0.23622,-0.740157,0.629921][13.9486,-14.9347,0][-0.806698,2.06326,-0.164538][-0.0393701,-0.614173,0.787402][13.9496,-14.9335,0][-0.829032,2.04962,-0.181818][-0.23622,-0.740157,0.629921][13.9482,-14.9344,0][0.801206,2.05718,-0.168954][0.0393701,-0.606299,0.795276][14.0501,-14.9339,0][0.779168,2.07706,-0.158332][-0.220472,-0.480315,0.850394][14.0487,-14.9327,0][0.775942,2.06984,-0.16326][-0.212598,-0.488189,0.850394][14.0485,-14.9331,0][0.779168,2.07706,-0.158332][-0.220472,-0.480315,0.850394][14.0487,-14.9327,0][0.801206,2.05718,-0.168954][0.0393701,-0.606299,0.795276][14.0501,-14.9339,0][0.806698,2.06326,-0.164538][0.0393701,-0.614173,0.787402][14.0504,-14.9335,0][-0.779168,2.07706,-0.158332][0.220472,-0.480315,0.850394][13.9513,-14.9327,0][-0.801206,2.05718,-0.168954][-0.0393701,-0.606299,0.795276][13.9499,-14.9339,0][-0.775942,2.06984,-0.16326][0.212598,-0.488189,0.850394][13.9515,-14.9331,0][-0.801206,2.05718,-0.168954][-0.0393701,-0.606299,0.795276][13.9499,-14.9339,0][-0.779168,2.07706,-0.158332][0.220472,-0.480315,0.850394][13.9513,-14.9327,0][-0.806698,2.06326,-0.164538][-0.0393701,-0.614173,0.787402][13.9496,-14.9335,0][0.59617,1.51426,-0.544366][-0.0787402,0.0472441,0.992126][14.0373,-14.9679,0][0.791428,1.44023,-0.472598][-0.519685,0.204724,0.834646][14.0495,-14.9725,0][0.827206,1.5537,-0.47797][-0.543307,0.102362,0.834646][14.0517,-14.9654,0][0.59617,1.51426,-0.544366][-0.0787402,0.0472441,0.992126][14.0373,-14.9679,0][0.827206,1.5537,-0.47797][-0.543307,0.102362,0.834646][14.0517,-14.9654,0][0.639758,1.62493,-0.546748][-0.110236,-0.0551181,0.992126][14.04,-14.9609,0][0.639758,1.62493,-0.546748][-0.110236,-0.0551181,0.992126][14.04,-14.9609,0][0.827206,1.5537,-0.47797][-0.543307,0.102362,0.834646][14.0517,-14.9654,0][0.861858,1.71227,-0.45188][-0.606299,-0.212598,0.76378][14.0539,-14.9555,0][0.639758,1.62493,-0.546748][-0.110236,-0.0551181,0.992126][14.04,-14.9609,0][0.861858,1.71227,-0.45188][-0.606299,-0.212598,0.76378][14.0539,-14.9555,0][0.704098,1.77218,-0.510368][-0.244094,-0.346457,0.905512][14.044,-14.9517,0][0.545388,1.85456,-0.481178][0.110236,-0.527559,0.84252][14.0341,-14.9466,0][0.639758,1.62493,-0.546748][-0.110236,-0.0551181,0.992126][14.04,-14.9609,0][0.704098,1.77218,-0.510368][-0.244094,-0.346457,0.905512][14.044,-14.9517,0][0.639758,1.62493,-0.546748][-0.110236,-0.0551181,0.992126][14.04,-14.9609,0][0.545388,1.85456,-0.481178][0.110236,-0.527559,0.84252][14.0341,-14.9466,0][0.451566,1.7223,-0.511784][0.307087,-0.259843,0.913386][14.0282,-14.9549,0][-0.639758,1.62493,-0.546748][0.110236,-0.0551181,0.992126][13.96,-14.9609,0][-0.827206,1.5537,-0.47797][0.543307,0.102362,0.834646][13.9483,-14.9654,0][-0.59617,1.51426,-0.544366][0.0787402,0.0472441,0.992126][13.9627,-14.9679,0][-0.59617,1.51426,-0.544366][0.0787402,0.0472441,0.992126][13.9627,-14.9679,0][-0.827206,1.5537,-0.47797][0.543307,0.102362,0.834646][13.9483,-14.9654,0][-0.791428,1.44023,-0.472598][0.519685,0.204724,0.834646][13.9505,-14.9725,0][-0.704098,1.77218,-0.510368][0.244094,-0.346457,0.905512][13.956,-14.9517,0][-0.861858,1.71227,-0.45188][0.606299,-0.212598,0.76378][13.9461,-14.9555,0][-0.639758,1.62493,-0.546748][0.110236,-0.0551181,0.992126][13.96,-14.9609,0][-0.639758,1.62493,-0.546748][0.110236,-0.0551181,0.992126][13.96,-14.9609,0][-0.861858,1.71227,-0.45188][0.606299,-0.212598,0.76378][13.9461,-14.9555,0][-0.827206,1.5537,-0.47797][0.543307,0.102362,0.834646][13.9483,-14.9654,0][-0.639758,1.62493,-0.546748][0.110236,-0.0551181,0.992126][13.96,-14.9609,0][-0.545388,1.85456,-0.481178][-0.110236,-0.527559,0.84252][13.9659,-14.9466,0][-0.704098,1.77218,-0.510368][0.244094,-0.346457,0.905512][13.956,-14.9517,0][-0.545388,1.85456,-0.481178][-0.110236,-0.527559,0.84252][13.9659,-14.9466,0][-0.639758,1.62493,-0.546748][0.110236,-0.0551181,0.992126][13.96,-14.9609,0][-0.451566,1.7223,-0.511784][-0.307087,-0.259843,0.913386][13.9718,-14.9549,0][0.63106,-0.0325324,0.38173][-0.15748,0.818898,0.543307][14.0394,-15.0645,0][0.623576,-0.0732476,0.412114][-0.259843,0.322835,0.913386][14.039,-15.0671,0][0.655462,-0.0498844,0.401774][0.133858,0.606299,0.779528][14.041,-15.0656,0][0.623576,-0.0732476,0.412114][-0.259843,0.322835,0.913386][14.039,-15.0671,0][0.63106,-0.0325324,0.38173][-0.15748,0.818898,0.543307][14.0394,-15.0645,0][0.60549,-0.0512682,0.390022][-0.480315,0.582677,0.653543][14.0378,-15.0657,0][-0.63106,-0.0325324,0.38173][0.15748,0.818898,0.543307][13.9606,-15.0645,0][-0.623576,-0.0732476,0.412114][0.259843,0.322835,0.913386][13.961,-15.0671,0][-0.60549,-0.0512682,0.390022][0.480315,0.582677,0.653543][13.9622,-15.0657,0][-0.623576,-0.0732476,0.412114][0.259843,0.322835,0.913386][13.961,-15.0671,0][-0.63106,-0.0325324,0.38173][0.15748,0.818898,0.543307][13.9606,-15.0645,0][-0.655462,-0.0498844,0.401774][-0.133858,0.606299,0.779528][13.959,-15.0656,0][0.779168,2.07706,-0.158332][-0.220472,-0.480315,0.850394][14.0487,-14.9327,0][0.749768,2.08076,-0.168664][-0.480315,-0.385827,0.787402][14.0469,-14.9325,0][0.775942,2.06984,-0.16326][-0.212598,-0.488189,0.850394][14.0485,-14.9331,0][0.749768,2.08076,-0.168664][-0.480315,-0.385827,0.787402][14.0469,-14.9325,0][0.779168,2.07706,-0.158332][-0.220472,-0.480315,0.850394][14.0487,-14.9327,0][0.750616,2.0889,-0.164204][-0.480315,-0.385827,0.787402][14.0469,-14.9319,0][-0.750616,2.0889,-0.164204][0.480315,-0.385827,0.787402][13.9531,-14.9319,0][-0.779168,2.07706,-0.158332][0.220472,-0.480315,0.850394][13.9513,-14.9327,0][-0.749768,2.08076,-0.168664][0.480315,-0.385827,0.787402][13.9531,-14.9325,0][-0.749768,2.08076,-0.168664][0.480315,-0.385827,0.787402][13.9531,-14.9325,0][-0.779168,2.07706,-0.158332][0.220472,-0.480315,0.850394][13.9513,-14.9327,0][-0.775942,2.06984,-0.16326][0.212598,-0.488189,0.850394][13.9515,-14.9331,0][0.726692,2.08826,-0.184382][-0.708661,-0.330709,0.629921][14.0454,-14.932,0][0.749768,2.08076,-0.168664][-0.480315,-0.385827,0.787402][14.0469,-14.9325,0][0.750616,2.0889,-0.164204][-0.480315,-0.385827,0.787402][14.0469,-14.9319,0][0.726692,2.08826,-0.184382][-0.708661,-0.330709,0.629921][14.0454,-14.932,0][0.750616,2.0889,-0.164204][-0.480315,-0.385827,0.787402][14.0469,-14.9319,0][0.725418,2.09696,-0.181308][-0.708661,-0.322835,0.622047][14.0453,-14.9314,0][-0.726692,2.08826,-0.184382][0.708661,-0.330709,0.629921][13.9546,-14.932,0][-0.750616,2.0889,-0.164204][0.480315,-0.385827,0.787402][13.9531,-14.9319,0][-0.749768,2.08076,-0.168664][0.480315,-0.385827,0.787402][13.9531,-14.9325,0][-0.750616,2.0889,-0.164204][0.480315,-0.385827,0.787402][13.9531,-14.9319,0][-0.726692,2.08826,-0.184382][0.708661,-0.330709,0.629921][13.9546,-14.932,0][-0.725418,2.09696,-0.181308][0.708661,-0.322835,0.622047][13.9547,-14.9314,0][0.861858,1.71227,-0.45188][-0.606299,-0.212598,0.76378][14.0539,-14.9555,0][0.836078,1.86635,-0.369152][-0.574803,-0.551181,0.598425][14.0523,-14.9459,0][0.704098,1.77218,-0.510368][-0.244094,-0.346457,0.905512][14.044,-14.9517,0][0.704098,1.77218,-0.510368][-0.244094,-0.346457,0.905512][14.044,-14.9517,0][0.836078,1.86635,-0.369152][-0.574803,-0.551181,0.598425][14.0523,-14.9459,0][0.738084,1.90279,-0.405246][-0.338583,-0.629921,0.700787][14.0461,-14.9436,0][0.639734,1.95431,-0.384108][-0.0944882,-0.748031,0.661417][14.04,-14.9404,0][0.704098,1.77218,-0.510368][-0.244094,-0.346457,0.905512][14.044,-14.9517,0][0.738084,1.90279,-0.405246][-0.338583,-0.629921,0.700787][14.0461,-14.9436,0][0.704098,1.77218,-0.510368][-0.244094,-0.346457,0.905512][14.044,-14.9517,0][0.639734,1.95431,-0.384108][-0.0944882,-0.748031,0.661417][14.04,-14.9404,0][0.545388,1.85456,-0.481178][0.110236,-0.527559,0.84252][14.0341,-14.9466,0][-0.861858,1.71227,-0.45188][0.606299,-0.212598,0.76378][13.9461,-14.9555,0][-0.704098,1.77218,-0.510368][0.244094,-0.346457,0.905512][13.956,-14.9517,0][-0.836078,1.86635,-0.369152][0.574803,-0.551181,0.598425][13.9477,-14.9459,0][-0.704098,1.77218,-0.510368][0.244094,-0.346457,0.905512][13.956,-14.9517,0][-0.738084,1.90279,-0.405246][0.338583,-0.629921,0.700787][13.9539,-14.9436,0][-0.836078,1.86635,-0.369152][0.574803,-0.551181,0.598425][13.9477,-14.9459,0][-0.704098,1.77218,-0.510368][0.244094,-0.346457,0.905512][13.956,-14.9517,0][-0.639734,1.95431,-0.384108][0.0944882,-0.748031,0.661417][13.96,-14.9404,0][-0.738084,1.90279,-0.405246][0.338583,-0.629921,0.700787][13.9539,-14.9436,0][-0.639734,1.95431,-0.384108][0.0944882,-0.748031,0.661417][13.96,-14.9404,0][-0.704098,1.77218,-0.510368][0.244094,-0.346457,0.905512][13.956,-14.9517,0][-0.545388,1.85456,-0.481178][-0.110236,-0.527559,0.84252][13.9659,-14.9466,0][-0.695586,-0.160762,0.35569][-0.622047,-0.755906,0.212598][14.0222,-15.0725,0][-0.700114,-0.13862,0.383754][-0.677165,-0.456693,0.574803][14.024,-15.0712,0][-0.711756,-0.132532,0.371182][-0.826772,-0.377953,0.409449][14.0232,-15.0708,0][-0.695586,-0.160762,0.35569][-0.622047,-0.755906,0.212598][14.0222,-15.0725,0][-0.716436,-0.138222,0.336834][-0.889764,-0.448819,-0.0393701][14.0211,-15.0711,0][-0.70822,-0.148472,0.324262][-0.779528,-0.590551,-0.204724][14.0203,-15.0718,0][-0.695586,-0.160762,0.35569][-0.622047,-0.755906,0.212598][14.0222,-15.0725,0][-0.71773,-0.132386,0.354008][-0.905512,-0.377953,0.188976][14.0221,-15.0708,0][-0.716436,-0.138222,0.336834][-0.889764,-0.448819,-0.0393701][14.0211,-15.0711,0][-0.862424,2.12324,-0.259332][-0.944882,0.307087,-0.11811][13.9838,-14.9298,0][-0.84798,2.15066,-0.249448][-0.692913,0.724409,-0.0314961][13.9844,-14.9281,0][-0.849414,2.14746,-0.262768][-0.708661,0.685039,-0.165354][13.9836,-14.9283,0][-0.84798,2.15066,-0.249448][-0.692913,0.724409,-0.0314961][13.9844,-14.9281,0][-0.862424,2.12324,-0.259332][-0.944882,0.307087,-0.11811][13.9838,-14.9298,0][-0.860086,2.12844,-0.237606][-0.913386,0.377953,0.149606][13.9851,-14.9295,0][-0.845986,2.1465,-0.27606][-0.818898,0.433071,-0.370079][13.9827,-14.9283,0][-0.856834,2.12166,-0.281014][-0.874016,0.275591,-0.393701][13.9824,-14.9299,0][-0.862424,2.12324,-0.259332][-0.944882,0.307087,-0.11811][13.9838,-14.9298,0][-0.845986,2.1465,-0.27606][-0.818898,0.433071,-0.370079][13.9827,-14.9283,0][-0.862424,2.12324,-0.259332][-0.944882,0.307087,-0.11811][13.9838,-14.9298,0][-0.849414,2.14746,-0.262768][-0.708661,0.685039,-0.165354][13.9836,-14.9283,0][-0.714762,-0.0977874,0.380244][-0.858268,0.0472441,0.519685][14.0238,-15.0686,0][-0.711756,-0.132532,0.371182][-0.826772,-0.377953,0.409449][14.0232,-15.0708,0][-0.693784,-0.108758,0.402898][-0.590551,-0.0944882,0.80315][14.0252,-15.0693,0][-0.693784,-0.108758,0.402898][-0.590551,-0.0944882,0.80315][14.0252,-15.0693,0][-0.711756,-0.132532,0.371182][-0.826772,-0.377953,0.409449][14.0232,-15.0708,0][-0.700114,-0.13862,0.383754][-0.677165,-0.456693,0.574803][14.024,-15.0712,0][-0.860086,2.12844,-0.237606][-0.913386,0.377953,0.149606][13.9851,-14.9295,0][-0.841888,2.15562,-0.238114][-0.629921,0.771654,0.0866142][13.9851,-14.9278,0][-0.84798,2.15066,-0.249448][-0.692913,0.724409,-0.0314961][13.9844,-14.9281,0][-0.841888,2.15562,-0.238114][-0.629921,0.771654,0.0866142][13.9851,-14.9278,0][-0.860086,2.12844,-0.237606][-0.913386,0.377953,0.149606][13.9851,-14.9295,0][-0.850146,2.13652,-0.219116][-0.787402,0.488189,0.377953][13.9863,-14.929,0][-0.838218,2.14792,-0.28733][-0.685039,0.456693,-0.566929][13.982,-14.9283,0][-0.844166,2.12398,-0.299396][-0.716535,0.307087,-0.629921][13.9813,-14.9298,0][-0.856834,2.12166,-0.281014][-0.874016,0.275591,-0.393701][13.9824,-14.9299,0][-0.838218,2.14792,-0.28733][-0.685039,0.456693,-0.566929][13.982,-14.9283,0][-0.856834,2.12166,-0.281014][-0.874016,0.275591,-0.393701][13.9824,-14.9299,0][-0.845986,2.1465,-0.27606][-0.818898,0.433071,-0.370079][13.9827,-14.9283,0][-0.935112,1.93157,-0.077632][-0.755906,0.637795,0.11811][13.9951,-14.9418,0][-0.867168,1.99459,-0.14775][-0.574803,0.818898,-0.0866142][13.9908,-14.9378,0][-0.965068,1.89087,-0.187772][-0.818898,0.559055,-0.133858][13.9883,-14.9443,0][-0.965068,1.89087,-0.187772][-0.818898,0.559055,-0.133858][13.9883,-14.9443,0][-0.867168,1.99459,-0.14775][-0.574803,0.818898,-0.0866142][13.9908,-14.9378,0][-0.88364,1.97167,-0.20824][-0.598425,0.779528,-0.188976][13.987,-14.9393,0][-0.585684,0.164022,-0.354926][-0.708661,-0.700787,0.11811][13.9778,-15.0522,0][-0.758448,0.42516,-0.36157][-0.92126,-0.377953,0.0629921][13.9774,-15.0359,0][-0.758448,0.418924,-0.398256][-0.92126,-0.377953,0.0629921][13.9751,-15.0363,0][-0.585684,0.170258,-0.31824][-0.708661,-0.700787,0.11811][13.9801,-15.0519,0][-0.758448,0.42516,-0.36157][-0.92126,-0.377953,0.0629921][13.9774,-15.0359,0][-0.585684,0.164022,-0.354926][-0.708661,-0.700787,0.11811][13.9778,-15.0522,0][-1.0087,1.78684,0.0261][-0.874016,0.330709,0.354331][14.0016,-14.9508,0][-0.935112,1.93157,-0.077632][-0.755906,0.637795,0.11811][13.9951,-14.9418,0][-1.05786,1.72102,-0.151898][-0.976378,0.204724,-0.0393701][13.9905,-14.9549,0][-1.05786,1.72102,-0.151898][-0.976378,0.204724,-0.0393701][13.9905,-14.9549,0][-0.935112,1.93157,-0.077632][-0.755906,0.637795,0.11811][13.9951,-14.9418,0][-0.965068,1.89087,-0.187772][-0.818898,0.559055,-0.133858][13.9883,-14.9443,0][-1.0087,1.78684,0.0261][-0.874016,0.330709,0.354331][14.0016,-14.9508,0][-0.85561,1.98656,-0.002558][-0.590551,0.755906,0.291339][13.9998,-14.9383,0][-0.935112,1.93157,-0.077632][-0.755906,0.637795,0.11811][13.9951,-14.9418,0][-0.85561,1.98656,-0.002558][-0.590551,0.755906,0.291339][13.9998,-14.9383,0][-1.0087,1.78684,0.0261][-0.874016,0.330709,0.354331][14.0016,-14.9508,0][-0.87975,1.87618,0.14677][-0.606299,0.503937,0.614173][14.0092,-14.9452,0][-0.857102,2.05612,-0.2446][-0.92126,0.362205,-0.125984][13.9847,-14.934,0][-0.850646,2.07132,-0.218302][-0.889764,0.440945,0.11811][13.9864,-14.933,0][-0.853578,2.06458,-0.246074][-0.92126,0.362205,-0.133858][13.9846,-14.9335,0][-0.850646,2.07132,-0.218302][-0.889764,0.440945,0.11811][13.9864,-14.933,0][-0.857102,2.05612,-0.2446][-0.92126,0.362205,-0.125984][13.9847,-14.934,0][-0.853962,2.06362,-0.214368][-0.889764,0.440945,0.11811][13.9866,-14.9335,0][-0.849178,2.0537,-0.27475][-0.866142,0.322835,-0.393701][13.9828,-14.9341,0][-0.857102,2.05612,-0.2446][-0.92126,0.362205,-0.125984][13.9847,-14.934,0][-0.846368,2.0625,-0.27377][-0.858268,0.322835,-0.393701][13.9829,-14.9336,0][-0.846368,2.0625,-0.27377][-0.858268,0.322835,-0.393701][13.9829,-14.9336,0][-0.857102,2.05612,-0.2446][-0.92126,0.362205,-0.125984][13.9847,-14.934,0][-0.853578,2.06458,-0.246074][-0.92126,0.362205,-0.133858][13.9846,-14.9335,0][-0.723194,-0.108038,0.318352][-0.96063,-0.0866142,-0.259843][14.0199,-15.0693,0][-0.70822,-0.148472,0.324262][-0.779528,-0.590551,-0.204724][14.0203,-15.0718,0][-0.716436,-0.138222,0.336834][-0.889764,-0.448819,-0.0393701][14.0211,-15.0711,0][-0.70822,-0.148472,0.324262][-0.779528,-0.590551,-0.204724][14.0203,-15.0718,0][-0.723194,-0.108038,0.318352][-0.96063,-0.0866142,-0.259843][14.0199,-15.0693,0][-0.70839,-0.126512,0.295696][-0.771654,-0.314961,-0.543307][14.0185,-15.0704,0][-0.832038,2.16158,-0.23049][-0.535433,0.834646,0.15748][13.9856,-14.9274,0][-0.850146,2.13652,-0.219116][-0.787402,0.488189,0.377953][13.9863,-14.929,0][-0.834078,2.14626,-0.20668][-0.590551,0.614173,0.527559][13.9871,-14.9284,0][-0.850146,2.13652,-0.219116][-0.787402,0.488189,0.377953][13.9863,-14.929,0][-0.832038,2.16158,-0.23049][-0.535433,0.834646,0.15748][13.9856,-14.9274,0][-0.841888,2.15562,-0.238114][-0.629921,0.771654,0.0866142][13.9851,-14.9278,0][-0.853962,2.06362,-0.214368][-0.889764,0.440945,0.11811][13.9866,-14.9335,0][-0.83797,2.08172,-0.194656][-0.771654,0.551181,0.322835][13.9878,-14.9324,0][-0.850646,2.07132,-0.218302][-0.889764,0.440945,0.11811][13.9864,-14.933,0][-0.83797,2.08172,-0.194656][-0.771654,0.551181,0.322835][13.9878,-14.9324,0][-0.853962,2.06362,-0.214368][-0.889764,0.440945,0.11811][13.9866,-14.9335,0][-0.840194,2.07504,-0.18863][-0.771654,0.551181,0.330709][13.9882,-14.9328,0][-1.05443,1.54507,-0.116742][-0.992126,-0.11811,0.0393701][13.9927,-14.9659,0][-1.00045,1.51672,-0.34075][-0.874016,-0.165354,-0.456693][13.9787,-14.9677,0][-0.985316,1.45561,-0.33466][-0.88189,-0.0393701,-0.464567][13.9791,-14.9715,0][-0.985316,1.45561,-0.33466][-0.88189,-0.0393701,-0.464567][13.9791,-14.9715,0][-1.04053,1.48441,-0.105466][-1,0,0.00787402][13.9934,-14.9697,0][-1.05443,1.54507,-0.116742][-0.992126,-0.11811,0.0393701][13.9927,-14.9659,0][-0.985316,1.45561,-0.33466][-0.88189,-0.0393701,-0.464567][13.9791,-14.9715,0][-1.04178,1.47824,-0.104164][-0.992126,-0.110236,0.0393701][13.9935,-14.9701,0][-1.04053,1.48441,-0.105466][-1,0,0.00787402][13.9934,-14.9697,0][-0.986202,1.44919,-0.335068][-0.874016,-0.15748,-0.456693][13.9791,-14.9719,0][-1.04178,1.47824,-0.104164][-0.992126,-0.110236,0.0393701][13.9935,-14.9701,0][-0.985316,1.45561,-0.33466][-0.88189,-0.0393701,-0.464567][13.9791,-14.9715,0][-1.04178,1.47824,-0.104164][-0.992126,-0.110236,0.0393701][13.9935,-14.9701,0][-0.986202,1.44919,-0.335068][-0.874016,-0.15748,-0.456693][13.9791,-14.9719,0][-0.963424,1.39597,-0.324988][-0.80315,-0.425197,-0.425197][13.9797,-14.9753,0][-0.963424,1.39597,-0.324988][-0.80315,-0.425197,-0.425197][13.9797,-14.9753,0][-1.01902,1.4248,-0.094792][-0.92126,-0.377953,0.0944882][13.9941,-14.9735,0][-1.04178,1.47824,-0.104164][-0.992126,-0.110236,0.0393701][13.9935,-14.9701,0][-1.05443,1.54507,-0.116742][-0.992126,-0.11811,0.0393701][13.9927,-14.9659,0][-1.0126,1.69679,-0.33882][-0.874016,0.165354,-0.448819][13.9788,-14.9565,0][-1.00045,1.51672,-0.34075][-0.874016,-0.165354,-0.456693][13.9787,-14.9677,0][-1.0126,1.69679,-0.33882][-0.874016,0.165354,-0.448819][13.9788,-14.9565,0][-1.05443,1.54507,-0.116742][-0.992126,-0.11811,0.0393701][13.9927,-14.9659,0][-1.05786,1.72102,-0.151898][-0.976378,0.204724,-0.0393701][13.9905,-14.9549,0][-1.05786,1.72102,-0.151898][-0.976378,0.204724,-0.0393701][13.9905,-14.9549,0][-0.937006,1.87532,-0.303166][-0.755906,0.527559,-0.393701][13.9811,-14.9453,0][-1.0126,1.69679,-0.33882][-0.874016,0.165354,-0.448819][13.9788,-14.9565,0][-0.937006,1.87532,-0.303166][-0.755906,0.527559,-0.393701][13.9811,-14.9453,0][-1.05786,1.72102,-0.151898][-0.976378,0.204724,-0.0393701][13.9905,-14.9549,0][-0.965068,1.89087,-0.187772][-0.818898,0.559055,-0.133858][13.9883,-14.9443,0][-0.965068,1.89087,-0.187772][-0.818898,0.559055,-0.133858][13.9883,-14.9443,0][-0.868092,1.96281,-0.272044][-0.574803,0.76378,-0.307087][13.983,-14.9398,0][-0.937006,1.87532,-0.303166][-0.755906,0.527559,-0.393701][13.9811,-14.9453,0][-0.868092,1.96281,-0.272044][-0.574803,0.76378,-0.307087][13.983,-14.9398,0][-0.965068,1.89087,-0.187772][-0.818898,0.559055,-0.133858][13.9883,-14.9443,0][-0.88364,1.97167,-0.20824][-0.598425,0.779528,-0.188976][13.987,-14.9393,0][-0.858834,1.88908,-0.392486][-0.574803,0.551181,-0.598425][13.9755,-14.9444,0][-1.0126,1.69679,-0.33882][-0.874016,0.165354,-0.448819][13.9788,-14.9565,0][-0.937006,1.87532,-0.303166][-0.755906,0.527559,-0.393701][13.9811,-14.9453,0][-1.0126,1.69679,-0.33882][-0.874016,0.165354,-0.448819][13.9788,-14.9565,0][-0.858834,1.88908,-0.392486][-0.574803,0.551181,-0.598425][13.9755,-14.9444,0][-0.886142,1.72064,-0.482912][-0.606299,0.220472,-0.76378][13.9698,-14.955,0][-0.922914,0.721228,-0.439798][-1,0,0][13.9725,-15.0174,0][-0.854346,1.08778,-0.340402][-0.88189,0.409449,0.251969][13.9787,-14.9945,0][-0.854346,1.06106,-0.497582][-0.92126,0.377953,-0.0629921][13.9689,-14.9962,0][-0.854346,1.08778,-0.340402][-0.88189,0.409449,0.251969][13.9787,-14.9945,0][-0.922914,0.721228,-0.439798][-1,0,0][13.9725,-15.0174,0][-0.922914,0.747944,-0.282634][-0.944882,0.0551181,0.314961][13.9823,-15.0158,0][-0.922914,0.721228,-0.439798][-1,0,0][13.9725,-15.0174,0][-0.854346,0.408106,-0.224864][-0.88189,-0.299213,0.370079][13.9859,-15.037,0][-0.922914,0.747944,-0.282634][-0.944882,0.0551181,0.314961][13.9823,-15.0158,0][-0.854346,0.408106,-0.224864][-0.88189,-0.299213,0.370079][13.9859,-15.037,0][-0.922914,0.721228,-0.439798][-1,0,0][13.9725,-15.0174,0][-0.854346,0.381388,-0.382044][-0.92126,-0.377953,0.0629921][13.9761,-15.0387,0][-0.854346,0.381388,-0.382044][-0.92126,-0.377953,0.0629921][13.9761,-15.0387,0][-0.659082,0.120004,-0.175892][-0.685039,-0.614173,0.401575][13.989,-15.055,0][-0.854346,0.408106,-0.224864][-0.88189,-0.299213,0.370079][13.9859,-15.037,0][-0.659082,0.120004,-0.175892][-0.685039,-0.614173,0.401575][13.989,-15.055,0][-0.854346,0.381388,-0.382044][-0.92126,-0.377953,0.0629921][13.9761,-15.0387,0][-0.659082,0.0932802,-0.333108][-0.708661,-0.700787,0.11811][13.9792,-15.0567,0][-0.71773,-0.132386,0.354008][-0.905512,-0.377953,0.188976][14.0221,-15.0708,0][-0.725526,-0.0975262,0.349298][-0.992126,0.0472441,0.125984][14.0218,-15.0686,0][-0.716436,-0.138222,0.336834][-0.889764,-0.448819,-0.0393701][14.0211,-15.0711,0][-0.716436,-0.138222,0.336834][-0.889764,-0.448819,-0.0393701][14.0211,-15.0711,0][-0.725526,-0.0975262,0.349298][-0.992126,0.0472441,0.125984][14.0218,-15.0686,0][-0.723194,-0.108038,0.318352][-0.96063,-0.0866142,-0.259843][14.0199,-15.0693,0][-0.994756,1.62353,0.095996][-0.858268,0.023622,0.511811][14.006,-14.961,0][-1.05786,1.72102,-0.151898][-0.976378,0.204724,-0.0393701][13.9905,-14.9549,0][-1.05443,1.54507,-0.116742][-0.992126,-0.11811,0.0393701][13.9927,-14.9659,0][-1.05786,1.72102,-0.151898][-0.976378,0.204724,-0.0393701][13.9905,-14.9549,0][-0.994756,1.62353,0.095996][-0.858268,0.023622,0.511811][14.006,-14.961,0][-1.0087,1.78684,0.0261][-0.874016,0.330709,0.354331][14.0016,-14.9508,0][-0.831406,2.05668,-0.300288][-0.708661,0.322835,-0.622047][13.9812,-14.934,0][-0.849178,2.0537,-0.27475][-0.866142,0.322835,-0.393701][13.9828,-14.9341,0][-0.830118,2.06538,-0.29723][-0.708661,0.322835,-0.629921][13.9814,-14.9334,0][-0.830118,2.06538,-0.29723][-0.708661,0.322835,-0.629921][13.9814,-14.9334,0][-0.849178,2.0537,-0.27475][-0.866142,0.322835,-0.393701][13.9828,-14.9341,0][-0.846368,2.0625,-0.27377][-0.858268,0.322835,-0.393701][13.9829,-14.9336,0][-0.817432,2.0942,-0.178746][-0.582677,0.669291,0.464567][13.9888,-14.9316,0][-0.840194,2.07504,-0.18863][-0.771654,0.551181,0.330709][13.9882,-14.9328,0][-0.81784,2.0887,-0.171312][-0.582677,0.669291,0.464567][13.9893,-14.932,0][-0.840194,2.07504,-0.18863][-0.771654,0.551181,0.330709][13.9882,-14.9328,0][-0.817432,2.0942,-0.178746][-0.582677,0.669291,0.464567][13.9888,-14.9316,0][-0.83797,2.08172,-0.194656][-0.771654,0.551181,0.322835][13.9878,-14.9324,0][-0.856834,2.12166,-0.281014][-0.874016,0.275591,-0.393701][13.9824,-14.9299,0][-0.859478,2.1013,-0.282146][-0.889764,-0.173228,-0.417323][13.9824,-14.9312,0][-0.866252,2.1032,-0.255876][-0.992126,-0.133858,-0.0551181][13.984,-14.9311,0][-0.856834,2.12166,-0.281014][-0.874016,0.275591,-0.393701][13.9824,-14.9299,0][-0.866252,2.1032,-0.255876][-0.992126,-0.133858,-0.0551181][13.984,-14.9311,0][-0.862424,2.12324,-0.259332][-0.944882,0.307087,-0.11811][13.9838,-14.9298,0][-0.863418,2.10952,-0.229552][-0.952756,-0.0314961,0.299213][13.9857,-14.9307,0][-0.850146,2.13652,-0.219116][-0.787402,0.488189,0.377953][13.9863,-14.929,0][-0.860086,2.12844,-0.237606][-0.913386,0.377953,0.149606][13.9851,-14.9295,0][-0.850146,2.13652,-0.219116][-0.787402,0.488189,0.377953][13.9863,-14.929,0][-0.863418,2.10952,-0.229552][-0.952756,-0.0314961,0.299213][13.9857,-14.9307,0][-0.851374,2.1193,-0.207146][-0.795276,0.11811,0.598425][13.9871,-14.93,0][-0.979528,1.56439,0.112242][-0.88189,0.133858,0.456693][14.007,-14.9647,0][-1.05443,1.54507,-0.116742][-0.992126,-0.11811,0.0393701][13.9927,-14.9659,0][-1.04053,1.48441,-0.105466][-1,0,0.00787402][13.9934,-14.9697,0][-1.05443,1.54507,-0.116742][-0.992126,-0.11811,0.0393701][13.9927,-14.9659,0][-0.979528,1.56439,0.112242][-0.88189,0.133858,0.456693][14.007,-14.9647,0][-0.994756,1.62353,0.095996][-0.858268,0.023622,0.511811][14.006,-14.961,0][-1.04053,1.48441,-0.105466][-1,0,0.00787402][13.9934,-14.9697,0][-0.980252,1.55892,0.115182][-0.866142,0.0314961,0.503937][14.0072,-14.9651,0][-0.979528,1.56439,0.112242][-0.88189,0.133858,0.456693][14.007,-14.9647,0][-0.980252,1.55892,0.115182][-0.866142,0.0314961,0.503937][14.0072,-14.9651,0][-1.04053,1.48441,-0.105466][-1,0,0.00787402][13.9934,-14.9697,0][-1.04178,1.47824,-0.104164][-0.992126,-0.110236,0.0393701][13.9935,-14.9701,0][-0.82093,1.66839,0.262806][-0.535433,0.228346,0.811024][14.0164,-14.9582,0][-0.979528,1.56439,0.112242][-0.88189,0.133858,0.456693][14.007,-14.9647,0][-0.980252,1.55892,0.115182][-0.866142,0.0314961,0.503937][14.0072,-14.9651,0][-0.821534,1.67296,0.258782][-0.574803,0.322835,0.755906][14.0162,-14.9579,0][-0.979528,1.56439,0.112242][-0.88189,0.133858,0.456693][14.007,-14.9647,0][-0.82093,1.66839,0.262806][-0.535433,0.228346,0.811024][14.0164,-14.9582,0][-0.844166,2.12398,-0.299396][-0.716535,0.307087,-0.629921][13.9813,-14.9298,0][-0.84413,2.1041,-0.30442][-0.677165,-0.149606,-0.716535][13.981,-14.931,0][-0.859478,2.1013,-0.282146][-0.889764,-0.173228,-0.417323][13.9824,-14.9312,0][-0.844166,2.12398,-0.299396][-0.716535,0.307087,-0.629921][13.9813,-14.9298,0][-0.859478,2.1013,-0.282146][-0.889764,-0.173228,-0.417323][13.9824,-14.9312,0][-0.856834,2.12166,-0.281014][-0.874016,0.275591,-0.393701][13.9824,-14.9299,0][-0.830078,1.47942,-0.51231][-0.551181,-0.0944882,-0.826772][13.968,-14.97,0][-0.986202,1.44919,-0.335068][-0.874016,-0.15748,-0.456693][13.9791,-14.9719,0][-0.830332,1.48558,-0.510528][-0.574803,0.015748,-0.818898][13.9681,-14.9697,0][-0.830332,1.48558,-0.510528][-0.574803,0.015748,-0.818898][13.9681,-14.9697,0][-0.986202,1.44919,-0.335068][-0.874016,-0.15748,-0.456693][13.9791,-14.9719,0][-0.985316,1.45561,-0.33466][-0.88189,-0.0393701,-0.464567][13.9791,-14.9715,0][-0.886142,1.72064,-0.482912][-0.606299,0.220472,-0.76378][13.9698,-14.955,0][-0.848886,1.54602,-0.512726][-0.543307,-0.0944882,-0.834646][13.968,-14.9659,0][-1.0126,1.69679,-0.33882][-0.874016,0.165354,-0.448819][13.9788,-14.9565,0][-0.848886,1.54602,-0.512726][-0.543307,-0.0944882,-0.834646][13.968,-14.9659,0][-1.00045,1.51672,-0.34075][-0.874016,-0.165354,-0.456693][13.9787,-14.9677,0][-1.0126,1.69679,-0.33882][-0.874016,0.165354,-0.448819][13.9788,-14.9565,0][-0.840116,1.73001,0.239064][-0.535433,0.228346,0.811024][14.0149,-14.9544,0][-1.0087,1.78684,0.0261][-0.874016,0.330709,0.354331][14.0016,-14.9508,0][-0.994756,1.62353,0.095996][-0.858268,0.023622,0.511811][14.006,-14.961,0][-1.0087,1.78684,0.0261][-0.874016,0.330709,0.354331][14.0016,-14.9508,0][-0.840116,1.73001,0.239064][-0.535433,0.228346,0.811024][14.0149,-14.9544,0][-0.87975,1.87618,0.14677][-0.606299,0.503937,0.614173][14.0092,-14.9452,0][-0.866984,0.867434,0.420296][-1,0,0][14.0263,-15.0083,0][-0.800988,1.08666,-0.269826][-0.866142,0.417323,0.275591][13.9831,-14.9946,0][-0.866984,0.759572,-0.214226][-0.937008,0.0551181,0.338583][13.9866,-15.015,0][-0.800988,1.08666,-0.269826][-0.866142,0.417323,0.275591][13.9831,-14.9946,0][-0.866984,0.867434,0.420296][-1,0,0][14.0263,-15.0083,0][-0.800988,1.19452,0.364696][-0.92126,0.377953,-0.0629921][14.0228,-14.9878,0][-0.800988,0.432484,-0.158624][-0.866142,-0.307087,0.393701][13.9901,-15.0355,0][-0.866984,0.867434,0.420296][-1,0,0][14.0263,-15.0083,0][-0.866984,0.759572,-0.214226][-0.937008,0.0551181,0.338583][13.9866,-15.015,0][-0.866984,0.867434,0.420296][-1,0,0][14.0263,-15.0083,0][-0.800988,0.432484,-0.158624][-0.866142,-0.307087,0.393701][13.9901,-15.0355,0][-0.800988,0.540346,0.475898][-0.92126,-0.377953,0.0629921][14.0297,-15.0287,0][-0.61305,1.36395,-0.316962][-0.661417,0.724409,0.19685][13.9802,-14.9773,0][-0.854346,1.08778,-0.340402][-0.88189,0.409449,0.251969][13.9787,-14.9945,0][-0.800988,1.08666,-0.269826][-0.866142,0.417323,0.275591][13.9831,-14.9946,0][-0.854346,1.08778,-0.340402][-0.88189,0.409449,0.251969][13.9787,-14.9945,0][-0.61305,1.36395,-0.316962][-0.661417,0.724409,0.19685][13.9802,-14.9773,0][-0.659082,1.37588,-0.389376][-0.685039,0.708661,0.181102][13.9757,-14.9765,0][-0.800988,0.432484,-0.158624][-0.866142,-0.307087,0.393701][13.9901,-15.0355,0][-0.61305,0.263054,0.523034][-0.708661,-0.700787,0.11811][14.0327,-15.0461,0][-0.800988,0.540346,0.475898][-0.92126,-0.377953,0.0629921][14.0297,-15.0287,0][-0.61305,0.263054,0.523034][-0.708661,-0.700787,0.11811][14.0327,-15.0461,0][-0.800988,0.432484,-0.158624][-0.866142,-0.307087,0.393701][13.9901,-15.0355,0][-0.61305,0.155192,-0.111488][-0.661417,-0.614173,0.425197][13.993,-15.0528,0][-0.851374,2.1193,-0.207146][-0.795276,0.11811,0.598425][13.9871,-14.93,0][-0.834078,2.14626,-0.20668][-0.590551,0.614173,0.527559][13.9871,-14.9284,0][-0.850146,2.13652,-0.219116][-0.787402,0.488189,0.377953][13.9863,-14.929,0][-0.834078,2.14626,-0.20668][-0.590551,0.614173,0.527559][13.9871,-14.9284,0][-0.851374,2.1193,-0.207146][-0.795276,0.11811,0.598425][13.9871,-14.93,0][-0.831904,2.1311,-0.192076][-0.527559,0.283465,0.795276][13.988,-14.9293,0][-0.95784,1.50514,0.12425][-0.787402,-0.228346,0.574803][14.0078,-14.9684,0][-1.04178,1.47824,-0.104164][-0.992126,-0.110236,0.0393701][13.9935,-14.9701,0][-1.01902,1.4248,-0.094792][-0.92126,-0.377953,0.0944882][13.9941,-14.9735,0][-1.04178,1.47824,-0.104164][-0.992126,-0.110236,0.0393701][13.9935,-14.9701,0][-0.95784,1.50514,0.12425][-0.787402,-0.228346,0.574803][14.0078,-14.9684,0][-0.980252,1.55892,0.115182][-0.866142,0.0314961,0.503937][14.0072,-14.9651,0][-1.00045,1.51672,-0.34075][-0.874016,-0.165354,-0.456693][13.9787,-14.9677,0][-0.848886,1.54602,-0.512726][-0.543307,-0.0944882,-0.834646][13.968,-14.9659,0][-0.830332,1.48558,-0.510528][-0.574803,0.015748,-0.818898][13.9681,-14.9697,0][-0.830332,1.48558,-0.510528][-0.574803,0.015748,-0.818898][13.9681,-14.9697,0][-0.985316,1.45561,-0.33466][-0.88189,-0.0393701,-0.464567][13.9791,-14.9715,0][-1.00045,1.51672,-0.34075][-0.874016,-0.165354,-0.456693][13.9787,-14.9677,0][-0.758448,1.02028,-0.500478][-0.92126,0.377953,-0.0629921][13.9687,-14.9987,0][-0.819114,0.725838,-0.412682][-1,0,0][13.9742,-15.0171,0][-0.758448,1.02652,-0.463792][-0.92126,0.377953,-0.0629921][13.971,-14.9983,0][-0.819114,0.725838,-0.412682][-1,0,0][13.9742,-15.0171,0][-0.758448,1.02028,-0.500478][-0.92126,0.377953,-0.0629921][13.9687,-14.9987,0][-0.819114,0.719602,-0.449368][-1,0,0][13.9719,-15.0175,0][-0.758448,0.418924,-0.398256][-0.92126,-0.377953,0.0629921][13.9751,-15.0363,0][-0.819114,0.725838,-0.412682][-1,0,0][13.9742,-15.0171,0][-0.819114,0.719602,-0.449368][-1,0,0][13.9719,-15.0175,0][-0.758448,0.42516,-0.36157][-0.92126,-0.377953,0.0629921][13.9774,-15.0359,0][-0.819114,0.725838,-0.412682][-1,0,0][13.9742,-15.0171,0][-0.758448,0.418924,-0.398256][-0.92126,-0.377953,0.0629921][13.9751,-15.0363,0][-0.61305,0.155192,-0.111488][-0.661417,-0.614173,0.425197][13.993,-15.0528,0][-0.854346,0.408106,-0.224864][-0.88189,-0.299213,0.370079][13.9859,-15.037,0][-0.659082,0.120004,-0.175892][-0.685039,-0.614173,0.401575][13.989,-15.055,0][-0.854346,0.408106,-0.224864][-0.88189,-0.299213,0.370079][13.9859,-15.037,0][-0.61305,0.155192,-0.111488][-0.661417,-0.614173,0.425197][13.993,-15.0528,0][-0.800988,0.432484,-0.158624][-0.866142,-0.307087,0.393701][13.9901,-15.0355,0][-0.986202,1.44919,-0.335068][-0.874016,-0.15748,-0.456693][13.9791,-14.9719,0][-0.830078,1.47942,-0.51231][-0.551181,-0.0944882,-0.826772][13.968,-14.97,0][-0.807772,1.42603,-0.50159][-0.464567,-0.354331,-0.811024][13.9687,-14.9734,0][-0.807772,1.42603,-0.50159][-0.464567,-0.354331,-0.811024][13.9687,-14.9734,0][-0.963424,1.39597,-0.324988][-0.80315,-0.425197,-0.425197][13.9797,-14.9753,0][-0.986202,1.44919,-0.335068][-0.874016,-0.15748,-0.456693][13.9791,-14.9719,0][-0.863418,2.10952,-0.229552][-0.952756,-0.0314961,0.299213][13.9857,-14.9307,0][-0.847212,2.07246,-0.219694][-0.88189,-0.283465,0.370079][13.9863,-14.933,0][-0.835168,2.08224,-0.19729][-0.716535,-0.133858,0.685039][13.9877,-14.9324,0][-0.835168,2.08224,-0.19729][-0.716535,-0.133858,0.685039][13.9877,-14.9324,0][-0.851374,2.1193,-0.207146][-0.795276,0.11811,0.598425][13.9871,-14.93,0][-0.863418,2.10952,-0.229552][-0.952756,-0.0314961,0.299213][13.9857,-14.9307,0][-0.860086,2.12844,-0.237606][-0.913386,0.377953,0.149606][13.9851,-14.9295,0][-0.866252,2.1032,-0.255876][-0.992126,-0.133858,-0.0551181][13.984,-14.9311,0][-0.863418,2.10952,-0.229552][-0.952756,-0.0314961,0.299213][13.9857,-14.9307,0][-0.866252,2.1032,-0.255876][-0.992126,-0.133858,-0.0551181][13.984,-14.9311,0][-0.860086,2.12844,-0.237606][-0.913386,0.377953,0.149606][13.9851,-14.9295,0][-0.862424,2.12324,-0.259332][-0.944882,0.307087,-0.11811][13.9838,-14.9298,0][0.189558,1.86272,-0.186704][-0.692913,0.692913,-0.188976][13.9883,-14.9461,0][0.277036,1.94432,0.027568][-0.653543,0.677165,0.338583][14.0017,-14.941,0][0.223954,1.91582,-0.195952][-0.755906,0.629921,-0.165354][13.9878,-14.9428,0][0.277036,1.94432,0.027568][-0.653543,0.677165,0.338583][14.0017,-14.941,0][0.189558,1.86272,-0.186704][-0.692913,0.692913,-0.188976][13.9883,-14.9461,0][0.24398,1.89195,0.04316][-0.590551,0.748031,0.307087][14.0027,-14.9443,0][-0.854346,1.06106,-0.497582][-0.92126,0.377953,-0.0629921][13.9689,-14.9962,0][-0.659082,1.37588,-0.389376][-0.685039,0.708661,0.181102][13.9757,-14.9765,0][-0.659082,1.34916,-0.546592][-0.708661,0.700787,-0.11811][13.9658,-14.9782,0][-0.659082,1.37588,-0.389376][-0.685039,0.708661,0.181102][13.9757,-14.9765,0][-0.854346,1.06106,-0.497582][-0.92126,0.377953,-0.0629921][13.9689,-14.9962,0][-0.854346,1.08778,-0.340402][-0.88189,0.409449,0.251969][13.9787,-14.9945,0][-0.758448,1.02028,-0.500478][-0.92126,0.377953,-0.0629921][13.9687,-14.9987,0][-0.585684,1.28142,-0.507124][-0.708661,0.700787,-0.11811][13.9683,-14.9824,0][-0.585684,1.27518,-0.54381][-0.708661,0.700787,-0.11811][13.966,-14.9828,0][-0.758448,1.02652,-0.463792][-0.92126,0.377953,-0.0629921][13.971,-14.9983,0][-0.585684,1.28142,-0.507124][-0.708661,0.700787,-0.11811][13.9683,-14.9824,0][-0.758448,1.02028,-0.500478][-0.92126,0.377953,-0.0629921][13.9687,-14.9987,0][-0.922914,0.747944,-0.282634][-0.944882,0.0551181,0.314961][13.9823,-15.0158,0][-0.800988,1.08666,-0.269826][-0.866142,0.417323,0.275591][13.9831,-14.9946,0][-0.854346,1.08778,-0.340402][-0.88189,0.409449,0.251969][13.9787,-14.9945,0][-0.800988,1.08666,-0.269826][-0.866142,0.417323,0.275591][13.9831,-14.9946,0][-0.922914,0.747944,-0.282634][-0.944882,0.0551181,0.314961][13.9823,-15.0158,0][-0.866984,0.759572,-0.214226][-0.937008,0.0551181,0.338583][13.9866,-15.015,0][-0.922914,0.747944,-0.282634][-0.944882,0.0551181,0.314961][13.9823,-15.0158,0][-0.800988,0.432484,-0.158624][-0.866142,-0.307087,0.393701][13.9901,-15.0355,0][-0.866984,0.759572,-0.214226][-0.937008,0.0551181,0.338583][13.9866,-15.015,0][-0.800988,0.432484,-0.158624][-0.866142,-0.307087,0.393701][13.9901,-15.0355,0][-0.922914,0.747944,-0.282634][-0.944882,0.0551181,0.314961][13.9823,-15.0158,0][-0.854346,0.408106,-0.224864][-0.88189,-0.299213,0.370079][13.9859,-15.037,0][-0.84599,2.03072,-0.237716][-0.913386,-0.401575,0][13.9851,-14.9356,0][-0.853962,2.06362,-0.214368][-0.889764,-0.291339,0.362205][13.9866,-14.9335,0][-0.857102,2.05612,-0.2446][-0.913386,-0.401575,-0.015748][13.9847,-14.934,0][-0.853962,2.06362,-0.214368][-0.889764,-0.291339,0.362205][13.9866,-14.9335,0][-0.84599,2.03072,-0.237716][-0.913386,-0.401575,0][13.9851,-14.9356,0][-0.842812,2.0382,-0.207512][-0.88189,-0.283465,0.370079][13.987,-14.9351,0][-0.119414,1.92891,-0.247348][-0.929134,0.362205,0][13.9845,-14.9419,0][-0.108374,1.93893,-0.267208][-0.787402,0.559055,-0.251969][13.9833,-14.9413,0][-0.119414,1.92565,-0.262218][-0.929134,0.330709,-0.149606][13.9836,-14.9421,0][-0.108374,1.93893,-0.267208][-0.787402,0.559055,-0.251969][13.9833,-14.9413,0][-0.119414,1.92891,-0.247348][-0.929134,0.362205,0][13.9845,-14.9419,0][-0.108374,1.94329,-0.247348][-0.795276,0.606299,0][13.9845,-14.941,0][0.595526,-0.163388,0.34249][-0.622047,-0.779528,0.0472441][14.0214,-15.0727,0][0.598434,-0.150278,0.38108][-0.582677,-0.622047,0.519685][14.0238,-15.0719,0][0.57314,-0.136182,0.334936][-0.889764,-0.456693,-0.0472441][14.0209,-15.071,0][0.598434,-0.150278,0.38108][-0.582677,-0.622047,0.519685][14.0238,-15.0719,0][0.576048,-0.123074,0.373524][-0.850394,-0.299213,0.433071][14.0233,-15.0702,0][0.57314,-0.136182,0.334936][-0.889764,-0.456693,-0.0472441][14.0209,-15.071,0][-0.850046,2.06614,-0.24602][-0.913386,-0.401575,0][13.9846,-14.9334,0][-0.863418,2.10952,-0.229552][-0.952756,-0.0314961,0.299213][13.9857,-14.9307,0][-0.866252,2.1032,-0.255876][-0.992126,-0.133858,-0.0551181][13.984,-14.9311,0][-0.863418,2.10952,-0.229552][-0.952756,-0.0314961,0.299213][13.9857,-14.9307,0][-0.850046,2.06614,-0.24602][-0.913386,-0.401575,0][13.9846,-14.9334,0][-0.847212,2.07246,-0.219694][-0.88189,-0.283465,0.370079][13.9863,-14.933,0][-0.79497,1.94019,-0.212524][-0.92126,-0.393701,0][13.9867,-14.9412,0][-0.831022,2.03544,-0.209848][-0.889764,-0.291339,0.362205][13.9869,-14.9353,0][-0.833856,2.02912,-0.236172][-0.913386,-0.401575,-0.015748][13.9852,-14.9357,0][-0.831022,2.03544,-0.209848][-0.889764,-0.291339,0.362205][13.9869,-14.9353,0][-0.79497,1.94019,-0.212524][-0.92126,-0.393701,0][13.9867,-14.9412,0][-0.792136,1.94651,-0.186198][-0.88189,-0.299213,0.370079][13.9884,-14.9408,0][-0.55703,1.39819,-0.089846][-0.874016,-0.307087,0.370079][13.9944,-14.9751,0][-0.79497,1.94019,-0.212524][-0.92126,-0.393701,0][13.9867,-14.9412,0][-0.560016,1.39177,-0.11633][-0.92126,-0.393701,-0.00787402][13.9927,-14.9755,0][-0.79497,1.94019,-0.212524][-0.92126,-0.393701,0][13.9867,-14.9412,0][-0.55703,1.39819,-0.089846][-0.874016,-0.307087,0.370079][13.9944,-14.9751,0][-0.792136,1.94651,-0.186198][-0.88189,-0.299213,0.370079][13.9884,-14.9408,0][-0.560016,1.39177,-0.11633][-0.92126,-0.393701,-0.00787402][13.9927,-14.9755,0][-0.79497,1.94019,-0.212524][-0.92126,-0.393701,0][13.9867,-14.9412,0][-0.553238,1.38983,-0.14284][-0.826772,-0.417323,-0.385827][13.9911,-14.9756,0][-0.788196,1.9383,-0.238794][-0.818898,-0.433071,-0.377953][13.9851,-14.9414,0][-0.553238,1.38983,-0.14284][-0.826772,-0.417323,-0.385827][13.9911,-14.9756,0][-0.79497,1.94019,-0.212524][-0.92126,-0.393701,0][13.9867,-14.9412,0][-0.108374,1.92653,-0.284044][-0.779528,0.425197,-0.456693][13.9822,-14.9421,0][-0.119414,1.92565,-0.262218][-0.929134,0.330709,-0.149606][13.9836,-14.9421,0][-0.108374,1.93893,-0.267208][-0.787402,0.559055,-0.251969][13.9833,-14.9413,0][-0.119414,1.92565,-0.262218][-0.929134,0.330709,-0.149606][13.9836,-14.9421,0][-0.108374,1.92653,-0.284044][-0.779528,0.425197,-0.456693][13.9822,-14.9421,0][-0.119414,1.91636,-0.274824][-0.779528,0.417323,-0.472441][13.9828,-14.9427,0][-0.61305,1.36395,-0.316962][-0.661417,0.724409,0.19685][13.9802,-14.9773,0][-0.800988,1.19452,0.364696][-0.92126,0.377953,-0.0629921][14.0228,-14.9878,0][-0.61305,1.47181,0.31756][-0.708661,0.700787,-0.11811][14.0198,-14.9705,0][-0.800988,1.19452,0.364696][-0.92126,0.377953,-0.0629921][14.0228,-14.9878,0][-0.61305,1.36395,-0.316962][-0.661417,0.724409,0.19685][13.9802,-14.9773,0][-0.800988,1.08666,-0.269826][-0.866142,0.417323,0.275591][13.9831,-14.9946,0][-0.838108,2.02826,-0.267874][-0.811024,-0.456693,-0.370079][13.9833,-14.9357,0][-0.857102,2.05612,-0.2446][-0.913386,-0.401575,-0.015748][13.9847,-14.934,0][-0.849178,2.0537,-0.27475][-0.80315,-0.456693,-0.385827][13.9828,-14.9341,0][-0.857102,2.05612,-0.2446][-0.913386,-0.401575,-0.015748][13.9847,-14.934,0][-0.838108,2.02826,-0.267874][-0.811024,-0.456693,-0.370079][13.9833,-14.9357,0][-0.84599,2.03072,-0.237716][-0.913386,-0.401575,0][13.9851,-14.9356,0][-0.842812,2.0382,-0.207512][-0.88189,-0.283465,0.370079][13.987,-14.9351,0][-0.829032,2.04962,-0.181818][-0.716535,-0.133858,0.685039][13.9886,-14.9344,0][-0.853962,2.06362,-0.214368][-0.889764,-0.291339,0.362205][13.9866,-14.9335,0][-0.829032,2.04962,-0.181818][-0.716535,-0.133858,0.685039][13.9886,-14.9344,0][-0.840194,2.07504,-0.18863][-0.724409,-0.133858,0.677165][13.9882,-14.9328,0][-0.853962,2.06362,-0.214368][-0.889764,-0.291339,0.362205][13.9866,-14.9335,0][-0.843272,2.06424,-0.27229][-0.811024,-0.456693,-0.370079][13.983,-14.9335,0][-0.866252,2.1032,-0.255876][-0.992126,-0.133858,-0.0551181][13.984,-14.9311,0][-0.859478,2.1013,-0.282146][-0.889764,-0.173228,-0.417323][13.9824,-14.9312,0][-0.866252,2.1032,-0.255876][-0.992126,-0.133858,-0.0551181][13.984,-14.9311,0][-0.843272,2.06424,-0.27229][-0.811024,-0.456693,-0.370079][13.983,-14.9335,0][-0.850046,2.06614,-0.24602][-0.913386,-0.401575,0][13.9846,-14.9334,0][-0.788196,1.9383,-0.238794][-0.818898,-0.433071,-0.377953][13.9851,-14.9414,0][-0.833856,2.02912,-0.236172][-0.913386,-0.401575,-0.015748][13.9852,-14.9357,0][-0.827082,2.02722,-0.262444][-0.80315,-0.456693,-0.385827][13.9836,-14.9358,0][-0.833856,2.02912,-0.236172][-0.913386,-0.401575,-0.015748][13.9852,-14.9357,0][-0.788196,1.9383,-0.238794][-0.818898,-0.433071,-0.377953][13.9851,-14.9414,0][-0.79497,1.94019,-0.212524][-0.92126,-0.393701,0][13.9867,-14.9412,0][-0.831022,2.03544,-0.209848][-0.889764,-0.291339,0.362205][13.9869,-14.9353,0][-0.792136,1.94651,-0.186198][-0.88189,-0.299213,0.370079][13.9884,-14.9408,0][-0.780092,1.9563,-0.163794][-0.708661,-0.15748,0.692913][13.9898,-14.9402,0][-0.780092,1.9563,-0.163794][-0.708661,-0.15748,0.692913][13.9898,-14.9402,0][-0.818978,2.04522,-0.187444][-0.724409,-0.133858,0.677165][13.9883,-14.9347,0][-0.831022,2.03544,-0.209848][-0.889764,-0.291339,0.362205][13.9869,-14.9353,0][0.404504,0.0899758,0.270912][-0.811024,-0.551181,0.204724][14.0169,-15.0569,0][0.47757,-0.00179827,0.27753][-0.724409,-0.661417,-0.19685][14.0173,-15.0626,0][0.472496,0.00525414,0.309946][-0.811024,-0.543307,0.228346][14.0194,-15.0622,0][0.47757,-0.00179827,0.27753][-0.724409,-0.661417,-0.19685][14.0173,-15.0626,0][0.404504,0.0899758,0.270912][-0.811024,-0.551181,0.204724][14.0169,-15.0569,0][0.410088,0.083322,0.238498][-0.716535,-0.669291,-0.220472][14.0149,-15.0573,0][-0.119414,1.92891,-0.247348][-0.929134,0.362205,0][13.9845,-14.9419,0][-0.108374,1.93893,-0.22749][-0.787402,0.559055,0.251969][13.9858,-14.9413,0][-0.108374,1.94329,-0.247348][-0.795276,0.606299,0][13.9845,-14.941,0][-0.108374,1.93893,-0.22749][-0.787402,0.559055,0.251969][13.9858,-14.9413,0][-0.119414,1.92891,-0.247348][-0.929134,0.362205,0][13.9845,-14.9419,0][-0.119414,1.92565,-0.232478][-0.929134,0.330709,0.149606][13.9855,-14.9421,0][0.61647,-0.144404,0.32909][-0.732283,-0.653543,-0.204724][14.0206,-15.0715,0][0.48846,0.015366,0.305786][-0.787402,-0.566929,0.23622][14.0191,-15.0615,0][0.49223,0.0101265,0.28169][-0.732283,-0.653543,-0.19685][14.0176,-15.0619,0][0.612932,-0.139484,0.351704][-0.787402,-0.566929,0.228346][14.022,-15.0712,0][0.48846,0.015366,0.305786][-0.787402,-0.566929,0.23622][14.0191,-15.0615,0][0.61647,-0.144404,0.32909][-0.732283,-0.653543,-0.204724][14.0206,-15.0715,0][0.617988,-0.12912,0.372078][-0.692913,-0.377953,0.614173][14.0233,-15.0706,0][0.48846,0.015366,0.305786][-0.787402,-0.566929,0.23622][14.0191,-15.0615,0][0.612932,-0.139484,0.351704][-0.787402,-0.566929,0.228346][14.022,-15.0712,0][0.48846,0.015366,0.305786][-0.787402,-0.566929,0.23622][14.0191,-15.0615,0][0.617988,-0.12912,0.372078][-0.692913,-0.377953,0.614173][14.0233,-15.0706,0][0.493848,0.0264124,0.327498][-0.692913,-0.377953,0.614173][14.0205,-15.0609,0][-0.553238,1.38983,-0.14284][-0.826772,-0.417323,-0.385827][13.9911,-14.9756,0][-0.788196,1.9383,-0.238794][-0.818898,-0.433071,-0.377953][13.9851,-14.9414,0][-0.537726,1.39266,-0.165292][-0.606299,-0.377953,-0.700787][13.9897,-14.9755,0][-0.772846,1.94109,-0.261066][-0.590551,-0.409449,-0.692913][13.9837,-14.9412,0][-0.537726,1.39266,-0.165292][-0.606299,-0.377953,-0.700787][13.9897,-14.9755,0][-0.788196,1.9383,-0.238794][-0.818898,-0.433071,-0.377953][13.9851,-14.9414,0][-0.544764,1.40807,-0.067454][-0.700787,-0.181102,0.692913][13.9958,-14.9745,0][-0.792136,1.94651,-0.186198][-0.88189,-0.299213,0.370079][13.9884,-14.9408,0][-0.55703,1.39819,-0.089846][-0.874016,-0.307087,0.370079][13.9944,-14.9751,0][-0.792136,1.94651,-0.186198][-0.88189,-0.299213,0.370079][13.9884,-14.9408,0][-0.544764,1.40807,-0.067454][-0.700787,-0.181102,0.692913][13.9958,-14.9745,0][-0.780092,1.9563,-0.163794][-0.708661,-0.15748,0.692913][13.9898,-14.9402,0][-0.119414,1.91636,-0.274824][-0.779528,0.417323,-0.472441][13.9828,-14.9427,0][-0.108374,1.90796,-0.295294][-0.496063,0.307087,-0.811024][13.9815,-14.9433,0][-0.119414,1.90246,-0.283248][-0.76378,0.220472,-0.598425][13.9823,-14.9436,0][-0.108374,1.90796,-0.295294][-0.496063,0.307087,-0.811024][13.9815,-14.9433,0][-0.119414,1.91636,-0.274824][-0.779528,0.417323,-0.472441][13.9828,-14.9427,0][-0.108374,1.92653,-0.284044][-0.779528,0.425197,-0.456693][13.9822,-14.9421,0][0.627904,-0.142902,0.308716][-0.519685,-0.606299,-0.598425][14.0193,-15.0714,0][0.49223,0.0101265,0.28169][-0.732283,-0.653543,-0.19685][14.0176,-15.0619,0][0.504414,0.0117258,0.259978][-0.527559,-0.606299,-0.590551][14.0162,-15.0618,0][0.61647,-0.144404,0.32909][-0.732283,-0.653543,-0.204724][14.0206,-15.0715,0][0.49223,0.0101265,0.28169][-0.732283,-0.653543,-0.19685][14.0176,-15.0619,0][0.627904,-0.142902,0.308716][-0.519685,-0.606299,-0.598425][14.0193,-15.0714,0][-0.820358,2.03124,-0.29345][-0.582677,-0.440945,-0.685039][13.9817,-14.9355,0][-0.849178,2.0537,-0.27475][-0.80315,-0.456693,-0.385827][13.9828,-14.9341,0][-0.831406,2.05668,-0.300288][-0.574803,-0.433071,-0.692913][13.9812,-14.934,0][-0.849178,2.0537,-0.27475][-0.80315,-0.456693,-0.385827][13.9828,-14.9341,0][-0.820358,2.03124,-0.29345][-0.582677,-0.440945,-0.685039][13.9817,-14.9355,0][-0.838108,2.02826,-0.267874][-0.811024,-0.456693,-0.370079][13.9833,-14.9357,0][0.404504,0.0899758,0.270912][-0.811024,-0.551181,0.204724][14.0169,-15.0569,0][0.472496,0.00525414,0.309946][-0.811024,-0.543307,0.228346][14.0194,-15.0622,0][0.479744,0.0201104,0.339152][-0.732283,-0.314961,0.606299][14.0212,-15.0612,0][0.479744,0.0201104,0.339152][-0.732283,-0.314961,0.606299][14.0212,-15.0612,0][0.410628,0.10533,0.300118][-0.740157,-0.330709,0.590551][14.0188,-15.0559,0][0.404504,0.0899758,0.270912][-0.811024,-0.551181,0.204724][14.0169,-15.0569,0][-0.827922,2.06704,-0.294562][-0.582677,-0.440945,-0.685039][13.9816,-14.9333,0][-0.859478,2.1013,-0.282146][-0.889764,-0.173228,-0.417323][13.9824,-14.9312,0][-0.84413,2.1041,-0.30442][-0.677165,-0.149606,-0.716535][13.981,-14.931,0][-0.859478,2.1013,-0.282146][-0.889764,-0.173228,-0.417323][13.9824,-14.9312,0][-0.827922,2.06704,-0.294562][-0.582677,-0.440945,-0.685039][13.9816,-14.9333,0][-0.843272,2.06424,-0.27229][-0.811024,-0.456693,-0.370079][13.983,-14.9335,0][-0.725526,-0.0975262,0.349298][-0.992126,0.0472441,0.125984][14.0218,-15.0686,0][-0.714522,-0.0761896,0.303902][-0.850394,0.299213,-0.433071][14.019,-15.0673,0][-0.723194,-0.108038,0.318352][-0.96063,-0.0866142,-0.259843][14.0199,-15.0693,0][-0.714522,-0.0761896,0.303902][-0.850394,0.299213,-0.433071][14.019,-15.0673,0][-0.725526,-0.0975262,0.349298][-0.992126,0.0472441,0.125984][14.0218,-15.0686,0][-0.71743,-0.0630804,0.34249][-0.889764,0.456693,0.0472441][14.0214,-15.0664,0][-0.108374,1.93893,-0.22749][-0.787402,0.559055,0.251969][13.9858,-14.9413,0][-0.119414,1.92565,-0.232478][-0.929134,0.330709,0.149606][13.9855,-14.9421,0][-0.108374,1.92653,-0.210654][-0.779528,0.425197,0.456693][13.9868,-14.9421,0][-0.108374,1.92653,-0.210654][-0.779528,0.425197,0.456693][13.9868,-14.9421,0][-0.119414,1.92565,-0.232478][-0.929134,0.330709,0.149606][13.9855,-14.9421,0][-0.119414,1.91636,-0.219872][-0.779528,0.417323,0.472441][13.9863,-14.9427,0][-0.827082,2.02722,-0.262444][-0.80315,-0.456693,-0.385827][13.9836,-14.9358,0][-0.772846,1.94109,-0.261066][-0.590551,-0.409449,-0.692913][13.9837,-14.9412,0][-0.788196,1.9383,-0.238794][-0.818898,-0.433071,-0.377953][13.9851,-14.9414,0][-0.772846,1.94109,-0.261066][-0.590551,-0.409449,-0.692913][13.9837,-14.9412,0][-0.827082,2.02722,-0.262444][-0.80315,-0.456693,-0.385827][13.9836,-14.9358,0][-0.811732,2.03002,-0.284716][-0.574803,-0.433071,-0.692913][13.9822,-14.9356,0][-0.696062,-0.0992238,0.275652][-0.622047,0.00787402,-0.779528][14.0172,-15.0687,0][-0.723194,-0.108038,0.318352][-0.96063,-0.0866142,-0.259843][14.0199,-15.0693,0][-0.714522,-0.0761896,0.303902][-0.850394,0.299213,-0.433071][14.019,-15.0673,0][-0.723194,-0.108038,0.318352][-0.96063,-0.0866142,-0.259843][14.0199,-15.0693,0][-0.696062,-0.0992238,0.275652][-0.622047,0.00787402,-0.779528][14.0172,-15.0687,0][-0.70839,-0.126512,0.295696][-0.771654,-0.314961,-0.543307][14.0185,-15.0704,0][-0.68508,-0.147994,0.287404][-0.480315,-0.582677,-0.653543][14.018,-15.0718,0][-0.70822,-0.148472,0.324262][-0.779528,-0.590551,-0.204724][14.0203,-15.0718,0][-0.70839,-0.126512,0.295696][-0.771654,-0.314961,-0.543307][14.0185,-15.0704,0][-0.70822,-0.148472,0.324262][-0.779528,-0.590551,-0.204724][14.0203,-15.0718,0][-0.68508,-0.147994,0.287404][-0.480315,-0.582677,-0.653543][14.018,-15.0718,0][-0.695284,-0.160396,0.31966][-0.614173,-0.748031,-0.267717][14.02,-15.0725,0][-0.119414,1.86966,-0.283248][-0.76378,-0.220472,-0.598425][13.9823,-14.9456,0][-0.108374,1.88606,-0.299244][-0.496063,0,-0.866142][13.9813,-14.9446,0][-0.108374,1.86415,-0.295294][-0.496063,-0.307087,-0.811024][13.9815,-14.946,0][-0.108374,1.88606,-0.299244][-0.496063,0,-0.866142][13.9813,-14.9446,0][-0.119414,1.86966,-0.283248][-0.76378,-0.220472,-0.598425][13.9823,-14.9456,0][-0.119414,1.88606,-0.286206][-0.76378,0,-0.645669][13.9821,-14.9446,0][-0.119414,1.90246,-0.283248][-0.76378,0.220472,-0.598425][13.9823,-14.9436,0][-0.108374,1.88606,-0.299244][-0.496063,0,-0.866142][13.9813,-14.9446,0][-0.119414,1.88606,-0.286206][-0.76378,0,-0.645669][13.9821,-14.9446,0][-0.108374,1.88606,-0.299244][-0.496063,0,-0.866142][13.9813,-14.9446,0][-0.119414,1.90246,-0.283248][-0.76378,0.220472,-0.598425][13.9823,-14.9436,0][-0.108374,1.90796,-0.295294][-0.496063,0.307087,-0.811024][13.9815,-14.9433,0][-0.119414,1.90246,-0.21145][-0.76378,0.220472,0.598425][13.9868,-14.9436,0][-0.108374,1.90796,-0.199404][-0.496063,0.307087,0.811024][13.9875,-14.9433,0][-0.119414,1.91636,-0.219872][-0.779528,0.417323,0.472441][13.9863,-14.9427,0][-0.108374,1.90796,-0.199404][-0.496063,0.307087,0.811024][13.9875,-14.9433,0][-0.108374,1.92653,-0.210654][-0.779528,0.425197,0.456693][13.9868,-14.9421,0][-0.119414,1.91636,-0.219872][-0.779528,0.417323,0.472441][13.9863,-14.9427,0][0.223954,1.91582,-0.195952][-0.755906,0.629921,-0.165354][13.9878,-14.9428,0][0.283362,1.83688,-0.407422][-0.622047,0.480315,-0.622047][13.9745,-14.9477,0][0.189558,1.86272,-0.186704][-0.692913,0.692913,-0.188976][13.9883,-14.9461,0][0.25117,1.78196,-0.403642][-0.559055,0.543307,-0.629921][13.9748,-14.9511,0][0.189558,1.86272,-0.186704][-0.692913,0.692913,-0.188976][13.9883,-14.9461,0][0.283362,1.83688,-0.407422][-0.622047,0.480315,-0.622047][13.9745,-14.9477,0][0.21685,1.83377,0.055638][-0.811024,0.401575,0.417323][14.0035,-14.9479,0][0.395104,1.85826,0.223828][-0.338583,0.598425,0.732283][14.014,-14.9464,0][0.239108,1.88886,0.045602][-0.661417,0.661417,0.346457][14.0029,-14.9444,0][0.395104,1.85826,0.223828][-0.338583,0.598425,0.732283][14.014,-14.9464,0][0.21685,1.83377,0.055638][-0.811024,0.401575,0.417323][14.0035,-14.9479,0][0.373132,1.80347,0.233704][-0.464567,0.330709,0.818898][14.0146,-14.9498,0][-0.119414,1.90246,-0.21145][-1,0,0][13.9868,-14.9436,0][-0.119414,1.88606,-0.286206][-1,0,0][13.9821,-14.9446,0][-0.119414,1.88606,-0.208492][-1,0,0][13.987,-14.9446,0][-0.119414,1.88606,-0.286206][-1,0,0][13.9821,-14.9446,0][-0.119414,1.86966,-0.21145][-1,0,0][13.9868,-14.9456,0][-0.119414,1.88606,-0.208492][-1,0,0][13.987,-14.9446,0][-0.119414,1.88606,-0.286206][-1,0,0][13.9821,-14.9446,0][-0.119414,1.90246,-0.21145][-1,0,0][13.9868,-14.9436,0][-0.119414,1.90246,-0.283248][-1,0,0][13.9823,-14.9436,0][-0.119414,1.86966,-0.283248][-1,0,0][13.9823,-14.9456,0][-0.119414,1.86966,-0.21145][-1,0,0][13.9868,-14.9456,0][-0.119414,1.88606,-0.286206][-1,0,0][13.9821,-14.9446,0][-0.119414,1.90246,-0.283248][-1,0,0][13.9823,-14.9436,0][-0.119414,1.90246,-0.21145][-1,0,0][13.9868,-14.9436,0][-0.119414,1.91636,-0.274824][-1,0,0][13.9828,-14.9427,0][-0.119414,1.86966,-0.21145][-1,0,0][13.9868,-14.9456,0][-0.119414,1.86966,-0.283248][-1,0,0][13.9823,-14.9456,0][-0.119414,1.85575,-0.274824][-1,0,0][13.9828,-14.9465,0][-0.119414,1.91636,-0.219872][-1,0,0][13.9863,-14.9427,0][-0.119414,1.91636,-0.274824][-1,0,0][13.9828,-14.9427,0][-0.119414,1.90246,-0.21145][-1,0,0][13.9868,-14.9436,0][-0.119414,1.85575,-0.274824][-1,0,0][13.9828,-14.9465,0][-0.119414,1.85575,-0.219872][-1,0,0][13.9863,-14.9465,0][-0.119414,1.86966,-0.21145][-1,0,0][13.9868,-14.9456,0][-0.119414,1.91636,-0.274824][-1,0,0][13.9828,-14.9427,0][-0.119414,1.91636,-0.219872][-1,0,0][13.9863,-14.9427,0][-0.119414,1.92565,-0.262218][-0.929134,0.330709,-0.149606][13.9836,-14.9421,0][-0.119414,1.92565,-0.262218][-0.929134,0.330709,-0.149606][13.9836,-14.9421,0][-0.119414,1.91636,-0.219872][-1,0,0][13.9863,-14.9427,0][-0.119414,1.92565,-0.232478][-0.929134,0.330709,0.149606][13.9855,-14.9421,0][-0.119414,1.92565,-0.262218][-0.929134,0.330709,-0.149606][13.9836,-14.9421,0][-0.119414,1.92565,-0.232478][-0.929134,0.330709,0.149606][13.9855,-14.9421,0][-0.119414,1.92891,-0.247348][-0.929134,0.362205,0][13.9845,-14.9419,0][-0.119414,1.85575,-0.219872][-1,0,0][13.9863,-14.9465,0][-0.119414,1.85575,-0.274824][-1,0,0][13.9828,-14.9465,0][-0.119414,1.84646,-0.232478][-0.929134,-0.330709,0.149606][13.9855,-14.9471,0][-0.119414,1.84646,-0.262218][-0.929134,-0.330709,-0.149606][13.9836,-14.9471,0][-0.119414,1.84646,-0.232478][-0.929134,-0.330709,0.149606][13.9855,-14.9471,0][-0.119414,1.85575,-0.274824][-1,0,0][13.9828,-14.9465,0][-0.119414,1.84646,-0.232478][-0.929134,-0.330709,0.149606][13.9855,-14.9471,0][-0.119414,1.84646,-0.262218][-0.929134,-0.330709,-0.149606][13.9836,-14.9471,0][-0.119414,1.8432,-0.247348][-0.929134,-0.362205,0][13.9845,-14.9473,0][0.60895,-0.163058,0.303902][-0.456693,-0.779528,-0.433071][14.019,-15.0727,0][0.57314,-0.136182,0.334936][-0.889764,-0.456693,-0.0472441][14.0209,-15.071,0][0.586564,-0.135854,0.296346][-0.724409,-0.456693,-0.519685][14.0185,-15.071,0][0.57314,-0.136182,0.334936][-0.889764,-0.456693,-0.0472441][14.0209,-15.071,0][0.60895,-0.163058,0.303902][-0.456693,-0.779528,-0.433071][14.019,-15.0727,0][0.595526,-0.163388,0.34249][-0.622047,-0.779528,0.0472441][14.0214,-15.0727,0][0.565044,-0.101738,0.328128][-0.992126,-0.0472441,-0.125984][14.0205,-15.0689,0][0.586564,-0.135854,0.296346][-0.724409,-0.456693,-0.519685][14.0185,-15.071,0][0.57314,-0.136182,0.334936][-0.889764,-0.456693,-0.0472441][14.0209,-15.071,0][0.586564,-0.135854,0.296346][-0.724409,-0.456693,-0.519685][14.0185,-15.071,0][0.565044,-0.101738,0.328128][-0.992126,-0.0472441,-0.125984][14.0205,-15.0689,0][0.57581,-0.101474,0.297182][-0.858268,-0.0472441,-0.519685][14.0186,-15.0688,0][0.578814,-0.0667302,0.306244][-0.826772,0.377953,-0.409449][14.0191,-15.0667,0][0.57581,-0.101474,0.297182][-0.858268,-0.0472441,-0.519685][14.0186,-15.0688,0][0.565044,-0.101738,0.328128][-0.992126,-0.0472441,-0.125984][14.0205,-15.0689,0][0.578814,-0.0667302,0.306244][-0.826772,0.377953,-0.409449][14.0191,-15.0667,0][0.565044,-0.101738,0.328128][-0.992126,-0.0472441,-0.125984][14.0205,-15.0689,0][0.57284,-0.066876,0.323418][-0.905512,0.377953,-0.188976][14.0202,-15.0667,0][0.57284,-0.066876,0.323418][-0.905512,0.377953,-0.188976][14.0202,-15.0667,0][0.594986,-0.0385024,0.321736][-0.622047,0.755906,-0.212598][14.0201,-15.0649,0][0.578814,-0.0667302,0.306244][-0.826772,0.377953,-0.409449][14.0191,-15.0667,0][0.162042,1.80431,-0.175868][-0.929134,0.354331,-0.110236][13.989,-14.9497,0][0.239108,1.88886,0.045602][-0.661417,0.661417,0.346457][14.0029,-14.9444,0][0.184248,1.85951,-0.18576][-0.779528,0.614173,-0.149606][13.9884,-14.9463,0][0.239108,1.88886,0.045602][-0.661417,0.661417,0.346457][14.0029,-14.9444,0][0.162042,1.80431,-0.175868][-0.929134,0.354331,-0.110236][13.989,-14.9497,0][0.21685,1.83377,0.055638][-0.811024,0.401575,0.417323][14.0035,-14.9479,0][-0.695586,-0.160762,0.35569][-0.622047,-0.755906,0.212598][14.0222,-15.0725,0][-0.711756,-0.132532,0.371182][-0.826772,-0.377953,0.409449][14.0232,-15.0708,0][-0.71773,-0.132386,0.354008][-0.905512,-0.377953,0.188976][14.0221,-15.0708,0][-0.711756,-0.132532,0.371182][-0.826772,-0.377953,0.409449][14.0232,-15.0708,0][-0.725526,-0.0975262,0.349298][-0.992126,0.0472441,0.125984][14.0218,-15.0686,0][-0.71773,-0.132386,0.354008][-0.905512,-0.377953,0.188976][14.0221,-15.0708,0][-0.725526,-0.0975262,0.349298][-0.992126,0.0472441,0.125984][14.0218,-15.0686,0][-0.711756,-0.132532,0.371182][-0.826772,-0.377953,0.409449][14.0232,-15.0708,0][-0.714762,-0.0977874,0.380244][-0.858268,0.0472441,0.519685][14.0238,-15.0686,0][-0.725526,-0.0975262,0.349298][-0.992126,0.0472441,0.125984][14.0218,-15.0686,0][-0.714762,-0.0977874,0.380244][-0.858268,0.0472441,0.519685][14.0238,-15.0686,0][-0.704006,-0.0634104,0.38108][-0.724409,0.456693,0.519685][14.0238,-15.0665,0][-0.71743,-0.0630804,0.34249][-0.889764,0.456693,0.0472441][14.0214,-15.0664,0][-0.725526,-0.0975262,0.349298][-0.992126,0.0472441,0.125984][14.0218,-15.0686,0][-0.704006,-0.0634104,0.38108][-0.724409,0.456693,0.519685][14.0238,-15.0665,0][-0.71743,-0.0630804,0.34249][-0.889764,0.456693,0.0472441][14.0214,-15.0664,0][-0.704006,-0.0634104,0.38108][-0.724409,0.456693,0.519685][14.0238,-15.0665,0][-0.68162,-0.036204,0.373524][-0.456693,0.779528,0.433071][14.0233,-15.0648,0][-0.695044,-0.035874,0.334936][-0.622047,0.779528,-0.0472441][14.0209,-15.0647,0][-0.71743,-0.0630804,0.34249][-0.889764,0.456693,0.0472441][14.0214,-15.0664,0][-0.68162,-0.036204,0.373524][-0.456693,0.779528,0.433071][14.0233,-15.0648,0][0.184248,1.85951,-0.18576][-0.779528,0.614173,-0.149606][13.9884,-14.9463,0][0.2462,1.7783,-0.404356][-0.645669,0.456693,-0.614173][13.9747,-14.9514,0][0.162042,1.80431,-0.175868][-0.929134,0.354331,-0.110236][13.989,-14.9497,0][0.224406,1.72325,-0.394336][-0.779528,0.19685,-0.590551][13.9754,-14.9548,0][0.162042,1.80431,-0.175868][-0.929134,0.354331,-0.110236][13.989,-14.9497,0][0.2462,1.7783,-0.404356][-0.645669,0.456693,-0.614173][13.9747,-14.9514,0][-0.119414,1.85575,-0.274824][-0.779528,-0.417323,-0.472441][13.9828,-14.9465,0][-0.108374,1.86415,-0.295294][-0.496063,-0.307087,-0.811024][13.9815,-14.946,0][-0.108374,1.84559,-0.284044][-0.779528,-0.425197,-0.456693][13.9822,-14.9472,0][-0.108374,1.86415,-0.295294][-0.496063,-0.307087,-0.811024][13.9815,-14.946,0][-0.119414,1.85575,-0.274824][-0.779528,-0.417323,-0.472441][13.9828,-14.9465,0][-0.119414,1.86966,-0.283248][-0.76378,-0.220472,-0.598425][13.9823,-14.9456,0][-0.009142,1.61927,-0.164518][-1,0,0][13.9897,-14.9613,0][-0.009142,1.84786,-0.287144][-1,0,0][13.9821,-14.947,0][-0.009142,1.60413,-0.249286][-1,0,0][13.9844,-14.9622,0][-0.009142,1.84786,-0.287144][-1,0,0][13.9821,-14.947,0][-0.009142,1.61927,-0.164518][-1,0,0][13.9897,-14.9613,0][-0.009142,1.863,-0.202376][-1,0,0][13.9874,-14.9461,0][-0.108374,1.88606,-0.195454][-0.496063,0,0.866142][13.9878,-14.9446,0][-0.108374,1.90796,-0.199404][-0.496063,0.307087,0.811024][13.9875,-14.9433,0][-0.119414,1.90246,-0.21145][-0.76378,0.220472,0.598425][13.9868,-14.9436,0][-0.119414,1.90246,-0.21145][-0.76378,0.220472,0.598425][13.9868,-14.9436,0][-0.119414,1.88606,-0.208492][-0.76378,0,0.645669][13.987,-14.9446,0][-0.108374,1.88606,-0.195454][-0.496063,0,0.866142][13.9878,-14.9446,0][-0.119414,1.86966,-0.21145][-0.76378,-0.220472,0.598425][13.9868,-14.9456,0][-0.108374,1.88606,-0.195454][-0.496063,0,0.866142][13.9878,-14.9446,0][-0.119414,1.88606,-0.208492][-0.76378,0,0.645669][13.987,-14.9446,0][-0.108374,1.88606,-0.195454][-0.496063,0,0.866142][13.9878,-14.9446,0][-0.119414,1.86966,-0.21145][-0.76378,-0.220472,0.598425][13.9868,-14.9456,0][-0.108374,1.86415,-0.199404][-0.496063,-0.307087,0.811024][13.9875,-14.946,0][-0.19622,1.79207,-0.172246][-0.850394,-0.503937,0.141732][13.9892,-14.9505,0][-0.306844,1.91891,0.012242][-0.661417,-0.669291,-0.338583][14.0008,-14.9426,0][-0.258392,1.89253,-0.189768][-0.771654,-0.622047,0.15748][13.9881,-14.9442,0][-0.306844,1.91891,0.012242][-0.661417,-0.669291,-0.338583][14.0008,-14.9426,0][-0.19622,1.79207,-0.172246][-0.850394,-0.503937,0.141732][13.9892,-14.9505,0][-0.246818,1.81958,0.040348][-0.740157,-0.551181,-0.377953][14.0025,-14.9488,0][0.712446,0.86966,0.4334][-0.685039,0.125984,0.716535][14.0271,-15.0081,0][0.65862,1.13866,0.38797][-0.637795,-0.133858,0.76378][14.0242,-14.9913,0][0.639664,1.12689,0.360538][-0.88189,-0.307087,0.362205][14.0225,-14.9921,0][0.639664,1.12689,0.360538][-0.88189,-0.307087,0.362205][14.0225,-14.9921,0][0.692348,0.865784,0.404908][-0.952756,0.0551181,0.307087][14.0253,-15.0084,0][0.712446,0.86966,0.4334][-0.685039,0.125984,0.716535][14.0271,-15.0081,0][0.639664,0.60468,0.449316][-0.874016,0.417323,0.259843][14.0281,-15.0247,0][0.712446,0.86966,0.4334][-0.685039,0.125984,0.716535][14.0271,-15.0081,0][0.692348,0.865784,0.404908][-0.952756,0.0551181,0.307087][14.0253,-15.0084,0][0.712446,0.86966,0.4334][-0.685039,0.125984,0.716535][14.0271,-15.0081,0][0.639664,0.60468,0.449316][-0.874016,0.417323,0.259843][14.0281,-15.0247,0][0.65781,0.600992,0.478776][-0.629921,0.377953,0.677165][14.0299,-15.0249,0][-0.25328,1.71675,-0.373326][-0.700787,-0.346457,0.622047][13.9767,-14.9552,0][-0.19622,1.79207,-0.172246][-0.850394,-0.503937,0.141732][13.9892,-14.9505,0][-0.311868,1.8202,-0.381694][-0.629921,-0.464567,0.622047][13.9761,-14.9487,0][-0.19622,1.79207,-0.172246][-0.850394,-0.503937,0.141732][13.9892,-14.9505,0][-0.258392,1.89253,-0.189768][-0.771654,-0.622047,0.15748][13.9881,-14.9442,0][-0.311868,1.8202,-0.381694][-0.629921,-0.464567,0.622047][13.9761,-14.9487,0][0.489638,1.34825,0.322954][-0.677165,-0.614173,0.401575][14.0202,-14.9782,0][0.639664,1.12689,0.360538][-0.88189,-0.307087,0.362205][14.0225,-14.9921,0][0.65862,1.13866,0.38797][-0.637795,-0.133858,0.76378][14.0242,-14.9913,0][0.65862,1.13866,0.38797][-0.637795,-0.133858,0.76378][14.0242,-14.9913,0][0.504348,1.36697,0.34941][-0.488189,-0.354331,0.795276][14.0218,-14.9771,0][0.489638,1.34825,0.322954][-0.677165,-0.614173,0.401575][14.0202,-14.9782,0][-0.108374,1.84559,-0.284044][-0.779528,-0.425197,-0.456693][13.9822,-14.9472,0][-0.108374,1.83318,-0.267208][-0.787402,-0.559055,-0.251969][13.9833,-14.9479,0][-0.119414,1.84646,-0.262218][-0.929134,-0.330709,-0.149606][13.9836,-14.9471,0][-0.108374,1.84559,-0.284044][-0.779528,-0.425197,-0.456693][13.9822,-14.9472,0][-0.119414,1.84646,-0.262218][-0.929134,-0.330709,-0.149606][13.9836,-14.9471,0][-0.119414,1.85575,-0.274824][-0.779528,-0.417323,-0.472441][13.9828,-14.9465,0][0.576048,-0.123074,0.373524][-0.850394,-0.299213,0.433071][14.0233,-15.0702,0][0.59451,-0.100038,0.401774][-0.622047,-0.00787402,0.779528][14.0251,-15.0688,0][0.567376,-0.0912262,0.359074][-0.96063,0.0866142,0.259843][14.0224,-15.0682,0][0.59451,-0.100038,0.401774][-0.622047,-0.00787402,0.779528][14.0251,-15.0688,0][0.58218,-0.0727516,0.38173][-0.771654,0.314961,0.543307][14.0239,-15.067,0][0.567376,-0.0912262,0.359074][-0.96063,0.0866142,0.259843][14.0224,-15.0682,0][0.60549,-0.0512682,0.390022][-0.480315,0.582677,0.653543][14.0244,-15.0657,0][0.58235,-0.0507904,0.353164][-0.779528,0.590551,0.204724][14.0221,-15.0657,0][0.58218,-0.0727516,0.38173][-0.771654,0.314961,0.543307][14.0239,-15.067,0][0.58235,-0.0507904,0.353164][-0.779528,0.590551,0.204724][14.0221,-15.0657,0][0.60549,-0.0512682,0.390022][-0.480315,0.582677,0.653543][14.0244,-15.0657,0][0.595286,-0.0388676,0.357766][-0.614173,0.748031,0.267717][14.0224,-15.0649,0][0.63912,1.10926,0.20809][-0.92126,-0.385827,0.0472441][14.013,-14.9932,0][0.489638,1.34825,0.322954][-0.677165,-0.614173,0.401575][14.0202,-14.9782,0][0.48982,1.32954,0.170646][-0.700787,-0.708661,0.0866142][14.0107,-14.9794,0][0.489638,1.34825,0.322954][-0.677165,-0.614173,0.401575][14.0202,-14.9782,0][0.63912,1.10926,0.20809][-0.92126,-0.385827,0.0472441][14.013,-14.9932,0][0.639664,1.12689,0.360538][-0.88189,-0.307087,0.362205][14.0225,-14.9921,0][0.80502,1.03863,-0.507624][-0.732283,-0.401575,-0.543307][13.9683,-14.9976,0][0.59917,1.29471,-0.509384][-0.559055,-0.653543,-0.503937][13.9682,-14.9816,0][0.621328,1.30966,-0.553694][-0.559055,-0.653543,-0.503937][13.9654,-14.9806,0][0.59917,1.29471,-0.509384][-0.559055,-0.653543,-0.503937][13.9682,-14.9816,0][0.80502,1.03863,-0.507624][-0.732283,-0.401575,-0.543307][13.9683,-14.9976,0][0.776066,1.03371,-0.465016][-0.732283,-0.401575,-0.543307][13.9709,-14.9979,0][0.713368,2.08944,-0.209506][-0.811024,0.456693,0.370079][13.9869,-14.9319,0][0.674482,2.0005,-0.185856][-0.811024,0.433071,0.385827][13.9884,-14.9375,0][0.728878,2.0866,-0.187054][-0.582677,0.433071,0.685039][13.9883,-14.9321,0][0.689992,1.99768,-0.163404][-0.590551,0.409449,0.700787][13.9898,-14.9376,0][0.728878,2.0866,-0.187054][-0.582677,0.433071,0.685039][13.9883,-14.9321,0][0.674482,2.0005,-0.185856][-0.811024,0.433071,0.385827][13.9884,-14.9375,0][-0.108374,1.86415,-0.199404][-0.496063,-0.307087,0.811024][13.9875,-14.946,0][-0.119414,1.85575,-0.219872][-0.779528,-0.417323,0.472441][13.9863,-14.9465,0][-0.108374,1.84559,-0.210654][-0.779528,-0.425197,0.456693][13.9868,-14.9472,0][-0.119414,1.85575,-0.219872][-0.779528,-0.417323,0.472441][13.9863,-14.9465,0][-0.108374,1.86415,-0.199404][-0.496063,-0.307087,0.811024][13.9875,-14.946,0][-0.119414,1.86966,-0.21145][-0.76378,-0.220472,0.598425][13.9868,-14.9456,0][0.67069,1.99215,-0.238852][-0.88189,0.299213,-0.370079][13.9851,-14.938,0][0.72184,2.0712,-0.284892][-0.708661,0.125984,-0.692913][13.9822,-14.9331,0][0.682956,1.98226,-0.261242][-0.708661,0.15748,-0.685039][13.9837,-14.9386,0][0.72184,2.0712,-0.284892][-0.708661,0.125984,-0.692913][13.9822,-14.9331,0][0.67069,1.99215,-0.238852][-0.88189,0.299213,-0.370079][13.9851,-14.938,0][0.709574,2.08108,-0.2625][-0.88189,0.283465,-0.377953][13.9836,-14.9324,0][-0.119414,1.8432,-0.247348][-0.929134,-0.362205,0][13.9845,-14.9473,0][-0.119414,1.84646,-0.262218][-0.929134,-0.330709,-0.149606][13.9836,-14.9471,0][-0.108374,1.83318,-0.267208][-0.787402,-0.559055,-0.251969][13.9833,-14.9479,0][-0.108374,1.83318,-0.267208][-0.787402,-0.559055,-0.251969][13.9833,-14.9479,0][-0.108374,1.82882,-0.247348][-0.795276,-0.606299,0][13.9845,-14.9482,0][-0.119414,1.8432,-0.247348][-0.929134,-0.362205,0][13.9845,-14.9473,0][0.57314,-0.136182,0.334936][-0.889764,-0.456693,-0.0472441][14.0209,-15.071,0][0.576048,-0.123074,0.373524][-0.850394,-0.299213,0.433071][14.0233,-15.0702,0][0.565044,-0.101738,0.328128][-0.992126,-0.0472441,-0.125984][14.0205,-15.0689,0][0.576048,-0.123074,0.373524][-0.850394,-0.299213,0.433071][14.0233,-15.0702,0][0.567376,-0.0912262,0.359074][-0.96063,0.0866142,0.259843][14.0224,-15.0682,0][0.565044,-0.101738,0.328128][-0.992126,-0.0472441,-0.125984][14.0205,-15.0689,0][0.71853,2.12542,-0.213926][-0.811024,0.456693,0.370079][13.9866,-14.9297,0][0.70746,2.09998,-0.20705][-0.80315,0.456693,0.385827][13.9871,-14.9313,0][0.736464,2.1224,-0.188148][-0.582677,0.433071,0.685039][13.9882,-14.9298,0][0.70746,2.09998,-0.20705][-0.80315,0.456693,0.385827][13.9871,-14.9313,0][0.725418,2.09696,-0.181308][-0.566929,0.433071,0.692913][13.9887,-14.9314,0][0.736464,2.1224,-0.188148][-0.582677,0.433071,0.685039][13.9882,-14.9298,0][-0.69619,-0.0795742,0.351704][-0.755906,0.622047,0.204724][14.022,-15.0675,0][-0.564996,0.0776084,0.327498][-0.543307,0.582677,0.606299][14.0205,-15.0576,0][-0.57718,0.0792078,0.305786][-0.748031,0.622047,0.220472][14.0191,-15.0576,0][-0.564996,0.0776084,0.327498][-0.543307,0.582677,0.606299][14.0205,-15.0576,0][-0.69619,-0.0795742,0.351704][-0.755906,0.622047,0.204724][14.022,-15.0675,0][-0.684756,-0.0810762,0.372078][-0.551181,0.582677,0.598425][14.0233,-15.0676,0][-0.596914,0.084082,0.27753][-0.811024,0.551181,-0.204724][14.0173,-15.0572,0][-0.516596,0.162478,0.209292][-0.732283,0.322835,-0.598425][14.0131,-15.0523,0][-0.589666,0.0692238,0.248324][-0.740157,0.330709,-0.582677][14.0155,-15.0582,0][-0.516596,0.162478,0.209292][-0.732283,0.322835,-0.598425][14.0131,-15.0523,0][-0.596914,0.084082,0.27753][-0.811024,0.551181,-0.204724][14.0173,-15.0572,0][-0.52272,0.177832,0.238498][-0.811024,0.551181,-0.220472][14.0149,-15.0514,0][0.745068,2.12362,-0.196902][-0.566929,0.433071,0.700787][13.9877,-14.9298,0][0.761276,2.16068,-0.206758][-0.425197,0.677165,0.598425][13.9871,-14.9275,0][0.729558,2.12646,-0.219352][-0.80315,0.456693,0.385827][13.9863,-14.9296,0][0.745766,2.16352,-0.22921][-0.645669,0.700787,0.299213][13.9857,-14.9273,0][0.729558,2.12646,-0.219352][-0.80315,0.456693,0.385827][13.9863,-14.9296,0][0.761276,2.16068,-0.206758][-0.425197,0.677165,0.598425][13.9871,-14.9275,0][-0.108374,1.84559,-0.210654][-0.779528,-0.425197,0.456693][13.9868,-14.9472,0][-0.119414,1.84646,-0.232478][-0.929134,-0.330709,0.149606][13.9855,-14.9471,0][-0.108374,1.83318,-0.22749][-0.787402,-0.559055,0.251969][13.9858,-14.9479,0][-0.119414,1.84646,-0.232478][-0.929134,-0.330709,0.149606][13.9855,-14.9471,0][-0.108374,1.84559,-0.210654][-0.779528,-0.425197,0.456693][13.9868,-14.9472,0][-0.119414,1.85575,-0.219872][-0.779528,-0.417323,0.472441][13.9863,-14.9465,0][-0.108374,1.83318,-0.22749][-0.787402,-0.559055,0.251969][13.9858,-14.9479,0][-0.119414,1.8432,-0.247348][-0.929134,-0.362205,0][13.9845,-14.9473,0][-0.108374,1.82882,-0.247348][-0.795276,-0.606299,0][13.9845,-14.9482,0][-0.119414,1.8432,-0.247348][-0.929134,-0.362205,0][13.9845,-14.9473,0][-0.108374,1.83318,-0.22749][-0.787402,-0.559055,0.251969][13.9858,-14.9479,0][-0.119414,1.84646,-0.232478][-0.929134,-0.330709,0.149606][13.9855,-14.9471,0][-0.699728,-0.0844924,0.32909][-0.811024,0.543307,-0.220472][14.0206,-15.0678,0][-0.575562,0.0629218,0.259978][-0.708661,0.346457,-0.606299][14.0162,-15.0586,0][-0.694672,-0.094856,0.308716][-0.708661,0.346457,-0.606299][14.0193,-15.0684,0][-0.575562,0.0629218,0.259978][-0.708661,0.346457,-0.606299][14.0162,-15.0586,0][-0.699728,-0.0844924,0.32909][-0.811024,0.543307,-0.220472][14.0206,-15.0678,0][-0.58095,0.0739682,0.28169][-0.811024,0.543307,-0.220472][14.0176,-15.0579,0][0.439524,1.45204,-0.089904][-0.826772,0.417323,0.385827][13.9944,-14.9717,0][0.689992,1.99768,-0.163404][-0.590551,0.409449,0.700787][13.9898,-14.9376,0][0.674482,2.0005,-0.185856][-0.811024,0.433071,0.385827][13.9884,-14.9375,0][0.689992,1.99768,-0.163404][-0.590551,0.409449,0.700787][13.9898,-14.9376,0][0.439524,1.45204,-0.089904][-0.826772,0.417323,0.385827][13.9944,-14.9717,0][0.454874,1.44925,-0.067632][-0.598425,0.377953,0.700787][13.9958,-14.9719,0][-0.699728,-0.0844924,0.32909][-0.811024,0.543307,-0.220472][14.0206,-15.0678,0][-0.57718,0.0792078,0.305786][-0.748031,0.622047,0.220472][14.0191,-15.0576,0][-0.58095,0.0739682,0.28169][-0.811024,0.543307,-0.220472][14.0176,-15.0579,0][-0.57718,0.0792078,0.305786][-0.748031,0.622047,0.220472][14.0191,-15.0576,0][-0.699728,-0.0844924,0.32909][-0.811024,0.543307,-0.220472][14.0206,-15.0678,0][-0.69619,-0.0795742,0.351704][-0.755906,0.622047,0.204724][14.022,-15.0675,0][0.682956,1.98226,-0.261242][-0.708661,0.15748,-0.685039][13.9837,-14.9386,0][0.447628,1.43404,-0.164904][-0.692913,0.173228,-0.692913][13.9897,-14.9729,0][0.435584,1.44383,-0.142498][-0.874016,0.307087,-0.377953][13.9911,-14.9723,0][0.435584,1.44383,-0.142498][-0.874016,0.307087,-0.377953][13.9911,-14.9723,0][0.67069,1.99215,-0.238852][-0.88189,0.299213,-0.370079][13.9851,-14.938,0][0.682956,1.98226,-0.261242][-0.708661,0.15748,-0.685039][13.9837,-14.9386,0][-0.52272,0.177832,0.238498][-0.811024,0.551181,-0.220472][14.0149,-15.0514,0][-0.596914,0.084082,0.27753][-0.811024,0.551181,-0.204724][14.0173,-15.0572,0][-0.517138,0.184486,0.270912][-0.724409,0.661417,0.19685][14.0169,-15.051,0][-0.591842,0.0911316,0.309946][-0.716535,0.661417,0.212598][14.0194,-15.0568,0][-0.517138,0.184486,0.270912][-0.724409,0.661417,0.19685][14.0169,-15.051,0][-0.596914,0.084082,0.27753][-0.811024,0.551181,-0.204724][14.0173,-15.0572,0][0.710642,2.12292,-0.244358][-0.913386,0.401575,-0.00787402][13.9847,-14.9298,0][0.699528,2.0975,-0.237474][-0.913386,0.401575,0.00787402][13.9852,-14.9314,0][0.71853,2.12542,-0.213926][-0.811024,0.456693,0.370079][13.9866,-14.9297,0][0.699528,2.0975,-0.237474][-0.913386,0.401575,0.00787402][13.9852,-14.9314,0][0.70746,2.09998,-0.20705][-0.80315,0.456693,0.385827][13.9871,-14.9313,0][0.71853,2.12542,-0.213926][-0.811024,0.456693,0.370079][13.9866,-14.9297,0][0.725764,2.1181,-0.272346][-0.88189,0.291339,-0.362205][13.983,-14.9301,0][0.754238,2.14528,-0.304596][-0.559055,0.417323,-0.716535][13.981,-14.9284,0][0.73803,2.10822,-0.294738][-0.716535,0.133858,-0.685039][13.9816,-14.9307,0][0.754238,2.14528,-0.304596][-0.559055,0.417323,-0.716535][13.981,-14.9284,0][0.725764,2.1181,-0.272346][-0.88189,0.291339,-0.362205][13.983,-14.9301,0][0.741972,2.15516,-0.282204][-0.716535,0.559055,-0.417323][13.9824,-14.9278,0][0.729558,2.12646,-0.219352][-0.80315,0.456693,0.385827][13.9863,-14.9296,0][0.745766,2.16352,-0.22921][-0.645669,0.700787,0.299213][13.9857,-14.9273,0][0.722778,2.12452,-0.245862][-0.913386,0.401575,0.00787402][13.9846,-14.9297,0][0.738986,2.16158,-0.25572][-0.748031,0.661417,-0.0551181][13.984,-14.9274,0][0.722778,2.12452,-0.245862][-0.913386,0.401575,0.00787402][13.9846,-14.9297,0][0.745766,2.16352,-0.22921][-0.645669,0.700787,0.299213][13.9857,-14.9273,0][0.674482,2.0005,-0.185856][-0.811024,0.433071,0.385827][13.9884,-14.9375,0][0.713368,2.08944,-0.209506][-0.811024,0.456693,0.370079][13.9869,-14.9319,0][0.667702,1.99857,-0.212366][-0.913386,0.401575,0.00787402][13.9867,-14.9376,0][0.706588,2.0875,-0.236016][-0.913386,0.401575,-0.00787402][13.9852,-14.932,0][0.667702,1.99857,-0.212366][-0.913386,0.401575,0.00787402][13.9867,-14.9376,0][0.713368,2.08944,-0.209506][-0.811024,0.456693,0.370079][13.9869,-14.9319,0][0.702842,2.0899,-0.267888][-0.88189,0.291339,-0.362205][13.9833,-14.9319,0][0.699528,2.0975,-0.237474][-0.913386,0.401575,0.00787402][13.9852,-14.9314,0][0.710642,2.12292,-0.244358][-0.913386,0.401575,-0.00787402][13.9847,-14.9298,0][0.702842,2.0899,-0.267888][-0.88189,0.291339,-0.362205][13.9833,-14.9319,0][0.710642,2.12292,-0.244358][-0.913386,0.401575,-0.00787402][13.9847,-14.9298,0][0.713994,2.1153,-0.274744][-0.88189,0.283465,-0.377953][13.9828,-14.9303,0][0.728028,2.10376,-0.300422][-0.708661,0.125984,-0.692913][13.9812,-14.931,0][0.702842,2.0899,-0.267888][-0.88189,0.291339,-0.362205][13.9833,-14.9319,0][0.713994,2.1153,-0.274744][-0.88189,0.283465,-0.377953][13.9828,-14.9303,0][0.702842,2.0899,-0.267888][-0.88189,0.291339,-0.362205][13.9833,-14.9319,0][0.728028,2.10376,-0.300422][-0.708661,0.125984,-0.692913][13.9812,-14.931,0][0.716864,2.07836,-0.293612][-0.716535,0.133858,-0.685039][13.9816,-14.9326,0][-0.71743,-0.0630804,0.34249][-0.889764,0.456693,0.0472441][14.0214,-15.0664,0][-0.692136,-0.0489842,0.296346][-0.582677,0.622047,-0.519685][14.0185,-15.0656,0][-0.714522,-0.0761896,0.303902][-0.850394,0.299213,-0.433071][14.019,-15.0673,0][-0.692136,-0.0489842,0.296346][-0.582677,0.622047,-0.519685][14.0185,-15.0656,0][-0.71743,-0.0630804,0.34249][-0.889764,0.456693,0.0472441][14.0214,-15.0664,0][-0.695044,-0.035874,0.334936][-0.622047,0.779528,-0.0472441][14.0209,-15.0647,0][0.43275,1.45014,-0.116174][-0.92126,0.393701,0.00787402][13.9927,-14.9719,0][0.674482,2.0005,-0.185856][-0.811024,0.433071,0.385827][13.9884,-14.9375,0][0.667702,1.99857,-0.212366][-0.913386,0.401575,0.00787402][13.9867,-14.9376,0][0.674482,2.0005,-0.185856][-0.811024,0.433071,0.385827][13.9884,-14.9375,0][0.43275,1.45014,-0.116174][-0.92126,0.393701,0.00787402][13.9927,-14.9719,0][0.439524,1.45204,-0.089904][-0.826772,0.417323,0.385827][13.9944,-14.9717,0][0.67069,1.99215,-0.238852][-0.88189,0.299213,-0.370079][13.9851,-14.938,0][0.435584,1.44383,-0.142498][-0.874016,0.307087,-0.377953][13.9911,-14.9723,0][0.43275,1.45014,-0.116174][-0.92126,0.393701,0.00787402][13.9927,-14.9719,0][0.67069,1.99215,-0.238852][-0.88189,0.299213,-0.370079][13.9851,-14.938,0][0.43275,1.45014,-0.116174][-0.92126,0.393701,0.00787402][13.9927,-14.9719,0][0.667702,1.99857,-0.212366][-0.913386,0.401575,0.00787402][13.9867,-14.9376,0][0.722778,2.12452,-0.245862][-0.913386,0.401575,0.00787402][13.9846,-14.9297,0][0.738986,2.16158,-0.25572][-0.748031,0.661417,-0.0551181][13.984,-14.9274,0][0.725764,2.1181,-0.272346][-0.88189,0.291339,-0.362205][13.983,-14.9301,0][0.725764,2.1181,-0.272346][-0.88189,0.291339,-0.362205][13.983,-14.9301,0][0.738986,2.16158,-0.25572][-0.748031,0.661417,-0.0551181][13.984,-14.9274,0][0.741972,2.15516,-0.282204][-0.716535,0.559055,-0.417323][13.9824,-14.9278,0][0.667702,1.99857,-0.212366][-0.913386,0.401575,0.00787402][13.9867,-14.9376,0][0.706588,2.0875,-0.236016][-0.913386,0.401575,-0.00787402][13.9852,-14.932,0][0.67069,1.99215,-0.238852][-0.88189,0.299213,-0.370079][13.9851,-14.938,0][0.67069,1.99215,-0.238852][-0.88189,0.299213,-0.370079][13.9851,-14.938,0][0.706588,2.0875,-0.236016][-0.913386,0.401575,-0.00787402][13.9852,-14.932,0][0.709574,2.08108,-0.2625][-0.88189,0.283465,-0.377953][13.9836,-14.9324,0][0.869522,0.718936,-0.45328][-0.795276,-0.102362,-0.598425][13.9717,-15.0176,0][0.776066,1.03371,-0.465016][-0.732283,-0.401575,-0.543307][13.9709,-14.9979,0][0.80502,1.03863,-0.507624][-0.732283,-0.401575,-0.543307][13.9683,-14.9976,0][0.776066,1.03371,-0.465016][-0.732283,-0.401575,-0.543307][13.9709,-14.9979,0][0.869522,0.718936,-0.45328][-0.795276,-0.102362,-0.598425][13.9717,-15.0176,0][0.838186,0.725838,-0.412682][-0.795276,-0.102362,-0.598425][13.9742,-15.0171,0][0.869522,0.718936,-0.45328][-0.795276,-0.102362,-0.598425][13.9717,-15.0176,0][0.776066,0.417966,-0.360346][-0.732283,0.19685,-0.645669][13.9775,-15.0364,0][0.838186,0.725838,-0.412682][-0.795276,-0.102362,-0.598425][13.9742,-15.0171,0][0.776066,0.417966,-0.360346][-0.732283,0.19685,-0.645669][13.9775,-15.0364,0][0.869522,0.718936,-0.45328][-0.795276,-0.102362,-0.598425][13.9717,-15.0176,0][0.80502,0.39924,-0.398936][-0.732283,0.19685,-0.645669][13.9751,-15.0375,0][0.691548,0.849416,0.25226][-1,-0.00787402,0.00787402][14.0158,-15.0094,0][0.639664,1.12689,0.360538][-0.88189,-0.307087,0.362205][14.0225,-14.9921,0][0.63912,1.10926,0.20809][-0.92126,-0.385827,0.0472441][14.013,-14.9932,0][0.639664,1.12689,0.360538][-0.88189,-0.307087,0.362205][14.0225,-14.9921,0][0.691548,0.849416,0.25226][-1,-0.00787402,0.00787402][14.0158,-15.0094,0][0.692348,0.865784,0.404908][-0.952756,0.0551181,0.307087][14.0253,-15.0084,0][0.59917,0.156962,-0.31598][-0.559055,0.456693,-0.692913][13.9803,-15.0527,0][0.80502,0.39924,-0.398936][-0.732283,0.19685,-0.645669][13.9751,-15.0375,0][0.621328,0.128216,-0.352864][-0.559055,0.456693,-0.692913][13.9779,-15.0545,0][0.80502,0.39924,-0.398936][-0.732283,0.19685,-0.645669][13.9751,-15.0375,0][0.59917,0.156962,-0.31598][-0.559055,0.456693,-0.692913][13.9803,-15.0527,0][0.776066,0.417966,-0.360346][-0.732283,0.19685,-0.645669][13.9775,-15.0364,0][0.63912,0.589572,0.296432][-0.929134,0.377953,-0.0314961][14.0185,-15.0257,0][0.692348,0.865784,0.404908][-0.952756,0.0551181,0.307087][14.0253,-15.0084,0][0.691548,0.849416,0.25226][-1,-0.00787402,0.00787402][14.0158,-15.0094,0][0.692348,0.865784,0.404908][-0.952756,0.0551181,0.307087][14.0253,-15.0084,0][0.63912,0.589572,0.296432][-0.929134,0.377953,-0.0314961][14.0185,-15.0257,0][0.639664,0.60468,0.449316][-0.874016,0.417323,0.259843][14.0281,-15.0247,0][0.827206,1.5537,-0.47797][-0.543307,0.102362,0.834646][13.9701,-14.9654,0][0.791428,1.44023,-0.472598][-0.519685,0.204724,0.834646][13.9705,-14.9725,0][0.964684,1.52745,-0.322082][-0.874016,0.173228,0.456693][13.9799,-14.967,0][0.791428,1.44023,-0.472598][-0.519685,0.204724,0.834646][13.9705,-14.9725,0][0.93481,1.41254,-0.309972][-0.850394,0.267717,0.448819][13.9806,-14.9742,0][0.964684,1.52745,-0.322082][-0.874016,0.173228,0.456693][13.9799,-14.967,0][0.739766,2.05918,-0.30327][-0.582677,-0.669291,-0.464567][13.981,-14.9338,0][0.719056,2.0717,-0.287548][-0.76378,-0.551181,-0.330709][13.982,-14.933,0][0.716864,2.07836,-0.293612][-0.76378,-0.551181,-0.330709][13.9816,-14.9326,0][0.716864,2.07836,-0.293612][-0.76378,-0.551181,-0.330709][13.9816,-14.9326,0][0.739404,2.06466,-0.310726][-0.582677,-0.669291,-0.464567][13.9806,-14.9335,0][0.739766,2.05918,-0.30327][-0.582677,-0.669291,-0.464567][13.981,-14.9338,0][0.565044,-0.101738,0.328128][-0.992126,-0.0472441,-0.125984][14.0205,-15.0689,0][0.574134,-0.0610424,0.340592][-0.889764,0.448819,0.0393701][14.0213,-15.0663,0][0.57284,-0.066876,0.323418][-0.905512,0.377953,-0.188976][14.0202,-15.0667,0][0.574134,-0.0610424,0.340592][-0.889764,0.448819,0.0393701][14.0213,-15.0663,0][0.565044,-0.101738,0.328128][-0.992126,-0.0472441,-0.125984][14.0205,-15.0689,0][0.567376,-0.0912262,0.359074][-0.96063,0.0866142,0.259843][14.0224,-15.0682,0][0.819062,1.72403,0.203686][-0.535433,-0.220472,-0.818898][14.0127,-14.9547,0][0.973254,1.77397,0.011622][-0.874016,-0.322835,-0.354331][14.0007,-14.9516,0][0.959806,1.62616,0.073534][-0.858268,-0.015748,-0.511811][14.0046,-14.9609,0][0.973254,1.77397,0.011622][-0.874016,-0.322835,-0.354331][14.0007,-14.9516,0][0.819062,1.72403,0.203686][-0.535433,-0.220472,-0.818898][14.0127,-14.9547,0][0.855206,1.85626,0.121652][-0.606299,-0.503937,-0.614173][14.0076,-14.9465,0][0.861858,1.71227,-0.45188][-0.606299,-0.212598,0.76378][13.9718,-14.9555,0][0.827206,1.5537,-0.47797][-0.543307,0.102362,0.834646][13.9701,-14.9654,0][0.977144,1.69059,-0.320556][-0.874016,-0.165354,0.448819][13.98,-14.9568,0][0.827206,1.5537,-0.47797][-0.543307,0.102362,0.834646][13.9701,-14.9654,0][0.964684,1.52745,-0.322082][-0.874016,0.173228,0.456693][13.9799,-14.967,0][0.977144,1.69059,-0.320556][-0.874016,-0.165354,0.448819][13.98,-14.9568,0][0.70746,2.09998,-0.20705][-0.866142,-0.322835,0.393701][13.9871,-14.9313,0][0.726692,2.08826,-0.184382][-0.708661,-0.330709,0.629921][13.9885,-14.932,0][0.725418,2.09696,-0.181308][-0.708661,-0.322835,0.622047][13.9887,-14.9314,0][0.726692,2.08826,-0.184382][-0.708661,-0.330709,0.629921][13.9885,-14.932,0][0.70746,2.09998,-0.20705][-0.866142,-0.322835,0.393701][13.9871,-14.9313,0][0.710274,2.09118,-0.20803][-0.858268,-0.322835,0.393701][13.987,-14.9318,0][0.929776,1.51457,0.10339][-0.84252,0.0866142,-0.535433][14.0065,-14.9678,0][1.01375,1.55392,-0.119396][-0.992126,0.125984,-0.0472441][13.9925,-14.9654,0][0.98603,1.43963,-0.098218][-0.976378,0.228346,-0.0551181][13.9939,-14.9725,0][1.01375,1.55392,-0.119396][-0.992126,0.125984,-0.0472441][13.9925,-14.9654,0][0.929776,1.51457,0.10339][-0.84252,0.0866142,-0.535433][14.0065,-14.9678,0][0.959806,1.62616,0.073534][-0.858268,-0.015748,-0.511811][14.0046,-14.9609,0][0.90551,1.90533,-0.081742][-0.755906,-0.645669,-0.11811][13.9949,-14.9434,0][0.845228,1.96154,-0.143384][-0.574803,-0.811024,0.0866142][13.991,-14.9399,0][0.933162,1.86779,-0.18238][-0.818898,-0.559055,0.133858][13.9886,-14.9458,0][0.933162,1.86779,-0.18238][-0.818898,-0.559055,0.133858][13.9886,-14.9458,0][0.845228,1.96154,-0.143384][-0.574803,-0.811024,0.0866142][13.991,-14.9399,0][0.86078,1.93993,-0.20038][-0.598425,-0.779528,0.188976][13.9875,-14.9413,0][1.01825,1.71318,-0.15047][-0.976378,-0.204724,0.0393701][13.9906,-14.9554,0][0.90551,1.90533,-0.081742][-0.755906,-0.645669,-0.11811][13.9949,-14.9434,0][0.933162,1.86779,-0.18238][-0.818898,-0.559055,0.133858][13.9886,-14.9458,0][0.973254,1.77397,0.011622][-0.874016,-0.322835,-0.354331][14.0007,-14.9516,0][0.90551,1.90533,-0.081742][-0.755906,-0.645669,-0.11811][13.9949,-14.9434,0][1.01825,1.71318,-0.15047][-0.976378,-0.204724,0.0393701][13.9906,-14.9554,0][0.567376,-0.0912262,0.359074][-0.96063,0.0866142,0.259843][14.0224,-15.0682,0][0.58235,-0.0507904,0.353164][-0.779528,0.590551,0.204724][14.0221,-15.0657,0][0.574134,-0.0610424,0.340592][-0.889764,0.448819,0.0393701][14.0213,-15.0663,0][0.58235,-0.0507904,0.353164][-0.779528,0.590551,0.204724][14.0221,-15.0657,0][0.567376,-0.0912262,0.359074][-0.96063,0.0866142,0.259843][14.0224,-15.0682,0][0.58218,-0.0727516,0.38173][-0.771654,0.314961,0.543307][14.0239,-15.067,0][0.93481,1.41254,-0.309972][-0.850394,0.267717,0.448819][13.9806,-14.9742,0][0.98603,1.43963,-0.098218][-0.976378,0.228346,-0.0551181][13.9939,-14.9725,0][1.01375,1.55392,-0.119396][-0.992126,0.125984,-0.0472441][13.9925,-14.9654,0][0.93481,1.41254,-0.309972][-0.850394,0.267717,0.448819][13.9806,-14.9742,0][1.01375,1.55392,-0.119396][-0.992126,0.125984,-0.0472441][13.9925,-14.9654,0][0.964684,1.52745,-0.322082][-0.874016,0.173228,0.456693][13.9799,-14.967,0][0.719056,2.0717,-0.287548][-0.76378,-0.551181,-0.330709][13.982,-14.933,0][0.706148,2.0822,-0.263914][-0.889764,-0.440945,-0.11811][13.9835,-14.9324,0][0.702842,2.0899,-0.267888][-0.889764,-0.448819,-0.125984][13.9833,-14.9319,0][0.702842,2.0899,-0.267888][-0.889764,-0.448819,-0.125984][13.9833,-14.9319,0][0.716864,2.07836,-0.293612][-0.76378,-0.551181,-0.330709][13.9816,-14.9326,0][0.719056,2.0717,-0.287548][-0.76378,-0.551181,-0.330709][13.982,-14.933,0][0.710274,2.09118,-0.20803][-0.858268,-0.322835,0.393701][13.987,-14.9318,0][0.699528,2.0975,-0.237474][-0.92126,-0.362205,0.125984][13.9852,-14.9314,0][0.703056,2.08904,-0.235976][-0.92126,-0.362205,0.133858][13.9853,-14.9319,0][0.699528,2.0975,-0.237474][-0.92126,-0.362205,0.125984][13.9852,-14.9314,0][0.710274,2.09118,-0.20803][-0.858268,-0.322835,0.393701][13.987,-14.9318,0][0.70746,2.09998,-0.20705][-0.866142,-0.322835,0.393701][13.9871,-14.9313,0][0.699528,2.0975,-0.237474][-0.92126,-0.362205,0.125984][13.9852,-14.9314,0][0.706148,2.0822,-0.263914][-0.889764,-0.440945,-0.11811][13.9835,-14.9324,0][0.703056,2.08904,-0.235976][-0.92126,-0.362205,0.133858][13.9853,-14.9319,0][0.706148,2.0822,-0.263914][-0.889764,-0.440945,-0.11811][13.9835,-14.9324,0][0.699528,2.0975,-0.237474][-0.92126,-0.362205,0.125984][13.9852,-14.9314,0][0.702842,2.0899,-0.267888][-0.889764,-0.448819,-0.125984][13.9833,-14.9319,0][0.48982,0.369286,0.333876][-0.708661,0.700787,-0.0629921][14.0209,-15.0394,0][0.639664,0.60468,0.449316][-0.874016,0.417323,0.259843][14.0281,-15.0247,0][0.63912,0.589572,0.296432][-0.929134,0.377953,-0.0314961][14.0185,-15.0257,0][0.639664,0.60468,0.449316][-0.874016,0.417323,0.259843][14.0281,-15.0247,0][0.48982,0.369286,0.333876][-0.708661,0.700787,-0.0629921][14.0209,-15.0394,0][0.489638,0.38333,0.486996][-0.661417,0.716535,0.228346][14.0304,-15.0385,0][0.959806,1.62616,0.073534][-0.858268,-0.015748,-0.511811][14.0046,-14.9609,0][1.01825,1.71318,-0.15047][-0.976378,-0.204724,0.0393701][13.9906,-14.9554,0][1.01375,1.55392,-0.119396][-0.992126,0.125984,-0.0472441][13.9925,-14.9654,0][1.01825,1.71318,-0.15047][-0.976378,-0.204724,0.0393701][13.9906,-14.9554,0][0.959806,1.62616,0.073534][-0.858268,-0.015748,-0.511811][14.0046,-14.9609,0][0.973254,1.77397,0.011622][-0.874016,-0.322835,-0.354331][14.0007,-14.9516,0][0.977144,1.69059,-0.320556][-0.874016,-0.165354,0.448819][13.98,-14.9568,0][1.01375,1.55392,-0.119396][-0.992126,0.125984,-0.0472441][13.9925,-14.9654,0][1.01825,1.71318,-0.15047][-0.976378,-0.204724,0.0393701][13.9906,-14.9554,0][1.01375,1.55392,-0.119396][-0.992126,0.125984,-0.0472441][13.9925,-14.9654,0][0.977144,1.69059,-0.320556][-0.874016,-0.165354,0.448819][13.98,-14.9568,0][0.964684,1.52745,-0.322082][-0.874016,0.173228,0.456693][13.9799,-14.967,0][0.596788,-0.0905042,0.274528][-0.590551,0.0944882,-0.80315][14.0172,-15.0682,0][0.578814,-0.0667302,0.306244][-0.826772,0.377953,-0.409449][14.0191,-15.0667,0][0.590456,-0.0606418,0.293672][-0.677165,0.456693,-0.574803][14.0184,-15.0663,0][0.578814,-0.0667302,0.306244][-0.826772,0.377953,-0.409449][14.0191,-15.0667,0][0.596788,-0.0905042,0.274528][-0.590551,0.0944882,-0.80315][14.0172,-15.0682,0][0.57581,-0.101474,0.297182][-0.858268,-0.0472441,-0.519685][14.0186,-15.0688,0][0.836078,1.86635,-0.369152][-0.574803,-0.551181,0.598425][13.9769,-14.9459,0][0.977144,1.69059,-0.320556][-0.874016,-0.165354,0.448819][13.98,-14.9568,0][0.907592,1.85352,-0.287718][-0.755906,-0.527559,0.393701][13.982,-14.9467,0][0.977144,1.69059,-0.320556][-0.874016,-0.165354,0.448819][13.98,-14.9568,0][0.836078,1.86635,-0.369152][-0.574803,-0.551181,0.598425][13.9769,-14.9459,0][0.861858,1.71227,-0.45188][-0.606299,-0.212598,0.76378][13.9718,-14.9555,0][0.832368,1.95605,-0.013182][-0.590551,-0.755906,-0.291339][13.9992,-14.9402,0][0.973254,1.77397,0.011622][-0.874016,-0.322835,-0.354331][14.0007,-14.9516,0][0.855206,1.85626,0.121652][-0.606299,-0.503937,-0.614173][14.0076,-14.9465,0][0.973254,1.77397,0.011622][-0.874016,-0.322835,-0.354331][14.0007,-14.9516,0][0.832368,1.95605,-0.013182][-0.590551,-0.755906,-0.291339][13.9992,-14.9402,0][0.90551,1.90533,-0.081742][-0.755906,-0.645669,-0.11811][13.9949,-14.9434,0][0.65781,0.600992,0.478776][-0.629921,0.377953,0.677165][14.0299,-15.0249,0][0.489638,0.38333,0.486996][-0.661417,0.716535,0.228346][14.0304,-15.0385,0][0.50321,0.373478,0.517208][-0.480315,0.598425,0.637795][14.0323,-15.0392,0][0.489638,0.38333,0.486996][-0.661417,0.716535,0.228346][14.0304,-15.0385,0][0.65781,0.600992,0.478776][-0.629921,0.377953,0.677165][14.0299,-15.0249,0][0.639664,0.60468,0.449316][-0.874016,0.417323,0.259843][14.0281,-15.0247,0][0.84612,1.93162,-0.260344][-0.574803,-0.76378,0.307087][13.9837,-14.9418,0][0.933162,1.86779,-0.18238][-0.818898,-0.559055,0.133858][13.9886,-14.9458,0][0.86078,1.93993,-0.20038][-0.598425,-0.779528,0.188976][13.9875,-14.9413,0][0.933162,1.86779,-0.18238][-0.818898,-0.559055,0.133858][13.9886,-14.9458,0][0.84612,1.93162,-0.260344][-0.574803,-0.76378,0.307087][13.9837,-14.9418,0][0.907592,1.85352,-0.287718][-0.755906,-0.527559,0.393701][13.982,-14.9467,0][0.907592,1.85352,-0.287718][-0.755906,-0.527559,0.393701][13.982,-14.9467,0][1.01825,1.71318,-0.15047][-0.976378,-0.204724,0.0393701][13.9906,-14.9554,0][0.933162,1.86779,-0.18238][-0.818898,-0.559055,0.133858][13.9886,-14.9458,0][1.01825,1.71318,-0.15047][-0.976378,-0.204724,0.0393701][13.9906,-14.9554,0][0.907592,1.85352,-0.287718][-0.755906,-0.527559,0.393701][13.982,-14.9467,0][0.977144,1.69059,-0.320556][-0.874016,-0.165354,0.448819][13.98,-14.9568,0][0.574134,-0.0610424,0.340592][-0.889764,0.448819,0.0393701][14.0213,-15.0663,0][0.594986,-0.0385024,0.321736][-0.622047,0.755906,-0.212598][14.0201,-15.0649,0][0.57284,-0.066876,0.323418][-0.905512,0.377953,-0.188976][14.0202,-15.0667,0][0.58235,-0.0507904,0.353164][-0.779528,0.590551,0.204724][14.0221,-15.0657,0][0.594986,-0.0385024,0.321736][-0.622047,0.755906,-0.212598][14.0201,-15.0649,0][0.574134,-0.0610424,0.340592][-0.889764,0.448819,0.0393701][14.0213,-15.0663,0][0.578814,-0.0667302,0.306244][-0.826772,0.377953,-0.409449][14.0191,-15.0667,0][0.594986,-0.0385024,0.321736][-0.622047,0.755906,-0.212598][14.0201,-15.0649,0][0.590456,-0.0606418,0.293672][-0.677165,0.456693,-0.574803][14.0184,-15.0663,0][0.695586,-0.160762,0.35569][0.622047,-0.755906,0.212598][14.0435,-14.9778,0][0.664772,-0.171194,0.371182][0.212598,-0.889764,0.409449][14.0415,-14.9768,0][0.663478,-0.177028,0.354008][0.19685,-0.96063,0.188976][14.0415,-14.9779,0][-0.695586,-0.160762,0.35569][-0.622047,-0.755906,0.212598][13.9565,-14.9778,0][-0.663478,-0.177028,0.354008][-0.19685,-0.96063,0.188976][13.9585,-14.9779,0][-0.664772,-0.171194,0.371182][-0.212598,-0.889764,0.409449][13.9585,-14.9768,0][0.695586,-0.160762,0.35569][0.622047,-0.755906,0.212598][14.0435,-14.9778,0][0.663478,-0.177028,0.354008][0.19685,-0.96063,0.188976][14.0415,-14.9779,0][0.669452,-0.176882,0.336834][0.275591,-0.96063,-0.0393701][14.0418,-14.9789,0][-0.695586,-0.160762,0.35569][-0.622047,-0.755906,0.212598][13.9565,-14.9778,0][-0.669452,-0.176882,0.336834][-0.275591,-0.96063,-0.0393701][13.9582,-14.9789,0][-0.663478,-0.177028,0.354008][-0.19685,-0.96063,0.188976][13.9585,-14.9779,0][0.695586,-0.160762,0.35569][0.622047,-0.755906,0.212598][14.0435,-14.9778,0][0.685924,-0.14902,0.388356][0.488189,-0.590551,0.637795][14.0429,-14.9757,0][0.672988,-0.160942,0.383754][0.314961,-0.748031,0.574803][14.0421,-14.976,0][0.695586,-0.160762,0.35569][0.622047,-0.755906,0.212598][14.0435,-14.9778,0][0.672988,-0.160942,0.383754][0.314961,-0.748031,0.574803][14.0421,-14.976,0][0.664772,-0.171194,0.371182][0.212598,-0.889764,0.409449][14.0415,-14.9768,0][-0.695586,-0.160762,0.35569][-0.622047,-0.755906,0.212598][13.9565,-14.9778,0][-0.672988,-0.160942,0.383754][-0.314961,-0.748031,0.574803][13.9579,-14.976,0][-0.685924,-0.14902,0.388356][-0.488189,-0.590551,0.637795][13.9571,-14.9757,0][-0.695586,-0.160762,0.35569][-0.622047,-0.755906,0.212598][13.9565,-14.9778,0][-0.664772,-0.171194,0.371182][-0.212598,-0.889764,0.409449][13.9585,-14.9768,0][-0.672988,-0.160942,0.383754][-0.314961,-0.748031,0.574803][13.9579,-14.976,0][0.695586,-0.160762,0.35569][0.622047,-0.755906,0.212598][14.0435,-14.9778,0][0.669452,-0.176882,0.336834][0.275591,-0.96063,-0.0393701][14.0418,-14.9789,0][0.681094,-0.170794,0.324262][0.425197,-0.88189,-0.204724][14.0426,-14.9797,0][-0.695586,-0.160762,0.35569][-0.622047,-0.755906,0.212598][13.9565,-14.9778,0][-0.681094,-0.170794,0.324262][-0.425197,-0.88189,-0.204724][13.9574,-14.9797,0][-0.669452,-0.176882,0.336834][-0.275591,-0.96063,-0.0393701][13.9582,-14.9789,0][0.627904,-0.142902,0.308716][0.566929,-0.787402,0.259843][14.0392,-14.9807,0][0.69619,-0.0795742,0.351704][0.566929,-0.787402,0.259843][14.0435,-14.978,0][0.61647,-0.144404,0.32909][0.566929,-0.787402,0.259843][14.0385,-14.9794,0][0.684756,-0.0810762,0.372078][0.566929,-0.787402,0.259843][14.0428,-14.9767,0][0.61647,-0.144404,0.32909][0.566929,-0.787402,0.259843][14.0385,-14.9794,0][0.69619,-0.0795742,0.351704][0.566929,-0.787402,0.259843][14.0435,-14.978,0][0.69619,-0.0795742,0.351704][0.566929,-0.787402,0.259843][14.0435,-14.978,0][0.627904,-0.142902,0.308716][0.566929,-0.787402,0.259843][14.0392,-14.9807,0][0.699728,-0.0844924,0.32909][0.566929,-0.787402,0.259843][14.0437,-14.9794,0][0.61647,-0.144404,0.32909][0.566929,-0.787402,0.259843][14.0385,-14.9794,0][0.684756,-0.0810762,0.372078][0.566929,-0.787402,0.259843][14.0428,-14.9767,0][0.612932,-0.139484,0.351704][0.566929,-0.787402,0.259843][14.0383,-14.978,0][0.699728,-0.0844924,0.32909][0.566929,-0.787402,0.259843][14.0437,-14.9794,0][0.627904,-0.142902,0.308716][0.566929,-0.787402,0.259843][14.0392,-14.9807,0][0.644968,-0.135276,0.294616][0.566929,-0.787402,0.259843][14.0403,-14.9816,0][0.667692,-0.0887,0.386178][0.566929,-0.787402,0.259843][14.0417,-14.9759,0][0.612932,-0.139484,0.351704][0.566929,-0.787402,0.259843][14.0383,-14.978,0][0.684756,-0.0810762,0.372078][0.566929,-0.787402,0.259843][14.0428,-14.9767,0][0.644968,-0.135276,0.294616][0.566929,-0.787402,0.259843][14.0403,-14.9816,0][0.694672,-0.094856,0.308716][0.566929,-0.787402,0.259843][14.0434,-14.9807,0][0.699728,-0.0844924,0.32909][0.566929,-0.787402,0.259843][14.0437,-14.9794,0][0.694672,-0.094856,0.308716][0.566929,-0.787402,0.259843][14.0434,-14.9807,0][0.644968,-0.135276,0.294616][0.566929,-0.787402,0.259843][14.0403,-14.9816,0][0.664282,-0.12304,0.289584][0.566929,-0.787402,0.259843][14.0415,-14.9819,0][0.694672,-0.094856,0.308716][0.566929,-0.787402,0.259843][14.0434,-14.9807,0][0.664282,-0.12304,0.289584][0.566929,-0.787402,0.259843][14.0415,-14.9819,0][0.682022,-0.108614,0.294616][0.566929,-0.787402,0.259843][14.0426,-14.9816,0][0.667692,-0.0887,0.386178][0.566929,-0.787402,0.259843][14.0417,-14.9759,0][0.617988,-0.12912,0.372078][0.566929,-0.787402,0.259843][14.0386,-14.9767,0][0.612932,-0.139484,0.351704][0.566929,-0.787402,0.259843][14.0383,-14.978,0][0.617988,-0.12912,0.372078][0.566929,-0.787402,0.259843][14.0386,-14.9767,0][0.667692,-0.0887,0.386178][0.566929,-0.787402,0.259843][14.0417,-14.9759,0][0.648378,-0.100936,0.39121][0.566929,-0.787402,0.259843][14.0405,-14.9755,0][0.617988,-0.12912,0.372078][0.566929,-0.787402,0.259843][14.0386,-14.9767,0][0.648378,-0.100936,0.39121][0.566929,-0.787402,0.259843][14.0405,-14.9755,0][0.630638,-0.115362,0.386178][0.566929,-0.787402,0.259843][14.0394,-14.9759,0][-0.699728,-0.0844924,0.32909][-0.566929,-0.787402,0.259843][13.9563,-14.9794,0][-0.627904,-0.142902,0.308716][-0.566929,-0.787402,0.259843][13.9608,-14.9807,0][-0.69619,-0.0795742,0.351704][-0.566929,-0.787402,0.259843][13.9565,-14.978,0][-0.69619,-0.0795742,0.351704][-0.566929,-0.787402,0.259843][13.9565,-14.978,0][-0.627904,-0.142902,0.308716][-0.566929,-0.787402,0.259843][13.9608,-14.9807,0][-0.61647,-0.144404,0.32909][-0.566929,-0.787402,0.259843][13.9615,-14.9794,0][-0.627904,-0.142902,0.308716][-0.566929,-0.787402,0.259843][13.9608,-14.9807,0][-0.699728,-0.0844924,0.32909][-0.566929,-0.787402,0.259843][13.9563,-14.9794,0][-0.644968,-0.135276,0.294616][-0.566929,-0.787402,0.259843][13.9597,-14.9816,0][-0.69619,-0.0795742,0.351704][-0.566929,-0.787402,0.259843][13.9565,-14.978,0][-0.61647,-0.144404,0.32909][-0.566929,-0.787402,0.259843][13.9615,-14.9794,0][-0.684756,-0.0810762,0.372078][-0.566929,-0.787402,0.259843][13.9572,-14.9767,0][-0.694672,-0.094856,0.308716][-0.566929,-0.787402,0.259843][13.9566,-14.9807,0][-0.644968,-0.135276,0.294616][-0.566929,-0.787402,0.259843][13.9597,-14.9816,0][-0.699728,-0.0844924,0.32909][-0.566929,-0.787402,0.259843][13.9563,-14.9794,0][-0.644968,-0.135276,0.294616][-0.566929,-0.787402,0.259843][13.9597,-14.9816,0][-0.694672,-0.094856,0.308716][-0.566929,-0.787402,0.259843][13.9566,-14.9807,0][-0.664282,-0.12304,0.289584][-0.566929,-0.787402,0.259843][13.9585,-14.9819,0][-0.664282,-0.12304,0.289584][-0.566929,-0.787402,0.259843][13.9585,-14.9819,0][-0.694672,-0.094856,0.308716][-0.566929,-0.787402,0.259843][13.9566,-14.9807,0][-0.682022,-0.108614,0.294616][-0.566929,-0.787402,0.259843][13.9574,-14.9816,0][-0.612932,-0.139484,0.351704][-0.566929,-0.787402,0.259843][13.9617,-14.978,0][-0.684756,-0.0810762,0.372078][-0.566929,-0.787402,0.259843][13.9572,-14.9767,0][-0.61647,-0.144404,0.32909][-0.566929,-0.787402,0.259843][13.9615,-14.9794,0][-0.684756,-0.0810762,0.372078][-0.566929,-0.787402,0.259843][13.9572,-14.9767,0][-0.612932,-0.139484,0.351704][-0.566929,-0.787402,0.259843][13.9617,-14.978,0][-0.667692,-0.0887,0.386178][-0.566929,-0.787402,0.259843][13.9583,-14.9759,0][-0.617988,-0.12912,0.372078][-0.566929,-0.787402,0.259843][13.9614,-14.9767,0][-0.667692,-0.0887,0.386178][-0.566929,-0.787402,0.259843][13.9583,-14.9759,0][-0.612932,-0.139484,0.351704][-0.566929,-0.787402,0.259843][13.9617,-14.978,0][-0.667692,-0.0887,0.386178][-0.566929,-0.787402,0.259843][13.9583,-14.9759,0][-0.617988,-0.12912,0.372078][-0.566929,-0.787402,0.259843][13.9614,-14.9767,0][-0.648378,-0.100936,0.39121][-0.566929,-0.787402,0.259843][13.9595,-14.9755,0][-0.648378,-0.100936,0.39121][-0.566929,-0.787402,0.259843][13.9595,-14.9755,0][-0.617988,-0.12912,0.372078][-0.566929,-0.787402,0.259843][13.9614,-14.9767,0][-0.630638,-0.115362,0.386178][-0.566929,-0.787402,0.259843][13.9606,-14.9759,0][0.695586,-0.160762,0.35569][0.622047,-0.755906,0.212598][14.0435,-14.9778,0][0.700114,-0.13862,0.383754][0.677165,-0.456693,0.574803][14.0438,-14.976,0][0.685924,-0.14902,0.388356][0.488189,-0.590551,0.637795][14.0429,-14.9757,0][-0.695586,-0.160762,0.35569][-0.622047,-0.755906,0.212598][13.9565,-14.9778,0][-0.685924,-0.14902,0.388356][-0.488189,-0.590551,0.637795][13.9571,-14.9757,0][-0.700114,-0.13862,0.383754][-0.677165,-0.456693,0.574803][13.9562,-14.976,0][0.695586,-0.160762,0.35569][0.622047,-0.755906,0.212598][14.0435,-14.9778,0][0.681094,-0.170794,0.324262][0.425197,-0.88189,-0.204724][14.0426,-14.9797,0][0.695284,-0.160396,0.31966][0.614173,-0.748031,-0.267717][14.0435,-14.98,0][0.695586,-0.160762,0.35569][0.622047,-0.755906,0.212598][14.0435,-14.9778,0][0.695284,-0.160396,0.31966][0.614173,-0.748031,-0.267717][14.0435,-14.98,0][0.70822,-0.148472,0.324262][0.779528,-0.590551,-0.204724][14.0443,-14.9797,0][-0.695586,-0.160762,0.35569][-0.622047,-0.755906,0.212598][13.9565,-14.9778,0][-0.695284,-0.160396,0.31966][-0.614173,-0.748031,-0.267717][13.9565,-14.98,0][-0.681094,-0.170794,0.324262][-0.425197,-0.88189,-0.204724][13.9574,-14.9797,0][-0.695586,-0.160762,0.35569][-0.622047,-0.755906,0.212598][13.9565,-14.9778,0][-0.70822,-0.148472,0.324262][-0.779528,-0.590551,-0.204724][13.9557,-14.9797,0][-0.695284,-0.160396,0.31966][-0.614173,-0.748031,-0.267717][13.9565,-14.98,0][0.663478,-0.177028,0.354008][0.19685,-0.96063,0.188976][14.0415,-14.9779,0][0.6301,-0.167452,0.380244][-0.204724,-0.834646,0.519685][14.0394,-14.9762,0][0.627768,-0.177966,0.349298][-0.23622,-0.96063,0.125984][14.0392,-14.9782,0][0.6301,-0.167452,0.380244][-0.204724,-0.834646,0.519685][14.0394,-14.9762,0][0.663478,-0.177028,0.354008][0.19685,-0.96063,0.188976][14.0415,-14.9779,0][0.664772,-0.171194,0.371182][0.212598,-0.889764,0.409449][14.0415,-14.9768,0][-0.663478,-0.177028,0.354008][-0.19685,-0.96063,0.188976][13.9585,-14.9779,0][-0.6301,-0.167452,0.380244][0.204724,-0.834646,0.519685][13.9606,-14.9762,0][-0.664772,-0.171194,0.371182][-0.212598,-0.889764,0.409449][13.9585,-14.9768,0][-0.6301,-0.167452,0.380244][0.204724,-0.834646,0.519685][13.9606,-14.9762,0][-0.663478,-0.177028,0.354008][-0.19685,-0.96063,0.188976][13.9585,-14.9779,0][-0.627768,-0.177966,0.349298][0.23622,-0.96063,0.125984][13.9608,-14.9782,0][0.669452,-0.176882,0.336834][0.275591,-0.96063,-0.0393701][14.0418,-14.9789,0][0.627768,-0.177966,0.349298][-0.23622,-0.96063,0.125984][14.0392,-14.9782,0][0.638532,-0.177702,0.318352][-0.102362,-0.96063,-0.259843][14.0399,-14.9801,0][0.627768,-0.177966,0.349298][-0.23622,-0.96063,0.125984][14.0392,-14.9782,0][0.669452,-0.176882,0.336834][0.275591,-0.96063,-0.0393701][14.0418,-14.9789,0][0.663478,-0.177028,0.354008][0.19685,-0.96063,0.188976][14.0415,-14.9779,0][-0.669452,-0.176882,0.336834][-0.275591,-0.96063,-0.0393701][13.9582,-14.9789,0][-0.627768,-0.177966,0.349298][0.23622,-0.96063,0.125984][13.9608,-14.9782,0][-0.663478,-0.177028,0.354008][-0.19685,-0.96063,0.188976][13.9585,-14.9779,0][-0.627768,-0.177966,0.349298][0.23622,-0.96063,0.125984][13.9608,-14.9782,0][-0.669452,-0.176882,0.336834][-0.275591,-0.96063,-0.0393701][13.9582,-14.9789,0][-0.638532,-0.177702,0.318352][0.102362,-0.96063,-0.259843][13.9601,-14.9801,0][0.644904,-0.148978,0.402898][-0.023622,-0.598425,0.80315][14.0403,-14.9748,0][0.664772,-0.171194,0.371182][0.212598,-0.889764,0.409449][14.0415,-14.9768,0][0.672988,-0.160942,0.383754][0.314961,-0.748031,0.574803][14.0421,-14.976,0][0.664772,-0.171194,0.371182][0.212598,-0.889764,0.409449][14.0415,-14.9768,0][0.644904,-0.148978,0.402898][-0.023622,-0.598425,0.80315][14.0403,-14.9748,0][0.6301,-0.167452,0.380244][-0.204724,-0.834646,0.519685][14.0394,-14.9762,0][-0.644904,-0.148978,0.402898][0.023622,-0.598425,0.80315][13.9597,-14.9748,0][-0.664772,-0.171194,0.371182][-0.212598,-0.889764,0.409449][13.9585,-14.9768,0][-0.6301,-0.167452,0.380244][0.204724,-0.834646,0.519685][13.9606,-14.9762,0][-0.664772,-0.171194,0.371182][-0.212598,-0.889764,0.409449][13.9585,-14.9768,0][-0.644904,-0.148978,0.402898][0.023622,-0.598425,0.80315][13.9597,-14.9748,0][-0.672988,-0.160942,0.383754][-0.314961,-0.748031,0.574803][13.9579,-14.976,0][0.669452,-0.176882,0.336834][0.275591,-0.96063,-0.0393701][14.0418,-14.9789,0][0.638532,-0.177702,0.318352][-0.102362,-0.96063,-0.259843][14.0399,-14.9801,0][0.65951,-0.166732,0.295696][0.15748,-0.818898,-0.543307][14.0412,-14.9815,0][0.669452,-0.176882,0.336834][0.275591,-0.96063,-0.0393701][14.0418,-14.9789,0][0.65951,-0.166732,0.295696][0.15748,-0.818898,-0.543307][14.0412,-14.9815,0][0.681094,-0.170794,0.324262][0.425197,-0.88189,-0.204724][14.0426,-14.9797,0][-0.681094,-0.170794,0.324262][-0.425197,-0.88189,-0.204724][13.9574,-14.9797,0][-0.65951,-0.166732,0.295696][-0.15748,-0.818898,-0.543307][13.9588,-14.9815,0][-0.669452,-0.176882,0.336834][-0.275591,-0.96063,-0.0393701][13.9582,-14.9789,0][-0.669452,-0.176882,0.336834][-0.275591,-0.96063,-0.0393701][13.9582,-14.9789,0][-0.65951,-0.166732,0.295696][-0.15748,-0.818898,-0.543307][13.9588,-14.9815,0][-0.638532,-0.177702,0.318352][0.102362,-0.96063,-0.259843][13.9601,-14.9801,0][1.27175e-15,-0.16683,-0.288944][0,-0.984252,0.165354][14,-15.0181,0][0.366848,-0.0992304,-0.30042][0.377953,-0.913386,0.15748][14.0229,-15.0188,0][0.366848,-0.072498,-0.143168][0.377953,-0.834646,0.401575][14.0229,-15.0089,0][1.27175e-15,-0.16683,-0.288944][0,-0.984252,0.165354][14,-15.0181,0][0.366848,-0.072498,-0.143168][0.377953,-0.834646,0.401575][14.0229,-15.0089,0][1.27502e-15,-0.140098,-0.131676][0,-0.92126,0.393701][14,-15.0082,0][1.27175e-15,-0.16683,-0.288944][0,-0.984252,0.165354][14,-15.0181,0][-0.366848,-0.072498,-0.143168][-0.377953,-0.834646,0.401575][13.9771,-15.0089,0][-0.366848,-0.0992304,-0.30042][-0.377953,-0.913386,0.15748][13.9771,-15.0188,0][-0.366848,-0.072498,-0.143168][-0.377953,-0.834646,0.401575][13.9771,-15.0089,0][1.27175e-15,-0.16683,-0.288944][0,-0.984252,0.165354][14,-15.0181,0][1.27502e-15,-0.140098,-0.131676][0,-0.92126,0.393701][14,-15.0082,0][0.47757,-0.00179827,0.27753][0.566929,-0.787402,0.259843][14.0298,-14.9827,0][0.493958,0.000356078,0.248324][0.566929,-0.787402,0.259843][14.0309,-14.9845,0][0.504414,0.0117258,0.259978][0.566929,-0.787402,0.259843][14.0315,-14.9838,0][0.522598,0.019852,0.244954][0.566929,-0.787402,0.259843][14.0327,-14.9847,0][0.504414,0.0117258,0.259978][0.566929,-0.787402,0.259843][14.0315,-14.9838,0][0.493958,0.000356078,0.248324][0.566929,-0.787402,0.259843][14.0309,-14.9845,0][0.47757,-0.00179827,0.27753][0.566929,-0.787402,0.259843][14.0298,-14.9827,0][0.504414,0.0117258,0.259978][0.566929,-0.787402,0.259843][14.0315,-14.9838,0][0.49223,0.0101265,0.28169][0.566929,-0.787402,0.259843][14.0308,-14.9824,0][0.493958,0.000356078,0.248324][0.566929,-0.787402,0.259843][14.0309,-14.9845,0][0.518418,0.0112842,0.228114][0.566929,-0.787402,0.259843][14.0324,-14.9857,0][0.522598,0.019852,0.244954][0.566929,-0.787402,0.259843][14.0327,-14.9847,0][0.48846,0.015366,0.305786][0.566929,-0.787402,0.259843][14.0305,-14.9809,0][0.47757,-0.00179827,0.27753][0.566929,-0.787402,0.259843][14.0298,-14.9827,0][0.49223,0.0101265,0.28169][0.566929,-0.787402,0.259843][14.0308,-14.9824,0][0.518418,0.0112842,0.228114][0.566929,-0.787402,0.259843][14.0324,-14.9857,0][0.54318,0.0328898,0.239592][0.566929,-0.787402,0.259843][14.0339,-14.985,0][0.522598,0.019852,0.244954][0.566929,-0.787402,0.259843][14.0327,-14.9847,0][0.47757,-0.00179827,0.27753][0.566929,-0.787402,0.259843][14.0298,-14.9827,0][0.48846,0.015366,0.305786][0.566929,-0.787402,0.259843][14.0305,-14.9809,0][0.472496,0.00525414,0.309946][0.566929,-0.787402,0.259843][14.0295,-14.9806,0][0.518418,0.0112842,0.228114][0.566929,-0.787402,0.259843][14.0324,-14.9857,0][0.546104,0.0288262,0.220902][0.566929,-0.787402,0.259843][14.0341,-14.9862,0][0.54318,0.0328898,0.239592][0.566929,-0.787402,0.259843][14.0339,-14.985,0][0.493848,0.0264124,0.327498][0.566929,-0.787402,0.259843][14.0309,-14.9795,0][0.472496,0.00525414,0.309946][0.566929,-0.787402,0.259843][14.0295,-14.9806,0][0.48846,0.015366,0.305786][0.566929,-0.787402,0.259843][14.0305,-14.9809,0][0.546104,0.0288262,0.220902][0.566929,-0.787402,0.259843][14.0341,-14.9862,0][0.562082,0.048262,0.244954][0.566929,-0.787402,0.259843][14.0351,-14.9847,0][0.54318,0.0328898,0.239592][0.566929,-0.787402,0.259843][14.0339,-14.985,0][0.472496,0.00525414,0.309946][0.566929,-0.787402,0.259843][14.0295,-14.9806,0][0.493848,0.0264124,0.327498][0.566929,-0.787402,0.259843][14.0309,-14.9795,0][0.479744,0.0201104,0.339152][0.566929,-0.787402,0.259843][14.03,-14.9788,0][0.562082,0.048262,0.244954][0.566929,-0.787402,0.259843][14.0351,-14.9847,0][0.546104,0.0288262,0.220902][0.566929,-0.787402,0.259843][14.0341,-14.9862,0][0.571532,0.0495036,0.228114][0.566929,-0.787402,0.259843][14.0357,-14.9857,0][0.507328,0.0410722,0.342522][0.566929,-0.787402,0.259843][14.0317,-14.9786,0][0.479744,0.0201104,0.339152][0.566929,-0.787402,0.259843][14.03,-14.9788,0][0.493848,0.0264124,0.327498][0.566929,-0.787402,0.259843][14.0309,-14.9795,0][0.589666,0.0692238,0.248324][0.566929,-0.787402,0.259843][14.0369,-14.9845,0][0.562082,0.048262,0.244954][0.566929,-0.787402,0.259843][14.0351,-14.9847,0][0.571532,0.0495036,0.228114][0.566929,-0.787402,0.259843][14.0357,-14.9857,0][0.479744,0.0201104,0.339152][0.566929,-0.787402,0.259843][14.03,-14.9788,0][0.507328,0.0410722,0.342522][0.566929,-0.787402,0.259843][14.0317,-14.9786,0][0.497878,0.0398296,0.359362][0.566929,-0.787402,0.259843][14.0311,-14.9775,0][0.562082,0.048262,0.244954][0.566929,-0.787402,0.259843][14.0351,-14.9847,0][0.589666,0.0692238,0.248324][0.566929,-0.787402,0.259843][14.0369,-14.9845,0][0.575562,0.0629218,0.259978][0.566929,-0.787402,0.259843][14.036,-14.9838,0][0.523306,0.06051,0.366576][0.566929,-0.787402,0.259843][14.0327,-14.9771,0][0.497878,0.0398296,0.359362][0.566929,-0.787402,0.259843][14.0311,-14.9775,0][0.507328,0.0410722,0.342522][0.566929,-0.787402,0.259843][14.0317,-14.9786,0][0.596914,0.084082,0.27753][0.566929,-0.787402,0.259843][14.0373,-14.9827,0][0.575562,0.0629218,0.259978][0.566929,-0.787402,0.259843][14.036,-14.9838,0][0.589666,0.0692238,0.248324][0.566929,-0.787402,0.259843][14.0369,-14.9845,0][0.507328,0.0410722,0.342522][0.566929,-0.787402,0.259843][14.0317,-14.9786,0][0.52623,0.0564436,0.347884][0.566929,-0.787402,0.259843][14.0329,-14.9783,0][0.523306,0.06051,0.366576][0.566929,-0.787402,0.259843][14.0327,-14.9771,0][0.575562,0.0629218,0.259978][0.566929,-0.787402,0.259843][14.036,-14.9838,0][0.596914,0.084082,0.27753][0.566929,-0.787402,0.259843][14.0373,-14.9827,0][0.58095,0.0739682,0.28169][0.566929,-0.787402,0.259843][14.0363,-14.9824,0][0.52623,0.0564436,0.347884][0.566929,-0.787402,0.259843][14.0329,-14.9783,0][0.550992,0.07805,0.359362][0.566929,-0.787402,0.259843][14.0344,-14.9775,0][0.523306,0.06051,0.366576][0.566929,-0.787402,0.259843][14.0327,-14.9771,0][0.59184,0.0911316,0.309946][0.566929,-0.787402,0.259843][14.037,-14.9806,0][0.58095,0.0739682,0.28169][0.566929,-0.787402,0.259843][14.0363,-14.9824,0][0.596914,0.084082,0.27753][0.566929,-0.787402,0.259843][14.0373,-14.9827,0][0.550992,0.07805,0.359362][0.566929,-0.787402,0.259843][14.0344,-14.9775,0][0.52623,0.0564436,0.347884][0.566929,-0.787402,0.259843][14.0329,-14.9783,0][0.546812,0.0694842,0.342522][0.566929,-0.787402,0.259843][14.0342,-14.9786,0][0.58095,0.0739682,0.28169][0.566929,-0.787402,0.259843][14.0363,-14.9824,0][0.59184,0.0911316,0.309946][0.566929,-0.787402,0.259843][14.037,-14.9806,0][0.57718,0.0792078,0.305786][0.566929,-0.787402,0.259843][14.0361,-14.9809,0][0.546812,0.0694842,0.342522][0.566929,-0.787402,0.259843][14.0342,-14.9786,0][0.575452,0.08898,0.339152][0.566929,-0.787402,0.259843][14.036,-14.9788,0][0.550992,0.07805,0.359362][0.566929,-0.787402,0.259843][14.0344,-14.9775,0][0.59184,0.0911316,0.309946][0.566929,-0.787402,0.259843][14.037,-14.9806,0][0.564996,0.0776084,0.327498][0.566929,-0.787402,0.259843][14.0353,-14.9795,0][0.57718,0.0792078,0.305786][0.566929,-0.787402,0.259843][14.0361,-14.9809,0][0.575452,0.08898,0.339152][0.566929,-0.787402,0.259843][14.036,-14.9788,0][0.546812,0.0694842,0.342522][0.566929,-0.787402,0.259843][14.0342,-14.9786,0][0.564996,0.0776084,0.327498][0.566929,-0.787402,0.259843][14.0353,-14.9795,0][0.59184,0.0911316,0.309946][0.566929,-0.787402,0.259843][14.037,-14.9806,0][0.575452,0.08898,0.339152][0.566929,-0.787402,0.259843][14.036,-14.9788,0][0.564996,0.0776084,0.327498][0.566929,-0.787402,0.259843][14.0353,-14.9795,0][-0.47757,-0.00179827,0.27753][-0.566929,-0.787402,0.259843][13.9702,-14.9827,0][-0.504414,0.0117258,0.259978][-0.566929,-0.787402,0.259843][13.9685,-14.9838,0][-0.493958,0.000356078,0.248324][-0.566929,-0.787402,0.259843][13.9691,-14.9845,0][-0.522598,0.019852,0.244954][-0.566929,-0.787402,0.259843][13.9673,-14.9847,0][-0.493958,0.000356078,0.248324][-0.566929,-0.787402,0.259843][13.9691,-14.9845,0][-0.504414,0.0117258,0.259978][-0.566929,-0.787402,0.259843][13.9685,-14.9838,0][-0.504414,0.0117258,0.259978][-0.566929,-0.787402,0.259843][13.9685,-14.9838,0][-0.47757,-0.00179827,0.27753][-0.566929,-0.787402,0.259843][13.9702,-14.9827,0][-0.49223,0.0101265,0.28169][-0.566929,-0.787402,0.259843][13.9692,-14.9824,0][-0.493958,0.000356078,0.248324][-0.566929,-0.787402,0.259843][13.9691,-14.9845,0][-0.522598,0.019852,0.244954][-0.566929,-0.787402,0.259843][13.9673,-14.9847,0][-0.518418,0.0112842,0.228114][-0.566929,-0.787402,0.259843][13.9676,-14.9857,0][-0.47757,-0.00179827,0.27753][-0.566929,-0.787402,0.259843][13.9702,-14.9827,0][-0.48846,0.015366,0.305786][-0.566929,-0.787402,0.259843][13.9695,-14.9809,0][-0.49223,0.0101265,0.28169][-0.566929,-0.787402,0.259843][13.9692,-14.9824,0][-0.522598,0.019852,0.244954][-0.566929,-0.787402,0.259843][13.9673,-14.9847,0][-0.54318,0.0328898,0.239592][-0.566929,-0.787402,0.259843][13.9661,-14.985,0][-0.518418,0.0112842,0.228114][-0.566929,-0.787402,0.259843][13.9676,-14.9857,0][-0.48846,0.015366,0.305786][-0.566929,-0.787402,0.259843][13.9695,-14.9809,0][-0.47757,-0.00179827,0.27753][-0.566929,-0.787402,0.259843][13.9702,-14.9827,0][-0.472496,0.00525414,0.309946][-0.566929,-0.787402,0.259843][13.9705,-14.9806,0][-0.546104,0.0288262,0.220902][-0.566929,-0.787402,0.259843][13.9659,-14.9862,0][-0.518418,0.0112842,0.228114][-0.566929,-0.787402,0.259843][13.9676,-14.9857,0][-0.54318,0.0328898,0.239592][-0.566929,-0.787402,0.259843][13.9661,-14.985,0][-0.472496,0.00525414,0.309946][-0.566929,-0.787402,0.259843][13.9705,-14.9806,0][-0.493848,0.0264124,0.327498][-0.566929,-0.787402,0.259843][13.9691,-14.9795,0][-0.48846,0.015366,0.305786][-0.566929,-0.787402,0.259843][13.9695,-14.9809,0][-0.546104,0.0288262,0.220902][-0.566929,-0.787402,0.259843][13.9659,-14.9862,0][-0.54318,0.0328898,0.239592][-0.566929,-0.787402,0.259843][13.9661,-14.985,0][-0.562082,0.048262,0.244954][-0.566929,-0.787402,0.259843][13.9649,-14.9847,0][-0.493848,0.0264124,0.327498][-0.566929,-0.787402,0.259843][13.9691,-14.9795,0][-0.472496,0.00525414,0.309946][-0.566929,-0.787402,0.259843][13.9705,-14.9806,0][-0.479744,0.0201104,0.339152][-0.566929,-0.787402,0.259843][13.97,-14.9788,0][-0.571532,0.0495036,0.228114][-0.566929,-0.787402,0.259843][13.9643,-14.9857,0][-0.546104,0.0288262,0.220902][-0.566929,-0.787402,0.259843][13.9659,-14.9862,0][-0.562082,0.048262,0.244954][-0.566929,-0.787402,0.259843][13.9649,-14.9847,0][-0.479744,0.0201104,0.339152][-0.566929,-0.787402,0.259843][13.97,-14.9788,0][-0.507328,0.0410722,0.342522][-0.566929,-0.787402,0.259843][13.9683,-14.9786,0][-0.493848,0.0264124,0.327498][-0.566929,-0.787402,0.259843][13.9691,-14.9795,0][-0.562082,0.048262,0.244954][-0.566929,-0.787402,0.259843][13.9649,-14.9847,0][-0.589666,0.0692238,0.248324][-0.566929,-0.787402,0.259843][13.9631,-14.9845,0][-0.571532,0.0495036,0.228114][-0.566929,-0.787402,0.259843][13.9643,-14.9857,0][-0.507328,0.0410722,0.342522][-0.566929,-0.787402,0.259843][13.9683,-14.9786,0][-0.479744,0.0201104,0.339152][-0.566929,-0.787402,0.259843][13.97,-14.9788,0][-0.497878,0.0398296,0.359362][-0.566929,-0.787402,0.259843][13.9689,-14.9775,0][-0.589666,0.0692238,0.248324][-0.566929,-0.787402,0.259843][13.9631,-14.9845,0][-0.562082,0.048262,0.244954][-0.566929,-0.787402,0.259843][13.9649,-14.9847,0][-0.575562,0.0629218,0.259978][-0.566929,-0.787402,0.259843][13.964,-14.9838,0][-0.523306,0.06051,0.366576][-0.566929,-0.787402,0.259843][13.9673,-14.9771,0][-0.507328,0.0410722,0.342522][-0.566929,-0.787402,0.259843][13.9683,-14.9786,0][-0.497878,0.0398296,0.359362][-0.566929,-0.787402,0.259843][13.9689,-14.9775,0][-0.575562,0.0629218,0.259978][-0.566929,-0.787402,0.259843][13.964,-14.9838,0][-0.596914,0.084082,0.27753][-0.566929,-0.787402,0.259843][13.9627,-14.9827,0][-0.589666,0.0692238,0.248324][-0.566929,-0.787402,0.259843][13.9631,-14.9845,0][-0.507328,0.0410722,0.342522][-0.566929,-0.787402,0.259843][13.9683,-14.9786,0][-0.523306,0.06051,0.366576][-0.566929,-0.787402,0.259843][13.9673,-14.9771,0][-0.52623,0.0564436,0.347884][-0.566929,-0.787402,0.259843][13.9671,-14.9783,0][-0.596914,0.084082,0.27753][-0.566929,-0.787402,0.259843][13.9627,-14.9827,0][-0.575562,0.0629218,0.259978][-0.566929,-0.787402,0.259843][13.964,-14.9838,0][-0.58095,0.0739682,0.28169][-0.566929,-0.787402,0.259843][13.9637,-14.9824,0][-0.550992,0.07805,0.359362][-0.566929,-0.787402,0.259843][13.9656,-14.9775,0][-0.52623,0.0564436,0.347884][-0.566929,-0.787402,0.259843][13.9671,-14.9783,0][-0.523306,0.06051,0.366576][-0.566929,-0.787402,0.259843][13.9673,-14.9771,0][-0.58095,0.0739682,0.28169][-0.566929,-0.787402,0.259843][13.9637,-14.9824,0][-0.591842,0.0911316,0.309946][-0.566929,-0.787402,0.259843][13.963,-14.9806,0][-0.596914,0.084082,0.27753][-0.566929,-0.787402,0.259843][13.9627,-14.9827,0][-0.52623,0.0564436,0.347884][-0.566929,-0.787402,0.259843][13.9671,-14.9783,0][-0.550992,0.07805,0.359362][-0.566929,-0.787402,0.259843][13.9656,-14.9775,0][-0.546812,0.0694842,0.342522][-0.566929,-0.787402,0.259843][13.9658,-14.9786,0][-0.591842,0.0911316,0.309946][-0.566929,-0.787402,0.259843][13.963,-14.9806,0][-0.58095,0.0739682,0.28169][-0.566929,-0.787402,0.259843][13.9637,-14.9824,0][-0.57718,0.0792078,0.305786][-0.566929,-0.787402,0.259843][13.9639,-14.9809,0][-0.550992,0.07805,0.359362][-0.566929,-0.787402,0.259843][13.9656,-14.9775,0][-0.575452,0.08898,0.339152][-0.566929,-0.787402,0.259843][13.964,-14.9788,0][-0.546812,0.0694842,0.342522][-0.566929,-0.787402,0.259843][13.9658,-14.9786,0][-0.57718,0.0792078,0.305786][-0.566929,-0.787402,0.259843][13.9639,-14.9809,0][-0.564996,0.0776084,0.327498][-0.566929,-0.787402,0.259843][13.9647,-14.9795,0][-0.591842,0.0911316,0.309946][-0.566929,-0.787402,0.259843][13.963,-14.9806,0][-0.575452,0.08898,0.339152][-0.566929,-0.787402,0.259843][13.964,-14.9788,0][-0.591842,0.0911316,0.309946][-0.566929,-0.787402,0.259843][13.963,-14.9806,0][-0.564996,0.0776084,0.327498][-0.566929,-0.787402,0.259843][13.9647,-14.9795,0][-0.575452,0.08898,0.339152][-0.566929,-0.787402,0.259843][13.964,-14.9788,0][-0.564996,0.0776084,0.327498][-0.566929,-0.787402,0.259843][13.9647,-14.9795,0][-0.546812,0.0694842,0.342522][-0.566929,-0.787402,0.259843][13.9658,-14.9786,0][0.33178,-0.030088,-0.079992][0.354331,-0.84252,0.417323][14.0207,-15.005,0][0.61305,0.263054,0.523034][0.708661,-0.700787,0.11811][14.0383,-14.9673,0][0.33178,0.0777744,0.55453][0.385827,-0.913386,0.15748][14.0207,-14.9653,0][0.61305,0.263054,0.523034][0.708661,-0.700787,0.11811][14.0383,-14.9673,0][0.33178,-0.030088,-0.079992][0.354331,-0.84252,0.417323][14.0207,-15.005,0][0.61305,0.155192,-0.111488][0.661417,-0.614173,0.425197][14.0383,-15.007,0][0.33178,0.0777744,0.55453][0.385827,-0.913386,0.15748][14.0207,-14.9653,0][1.28053e-15,-0.0951496,-0.068932][0,-0.913386,0.401575][14,-15.0043,0][0.33178,-0.030088,-0.079992][0.354331,-0.84252,0.417323][14.0207,-15.005,0][1.28053e-15,-0.0951496,-0.068932][0,-0.913386,0.401575][14,-15.0043,0][0.33178,0.0777744,0.55453][0.385827,-0.913386,0.15748][14.0207,-14.9653,0][1.29374e-15,0.01271,0.56559][0,-0.984252,0.165354][14,-14.9647,0][-0.33178,-0.030088,-0.079992][-0.354331,-0.84252,0.417323][13.9793,-15.005,0][-0.61305,0.263054,0.523034][-0.708661,-0.700787,0.11811][13.9617,-14.9673,0][-0.61305,0.155192,-0.111488][-0.661417,-0.614173,0.425197][13.9617,-15.007,0][-0.61305,0.263054,0.523034][-0.708661,-0.700787,0.11811][13.9617,-14.9673,0][-0.33178,-0.030088,-0.079992][-0.354331,-0.84252,0.417323][13.9793,-15.005,0][-0.33178,0.0777744,0.55453][-0.385827,-0.913386,0.15748][13.9793,-14.9653,0][1.28053e-15,-0.0951496,-0.068932][0,-0.913386,0.401575][14,-15.0043,0][-0.33178,0.0777744,0.55453][-0.385827,-0.913386,0.15748][13.9793,-14.9653,0][-0.33178,-0.030088,-0.079992][-0.354331,-0.84252,0.417323][13.9793,-15.005,0][-0.33178,0.0777744,0.55453][-0.385827,-0.913386,0.15748][13.9793,-14.9653,0][1.28053e-15,-0.0951496,-0.068932][0,-0.913386,0.401575][14,-15.0043,0][1.29374e-15,0.01271,0.56559][0,-0.984252,0.165354][14,-14.9647,0][1.28408e-15,-0.0661084,-0.315806][0,-0.984252,0.165354][14,-15.0197,0][0.327126,-0.0062977,-0.325974][0.377953,-0.913386,0.15748][14.0204,-15.0204,0][0.327126,-6.16312e-05,-0.289288][0.377953,-0.913386,0.15748][14.0204,-15.0181,0][1.28408e-15,-0.0661084,-0.315806][0,-0.984252,0.165354][14,-15.0197,0][0.327126,-6.16312e-05,-0.289288][0.377953,-0.913386,0.15748][14.0204,-15.0181,0][1.28485e-15,-0.0598722,-0.27912][0,-0.984252,0.165354][14,-15.0174,0][1.28408e-15,-0.0661084,-0.315806][0,-0.984252,0.165354][14,-15.0197,0][-0.327126,-6.16312e-05,-0.289288][-0.377953,-0.913386,0.15748][13.9796,-15.0181,0][-0.327126,-0.0062977,-0.325974][-0.377953,-0.913386,0.15748][13.9796,-15.0204,0][-0.327126,-6.16312e-05,-0.289288][-0.377953,-0.913386,0.15748][13.9796,-15.0181,0][1.28408e-15,-0.0661084,-0.315806][0,-0.984252,0.165354][14,-15.0197,0][1.28485e-15,-0.0598722,-0.27912][0,-0.984252,0.165354][14,-15.0174,0][0.65951,-0.166732,0.295696][0.15748,-0.818898,-0.543307][14.0412,-14.9815,0][0.68508,-0.147994,0.287404][0.480315,-0.582677,-0.653543][14.0428,-14.982,0][0.681094,-0.170794,0.324262][0.425197,-0.88189,-0.204724][14.0426,-14.9797,0][0.681094,-0.170794,0.324262][0.425197,-0.88189,-0.204724][14.0426,-14.9797,0][0.68508,-0.147994,0.287404][0.480315,-0.582677,-0.653543][14.0428,-14.982,0][0.695284,-0.160396,0.31966][0.614173,-0.748031,-0.267717][14.0435,-14.98,0][-0.65951,-0.166732,0.295696][-0.15748,-0.818898,-0.543307][13.9588,-14.9815,0][-0.681094,-0.170794,0.324262][-0.425197,-0.88189,-0.204724][13.9574,-14.9797,0][-0.68508,-0.147994,0.287404][-0.480315,-0.582677,-0.653543][13.9572,-14.982,0][-0.681094,-0.170794,0.324262][-0.425197,-0.88189,-0.204724][13.9574,-14.9797,0][-0.695284,-0.160396,0.31966][-0.614173,-0.748031,-0.267717][13.9565,-14.98,0][-0.68508,-0.147994,0.287404][-0.480315,-0.582677,-0.653543][13.9572,-14.982,0][0.327126,-0.0062977,-0.325974][0.377953,-0.913386,0.15748][14.0204,-15.0204,0][0.585684,0.164022,-0.354926][0.708661,-0.700787,0.11811][14.0366,-15.0222,0][0.585684,0.170258,-0.31824][0.708661,-0.700787,0.11811][14.0366,-15.0199,0][0.327126,-0.0062977,-0.325974][0.377953,-0.913386,0.15748][14.0204,-15.0204,0][0.585684,0.170258,-0.31824][0.708661,-0.700787,0.11811][14.0366,-15.0199,0][0.327126,-6.16312e-05,-0.289288][0.377953,-0.913386,0.15748][14.0204,-15.0181,0][-0.327126,-0.0062977,-0.325974][-0.377953,-0.913386,0.15748][13.9796,-15.0204,0][-0.585684,0.170258,-0.31824][-0.708661,-0.700787,0.11811][13.9634,-15.0199,0][-0.585684,0.164022,-0.354926][-0.708661,-0.700787,0.11811][13.9634,-15.0222,0][-0.585684,0.170258,-0.31824][-0.708661,-0.700787,0.11811][13.9634,-15.0199,0][-0.327126,-0.0062977,-0.325974][-0.377953,-0.913386,0.15748][13.9796,-15.0204,0][-0.327126,-6.16312e-05,-0.289288][-0.377953,-0.913386,0.15748][13.9796,-15.0181,0][1.27502e-15,-0.140098,-0.131676][0,-0.92126,0.393701][14,-15.0082,0][0.366848,-0.072498,-0.143168][0.377953,-0.834646,0.401575][14.0229,-15.0089,0][0.33178,-0.030088,-0.079992][0.354331,-0.84252,0.417323][14.0207,-15.005,0][1.27502e-15,-0.140098,-0.131676][0,-0.92126,0.393701][14,-15.0082,0][0.33178,-0.030088,-0.079992][0.354331,-0.84252,0.417323][14.0207,-15.005,0][1.28053e-15,-0.0951496,-0.068932][0,-0.913386,0.401575][14,-15.0043,0][-0.366848,-0.072498,-0.143168][-0.377953,-0.834646,0.401575][13.9771,-15.0089,0][1.27502e-15,-0.140098,-0.131676][0,-0.92126,0.393701][14,-15.0082,0][-0.33178,-0.030088,-0.079992][-0.354331,-0.84252,0.417323][13.9793,-15.005,0][-0.33178,-0.030088,-0.079992][-0.354331,-0.84252,0.417323][13.9793,-15.005,0][1.27502e-15,-0.140098,-0.131676][0,-0.92126,0.393701][14,-15.0082,0][1.28053e-15,-0.0951496,-0.068932][0,-0.913386,0.401575][14,-15.0043,0][0.627768,-0.177966,0.349298][-0.23622,-0.96063,0.125984][14.0392,-14.9782,0][0.598434,-0.150278,0.38108][-0.582677,-0.622047,0.519685][14.0374,-14.9762,0][0.595526,-0.163388,0.34249][-0.622047,-0.779528,0.0472441][14.0372,-14.9786,0][0.598434,-0.150278,0.38108][-0.582677,-0.622047,0.519685][14.0374,-14.9762,0][0.627768,-0.177966,0.349298][-0.23622,-0.96063,0.125984][14.0392,-14.9782,0][0.6301,-0.167452,0.380244][-0.204724,-0.834646,0.519685][14.0394,-14.9762,0][-0.627768,-0.177966,0.349298][0.23622,-0.96063,0.125984][13.9608,-14.9782,0][-0.598434,-0.150278,0.38108][0.582677,-0.622047,0.519685][13.9626,-14.9762,0][-0.6301,-0.167452,0.380244][0.204724,-0.834646,0.519685][13.9606,-14.9762,0][-0.598434,-0.150278,0.38108][0.582677,-0.622047,0.519685][13.9626,-14.9762,0][-0.627768,-0.177966,0.349298][0.23622,-0.96063,0.125984][13.9608,-14.9782,0][-0.595526,-0.163388,0.34249][0.622047,-0.779528,0.0472441][13.9628,-14.9786,0][0.366848,-0.0992304,-0.30042][0.377953,-0.913386,0.15748][14.0229,-15.0188,0][0.659082,0.0932802,-0.333108][0.708661,-0.700787,0.11811][14.0412,-15.0208,0][0.659082,0.120004,-0.175892][0.685039,-0.614173,0.401575][14.0412,-15.011,0][0.366848,-0.0992304,-0.30042][0.377953,-0.913386,0.15748][14.0229,-15.0188,0][0.659082,0.120004,-0.175892][0.685039,-0.614173,0.401575][14.0412,-15.011,0][0.366848,-0.072498,-0.143168][0.377953,-0.834646,0.401575][14.0229,-15.0089,0][-0.366848,-0.0992304,-0.30042][-0.377953,-0.913386,0.15748][13.9771,-15.0188,0][-0.659082,0.120004,-0.175892][-0.685039,-0.614173,0.401575][13.9588,-15.011,0][-0.659082,0.0932802,-0.333108][-0.708661,-0.700787,0.11811][13.9588,-15.0208,0][-0.659082,0.120004,-0.175892][-0.685039,-0.614173,0.401575][13.9588,-15.011,0][-0.366848,-0.0992304,-0.30042][-0.377953,-0.913386,0.15748][13.9771,-15.0188,0][-0.366848,-0.072498,-0.143168][-0.377953,-0.834646,0.401575][13.9771,-15.0089,0][0.638532,-0.177702,0.318352][-0.102362,-0.96063,-0.259843][14.0399,-14.9801,0][0.60895,-0.163058,0.303902][-0.456693,-0.779528,-0.433071][14.0381,-14.981,0][0.63511,-0.14938,0.275652][-0.133858,-0.606299,-0.779528][14.0397,-14.9828,0][0.638532,-0.177702,0.318352][-0.102362,-0.96063,-0.259843][14.0399,-14.9801,0][0.63511,-0.14938,0.275652][-0.133858,-0.606299,-0.779528][14.0397,-14.9828,0][0.65951,-0.166732,0.295696][0.15748,-0.818898,-0.543307][14.0412,-14.9815,0][-0.65951,-0.166732,0.295696][-0.15748,-0.818898,-0.543307][13.9588,-14.9815,0][-0.63511,-0.14938,0.275652][0.133858,-0.606299,-0.779528][13.9603,-14.9828,0][-0.638532,-0.177702,0.318352][0.102362,-0.96063,-0.259843][13.9601,-14.9801,0][-0.638532,-0.177702,0.318352][0.102362,-0.96063,-0.259843][13.9601,-14.9801,0][-0.63511,-0.14938,0.275652][0.133858,-0.606299,-0.779528][13.9603,-14.9828,0][-0.60895,-0.163058,0.303902][0.456693,-0.779528,-0.433071][13.9619,-14.981,0][0.493958,0.000356078,0.248324][-0.488189,-0.645669,-0.582677][14.0309,-14.9845,0][0.410088,0.083322,0.238498][-0.716535,-0.669291,-0.220472][14.0256,-14.9851,0][0.426272,0.0866864,0.209292][-0.480315,-0.645669,-0.598425][14.0266,-14.9869,0][0.410088,0.083322,0.238498][-0.716535,-0.669291,-0.220472][14.0256,-14.9851,0][0.493958,0.000356078,0.248324][-0.488189,-0.645669,-0.582677][14.0309,-14.9845,0][0.47757,-0.00179827,0.27753][-0.724409,-0.661417,-0.19685][14.0298,-14.9827,0][-0.493958,0.000356078,0.248324][0.488189,-0.645669,-0.582677][13.9691,-14.9845,0][-0.410088,0.083322,0.238498][0.716535,-0.669291,-0.220472][13.9744,-14.9851,0][-0.47757,-0.00179827,0.27753][0.724409,-0.661417,-0.19685][13.9702,-14.9827,0][-0.410088,0.083322,0.238498][0.716535,-0.669291,-0.220472][13.9744,-14.9851,0][-0.493958,0.000356078,0.248324][0.488189,-0.645669,-0.582677][13.9691,-14.9845,0][-0.426272,0.0866864,0.209292][0.480315,-0.645669,-0.598425][13.9734,-14.9869,0][-0.081722,1.84137,-0.287862][-0.102362,-0.669291,-0.732283][13.9949,-15.018,0][0.081722,1.84137,-0.287862][0.102362,-0.669291,-0.732283][14.0051,-15.018,0][0.081722,1.82768,-0.269274][0.110236,-0.905512,-0.409449][14.0051,-15.0168,0][-0.081722,1.84137,-0.287862][-0.102362,-0.669291,-0.732283][13.9949,-15.018,0][0.081722,1.82768,-0.269274][0.110236,-0.905512,-0.409449][14.0051,-15.0168,0][-0.081722,1.82768,-0.269274][-0.110236,-0.905512,-0.409449][13.9949,-15.0168,0][-0.081722,1.82768,-0.269274][-0.110236,-0.905512,-0.409449][13.9949,-15.0168,0][0.081722,1.82768,-0.269274][0.110236,-0.905512,-0.409449][14.0051,-15.0168,0][0.081722,1.82287,-0.247348][0.110236,-0.992126,0][14.0051,-15.0155,0][-0.081722,1.82768,-0.269274][-0.110236,-0.905512,-0.409449][13.9949,-15.0168,0][0.081722,1.82287,-0.247348][0.110236,-0.992126,0][14.0051,-15.0155,0][-0.081722,1.82287,-0.247348][-0.110236,-0.992126,0][13.9949,-15.0155,0][0.627768,-0.177966,0.349298][-0.23622,-0.96063,0.125984][14.0392,-14.9782,0][0.595526,-0.163388,0.34249][-0.622047,-0.779528,0.0472441][14.0372,-14.9786,0][0.60895,-0.163058,0.303902][-0.456693,-0.779528,-0.433071][14.0381,-14.981,0][0.638532,-0.177702,0.318352][-0.102362,-0.96063,-0.259843][14.0399,-14.9801,0][0.627768,-0.177966,0.349298][-0.23622,-0.96063,0.125984][14.0392,-14.9782,0][0.60895,-0.163058,0.303902][-0.456693,-0.779528,-0.433071][14.0381,-14.981,0][-0.627768,-0.177966,0.349298][0.23622,-0.96063,0.125984][13.9608,-14.9782,0][-0.60895,-0.163058,0.303902][0.456693,-0.779528,-0.433071][13.9619,-14.981,0][-0.595526,-0.163388,0.34249][0.622047,-0.779528,0.0472441][13.9628,-14.9786,0][-0.60895,-0.163058,0.303902][0.456693,-0.779528,-0.433071][13.9619,-14.981,0][-0.627768,-0.177966,0.349298][0.23622,-0.96063,0.125984][13.9608,-14.9782,0][-0.638532,-0.177702,0.318352][0.102362,-0.96063,-0.259843][13.9601,-14.9801,0][0.334424,1.46911,-0.539028][-0.299213,-0.826772,-0.472441][14.0209,-15.0337,0][1.48253e-15,1.55434,-0.595288][0,-0.889764,-0.464567][14,-15.0372,0][0.346416,1.49075,-0.584478][-0.299213,-0.826772,-0.472441][14.0217,-15.0365,0][1.48253e-15,1.55434,-0.595288][0,-0.889764,-0.464567][14,-15.0372,0][0.334424,1.46911,-0.539028][-0.299213,-0.826772,-0.472441][14.0209,-15.0337,0][1.47959e-15,1.53035,-0.549438][0,-0.889764,-0.464567][14,-15.0343,0][1.47959e-15,1.53035,-0.549438][0,-0.889764,-0.464567][14,-15.0343,0][-0.334424,1.46911,-0.539028][0.299213,-0.826772,-0.472441][13.9791,-15.0337,0][1.48253e-15,1.55434,-0.595288][0,-0.889764,-0.464567][14,-15.0372,0][-0.346416,1.49075,-0.584478][0.299213,-0.826772,-0.472441][13.9783,-15.0365,0][1.48253e-15,1.55434,-0.595288][0,-0.889764,-0.464567][14,-15.0372,0][-0.334424,1.46911,-0.539028][0.299213,-0.826772,-0.472441][13.9791,-15.0337,0][0.59917,1.29471,-0.509384][-0.559055,-0.653543,-0.503937][14.0374,-15.0318,0][0.346416,1.49075,-0.584478][-0.299213,-0.826772,-0.472441][14.0217,-15.0365,0][0.621328,1.30966,-0.553694][-0.559055,-0.653543,-0.503937][14.0388,-15.0346,0][0.346416,1.49075,-0.584478][-0.299213,-0.826772,-0.472441][14.0217,-15.0365,0][0.59917,1.29471,-0.509384][-0.559055,-0.653543,-0.503937][14.0374,-15.0318,0][0.334424,1.46911,-0.539028][-0.299213,-0.826772,-0.472441][14.0209,-15.0337,0][-0.334424,1.46911,-0.539028][0.299213,-0.826772,-0.472441][13.9791,-15.0337,0][-0.59917,1.29471,-0.509384][0.559055,-0.653543,-0.503937][13.9626,-15.0318,0][-0.346416,1.49075,-0.584478][0.299213,-0.826772,-0.472441][13.9783,-15.0365,0][-0.621328,1.30966,-0.553694][0.559055,-0.653543,-0.503937][13.9612,-15.0346,0][-0.346416,1.49075,-0.584478][0.299213,-0.826772,-0.472441][13.9783,-15.0365,0][-0.59917,1.29471,-0.509384][0.559055,-0.653543,-0.503937][13.9626,-15.0318,0][-0.081722,1.82768,-0.225422][-0.110236,-0.905512,0.409449][13.9949,-15.0141,0][0.081722,1.84137,-0.206834][0.102362,-0.669291,0.732283][14.0051,-15.0129,0][-0.081722,1.84137,-0.206834][-0.102362,-0.669291,0.732283][13.9949,-15.0129,0][-0.081722,1.82768,-0.225422][-0.110236,-0.905512,0.409449][13.9949,-15.0141,0][0.081722,1.82768,-0.225422][0.110236,-0.905512,0.409449][14.0051,-15.0141,0][0.081722,1.84137,-0.206834][0.102362,-0.669291,0.732283][14.0051,-15.0129,0][-0.081722,1.82287,-0.247348][-0.110236,-0.992126,0][13.9949,-15.0155,0][0.081722,1.82768,-0.225422][0.110236,-0.905512,0.409449][14.0051,-15.0141,0][-0.081722,1.82768,-0.225422][-0.110236,-0.905512,0.409449][13.9949,-15.0141,0][-0.081722,1.82287,-0.247348][-0.110236,-0.992126,0][13.9949,-15.0155,0][0.081722,1.82287,-0.247348][0.110236,-0.992126,0][14.0051,-15.0155,0][0.081722,1.82768,-0.225422][0.110236,-0.905512,0.409449][14.0051,-15.0141,0][1.48485e-15,1.57328,0.31456][0,-0.551181,0.834646][14,-14.9803,0][0.265108,1.49616,0.297856][-0.370079,-0.818898,0.433071][14.0166,-14.9814,0][0.273044,1.51964,0.32362][-0.259843,-0.503937,0.818898][14.0171,-14.9798,0][0.265108,1.49616,0.297856][-0.370079,-0.818898,0.433071][14.0166,-14.9814,0][1.48485e-15,1.57328,0.31456][0,-0.551181,0.834646][14,-14.9803,0][1.48177e-15,1.5481,0.289036][0,-0.897638,0.448819][14,-14.9819,0][1.48177e-15,1.5481,0.289036][0,-0.897638,0.448819][14,-14.9819,0][0.266376,1.47673,0.145624][-0.377953,-0.92126,0.11811][14.0166,-14.9909,0][0.265108,1.49616,0.297856][-0.370079,-0.818898,0.433071][14.0166,-14.9814,0][0.266376,1.47673,0.145624][-0.377953,-0.92126,0.11811][14.0166,-14.9909,0][1.48177e-15,1.5481,0.289036][0,-0.897638,0.448819][14,-14.9819,0][1.47936e-15,1.52842,0.136838][0,-0.992126,0.125984][14,-14.9914,0][0.48982,1.32954,0.170646][-0.700787,-0.708661,0.0866142][14.0306,-14.9893,0][0.265108,1.49616,0.297856][-0.370079,-0.818898,0.433071][14.0166,-14.9814,0][0.266376,1.47673,0.145624][-0.377953,-0.92126,0.11811][14.0166,-14.9909,0][0.265108,1.49616,0.297856][-0.370079,-0.818898,0.433071][14.0166,-14.9814,0][0.48982,1.32954,0.170646][-0.700787,-0.708661,0.0866142][14.0306,-14.9893,0][0.489638,1.34825,0.322954][-0.677165,-0.614173,0.401575][14.0306,-14.9798,0][-0.265108,1.49616,0.297856][0.370079,-0.818898,0.433071][13.9834,-14.9814,0][1.48485e-15,1.57328,0.31456][0,-0.551181,0.834646][14,-14.9803,0][-0.273044,1.51964,0.32362][0.259843,-0.503937,0.818898][13.9829,-14.9798,0][1.48485e-15,1.57328,0.31456][0,-0.551181,0.834646][14,-14.9803,0][-0.265108,1.49616,0.297856][0.370079,-0.818898,0.433071][13.9834,-14.9814,0][1.48177e-15,1.5481,0.289036][0,-0.897638,0.448819][14,-14.9819,0][-0.266376,1.47673,0.145624][0.377953,-0.92126,0.11811][13.9834,-14.9909,0][1.48177e-15,1.5481,0.289036][0,-0.897638,0.448819][14,-14.9819,0][-0.265108,1.49616,0.297856][0.370079,-0.818898,0.433071][13.9834,-14.9814,0][1.48177e-15,1.5481,0.289036][0,-0.897638,0.448819][14,-14.9819,0][-0.266376,1.47673,0.145624][0.377953,-0.92126,0.11811][13.9834,-14.9909,0][1.47936e-15,1.52842,0.136838][0,-0.992126,0.125984][14,-14.9914,0][-0.265108,1.49616,0.297856][0.370079,-0.818898,0.433071][13.9834,-14.9814,0][-0.48982,1.32954,0.170646][0.700787,-0.708661,0.0866142][13.9694,-14.9893,0][-0.266376,1.47673,0.145624][0.377953,-0.92126,0.11811][13.9834,-14.9909,0][-0.48982,1.32954,0.170646][0.700787,-0.708661,0.0866142][13.9694,-14.9893,0][-0.265108,1.49616,0.297856][0.370079,-0.818898,0.433071][13.9834,-14.9814,0][-0.489638,1.34825,0.322954][0.677165,-0.614173,0.401575][13.9694,-14.9798,0][0.807772,1.42603,-0.50159][-0.251969,-0.968504,-0.0551181][14.0505,-15.0313,0][0.963424,1.39597,-0.324988][-0.141732,-0.984252,0.0708661][14.0602,-15.0203,0][0.95807,1.39693,-0.322264][-0.244094,-0.96063,0.11811][14.0599,-15.0201,0][0.95807,1.39693,-0.322264][-0.244094,-0.96063,0.11811][14.0599,-15.0201,0][0.804252,1.42666,-0.496766][-0.314961,-0.952756,0.0393701][14.0503,-15.031,0][0.807772,1.42603,-0.50159][-0.251969,-0.968504,-0.0551181][14.0505,-15.0313,0][-0.963424,1.39597,-0.324988][0.141732,-0.984252,0.0708661][13.9398,-15.0203,0][-0.807772,1.42603,-0.50159][0.251969,-0.968504,-0.0551181][13.9495,-15.0313,0][-0.95807,1.39693,-0.322264][0.244094,-0.96063,0.11811][13.9401,-15.0201,0][-0.95807,1.39693,-0.322264][0.244094,-0.96063,0.11811][13.9401,-15.0201,0][-0.807772,1.42603,-0.50159][0.251969,-0.968504,-0.0551181][13.9495,-15.0313,0][-0.804252,1.42666,-0.496766][0.314961,-0.952756,0.0393701][13.9497,-15.031,0][0.258392,1.89253,-0.189768][0.771654,-0.622047,0.15748][14.0161,-15.0119,0][0.423432,2.02134,-0.039226][0.401575,-0.889764,-0.212598][14.0265,-15.0025,0][0.306844,1.91891,0.012242][0.661417,-0.669291,-0.338583][14.0192,-14.9992,0][0.423432,2.02134,-0.039226][0.401575,-0.889764,-0.212598][14.0265,-15.0025,0][0.258392,1.89253,-0.189768][0.771654,-0.622047,0.15748][14.0161,-15.0119,0][0.382686,1.99902,-0.209844][0.496063,-0.84252,0.212598][14.0239,-15.0131,0][-0.258392,1.89253,-0.189768][-0.771654,-0.622047,0.15748][13.9839,-15.0119,0][-0.423432,2.02134,-0.039226][-0.401575,-0.889764,-0.212598][13.9735,-15.0025,0][-0.382686,1.99902,-0.209844][-0.496063,-0.84252,0.212598][13.9761,-15.0131,0][-0.423432,2.02134,-0.039226][-0.401575,-0.889764,-0.212598][13.9735,-15.0025,0][-0.258392,1.89253,-0.189768][-0.771654,-0.622047,0.15748][13.9839,-15.0119,0][-0.306844,1.91891,0.012242][-0.661417,-0.669291,-0.338583][13.9808,-14.9992,0][-0.108374,1.84559,-0.284044][-0.204724,-0.661417,-0.724409][13.9932,-15.0178,0][-0.081722,1.82768,-0.269274][-0.110236,-0.905512,-0.409449][13.9949,-15.0168,0][-0.108374,1.83318,-0.267208][-0.212598,-0.889764,-0.401575][13.9932,-15.0167,0][-0.081722,1.82768,-0.269274][-0.110236,-0.905512,-0.409449][13.9949,-15.0168,0][-0.108374,1.84559,-0.284044][-0.204724,-0.661417,-0.724409][13.9932,-15.0178,0][-0.081722,1.84137,-0.287862][-0.102362,-0.669291,-0.732283][13.9949,-15.018,0][0.108374,1.84559,-0.284044][0.204724,-0.661417,-0.724409][14.0068,-15.0178,0][0.081722,1.82768,-0.269274][0.110236,-0.905512,-0.409449][14.0051,-15.0168,0][0.081722,1.84137,-0.287862][0.102362,-0.669291,-0.732283][14.0051,-15.018,0][0.081722,1.82768,-0.269274][0.110236,-0.905512,-0.409449][14.0051,-15.0168,0][0.108374,1.84559,-0.284044][0.204724,-0.661417,-0.724409][14.0068,-15.0178,0][0.108374,1.83318,-0.267208][0.212598,-0.889764,-0.401575][14.0068,-15.0167,0][0.79888,1.6143,0.271938][-0.267717,-0.850394,0.448819][14.0499,-14.983,0][0.95252,1.505,0.121502][-0.267717,-0.913386,0.307087][14.0595,-14.9924,0][0.95784,1.50514,0.12425][-0.165354,-0.913386,0.370079][14.0599,-14.9922,0][0.95252,1.505,0.121502][-0.267717,-0.913386,0.307087][14.0595,-14.9924,0][0.79888,1.6143,0.271938][-0.267717,-0.850394,0.448819][14.0499,-14.983,0][0.79558,1.61288,0.267228][-0.338583,-0.874016,0.346457][14.0497,-14.9833,0][-0.79888,1.6143,0.271938][0.267717,-0.850394,0.448819][13.9501,-14.983,0][-0.95252,1.505,0.121502][0.267717,-0.913386,0.307087][13.9405,-14.9924,0][-0.79558,1.61288,0.267228][0.338583,-0.874016,0.346457][13.9503,-14.9833,0][-0.95252,1.505,0.121502][0.267717,-0.913386,0.307087][13.9405,-14.9924,0][-0.79888,1.6143,0.271938][0.267717,-0.850394,0.448819][13.9501,-14.983,0][-0.95784,1.50514,0.12425][0.165354,-0.913386,0.370079][13.9401,-14.9922,0][0.4765,1.44218,-0.052708][-0.409449,-0.897638,0.173228][14.0298,-15.0033,0][0.544764,1.40807,-0.067454][-0.409449,-0.897638,0.173228][14.034,-15.0042,0][0.50116,1.43188,-0.047404][-0.409449,-0.897638,0.173228][14.0313,-15.003,0][0.50116,1.43188,-0.047404][-0.409449,-0.897638,0.173228][14.0313,-15.003,0][0.544764,1.40807,-0.067454][-0.409449,-0.897638,0.173228][14.034,-15.0042,0][0.525132,1.41991,-0.052564][-0.409449,-0.897638,0.173228][14.0328,-15.0033,0][0.544764,1.40807,-0.067454][-0.409449,-0.897638,0.173228][14.034,-15.0042,0][0.4765,1.44218,-0.052708][-0.409449,-0.897638,0.173228][14.0298,-15.0033,0][0.55703,1.39819,-0.089846][-0.409449,-0.897638,0.173228][14.0348,-15.0056,0][0.454874,1.44925,-0.067632][-0.409449,-0.897638,0.173228][14.0284,-15.0042,0][0.55703,1.39819,-0.089846][-0.409449,-0.897638,0.173228][14.0348,-15.0056,0][0.4765,1.44218,-0.052708][-0.409449,-0.897638,0.173228][14.0298,-15.0033,0][0.55703,1.39819,-0.089846][-0.409449,-0.897638,0.173228][14.0348,-15.0056,0][0.454874,1.44925,-0.067632][-0.409449,-0.897638,0.173228][14.0284,-15.0042,0][0.560016,1.39177,-0.11633][-0.409449,-0.897638,0.173228][14.035,-15.0073,0][0.439524,1.45204,-0.089904][-0.409449,-0.897638,0.173228][14.0275,-15.0056,0][0.560016,1.39177,-0.11633][-0.409449,-0.897638,0.173228][14.035,-15.0073,0][0.454874,1.44925,-0.067632][-0.409449,-0.897638,0.173228][14.0284,-15.0042,0][0.43275,1.45014,-0.116174][-0.409449,-0.897638,0.173228][14.027,-15.0073,0][0.560016,1.39177,-0.11633][-0.409449,-0.897638,0.173228][14.035,-15.0073,0][0.439524,1.45204,-0.089904][-0.409449,-0.897638,0.173228][14.0275,-15.0056,0][0.43275,1.45014,-0.116174][-0.409449,-0.897638,0.173228][14.027,-15.0073,0][0.537726,1.39266,-0.165292][-0.409449,-0.897638,0.173228][14.0336,-15.0103,0][0.553238,1.38983,-0.14284][-0.409449,-0.897638,0.173228][14.0346,-15.0089,0][0.43275,1.45014,-0.116174][-0.409449,-0.897638,0.173228][14.027,-15.0073,0][0.553238,1.38983,-0.14284][-0.409449,-0.897638,0.173228][14.0346,-15.0089,0][0.560016,1.39177,-0.11633][-0.409449,-0.897638,0.173228][14.035,-15.0073,0][0.435584,1.44383,-0.142498][-0.409449,-0.897638,0.173228][14.0272,-15.0089,0][0.537726,1.39266,-0.165292][-0.409449,-0.897638,0.173228][14.0336,-15.0103,0][0.43275,1.45014,-0.116174][-0.409449,-0.897638,0.173228][14.027,-15.0073,0][0.537726,1.39266,-0.165292][-0.409449,-0.897638,0.173228][14.0336,-15.0103,0][0.435584,1.44383,-0.142498][-0.409449,-0.897638,0.173228][14.0272,-15.0089,0][0.515878,1.39984,-0.180228][-0.409449,-0.897638,0.173228][14.0322,-15.0113,0][0.515878,1.39984,-0.180228][-0.409449,-0.897638,0.173228][14.0322,-15.0113,0][0.435584,1.44383,-0.142498][-0.409449,-0.897638,0.173228][14.0272,-15.0089,0][0.447628,1.43404,-0.164904][-0.409449,-0.897638,0.173228][14.028,-15.0103,0][0.447628,1.43404,-0.164904][-0.409449,-0.897638,0.173228][14.028,-15.0103,0][0.491066,1.41023,-0.185372][-0.409449,-0.897638,0.173228][14.0307,-15.0116,0][0.515878,1.39984,-0.180228][-0.409449,-0.897638,0.173228][14.0322,-15.0113,0][0.491066,1.41023,-0.185372][-0.409449,-0.897638,0.173228][14.0307,-15.0116,0][0.447628,1.43404,-0.164904][-0.409449,-0.897638,0.173228][14.028,-15.0103,0][0.467098,1.42225,-0.179974][-0.409449,-0.897638,0.173228][14.0292,-15.0112,0][-0.560016,1.39177,-0.11633][0.409449,-0.897638,0.173228][13.965,-15.0073,0][-0.454874,1.44925,-0.067632][0.409449,-0.897638,0.173228][13.9716,-15.0042,0][-0.55703,1.39819,-0.089846][0.409449,-0.897638,0.173228][13.9652,-15.0056,0][-0.454874,1.44925,-0.067632][0.409449,-0.897638,0.173228][13.9716,-15.0042,0][-0.560016,1.39177,-0.11633][0.409449,-0.897638,0.173228][13.965,-15.0073,0][-0.439524,1.45204,-0.089904][0.409449,-0.897638,0.173228][13.9725,-15.0056,0][-0.439524,1.45204,-0.089904][0.409449,-0.897638,0.173228][13.9725,-15.0056,0][-0.560016,1.39177,-0.11633][0.409449,-0.897638,0.173228][13.965,-15.0073,0][-0.43275,1.45014,-0.116174][0.409449,-0.897638,0.173228][13.973,-15.0073,0][-0.4765,1.44218,-0.052708][0.409449,-0.897638,0.173228][13.9702,-15.0033,0][-0.55703,1.39819,-0.089846][0.409449,-0.897638,0.173228][13.9652,-15.0056,0][-0.454874,1.44925,-0.067632][0.409449,-0.897638,0.173228][13.9716,-15.0042,0][-0.4765,1.44218,-0.052708][0.409449,-0.897638,0.173228][13.9702,-15.0033,0][-0.544764,1.40807,-0.067454][0.409449,-0.897638,0.173228][13.966,-15.0042,0][-0.55703,1.39819,-0.089846][0.409449,-0.897638,0.173228][13.9652,-15.0056,0][-0.544764,1.40807,-0.067454][0.409449,-0.897638,0.173228][13.966,-15.0042,0][-0.4765,1.44218,-0.052708][0.409449,-0.897638,0.173228][13.9702,-15.0033,0][-0.50116,1.43188,-0.047404][0.409449,-0.897638,0.173228][13.9687,-15.003,0][-0.544764,1.40807,-0.067454][0.409449,-0.897638,0.173228][13.966,-15.0042,0][-0.50116,1.43188,-0.047404][0.409449,-0.897638,0.173228][13.9687,-15.003,0][-0.525132,1.41991,-0.052564][0.409449,-0.897638,0.173228][13.9672,-15.0033,0][-0.447628,1.43404,-0.164904][0.409449,-0.897638,0.173228][13.972,-15.0103,0][-0.491066,1.41023,-0.185372][0.409449,-0.897638,0.173228][13.9693,-15.0116,0][-0.467098,1.42225,-0.179974][0.409449,-0.897638,0.173228][13.9708,-15.0112,0][-0.491066,1.41023,-0.185372][0.409449,-0.897638,0.173228][13.9693,-15.0116,0][-0.447628,1.43404,-0.164904][0.409449,-0.897638,0.173228][13.972,-15.0103,0][-0.515878,1.39984,-0.180228][0.409449,-0.897638,0.173228][13.9678,-15.0113,0][-0.435584,1.44383,-0.142498][0.409449,-0.897638,0.173228][13.9728,-15.0089,0][-0.515878,1.39984,-0.180228][0.409449,-0.897638,0.173228][13.9678,-15.0113,0][-0.447628,1.43404,-0.164904][0.409449,-0.897638,0.173228][13.972,-15.0103,0][-0.435584,1.44383,-0.142498][0.409449,-0.897638,0.173228][13.9728,-15.0089,0][-0.537726,1.39266,-0.165292][0.409449,-0.897638,0.173228][13.9664,-15.0103,0][-0.515878,1.39984,-0.180228][0.409449,-0.897638,0.173228][13.9678,-15.0113,0][-0.537726,1.39266,-0.165292][0.409449,-0.897638,0.173228][13.9664,-15.0103,0][-0.435584,1.44383,-0.142498][0.409449,-0.897638,0.173228][13.9728,-15.0089,0][-0.43275,1.45014,-0.116174][0.409449,-0.897638,0.173228][13.973,-15.0073,0][-0.537726,1.39266,-0.165292][0.409449,-0.897638,0.173228][13.9664,-15.0103,0][-0.43275,1.45014,-0.116174][0.409449,-0.897638,0.173228][13.973,-15.0073,0][-0.553238,1.38983,-0.14284][0.409449,-0.897638,0.173228][13.9654,-15.0089,0][-0.553238,1.38983,-0.14284][0.409449,-0.897638,0.173228][13.9654,-15.0089,0][-0.43275,1.45014,-0.116174][0.409449,-0.897638,0.173228][13.973,-15.0073,0][-0.560016,1.39177,-0.11633][0.409449,-0.897638,0.173228][13.965,-15.0073,0][0.010232,1.60413,-0.249286][0,-0.984252,0.173228][14.0006,-15.0156,0][-0.009142,1.61927,-0.164518][0,-0.984252,0.173228][13.9994,-15.0103,0][-0.009142,1.60413,-0.249286][0,-0.984252,0.173228][13.9994,-15.0156,0][-0.009142,1.61927,-0.164518][0,-0.984252,0.173228][13.9994,-15.0103,0][0.010232,1.60413,-0.249286][0,-0.984252,0.173228][14.0006,-15.0156,0][0.010232,1.61927,-0.164518][0,-0.984252,0.173228][14.0006,-15.0103,0][0.596158,1.50571,-0.579414][-0.393701,-0.913386,-0.102362][14.0373,-15.0362,0][0.807772,1.42603,-0.50159][-0.251969,-0.968504,-0.0551181][14.0505,-15.0313,0][0.804252,1.42666,-0.496766][-0.314961,-0.952756,0.0393701][14.0503,-15.031,0][0.596158,1.50571,-0.579414][-0.393701,-0.913386,-0.102362][14.0373,-15.0362,0][0.804252,1.42666,-0.496766][-0.314961,-0.952756,0.0393701][14.0503,-15.031,0][0.59525,1.50545,-0.573582][-0.409449,-0.913386,0.015748][14.0372,-15.0358,0][-0.807772,1.42603,-0.50159][0.251969,-0.968504,-0.0551181][13.9495,-15.0313,0][-0.596158,1.50571,-0.579414][0.393701,-0.913386,-0.102362][13.9627,-15.0362,0][-0.804252,1.42666,-0.496766][0.314961,-0.952756,0.0393701][13.9497,-15.031,0][-0.804252,1.42666,-0.496766][0.314961,-0.952756,0.0393701][13.9497,-15.031,0][-0.596158,1.50571,-0.579414][0.393701,-0.913386,-0.102362][13.9627,-15.0362,0][-0.59525,1.50545,-0.573582][0.409449,-0.913386,0.015748][13.9628,-15.0358,0][0.585762,1.72309,0.311672][-0.393701,-0.795276,0.456693][14.0366,-14.9805,0][0.79558,1.61288,0.267228][-0.338583,-0.874016,0.346457][14.0497,-14.9833,0][0.79888,1.6143,0.271938][-0.267717,-0.850394,0.448819][14.0499,-14.983,0][0.79558,1.61288,0.267228][-0.338583,-0.874016,0.346457][14.0497,-14.9833,0][0.585762,1.72309,0.311672][-0.393701,-0.795276,0.456693][14.0366,-14.9805,0][0.585238,1.72033,0.306408][-0.401575,-0.84252,0.346457][14.0366,-14.9808,0][-0.585762,1.72309,0.311672][0.393701,-0.795276,0.456693][13.9634,-14.9805,0][-0.79558,1.61288,0.267228][0.338583,-0.874016,0.346457][13.9503,-14.9833,0][-0.585238,1.72033,0.306408][0.401575,-0.84252,0.346457][13.9634,-14.9808,0][-0.79558,1.61288,0.267228][0.338583,-0.874016,0.346457][13.9503,-14.9833,0][-0.585762,1.72309,0.311672][0.393701,-0.795276,0.456693][13.9634,-14.9805,0][-0.79888,1.6143,0.271938][0.267717,-0.850394,0.448819][13.9501,-14.983,0][0.83738,2.02758,-0.236164][0.362205,-0.92126,0.125984][14.0523,-15.0148,0][0.842812,2.0382,-0.207512][0.346457,-0.850394,0.393701][14.0527,-15.013,0][0.834408,2.03432,-0.208422][0.346457,-0.850394,0.393701][14.0522,-15.013,0][0.842812,2.0382,-0.207512][0.346457,-0.850394,0.393701][14.0527,-15.013,0][0.83738,2.02758,-0.236164][0.362205,-0.92126,0.125984][14.0523,-15.0148,0][0.84599,2.03072,-0.237716][0.354331,-0.929134,0.11811][14.0529,-15.0149,0][-0.83738,2.02758,-0.236164][-0.362205,-0.92126,0.125984][13.9477,-15.0148,0][-0.842812,2.0382,-0.207512][-0.346457,-0.850394,0.393701][13.9473,-15.013,0][-0.84599,2.03072,-0.237716][-0.354331,-0.929134,0.11811][13.9471,-15.0149,0][-0.842812,2.0382,-0.207512][-0.346457,-0.850394,0.393701][13.9473,-15.013,0][-0.83738,2.02758,-0.236164][-0.362205,-0.92126,0.125984][13.9477,-15.0148,0][-0.834408,2.03432,-0.208422][-0.346457,-0.850394,0.393701][13.9478,-15.013,0][0.443358,1.89249,0.168388][0.338583,-0.598425,-0.732283][14.0277,-14.9895,0][0.306844,1.91891,0.012242][0.661417,-0.669291,-0.338583][14.0192,-14.9992,0][0.423432,2.02134,-0.039226][0.401575,-0.889764,-0.212598][14.0265,-15.0025,0][0.443358,1.89249,0.168388][0.338583,-0.598425,-0.732283][14.0277,-14.9895,0][0.423432,2.02134,-0.039226][0.401575,-0.889764,-0.212598][14.0265,-15.0025,0][0.538534,1.99874,0.092692][0.125984,-0.826772,-0.543307][14.0337,-14.9942,0][-0.538534,1.99874,0.092692][-0.125984,-0.826772,-0.543307][13.9663,-14.9942,0][-0.423432,2.02134,-0.039226][-0.401575,-0.889764,-0.212598][13.9735,-15.0025,0][-0.443358,1.89249,0.168388][-0.338583,-0.598425,-0.732283][13.9723,-14.9895,0][-0.306844,1.91891,0.012242][-0.661417,-0.669291,-0.338583][13.9808,-14.9992,0][-0.443358,1.89249,0.168388][-0.338583,-0.598425,-0.732283][13.9723,-14.9895,0][-0.423432,2.02134,-0.039226][-0.401575,-0.889764,-0.212598][13.9735,-15.0025,0][0.829032,2.04962,-0.181818][0.23622,-0.740157,0.629921][14.0518,-15.0114,0][0.834408,2.03432,-0.208422][0.346457,-0.850394,0.393701][14.0522,-15.013,0][0.842812,2.0382,-0.207512][0.346457,-0.850394,0.393701][14.0527,-15.013,0][0.834408,2.03432,-0.208422][0.346457,-0.850394,0.393701][14.0522,-15.013,0][0.829032,2.04962,-0.181818][0.23622,-0.740157,0.629921][14.0518,-15.0114,0][0.821722,2.04472,-0.184824][0.23622,-0.740157,0.629921][14.0514,-15.0116,0][-0.834408,2.03432,-0.208422][-0.346457,-0.850394,0.393701][13.9478,-15.013,0][-0.829032,2.04962,-0.181818][-0.23622,-0.740157,0.629921][13.9482,-15.0114,0][-0.842812,2.0382,-0.207512][-0.346457,-0.850394,0.393701][13.9473,-15.013,0][-0.829032,2.04962,-0.181818][-0.23622,-0.740157,0.629921][13.9482,-15.0114,0][-0.834408,2.03432,-0.208422][-0.346457,-0.850394,0.393701][13.9478,-15.013,0][-0.821722,2.04472,-0.184824][-0.23622,-0.740157,0.629921][13.9486,-15.0116,0][0.830214,2.02548,-0.263868][0.267717,-0.952756,-0.133858][14.0519,-15.0165,0][0.84599,2.03072,-0.237716][0.354331,-0.929134,0.11811][14.0529,-15.0149,0][0.83738,2.02758,-0.236164][0.362205,-0.92126,0.125984][14.0523,-15.0148,0][0.84599,2.03072,-0.237716][0.354331,-0.929134,0.11811][14.0529,-15.0149,0][0.830214,2.02548,-0.263868][0.267717,-0.952756,-0.133858][14.0519,-15.0165,0][0.838108,2.02826,-0.267874][0.267717,-0.952756,-0.133858][14.0524,-15.0167,0][-0.830214,2.02548,-0.263868][-0.267717,-0.952756,-0.133858][13.9481,-15.0165,0][-0.84599,2.03072,-0.237716][-0.354331,-0.929134,0.11811][13.9471,-15.0149,0][-0.838108,2.02826,-0.267874][-0.267717,-0.952756,-0.133858][13.9476,-15.0167,0][-0.84599,2.03072,-0.237716][-0.354331,-0.929134,0.11811][13.9471,-15.0149,0][-0.830214,2.02548,-0.263868][-0.267717,-0.952756,-0.133858][13.9481,-15.0165,0][-0.83738,2.02758,-0.236164][-0.362205,-0.92126,0.125984][13.9477,-15.0148,0][0.38362,1.61401,-0.540622][-0.527559,-0.850394,-0.0629921][14.024,-15.0338,0][0.596158,1.50571,-0.579414][-0.393701,-0.913386,-0.102362][14.0373,-15.0362,0][0.59525,1.50545,-0.573582][-0.409449,-0.913386,0.015748][14.0372,-15.0358,0][0.38362,1.61401,-0.540622][-0.527559,-0.850394,-0.0629921][14.024,-15.0338,0][0.59525,1.50545,-0.573582][-0.409449,-0.913386,0.015748][14.0372,-15.0358,0][0.385456,1.61247,-0.535234][-0.488189,-0.874016,0.0472441][14.0241,-15.0335,0][-0.38362,1.61401,-0.540622][0.527559,-0.850394,-0.0629921][13.976,-15.0338,0][-0.59525,1.50545,-0.573582][0.409449,-0.913386,0.015748][13.9628,-15.0358,0][-0.596158,1.50571,-0.579414][0.393701,-0.913386,-0.102362][13.9627,-15.0362,0][-0.385456,1.61247,-0.535234][0.488189,-0.874016,0.0472441][13.9759,-15.0335,0][-0.59525,1.50545,-0.573582][0.409449,-0.913386,0.015748][13.9628,-15.0358,0][-0.38362,1.61401,-0.540622][0.527559,-0.850394,-0.0629921][13.976,-15.0338,0][0.95807,1.39693,-0.322264][-0.244094,-0.96063,0.11811][14.0599,-15.0201,0][0.998656,1.43114,-0.096178][-0.456693,-0.866142,0.204724][14.0624,-15.006,0][0.945638,1.40331,-0.31571][-0.440945,-0.866142,0.228346][14.0591,-15.0197,0][0.998656,1.43114,-0.096178][-0.456693,-0.866142,0.204724][14.0624,-15.006,0][0.95807,1.39693,-0.322264][-0.244094,-0.96063,0.11811][14.0599,-15.0201,0][1.01298,1.4255,-0.094798][-0.228346,-0.944882,0.228346][14.0633,-15.0059,0][0.963424,1.39597,-0.324988][-0.141732,-0.984252,0.0708661][14.0602,-15.0203,0][1.01298,1.4255,-0.094798][-0.228346,-0.944882,0.228346][14.0633,-15.0059,0][0.95807,1.39693,-0.322264][-0.244094,-0.96063,0.11811][14.0599,-15.0201,0][1.01298,1.4255,-0.094798][-0.228346,-0.944882,0.228346][14.0633,-15.0059,0][0.963424,1.39597,-0.324988][-0.141732,-0.984252,0.0708661][14.0602,-15.0203,0][1.01902,1.4248,-0.094792][-0.11811,-0.968504,0.228346][14.0637,-15.0059,0][-1.01298,1.4255,-0.094798][0.228346,-0.944882,0.228346][13.9367,-15.0059,0][-0.95807,1.39693,-0.322264][0.244094,-0.96063,0.11811][13.9401,-15.0201,0][-0.998656,1.43114,-0.096178][0.456693,-0.866142,0.204724][13.9376,-15.006,0][-0.945638,1.40331,-0.31571][0.440945,-0.866142,0.228346][13.9409,-15.0197,0][-0.998656,1.43114,-0.096178][0.456693,-0.866142,0.204724][13.9376,-15.006,0][-0.95807,1.39693,-0.322264][0.244094,-0.96063,0.11811][13.9401,-15.0201,0][-0.95807,1.39693,-0.322264][0.244094,-0.96063,0.11811][13.9401,-15.0201,0][-1.01298,1.4255,-0.094798][0.228346,-0.944882,0.228346][13.9367,-15.0059,0][-0.963424,1.39597,-0.324988][0.141732,-0.984252,0.0708661][13.9398,-15.0203,0][-1.01902,1.4248,-0.094792][0.11811,-0.968504,0.228346][13.9363,-15.0059,0][-0.963424,1.39597,-0.324988][0.141732,-0.984252,0.0708661][13.9398,-15.0203,0][-1.01298,1.4255,-0.094798][0.228346,-0.944882,0.228346][13.9367,-15.0059,0][0.585238,1.72033,0.306408][-0.401575,-0.84252,0.346457][14.0366,-14.9808,0][0.373132,1.80347,0.233704][-0.511811,-0.755906,0.409449][14.0233,-14.9854,0][0.37531,1.79971,0.22944][-0.464567,-0.826772,0.314961][14.0235,-14.9857,0][0.373132,1.80347,0.233704][-0.511811,-0.755906,0.409449][14.0233,-14.9854,0][0.585238,1.72033,0.306408][-0.401575,-0.84252,0.346457][14.0366,-14.9808,0][0.585762,1.72309,0.311672][-0.393701,-0.795276,0.456693][14.0366,-14.9805,0][-0.373132,1.80347,0.233704][0.511811,-0.755906,0.409449][13.9767,-14.9854,0][-0.585238,1.72033,0.306408][0.401575,-0.84252,0.346457][13.9634,-14.9808,0][-0.37531,1.79971,0.22944][0.464567,-0.826772,0.314961][13.9765,-14.9857,0][-0.585238,1.72033,0.306408][0.401575,-0.84252,0.346457][13.9634,-14.9808,0][-0.373132,1.80347,0.233704][0.511811,-0.755906,0.409449][13.9767,-14.9854,0][-0.585762,1.72309,0.311672][0.393701,-0.795276,0.456693][13.9634,-14.9805,0][1.01298,1.4255,-0.094798][-0.228346,-0.944882,0.228346][14.0633,-15.0059,0][0.95252,1.505,0.121502][-0.267717,-0.913386,0.307087][14.0595,-14.9924,0][0.940266,1.50833,0.11266][-0.472441,-0.866142,0.165354][14.0588,-14.993,0][1.01298,1.4255,-0.094798][-0.228346,-0.944882,0.228346][14.0633,-15.0059,0][0.940266,1.50833,0.11266][-0.472441,-0.866142,0.165354][14.0588,-14.993,0][0.998656,1.43114,-0.096178][-0.456693,-0.866142,0.204724][14.0624,-15.006,0][1.01298,1.4255,-0.094798][-0.228346,-0.944882,0.228346][14.0633,-15.0059,0][0.95784,1.50514,0.12425][-0.165354,-0.913386,0.370079][14.0599,-14.9922,0][0.95252,1.505,0.121502][-0.267717,-0.913386,0.307087][14.0595,-14.9924,0][0.95784,1.50514,0.12425][-0.165354,-0.913386,0.370079][14.0599,-14.9922,0][1.01298,1.4255,-0.094798][-0.228346,-0.944882,0.228346][14.0633,-15.0059,0][1.01902,1.4248,-0.094792][-0.11811,-0.968504,0.228346][14.0637,-15.0059,0][-0.998656,1.43114,-0.096178][0.456693,-0.866142,0.204724][13.9376,-15.006,0][-0.940266,1.50833,0.11266][0.472441,-0.866142,0.165354][13.9412,-14.993,0][-1.01298,1.4255,-0.094798][0.228346,-0.944882,0.228346][13.9367,-15.0059,0][-1.01298,1.4255,-0.094798][0.228346,-0.944882,0.228346][13.9367,-15.0059,0][-0.940266,1.50833,0.11266][0.472441,-0.866142,0.165354][13.9412,-14.993,0][-0.95252,1.505,0.121502][0.267717,-0.913386,0.307087][13.9405,-14.9924,0][-0.95784,1.50514,0.12425][0.165354,-0.913386,0.370079][13.9401,-14.9922,0][-1.01298,1.4255,-0.094798][0.228346,-0.944882,0.228346][13.9367,-15.0059,0][-0.95252,1.505,0.121502][0.267717,-0.913386,0.307087][13.9405,-14.9924,0][-1.01298,1.4255,-0.094798][0.228346,-0.944882,0.228346][13.9367,-15.0059,0][-0.95784,1.50514,0.12425][0.165354,-0.913386,0.370079][13.9401,-14.9922,0][-1.01902,1.4248,-0.094792][0.11811,-0.968504,0.228346][13.9363,-15.0059,0][-0.108374,1.83318,-0.267208][-0.212598,-0.889764,-0.401575][13.9932,-15.0167,0][-0.081722,1.82287,-0.247348][-0.110236,-0.992126,0][13.9949,-15.0155,0][-0.108374,1.82882,-0.247348][-0.220472,-0.976378,0][13.9932,-15.0155,0][-0.081722,1.82287,-0.247348][-0.110236,-0.992126,0][13.9949,-15.0155,0][-0.108374,1.83318,-0.267208][-0.212598,-0.889764,-0.401575][13.9932,-15.0167,0][-0.081722,1.82768,-0.269274][-0.110236,-0.905512,-0.409449][13.9949,-15.0168,0][0.108374,1.83318,-0.267208][0.212598,-0.889764,-0.401575][14.0068,-15.0167,0][0.081722,1.82287,-0.247348][0.110236,-0.992126,0][14.0051,-15.0155,0][0.081722,1.82768,-0.269274][0.110236,-0.905512,-0.409449][14.0051,-15.0168,0][0.081722,1.82287,-0.247348][0.110236,-0.992126,0][14.0051,-15.0155,0][0.108374,1.83318,-0.267208][0.212598,-0.889764,-0.401575][14.0068,-15.0167,0][0.108374,1.82882,-0.247348][0.220472,-0.976378,0][14.0068,-15.0155,0][0.224406,1.72325,-0.394336][-0.614173,-0.787402,0.0393701][14.014,-15.0246,0][0.385456,1.61247,-0.535234][-0.488189,-0.874016,0.0472441][14.0241,-15.0335,0][0.22832,1.72039,-0.390796][-0.535433,-0.84252,0.110236][14.0143,-15.0244,0][0.385456,1.61247,-0.535234][-0.488189,-0.874016,0.0472441][14.0241,-15.0335,0][0.224406,1.72325,-0.394336][-0.614173,-0.787402,0.0393701][14.014,-15.0246,0][0.38362,1.61401,-0.540622][-0.527559,-0.850394,-0.0629921][14.024,-15.0338,0][-0.38362,1.61401,-0.540622][0.527559,-0.850394,-0.0629921][13.976,-15.0338,0][-0.224406,1.72325,-0.394336][0.614173,-0.787402,0.0393701][13.986,-15.0246,0][-0.385456,1.61247,-0.535234][0.488189,-0.874016,0.0472441][13.9759,-15.0335,0][-0.22832,1.72039,-0.390796][0.535433,-0.84252,0.110236][13.9857,-15.0244,0][-0.385456,1.61247,-0.535234][0.488189,-0.874016,0.0472441][13.9759,-15.0335,0][-0.224406,1.72325,-0.394336][0.614173,-0.787402,0.0393701][13.986,-15.0246,0][0.81399,2.02832,-0.287368][0.102362,-0.937008,-0.338583][14.0509,-15.018,0][0.838108,2.02826,-0.267874][0.267717,-0.952756,-0.133858][14.0524,-15.0167,0][0.830214,2.02548,-0.263868][0.267717,-0.952756,-0.133858][14.0519,-15.0165,0][0.838108,2.02826,-0.267874][0.267717,-0.952756,-0.133858][14.0524,-15.0167,0][0.81399,2.02832,-0.287368][0.102362,-0.937008,-0.338583][14.0509,-15.018,0][0.820358,2.03124,-0.29345][0.102362,-0.937008,-0.346457][14.0513,-15.0183,0][-0.838108,2.02826,-0.267874][-0.267717,-0.952756,-0.133858][13.9476,-15.0167,0][-0.81399,2.02832,-0.287368][-0.102362,-0.937008,-0.338583][13.9491,-15.018,0][-0.830214,2.02548,-0.263868][-0.267717,-0.952756,-0.133858][13.9481,-15.0165,0][-0.81399,2.02832,-0.287368][-0.102362,-0.937008,-0.338583][13.9491,-15.018,0][-0.838108,2.02826,-0.267874][-0.267717,-0.952756,-0.133858][13.9476,-15.0167,0][-0.820358,2.03124,-0.29345][-0.102362,-0.937008,-0.346457][13.9487,-15.0183,0][0.21685,1.83377,0.055638][-0.598425,-0.740157,0.307087][14.0136,-14.9965,0][0.37531,1.79971,0.22944][-0.464567,-0.826772,0.314961][14.0235,-14.9857,0][0.373132,1.80347,0.233704][-0.511811,-0.755906,0.409449][14.0233,-14.9854,0][0.37531,1.79971,0.22944][-0.464567,-0.826772,0.314961][14.0235,-14.9857,0][0.21685,1.83377,0.055638][-0.598425,-0.740157,0.307087][14.0136,-14.9965,0][0.220934,1.82963,0.05359][-0.511811,-0.818898,0.259843][14.0138,-14.9967,0][-0.21685,1.83377,0.055638][0.598425,-0.740157,0.307087][13.9864,-14.9965,0][-0.37531,1.79971,0.22944][0.464567,-0.826772,0.314961][13.9765,-14.9857,0][-0.220934,1.82963,0.05359][0.511811,-0.818898,0.259843][13.9862,-14.9967,0][-0.37531,1.79971,0.22944][0.464567,-0.826772,0.314961][13.9765,-14.9857,0][-0.21685,1.83377,0.055638][0.598425,-0.740157,0.307087][13.9864,-14.9965,0][-0.373132,1.80347,0.233704][0.511811,-0.755906,0.409449][13.9767,-14.9854,0][-0.081722,1.84137,-0.206834][-0.102362,-0.669291,0.732283][13.9949,-15.0129,0][-0.108374,1.84559,-0.210654][-0.204724,-0.661417,0.724409][13.9932,-15.0132,0][-0.081722,1.82768,-0.225422][-0.110236,-0.905512,0.409449][13.9949,-15.0141,0][-0.108374,1.83318,-0.22749][-0.212598,-0.889764,0.401575][13.9932,-15.0142,0][-0.081722,1.82768,-0.225422][-0.110236,-0.905512,0.409449][13.9949,-15.0141,0][-0.108374,1.84559,-0.210654][-0.204724,-0.661417,0.724409][13.9932,-15.0132,0][0.081722,1.82768,-0.225422][0.110236,-0.905512,0.409449][14.0051,-15.0141,0][0.108374,1.84559,-0.210654][0.204724,-0.661417,0.724409][14.0068,-15.0132,0][0.081722,1.84137,-0.206834][0.102362,-0.669291,0.732283][14.0051,-15.0129,0][0.108374,1.84559,-0.210654][0.204724,-0.661417,0.724409][14.0068,-15.0132,0][0.081722,1.82768,-0.225422][0.110236,-0.905512,0.409449][14.0051,-15.0141,0][0.108374,1.83318,-0.22749][0.212598,-0.889764,0.401575][14.0068,-15.0142,0][0.95807,1.39693,-0.322264][-0.244094,-0.96063,0.11811][14.0599,-15.0201,0][0.797086,1.43201,-0.484206][-0.425197,-0.874016,0.244094][14.0498,-15.0303,0][0.804252,1.42666,-0.496766][-0.314961,-0.952756,0.0393701][14.0503,-15.031,0][0.797086,1.43201,-0.484206][-0.425197,-0.874016,0.244094][14.0498,-15.0303,0][0.95807,1.39693,-0.322264][-0.244094,-0.96063,0.11811][14.0599,-15.0201,0][0.945638,1.40331,-0.31571][-0.440945,-0.866142,0.228346][14.0591,-15.0197,0][-0.95807,1.39693,-0.322264][0.244094,-0.96063,0.11811][13.9401,-15.0201,0][-0.797086,1.43201,-0.484206][0.425197,-0.874016,0.244094][13.9502,-15.0303,0][-0.945638,1.40331,-0.31571][0.440945,-0.866142,0.228346][13.9409,-15.0197,0][-0.797086,1.43201,-0.484206][0.425197,-0.874016,0.244094][13.9502,-15.0303,0][-0.95807,1.39693,-0.322264][0.244094,-0.96063,0.11811][13.9401,-15.0201,0][-0.804252,1.42666,-0.496766][0.314961,-0.952756,0.0393701][13.9497,-15.031,0][0.162042,1.80431,-0.175868][-0.637795,-0.748031,0.173228][14.0101,-15.011,0][0.224406,1.72325,-0.394336][-0.614173,-0.787402,0.0393701][14.014,-15.0246,0][0.22832,1.72039,-0.390796][-0.535433,-0.84252,0.110236][14.0143,-15.0244,0][0.22832,1.72039,-0.390796][-0.535433,-0.84252,0.110236][14.0143,-15.0244,0][0.16677,1.80049,-0.175064][-0.543307,-0.818898,0.188976][14.0104,-15.0109,0][0.162042,1.80431,-0.175868][-0.637795,-0.748031,0.173228][14.0101,-15.011,0][-0.224406,1.72325,-0.394336][0.614173,-0.787402,0.0393701][13.986,-15.0246,0][-0.162042,1.80431,-0.175868][0.637795,-0.748031,0.173228][13.9899,-15.011,0][-0.22832,1.72039,-0.390796][0.535433,-0.84252,0.110236][13.9857,-15.0244,0][-0.22832,1.72039,-0.390796][0.535433,-0.84252,0.110236][13.9857,-15.0244,0][-0.162042,1.80431,-0.175868][0.637795,-0.748031,0.173228][13.9899,-15.011,0][-0.16677,1.80049,-0.175064][0.543307,-0.818898,0.188976][13.9896,-15.0109,0][0.804252,1.42666,-0.496766][-0.314961,-0.952756,0.0393701][14.0503,-15.031,0][0.59502,1.5084,-0.558434][-0.409449,-0.874016,0.259843][14.0372,-15.0349,0][0.59525,1.50545,-0.573582][-0.409449,-0.913386,0.015748][14.0372,-15.0358,0][0.59502,1.5084,-0.558434][-0.409449,-0.874016,0.259843][14.0372,-15.0349,0][0.804252,1.42666,-0.496766][-0.314961,-0.952756,0.0393701][14.0503,-15.031,0][0.797086,1.43201,-0.484206][-0.425197,-0.874016,0.244094][14.0498,-15.0303,0][-0.804252,1.42666,-0.496766][0.314961,-0.952756,0.0393701][13.9497,-15.031,0][-0.59502,1.5084,-0.558434][0.409449,-0.874016,0.259843][13.9628,-15.0349,0][-0.797086,1.43201,-0.484206][0.425197,-0.874016,0.244094][13.9502,-15.0303,0][-0.59502,1.5084,-0.558434][0.409449,-0.874016,0.259843][13.9628,-15.0349,0][-0.804252,1.42666,-0.496766][0.314961,-0.952756,0.0393701][13.9497,-15.031,0][-0.59525,1.50545,-0.573582][0.409449,-0.913386,0.015748][13.9628,-15.0358,0][-0.108374,1.82882,-0.247348][-0.220472,-0.976378,0][13.9932,-15.0155,0][-0.081722,1.82287,-0.247348][-0.110236,-0.992126,0][13.9949,-15.0155,0][-0.108374,1.83318,-0.22749][-0.212598,-0.889764,0.401575][13.9932,-15.0142,0][-0.081722,1.82287,-0.247348][-0.110236,-0.992126,0][13.9949,-15.0155,0][-0.081722,1.82768,-0.225422][-0.110236,-0.905512,0.409449][13.9949,-15.0141,0][-0.108374,1.83318,-0.22749][-0.212598,-0.889764,0.401575][13.9932,-15.0142,0][0.081722,1.82287,-0.247348][0.110236,-0.992126,0][14.0051,-15.0155,0][0.108374,1.83318,-0.22749][0.212598,-0.889764,0.401575][14.0068,-15.0142,0][0.081722,1.82768,-0.225422][0.110236,-0.905512,0.409449][14.0051,-15.0141,0][0.108374,1.83318,-0.22749][0.212598,-0.889764,0.401575][14.0068,-15.0142,0][0.081722,1.82287,-0.247348][0.110236,-0.992126,0][14.0051,-15.0155,0][0.108374,1.82882,-0.247348][0.220472,-0.976378,0][14.0068,-15.0155,0][0.59525,1.50545,-0.573582][-0.409449,-0.913386,0.015748][14.0372,-15.0358,0][0.392106,1.61229,-0.521268][-0.377953,-0.88189,0.275591][14.0245,-15.0326,0][0.385456,1.61247,-0.535234][-0.488189,-0.874016,0.0472441][14.0241,-15.0335,0][0.392106,1.61229,-0.521268][-0.377953,-0.88189,0.275591][14.0245,-15.0326,0][0.59525,1.50545,-0.573582][-0.409449,-0.913386,0.015748][14.0372,-15.0358,0][0.59502,1.5084,-0.558434][-0.409449,-0.874016,0.259843][14.0372,-15.0349,0][-0.59525,1.50545,-0.573582][0.409449,-0.913386,0.015748][13.9628,-15.0358,0][-0.392106,1.61229,-0.521268][0.377953,-0.88189,0.275591][13.9755,-15.0326,0][-0.59502,1.5084,-0.558434][0.409449,-0.874016,0.259843][13.9628,-15.0349,0][-0.392106,1.61229,-0.521268][0.377953,-0.88189,0.275591][13.9755,-15.0326,0][-0.59525,1.50545,-0.573582][0.409449,-0.913386,0.015748][13.9628,-15.0358,0][-0.385456,1.61247,-0.535234][0.488189,-0.874016,0.0472441][13.9759,-15.0335,0][0.23341,1.82296,0.047202][-0.307087,-0.937008,0.15748][14.0146,-14.9971,0][0.18105,1.79466,-0.17327][-0.307087,-0.929134,0.220472][14.0113,-15.0108,0][0.19622,1.79207,-0.172246][-0.181102,-0.952756,0.228346][14.0123,-15.0108,0][0.23341,1.82296,0.047202][-0.307087,-0.937008,0.15748][14.0146,-14.9971,0][0.19622,1.79207,-0.172246][-0.181102,-0.952756,0.228346][14.0123,-15.0108,0][0.246818,1.81958,0.040348][-0.19685,-0.976378,0.102362][14.0154,-14.9975,0][-0.18105,1.79466,-0.17327][0.307087,-0.929134,0.220472][13.9887,-15.0108,0][-0.23341,1.82296,0.047202][0.307087,-0.937008,0.15748][13.9854,-14.9971,0][-0.19622,1.79207,-0.172246][0.181102,-0.952756,0.228346][13.9877,-15.0108,0][-0.19622,1.79207,-0.172246][0.181102,-0.952756,0.228346][13.9877,-15.0108,0][-0.23341,1.82296,0.047202][0.307087,-0.937008,0.15748][13.9854,-14.9971,0][-0.246818,1.81958,0.040348][0.19685,-0.976378,0.102362][13.9846,-14.9975,0][0.220934,1.82963,0.05359][-0.511811,-0.818898,0.259843][14.0138,-14.9967,0][0.16677,1.80049,-0.175064][-0.543307,-0.818898,0.188976][14.0104,-15.0109,0][0.18105,1.79466,-0.17327][-0.307087,-0.929134,0.220472][14.0113,-15.0108,0][0.220934,1.82963,0.05359][-0.511811,-0.818898,0.259843][14.0138,-14.9967,0][0.18105,1.79466,-0.17327][-0.307087,-0.929134,0.220472][14.0113,-15.0108,0][0.23341,1.82296,0.047202][-0.307087,-0.937008,0.15748][14.0146,-14.9971,0][0.21685,1.83377,0.055638][-0.598425,-0.740157,0.307087][14.0136,-14.9965,0][0.16677,1.80049,-0.175064][-0.543307,-0.818898,0.188976][14.0104,-15.0109,0][0.220934,1.82963,0.05359][-0.511811,-0.818898,0.259843][14.0138,-14.9967,0][0.21685,1.83377,0.055638][-0.598425,-0.740157,0.307087][14.0136,-14.9965,0][0.162042,1.80431,-0.175868][-0.637795,-0.748031,0.173228][14.0101,-15.011,0][0.16677,1.80049,-0.175064][-0.543307,-0.818898,0.188976][14.0104,-15.0109,0][-0.16677,1.80049,-0.175064][0.543307,-0.818898,0.188976][13.9896,-15.0109,0][-0.220934,1.82963,0.05359][0.511811,-0.818898,0.259843][13.9862,-14.9967,0][-0.18105,1.79466,-0.17327][0.307087,-0.929134,0.220472][13.9887,-15.0108,0][-0.18105,1.79466,-0.17327][0.307087,-0.929134,0.220472][13.9887,-15.0108,0][-0.220934,1.82963,0.05359][0.511811,-0.818898,0.259843][13.9862,-14.9967,0][-0.23341,1.82296,0.047202][0.307087,-0.937008,0.15748][13.9854,-14.9971,0][-0.16677,1.80049,-0.175064][0.543307,-0.818898,0.188976][13.9896,-15.0109,0][-0.21685,1.83377,0.055638][0.598425,-0.740157,0.307087][13.9864,-14.9965,0][-0.220934,1.82963,0.05359][0.511811,-0.818898,0.259843][13.9862,-14.9967,0][-0.162042,1.80431,-0.175868][0.637795,-0.748031,0.173228][13.9899,-15.011,0][-0.21685,1.83377,0.055638][0.598425,-0.740157,0.307087][13.9864,-14.9965,0][-0.16677,1.80049,-0.175064][0.543307,-0.818898,0.188976][13.9896,-15.0109,0][0.95252,1.505,0.121502][-0.267717,-0.913386,0.307087][14.0595,-14.9924,0][0.79558,1.61288,0.267228][-0.338583,-0.874016,0.346457][14.0497,-14.9833,0][0.788548,1.61306,0.25344][-0.456693,-0.88189,0.11811][14.0493,-14.9842,0][0.95252,1.505,0.121502][-0.267717,-0.913386,0.307087][14.0595,-14.9924,0][0.788548,1.61306,0.25344][-0.456693,-0.88189,0.11811][14.0493,-14.9842,0][0.940266,1.50833,0.11266][-0.472441,-0.866142,0.165354][14.0588,-14.993,0][0.22832,1.72039,-0.390796][-0.535433,-0.84252,0.110236][14.0143,-15.0244,0][0.392106,1.61229,-0.521268][-0.377953,-0.88189,0.275591][14.0245,-15.0326,0][0.240304,1.71701,-0.381556][-0.338583,-0.905512,0.267717][14.015,-15.0238,0][0.392106,1.61229,-0.521268][-0.377953,-0.88189,0.275591][14.0245,-15.0326,0][0.22832,1.72039,-0.390796][-0.535433,-0.84252,0.110236][14.0143,-15.0244,0][0.385456,1.61247,-0.535234][-0.488189,-0.874016,0.0472441][14.0241,-15.0335,0][-0.79558,1.61288,0.267228][0.338583,-0.874016,0.346457][13.9503,-14.9833,0][-0.95252,1.505,0.121502][0.267717,-0.913386,0.307087][13.9405,-14.9924,0][-0.788548,1.61306,0.25344][0.456693,-0.88189,0.11811][13.9507,-14.9842,0][-0.788548,1.61306,0.25344][0.456693,-0.88189,0.11811][13.9507,-14.9842,0][-0.95252,1.505,0.121502][0.267717,-0.913386,0.307087][13.9405,-14.9924,0][-0.940266,1.50833,0.11266][0.472441,-0.866142,0.165354][13.9412,-14.993,0][-0.385456,1.61247,-0.535234][0.488189,-0.874016,0.0472441][13.9759,-15.0335,0][-0.22832,1.72039,-0.390796][0.535433,-0.84252,0.110236][13.9857,-15.0244,0][-0.392106,1.61229,-0.521268][0.377953,-0.88189,0.275591][13.9755,-15.0326,0][-0.240304,1.71701,-0.381556][0.338583,-0.905512,0.267717][13.985,-15.0238,0][-0.392106,1.61229,-0.521268][0.377953,-0.88189,0.275591][13.9755,-15.0326,0][-0.22832,1.72039,-0.390796][0.535433,-0.84252,0.110236][13.9857,-15.0244,0][0.16677,1.80049,-0.175064][-0.543307,-0.818898,0.188976][14.0104,-15.0109,0][0.22832,1.72039,-0.390796][-0.535433,-0.84252,0.110236][14.0143,-15.0244,0][0.240304,1.71701,-0.381556][-0.338583,-0.905512,0.267717][14.015,-15.0238,0][0.240304,1.71701,-0.381556][-0.338583,-0.905512,0.267717][14.015,-15.0238,0][0.18105,1.79466,-0.17327][-0.307087,-0.929134,0.220472][14.0113,-15.0108,0][0.16677,1.80049,-0.175064][-0.543307,-0.818898,0.188976][14.0104,-15.0109,0][-0.22832,1.72039,-0.390796][0.535433,-0.84252,0.110236][13.9857,-15.0244,0][-0.16677,1.80049,-0.175064][0.543307,-0.818898,0.188976][13.9896,-15.0109,0][-0.240304,1.71701,-0.381556][0.338583,-0.905512,0.267717][13.985,-15.0238,0][-0.240304,1.71701,-0.381556][0.338583,-0.905512,0.267717][13.985,-15.0238,0][-0.16677,1.80049,-0.175064][0.543307,-0.818898,0.188976][13.9896,-15.0109,0][-0.18105,1.79466,-0.17327][0.307087,-0.929134,0.220472][13.9887,-15.0108,0][0.220934,1.82963,0.05359][-0.511811,-0.818898,0.259843][14.0138,-14.9967,0][0.382372,1.79413,0.216824][-0.354331,-0.929134,0.102362][14.0239,-14.9864,0][0.37531,1.79971,0.22944][-0.464567,-0.826772,0.314961][14.0235,-14.9857,0][0.382372,1.79413,0.216824][-0.354331,-0.929134,0.102362][14.0239,-14.9864,0][0.220934,1.82963,0.05359][-0.511811,-0.818898,0.259843][14.0138,-14.9967,0][0.23341,1.82296,0.047202][-0.307087,-0.937008,0.15748][14.0146,-14.9971,0][-0.220934,1.82963,0.05359][0.511811,-0.818898,0.259843][13.9862,-14.9967,0][-0.382372,1.79413,0.216824][0.354331,-0.929134,0.102362][13.9761,-14.9864,0][-0.23341,1.82296,0.047202][0.307087,-0.937008,0.15748][13.9854,-14.9971,0][-0.382372,1.79413,0.216824][0.354331,-0.929134,0.102362][13.9761,-14.9864,0][-0.220934,1.82963,0.05359][0.511811,-0.818898,0.259843][13.9862,-14.9967,0][-0.37531,1.79971,0.22944][0.464567,-0.826772,0.314961][13.9765,-14.9857,0][0.585238,1.72033,0.306408][-0.401575,-0.84252,0.346457][14.0366,-14.9808,0][0.788548,1.61306,0.25344][-0.456693,-0.88189,0.11811][14.0493,-14.9842,0][0.79558,1.61288,0.267228][-0.338583,-0.874016,0.346457][14.0497,-14.9833,0][0.788548,1.61306,0.25344][-0.456693,-0.88189,0.11811][14.0493,-14.9842,0][0.585238,1.72033,0.306408][-0.401575,-0.84252,0.346457][14.0366,-14.9808,0][0.58516,1.71729,0.291228][-0.409449,-0.905512,0.0866142][14.0366,-14.9818,0][-0.585238,1.72033,0.306408][0.401575,-0.84252,0.346457][13.9634,-14.9808,0][-0.788548,1.61306,0.25344][0.456693,-0.88189,0.11811][13.9507,-14.9842,0][-0.58516,1.71729,0.291228][0.409449,-0.905512,0.0866142][13.9634,-14.9818,0][-0.788548,1.61306,0.25344][0.456693,-0.88189,0.11811][13.9507,-14.9842,0][-0.585238,1.72033,0.306408][0.401575,-0.84252,0.346457][13.9634,-14.9808,0][-0.79558,1.61288,0.267228][0.338583,-0.874016,0.346457][13.9503,-14.9833,0][0.58516,1.71729,0.291228][-0.409449,-0.905512,0.0866142][14.0366,-14.9818,0][0.37531,1.79971,0.22944][-0.464567,-0.826772,0.314961][14.0235,-14.9857,0][0.382372,1.79413,0.216824][-0.354331,-0.929134,0.102362][14.0239,-14.9864,0][0.37531,1.79971,0.22944][-0.464567,-0.826772,0.314961][14.0235,-14.9857,0][0.58516,1.71729,0.291228][-0.409449,-0.905512,0.0866142][14.0366,-14.9818,0][0.585238,1.72033,0.306408][-0.401575,-0.84252,0.346457][14.0366,-14.9808,0][-0.37531,1.79971,0.22944][0.464567,-0.826772,0.314961][13.9765,-14.9857,0][-0.58516,1.71729,0.291228][0.409449,-0.905512,0.0866142][13.9634,-14.9818,0][-0.382372,1.79413,0.216824][0.354331,-0.929134,0.102362][13.9761,-14.9864,0][-0.58516,1.71729,0.291228][0.409449,-0.905512,0.0866142][13.9634,-14.9818,0][-0.37531,1.79971,0.22944][0.464567,-0.826772,0.314961][13.9765,-14.9857,0][-0.585238,1.72033,0.306408][0.401575,-0.84252,0.346457][13.9634,-14.9808,0][0.18105,1.79466,-0.17327][-0.307087,-0.929134,0.220472][14.0113,-15.0108,0][0.240304,1.71701,-0.381556][-0.338583,-0.905512,0.267717][14.015,-15.0238,0][0.25328,1.71675,-0.373326][-0.228346,-0.913386,0.338583][14.0158,-15.0233,0][0.25328,1.71675,-0.373326][-0.228346,-0.913386,0.338583][14.0158,-15.0233,0][0.19622,1.79207,-0.172246][-0.181102,-0.952756,0.228346][14.0123,-15.0108,0][0.18105,1.79466,-0.17327][-0.307087,-0.929134,0.220472][14.0113,-15.0108,0][0.392106,1.61229,-0.521268][-0.377953,-0.88189,0.275591][14.0245,-15.0326,0][0.25328,1.71675,-0.373326][-0.228346,-0.913386,0.338583][14.0158,-15.0233,0][0.240304,1.71701,-0.381556][-0.338583,-0.905512,0.267717][14.015,-15.0238,0][0.25328,1.71675,-0.373326][-0.228346,-0.913386,0.338583][14.0158,-15.0233,0][0.392106,1.61229,-0.521268][-0.377953,-0.88189,0.275591][14.0245,-15.0326,0][0.399936,1.6151,-0.508426][-0.314961,-0.866142,0.385827][14.025,-15.0318,0][0.59502,1.5084,-0.558434][-0.409449,-0.874016,0.259843][14.0372,-15.0349,0][0.399936,1.6151,-0.508426][-0.314961,-0.866142,0.385827][14.025,-15.0318,0][0.392106,1.61229,-0.521268][-0.377953,-0.88189,0.275591][14.0245,-15.0326,0][0.399936,1.6151,-0.508426][-0.314961,-0.866142,0.385827][14.025,-15.0318,0][0.59502,1.5084,-0.558434][-0.409449,-0.874016,0.259843][14.0372,-15.0349,0][0.59617,1.51426,-0.544366][-0.401575,-0.834646,0.377953][14.0373,-15.034,0][0.797086,1.43201,-0.484206][-0.425197,-0.874016,0.244094][14.0498,-15.0303,0][0.59617,1.51426,-0.544366][-0.401575,-0.834646,0.377953][14.0373,-15.034,0][0.59502,1.5084,-0.558434][-0.409449,-0.874016,0.259843][14.0372,-15.0349,0][0.59617,1.51426,-0.544366][-0.401575,-0.834646,0.377953][14.0373,-15.034,0][0.797086,1.43201,-0.484206][-0.425197,-0.874016,0.244094][14.0498,-15.0303,0][0.791428,1.44023,-0.472598][-0.480315,-0.811024,0.346457][14.0495,-15.0295,0][0.791428,1.44023,-0.472598][-0.480315,-0.811024,0.346457][14.0495,-15.0295,0][0.945638,1.40331,-0.31571][-0.440945,-0.866142,0.228346][14.0591,-15.0197,0][0.93481,1.41254,-0.309972][-0.535433,-0.795276,0.275591][14.0584,-15.0194,0][0.945638,1.40331,-0.31571][-0.440945,-0.866142,0.228346][14.0591,-15.0197,0][0.791428,1.44023,-0.472598][-0.480315,-0.811024,0.346457][14.0495,-15.0295,0][0.797086,1.43201,-0.484206][-0.425197,-0.874016,0.244094][14.0498,-15.0303,0][-0.240304,1.71701,-0.381556][0.338583,-0.905512,0.267717][13.985,-15.0238,0][-0.18105,1.79466,-0.17327][0.307087,-0.929134,0.220472][13.9887,-15.0108,0][-0.25328,1.71675,-0.373326][0.228346,-0.913386,0.338583][13.9842,-15.0233,0][-0.25328,1.71675,-0.373326][0.228346,-0.913386,0.338583][13.9842,-15.0233,0][-0.18105,1.79466,-0.17327][0.307087,-0.929134,0.220472][13.9887,-15.0108,0][-0.19622,1.79207,-0.172246][0.181102,-0.952756,0.228346][13.9877,-15.0108,0][-0.25328,1.71675,-0.373326][0.228346,-0.913386,0.338583][13.9842,-15.0233,0][-0.392106,1.61229,-0.521268][0.377953,-0.88189,0.275591][13.9755,-15.0326,0][-0.240304,1.71701,-0.381556][0.338583,-0.905512,0.267717][13.985,-15.0238,0][-0.392106,1.61229,-0.521268][0.377953,-0.88189,0.275591][13.9755,-15.0326,0][-0.25328,1.71675,-0.373326][0.228346,-0.913386,0.338583][13.9842,-15.0233,0][-0.399936,1.6151,-0.508426][0.314961,-0.866142,0.385827][13.975,-15.0318,0][-0.399936,1.6151,-0.508426][0.314961,-0.866142,0.385827][13.975,-15.0318,0][-0.59502,1.5084,-0.558434][0.409449,-0.874016,0.259843][13.9628,-15.0349,0][-0.392106,1.61229,-0.521268][0.377953,-0.88189,0.275591][13.9755,-15.0326,0][-0.59502,1.5084,-0.558434][0.409449,-0.874016,0.259843][13.9628,-15.0349,0][-0.399936,1.6151,-0.508426][0.314961,-0.866142,0.385827][13.975,-15.0318,0][-0.59617,1.51426,-0.544366][0.401575,-0.834646,0.377953][13.9627,-15.034,0][-0.59617,1.51426,-0.544366][0.401575,-0.834646,0.377953][13.9627,-15.034,0][-0.797086,1.43201,-0.484206][0.425197,-0.874016,0.244094][13.9502,-15.0303,0][-0.59502,1.5084,-0.558434][0.409449,-0.874016,0.259843][13.9628,-15.0349,0][-0.797086,1.43201,-0.484206][0.425197,-0.874016,0.244094][13.9502,-15.0303,0][-0.59617,1.51426,-0.544366][0.401575,-0.834646,0.377953][13.9627,-15.034,0][-0.791428,1.44023,-0.472598][0.480315,-0.811024,0.346457][13.9505,-15.0295,0][-0.791428,1.44023,-0.472598][0.480315,-0.811024,0.346457][13.9505,-15.0295,0][-0.945638,1.40331,-0.31571][0.440945,-0.866142,0.228346][13.9409,-15.0197,0][-0.797086,1.43201,-0.484206][0.425197,-0.874016,0.244094][13.9502,-15.0303,0][-0.945638,1.40331,-0.31571][0.440945,-0.866142,0.228346][13.9409,-15.0197,0][-0.791428,1.44023,-0.472598][0.480315,-0.811024,0.346457][13.9505,-15.0295,0][-0.93481,1.41254,-0.309972][0.535433,-0.795276,0.275591][13.9416,-15.0194,0][0.23341,1.82296,0.047202][-0.307087,-0.937008,0.15748][14.0146,-14.9971,0][0.390562,1.79183,0.204008][-0.283465,-0.96063,-0.00787402][14.0244,-14.9872,0][0.382372,1.79413,0.216824][-0.354331,-0.929134,0.102362][14.0239,-14.9864,0][0.390562,1.79183,0.204008][-0.283465,-0.96063,-0.00787402][14.0244,-14.9872,0][0.23341,1.82296,0.047202][-0.307087,-0.937008,0.15748][14.0146,-14.9971,0][0.246818,1.81958,0.040348][-0.19685,-0.976378,0.102362][14.0154,-14.9975,0][-0.23341,1.82296,0.047202][0.307087,-0.937008,0.15748][13.9854,-14.9971,0][-0.390562,1.79183,0.204008][0.283465,-0.96063,-0.00787402][13.9756,-14.9872,0][-0.246818,1.81958,0.040348][0.19685,-0.976378,0.102362][13.9846,-14.9975,0][-0.390562,1.79183,0.204008][0.283465,-0.96063,-0.00787402][13.9756,-14.9872,0][-0.23341,1.82296,0.047202][0.307087,-0.937008,0.15748][13.9854,-14.9971,0][-0.382372,1.79413,0.216824][0.354331,-0.929134,0.102362][13.9761,-14.9864,0][0.7954,2.03916,-0.310582][-0.11811,-0.874016,-0.472441][14.0497,-15.0194,0][0.81399,2.02832,-0.287368][0.102362,-0.937008,-0.338583][14.0509,-15.018,0][0.791134,2.03572,-0.30312][-0.11811,-0.874016,-0.472441][14.0494,-15.0189,0][0.81399,2.02832,-0.287368][0.102362,-0.937008,-0.338583][14.0509,-15.018,0][0.7954,2.03916,-0.310582][-0.11811,-0.874016,-0.472441][14.0497,-15.0194,0][0.820358,2.03124,-0.29345][0.102362,-0.937008,-0.346457][14.0513,-15.0183,0][-0.820358,2.03124,-0.29345][-0.102362,-0.937008,-0.346457][13.9487,-15.0183,0][-0.7954,2.03916,-0.310582][0.11811,-0.874016,-0.472441][13.9503,-15.0194,0][-0.81399,2.02832,-0.287368][-0.102362,-0.937008,-0.338583][13.9491,-15.018,0][-0.81399,2.02832,-0.287368][-0.102362,-0.937008,-0.338583][13.9491,-15.018,0][-0.7954,2.03916,-0.310582][0.11811,-0.874016,-0.472441][13.9503,-15.0194,0][-0.791134,2.03572,-0.30312][0.11811,-0.874016,-0.472441][13.9506,-15.0189,0][0.382686,1.99902,-0.209844][0.496063,-0.84252,0.212598][14.0239,-15.0131,0][0.564876,2.05686,-0.113202][0.0787402,-1,-0.0393701][14.0353,-15.0071,0][0.423432,2.02134,-0.039226][0.401575,-0.889764,-0.212598][14.0265,-15.0025,0][0.564876,2.05686,-0.113202][0.0787402,-1,-0.0393701][14.0353,-15.0071,0][0.382686,1.99902,-0.209844][0.496063,-0.84252,0.212598][14.0239,-15.0131,0][0.539664,2.04328,-0.215728][0.141732,-0.96063,0.244094][14.0337,-15.0135,0][-0.382686,1.99902,-0.209844][-0.496063,-0.84252,0.212598][13.9761,-15.0131,0][-0.564876,2.05686,-0.113202][-0.0787402,-1,-0.0393701][13.9647,-15.0071,0][-0.539664,2.04328,-0.215728][-0.141732,-0.96063,0.244094][13.9663,-15.0135,0][-0.564876,2.05686,-0.113202][-0.0787402,-1,-0.0393701][13.9647,-15.0071,0][-0.382686,1.99902,-0.209844][-0.496063,-0.84252,0.212598][13.9761,-15.0131,0][-0.423432,2.02134,-0.039226][-0.401575,-0.889764,-0.212598][13.9735,-15.0025,0][0.382686,1.99902,-0.209844][0.496063,-0.84252,0.212598][14.0239,-15.0131,0][0.311868,1.8202,-0.381694][0.629921,-0.464567,0.622047][14.0195,-15.0239,0][0.427484,1.93848,-0.368792][0.377953,-0.708661,0.598425][14.0267,-15.0231,0][0.311868,1.8202,-0.381694][0.629921,-0.464567,0.622047][14.0195,-15.0239,0][0.382686,1.99902,-0.209844][0.496063,-0.84252,0.212598][14.0239,-15.0131,0][0.258392,1.89253,-0.189768][0.771654,-0.622047,0.15748][14.0161,-15.0119,0][0.427484,1.93848,-0.368792][0.377953,-0.708661,0.598425][14.0267,-15.0231,0][0.539664,2.04328,-0.215728][0.141732,-0.96063,0.244094][14.0337,-15.0135,0][0.382686,1.99902,-0.209844][0.496063,-0.84252,0.212598][14.0239,-15.0131,0][0.539664,2.04328,-0.215728][0.141732,-0.96063,0.244094][14.0337,-15.0135,0][0.427484,1.93848,-0.368792][0.377953,-0.708661,0.598425][14.0267,-15.0231,0][0.56691,2.00848,-0.307382][0.0787402,-0.866142,0.488189][14.0354,-15.0192,0][0.56691,2.00848,-0.307382][0.0787402,-0.866142,0.488189][14.0354,-15.0192,0][0.636808,2.03888,-0.221744][-0.188976,-0.952756,0.244094][14.0398,-15.0139,0][0.539664,2.04328,-0.215728][0.141732,-0.96063,0.244094][14.0337,-15.0135,0][0.636808,2.03888,-0.221744][-0.188976,-0.952756,0.244094][14.0398,-15.0139,0][0.56691,2.00848,-0.307382][0.0787402,-0.866142,0.488189][14.0354,-15.0192,0][0.652346,2.01838,-0.2745][-0.220472,-0.913386,0.354331][14.0408,-15.0172,0][0.639734,1.95431,-0.384108][-0.0944882,-0.748031,0.661417][14.04,-15.024,0][0.652346,2.01838,-0.2745][-0.220472,-0.913386,0.354331][14.0408,-15.0172,0][0.56691,2.00848,-0.307382][0.0787402,-0.866142,0.488189][14.0354,-15.0192,0][0.652346,2.01838,-0.2745][-0.220472,-0.913386,0.354331][14.0408,-15.0172,0][0.639734,1.95431,-0.384108][-0.0944882,-0.748031,0.661417][14.04,-15.024,0][0.69356,1.98787,-0.31722][-0.283465,-0.858268,0.425197][14.0433,-15.0198,0][0.74947,1.95945,-0.327516][-0.393701,-0.811024,0.440945][14.0468,-15.0205,0][0.652346,2.01838,-0.2745][-0.220472,-0.913386,0.354331][14.0408,-15.0172,0][0.69356,1.98787,-0.31722][-0.283465,-0.858268,0.425197][14.0433,-15.0198,0][0.805314,1.93883,-0.306806][-0.496063,-0.771654,0.393701][14.0503,-15.0192,0][0.652346,2.01838,-0.2745][-0.220472,-0.913386,0.354331][14.0408,-15.0172,0][0.74947,1.95945,-0.327516][-0.393701,-0.811024,0.440945][14.0468,-15.0205,0][0.652346,2.01838,-0.2745][-0.220472,-0.913386,0.354331][14.0408,-15.0172,0][0.805314,1.93883,-0.306806][-0.496063,-0.771654,0.393701][14.0503,-15.0192,0][0.636808,2.03888,-0.221744][-0.188976,-0.952756,0.244094][14.0398,-15.0139,0][0.636808,2.03888,-0.221744][-0.188976,-0.952756,0.244094][14.0398,-15.0139,0][0.805314,1.93883,-0.306806][-0.496063,-0.771654,0.393701][14.0503,-15.0192,0][0.651782,2.04712,-0.161446][-0.228346,-0.968504,0.125984][14.0407,-15.0101,0][0.84612,1.93162,-0.260344][-0.574803,-0.76378,0.307087][14.0529,-15.0163,0][0.651782,2.04712,-0.161446][-0.228346,-0.968504,0.125984][14.0407,-15.0101,0][0.805314,1.93883,-0.306806][-0.496063,-0.771654,0.393701][14.0503,-15.0192,0][-0.311868,1.8202,-0.381694][-0.629921,-0.464567,0.622047][13.9805,-15.0239,0][-0.382686,1.99902,-0.209844][-0.496063,-0.84252,0.212598][13.9761,-15.0131,0][-0.427484,1.93848,-0.368792][-0.377953,-0.708661,0.598425][13.9733,-15.0231,0][-0.382686,1.99902,-0.209844][-0.496063,-0.84252,0.212598][13.9761,-15.0131,0][-0.311868,1.8202,-0.381694][-0.629921,-0.464567,0.622047][13.9805,-15.0239,0][-0.258392,1.89253,-0.189768][-0.771654,-0.622047,0.15748][13.9839,-15.0119,0][-0.539664,2.04328,-0.215728][-0.141732,-0.96063,0.244094][13.9663,-15.0135,0][-0.427484,1.93848,-0.368792][-0.377953,-0.708661,0.598425][13.9733,-15.0231,0][-0.382686,1.99902,-0.209844][-0.496063,-0.84252,0.212598][13.9761,-15.0131,0][-0.427484,1.93848,-0.368792][-0.377953,-0.708661,0.598425][13.9733,-15.0231,0][-0.539664,2.04328,-0.215728][-0.141732,-0.96063,0.244094][13.9663,-15.0135,0][-0.56691,2.00848,-0.307382][-0.0787402,-0.866142,0.488189][13.9646,-15.0192,0][-0.636808,2.03888,-0.221744][0.188976,-0.952756,0.244094][13.9602,-15.0139,0][-0.56691,2.00848,-0.307382][-0.0787402,-0.866142,0.488189][13.9646,-15.0192,0][-0.539664,2.04328,-0.215728][-0.141732,-0.96063,0.244094][13.9663,-15.0135,0][-0.56691,2.00848,-0.307382][-0.0787402,-0.866142,0.488189][13.9646,-15.0192,0][-0.636808,2.03888,-0.221744][0.188976,-0.952756,0.244094][13.9602,-15.0139,0][-0.652346,2.01838,-0.2745][0.220472,-0.913386,0.354331][13.9592,-15.0172,0][-0.652346,2.01838,-0.2745][0.220472,-0.913386,0.354331][13.9592,-15.0172,0][-0.639734,1.95431,-0.384108][0.0944882,-0.748031,0.661417][13.96,-15.024,0][-0.56691,2.00848,-0.307382][-0.0787402,-0.866142,0.488189][13.9646,-15.0192,0][-0.639734,1.95431,-0.384108][0.0944882,-0.748031,0.661417][13.96,-15.024,0][-0.652346,2.01838,-0.2745][0.220472,-0.913386,0.354331][13.9592,-15.0172,0][-0.69356,1.98787,-0.31722][0.283465,-0.858268,0.425197][13.9567,-15.0198,0][-0.652346,2.01838,-0.2745][0.220472,-0.913386,0.354331][13.9592,-15.0172,0][-0.749472,1.95945,-0.327516][0.393701,-0.811024,0.440945][13.9532,-15.0205,0][-0.69356,1.98787,-0.31722][0.283465,-0.858268,0.425197][13.9567,-15.0198,0][-0.749472,1.95945,-0.327516][0.393701,-0.811024,0.440945][13.9532,-15.0205,0][-0.652346,2.01838,-0.2745][0.220472,-0.913386,0.354331][13.9592,-15.0172,0][-0.805314,1.93883,-0.306806][0.496063,-0.771654,0.393701][13.9497,-15.0192,0][-0.636808,2.03888,-0.221744][0.188976,-0.952756,0.244094][13.9602,-15.0139,0][-0.805314,1.93883,-0.306806][0.496063,-0.771654,0.393701][13.9497,-15.0192,0][-0.652346,2.01838,-0.2745][0.220472,-0.913386,0.354331][13.9592,-15.0172,0][-0.651782,2.04712,-0.161446][0.228346,-0.968504,0.125984][13.9593,-15.0101,0][-0.805314,1.93883,-0.306806][0.496063,-0.771654,0.393701][13.9497,-15.0192,0][-0.636808,2.03888,-0.221744][0.188976,-0.952756,0.244094][13.9602,-15.0139,0][-0.805314,1.93883,-0.306806][0.496063,-0.771654,0.393701][13.9497,-15.0192,0][-0.651782,2.04712,-0.161446][0.228346,-0.968504,0.125984][13.9593,-15.0101,0][-0.84612,1.93162,-0.260344][0.574803,-0.76378,0.307087][13.9471,-15.0163,0][0.586498,1.71744,0.275962][-0.401575,-0.913386,-0.0393701][14.0367,-14.9828,0][0.382372,1.79413,0.216824][-0.354331,-0.929134,0.102362][14.0239,-14.9864,0][0.390562,1.79183,0.204008][-0.283465,-0.96063,-0.00787402][14.0244,-14.9872,0][0.382372,1.79413,0.216824][-0.354331,-0.929134,0.102362][14.0239,-14.9864,0][0.586498,1.71744,0.275962][-0.401575,-0.913386,-0.0393701][14.0367,-14.9828,0][0.58516,1.71729,0.291228][-0.409449,-0.905512,0.0866142][14.0366,-14.9818,0][0.788548,1.61306,0.25344][-0.456693,-0.88189,0.11811][14.0493,-14.9842,0][0.58516,1.71729,0.291228][-0.409449,-0.905512,0.0866142][14.0366,-14.9818,0][0.586498,1.71744,0.275962][-0.401575,-0.913386,-0.0393701][14.0367,-14.9828,0][0.586498,1.71744,0.275962][-0.401575,-0.913386,-0.0393701][14.0367,-14.9828,0][0.783186,1.61628,0.239466][-0.503937,-0.866142,0][14.0489,-14.985,0][0.788548,1.61306,0.25344][-0.456693,-0.88189,0.11811][14.0493,-14.9842,0][-0.382372,1.79413,0.216824][0.354331,-0.929134,0.102362][13.9761,-14.9864,0][-0.586498,1.71744,0.275962][0.401575,-0.913386,-0.0393701][13.9633,-14.9828,0][-0.390562,1.79183,0.204008][0.283465,-0.96063,-0.00787402][13.9756,-14.9872,0][-0.586498,1.71744,0.275962][0.401575,-0.913386,-0.0393701][13.9633,-14.9828,0][-0.382372,1.79413,0.216824][0.354331,-0.929134,0.102362][13.9761,-14.9864,0][-0.58516,1.71729,0.291228][0.409449,-0.905512,0.0866142][13.9634,-14.9818,0][-0.58516,1.71729,0.291228][0.409449,-0.905512,0.0866142][13.9634,-14.9818,0][-0.788548,1.61306,0.25344][0.456693,-0.88189,0.11811][13.9507,-14.9842,0][-0.586498,1.71744,0.275962][0.401575,-0.913386,-0.0393701][13.9633,-14.9828,0][-0.586498,1.71744,0.275962][0.401575,-0.913386,-0.0393701][13.9633,-14.9828,0][-0.788548,1.61306,0.25344][0.456693,-0.88189,0.11811][13.9507,-14.9842,0][-0.783186,1.61628,0.239466][0.503937,-0.866142,0][13.9511,-14.985,0][0.56691,2.00848,-0.307382][0.0787402,-0.866142,0.488189][14.0354,-15.0192,0][0.545388,1.85456,-0.481178][0.110236,-0.527559,0.84252][14.0341,-15.0301,0][0.639734,1.95431,-0.384108][-0.0944882,-0.748031,0.661417][14.04,-15.024,0][0.545388,1.85456,-0.481178][0.110236,-0.527559,0.84252][14.0341,-15.0301,0][0.56691,2.00848,-0.307382][0.0787402,-0.866142,0.488189][14.0354,-15.0192,0][0.427484,1.93848,-0.368792][0.377953,-0.708661,0.598425][14.0267,-15.0231,0][-0.56691,2.00848,-0.307382][-0.0787402,-0.866142,0.488189][13.9646,-15.0192,0][-0.545388,1.85456,-0.481178][-0.110236,-0.527559,0.84252][13.9659,-15.0301,0][-0.427484,1.93848,-0.368792][-0.377953,-0.708661,0.598425][13.9733,-15.0231,0][-0.545388,1.85456,-0.481178][-0.110236,-0.527559,0.84252][13.9659,-15.0301,0][-0.56691,2.00848,-0.307382][-0.0787402,-0.866142,0.488189][13.9646,-15.0192,0][-0.639734,1.95431,-0.384108][0.0944882,-0.748031,0.661417][13.96,-15.024,0][0.945638,1.40331,-0.31571][-0.440945,-0.866142,0.228346][14.0591,-15.0197,0][0.98603,1.43963,-0.098218][-0.574803,-0.80315,0.188976][14.0616,-15.0061,0][0.93481,1.41254,-0.309972][-0.535433,-0.795276,0.275591][14.0584,-15.0194,0][0.98603,1.43963,-0.098218][-0.574803,-0.80315,0.188976][14.0616,-15.0061,0][0.945638,1.40331,-0.31571][-0.440945,-0.866142,0.228346][14.0591,-15.0197,0][0.998656,1.43114,-0.096178][-0.456693,-0.866142,0.204724][14.0624,-15.006,0][-0.998656,1.43114,-0.096178][0.456693,-0.866142,0.204724][13.9376,-15.006,0][-0.945638,1.40331,-0.31571][0.440945,-0.866142,0.228346][13.9409,-15.0197,0][-0.98603,1.43963,-0.098218][0.574803,-0.80315,0.188976][13.9384,-15.0061,0][-0.93481,1.41254,-0.309972][0.535433,-0.795276,0.275591][13.9416,-15.0194,0][-0.98603,1.43963,-0.098218][0.574803,-0.80315,0.188976][13.9384,-15.0061,0][-0.945638,1.40331,-0.31571][0.440945,-0.866142,0.228346][13.9409,-15.0197,0][0.791134,2.03572,-0.30312][-0.11811,-0.874016,-0.472441][14.0494,-15.0189,0][0.766986,2.0509,-0.316664][-0.354331,-0.779528,-0.511811][14.0479,-15.0198,0][0.7954,2.03916,-0.310582][-0.11811,-0.874016,-0.472441][14.0497,-15.0194,0][0.766986,2.0509,-0.316664][-0.354331,-0.779528,-0.511811][14.0479,-15.0198,0][0.791134,2.03572,-0.30312][-0.11811,-0.874016,-0.472441][14.0494,-15.0189,0][0.76508,2.04654,-0.308718][-0.354331,-0.779528,-0.511811][14.0478,-15.0193,0][-0.76508,2.04654,-0.308718][0.354331,-0.779528,-0.511811][13.9522,-15.0193,0][-0.791134,2.03572,-0.30312][0.11811,-0.874016,-0.472441][13.9506,-15.0189,0][-0.766986,2.0509,-0.316664][0.354331,-0.779528,-0.511811][13.9521,-15.0198,0][-0.7954,2.03916,-0.310582][0.11811,-0.874016,-0.472441][13.9503,-15.0194,0][-0.766986,2.0509,-0.316664][0.354331,-0.779528,-0.511811][13.9521,-15.0198,0][-0.791134,2.03572,-0.30312][0.11811,-0.874016,-0.472441][13.9506,-15.0189,0][0.940266,1.50833,0.11266][-0.472441,-0.866142,0.165354][14.0588,-14.993,0][0.788548,1.61306,0.25344][-0.456693,-0.88189,0.11811][14.0493,-14.9842,0][0.783186,1.61628,0.239466][-0.503937,-0.866142,0][14.0489,-14.985,0][0.940266,1.50833,0.11266][-0.472441,-0.866142,0.165354][14.0588,-14.993,0][0.783186,1.61628,0.239466][-0.503937,-0.866142,0][14.0489,-14.985,0][0.929776,1.51457,0.10339][-0.566929,-0.818898,0.0866142][14.0581,-14.9935,0][-0.788548,1.61306,0.25344][0.456693,-0.88189,0.11811][13.9507,-14.9842,0][-0.940266,1.50833,0.11266][0.472441,-0.866142,0.165354][13.9412,-14.993,0][-0.783186,1.61628,0.239466][0.503937,-0.866142,0][13.9511,-14.985,0][-0.783186,1.61628,0.239466][0.503937,-0.866142,0][13.9511,-14.985,0][-0.940266,1.50833,0.11266][0.472441,-0.866142,0.165354][13.9412,-14.993,0][-0.929776,1.51457,0.10339][0.566929,-0.818898,0.0866142][13.9419,-14.9935,0][0.998656,1.43114,-0.096178][-0.456693,-0.866142,0.204724][14.0624,-15.006,0][0.940266,1.50833,0.11266][-0.472441,-0.866142,0.165354][14.0588,-14.993,0][0.929776,1.51457,0.10339][-0.566929,-0.818898,0.0866142][14.0581,-14.9935,0][0.998656,1.43114,-0.096178][-0.456693,-0.866142,0.204724][14.0624,-15.006,0][0.929776,1.51457,0.10339][-0.566929,-0.818898,0.0866142][14.0581,-14.9935,0][0.98603,1.43963,-0.098218][-0.574803,-0.80315,0.188976][14.0616,-15.0061,0][-0.98603,1.43963,-0.098218][0.574803,-0.80315,0.188976][13.9384,-15.0061,0][-0.929776,1.51457,0.10339][0.566929,-0.818898,0.0866142][13.9419,-14.9935,0][-0.998656,1.43114,-0.096178][0.456693,-0.866142,0.204724][13.9376,-15.006,0][-0.998656,1.43114,-0.096178][0.456693,-0.866142,0.204724][13.9376,-15.006,0][-0.929776,1.51457,0.10339][0.566929,-0.818898,0.0866142][13.9419,-14.9935,0][-0.940266,1.50833,0.11266][0.472441,-0.866142,0.165354][13.9412,-14.993,0][0.733754,2.0065,0.005166][-0.354331,-0.874016,-0.338583][14.0459,-14.9997,0][0.69633,1.93829,0.151178][-0.244094,-0.685039,-0.685039][14.0435,-14.9906,0][0.63598,2.0434,-0.03134][-0.110236,-0.96063,-0.251969][14.0397,-15.002,0][0.69633,1.93829,0.151178][-0.244094,-0.685039,-0.685039][14.0435,-14.9906,0][0.538534,1.99874,0.092692][0.125984,-0.826772,-0.543307][14.0337,-14.9942,0][0.63598,2.0434,-0.03134][-0.110236,-0.96063,-0.251969][14.0397,-15.002,0][-0.63598,2.0434,-0.03134][0.110236,-0.96063,-0.251969][13.9603,-15.002,0][-0.69633,1.93829,0.151178][0.244094,-0.685039,-0.685039][13.9565,-14.9906,0][-0.733754,2.0065,0.005166][0.354331,-0.874016,-0.338583][13.9541,-14.9997,0][-0.69633,1.93829,0.151178][0.244094,-0.685039,-0.685039][13.9565,-14.9906,0][-0.63598,2.0434,-0.03134][0.110236,-0.96063,-0.251969][13.9603,-15.002,0][-0.538534,1.99874,0.092692][-0.125984,-0.826772,-0.543307][13.9663,-14.9942,0][0.739404,2.06466,-0.310726][-0.582677,-0.669291,-0.464567][14.0462,-15.0194,0][0.766986,2.0509,-0.316664][-0.354331,-0.779528,-0.511811][14.0479,-15.0198,0][0.76508,2.04654,-0.308718][-0.354331,-0.779528,-0.511811][14.0478,-15.0193,0][0.739404,2.06466,-0.310726][-0.582677,-0.669291,-0.464567][14.0462,-15.0194,0][0.76508,2.04654,-0.308718][-0.354331,-0.779528,-0.511811][14.0478,-15.0193,0][0.739766,2.05918,-0.30327][-0.582677,-0.669291,-0.464567][14.0462,-15.019,0][-0.739766,2.05918,-0.30327][0.582677,-0.669291,-0.464567][13.9538,-15.019,0][-0.76508,2.04654,-0.308718][0.354331,-0.779528,-0.511811][13.9522,-15.0193,0][-0.739406,2.06466,-0.310726][0.582677,-0.669291,-0.464567][13.9538,-15.0194,0][-0.766986,2.0509,-0.316664][0.354331,-0.779528,-0.511811][13.9521,-15.0198,0][-0.739406,2.06466,-0.310726][0.582677,-0.669291,-0.464567][13.9538,-15.0194,0][-0.76508,2.04654,-0.308718][0.354331,-0.779528,-0.511811][13.9522,-15.0193,0][0.855206,1.85626,0.121652][-0.606299,-0.503937,-0.614173][14.0535,-14.9924,0][0.69633,1.93829,0.151178][-0.244094,-0.685039,-0.685039][14.0435,-14.9906,0][0.733754,2.0065,0.005166][-0.354331,-0.874016,-0.338583][14.0459,-14.9997,0][0.855206,1.85626,0.121652][-0.606299,-0.503937,-0.614173][14.0535,-14.9924,0][0.733754,2.0065,0.005166][-0.354331,-0.874016,-0.338583][14.0459,-14.9997,0][0.832368,1.95605,-0.013182][-0.590551,-0.755906,-0.291339][14.052,-15.0008,0][-0.855206,1.85626,0.121652][0.606299,-0.503937,-0.614173][13.9465,-14.9924,0][-0.733754,2.0065,0.005166][0.354331,-0.874016,-0.338583][13.9541,-14.9997,0][-0.69633,1.93829,0.151178][0.244094,-0.685039,-0.685039][13.9565,-14.9906,0][-0.733754,2.0065,0.005166][0.354331,-0.874016,-0.338583][13.9541,-14.9997,0][-0.855206,1.85626,0.121652][0.606299,-0.503937,-0.614173][13.9465,-14.9924,0][-0.832368,1.95605,-0.013182][0.590551,-0.755906,-0.291339][13.948,-15.0008,0][0.738084,1.90279,-0.405246][-0.338583,-0.629921,0.700787][14.0461,-15.0253,0][0.69356,1.98787,-0.31722][-0.283465,-0.858268,0.425197][14.0433,-15.0198,0][0.639734,1.95431,-0.384108][-0.0944882,-0.748031,0.661417][14.04,-15.024,0][0.69356,1.98787,-0.31722][-0.283465,-0.858268,0.425197][14.0433,-15.0198,0][0.738084,1.90279,-0.405246][-0.338583,-0.629921,0.700787][14.0461,-15.0253,0][0.74947,1.95945,-0.327516][-0.393701,-0.811024,0.440945][14.0468,-15.0205,0][-0.69356,1.98787,-0.31722][0.283465,-0.858268,0.425197][13.9567,-15.0198,0][-0.738084,1.90279,-0.405246][0.338583,-0.629921,0.700787][13.9539,-15.0253,0][-0.639734,1.95431,-0.384108][0.0944882,-0.748031,0.661417][13.96,-15.024,0][-0.738084,1.90279,-0.405246][0.338583,-0.629921,0.700787][13.9539,-15.0253,0][-0.69356,1.98787,-0.31722][0.283465,-0.858268,0.425197][13.9567,-15.0198,0][-0.749472,1.95945,-0.327516][0.393701,-0.811024,0.440945][13.9532,-15.0205,0][0.748166,2.01912,-0.09442][-0.401575,-0.913386,0][14.0468,-15.0059,0][0.733754,2.0065,0.005166][-0.354331,-0.874016,-0.338583][14.0459,-14.9997,0][0.692546,2.03986,-0.115044][-0.299213,-0.952756,0.0314961][14.0433,-15.0072,0][0.733754,2.0065,0.005166][-0.354331,-0.874016,-0.338583][14.0459,-14.9997,0][0.63598,2.0434,-0.03134][-0.110236,-0.96063,-0.251969][14.0397,-15.002,0][0.692546,2.03986,-0.115044][-0.299213,-0.952756,0.0314961][14.0433,-15.0072,0][-0.692546,2.03986,-0.115044][0.299213,-0.952756,0.0314961][13.9567,-15.0072,0][-0.733754,2.0065,0.005166][0.354331,-0.874016,-0.338583][13.9541,-14.9997,0][-0.748166,2.01912,-0.09442][0.401575,-0.913386,0][13.9532,-15.0059,0][-0.733754,2.0065,0.005166][0.354331,-0.874016,-0.338583][13.9541,-14.9997,0][-0.692546,2.03986,-0.115044][0.299213,-0.952756,0.0314961][13.9567,-15.0072,0][-0.63598,2.0434,-0.03134][0.110236,-0.96063,-0.251969][13.9603,-15.002,0][0.84612,1.93162,-0.260344][-0.574803,-0.76378,0.307087][14.0529,-15.0163,0][0.692546,2.03986,-0.115044][-0.299213,-0.952756,0.0314961][14.0433,-15.0072,0][0.651782,2.04712,-0.161446][-0.228346,-0.968504,0.125984][14.0407,-15.0101,0][0.692546,2.03986,-0.115044][-0.299213,-0.952756,0.0314961][14.0433,-15.0072,0][0.84612,1.93162,-0.260344][-0.574803,-0.76378,0.307087][14.0529,-15.0163,0][0.86078,1.93993,-0.20038][-0.598425,-0.779528,0.188976][14.0538,-15.0125,0][0.692546,2.03986,-0.115044][-0.299213,-0.952756,0.0314961][14.0433,-15.0072,0][0.86078,1.93993,-0.20038][-0.598425,-0.779528,0.188976][14.0538,-15.0125,0][0.748166,2.01912,-0.09442][-0.401575,-0.913386,0][14.0468,-15.0059,0][0.845228,1.96154,-0.143384][-0.574803,-0.811024,0.0866142][14.0528,-15.009,0][0.748166,2.01912,-0.09442][-0.401575,-0.913386,0][14.0468,-15.0059,0][0.86078,1.93993,-0.20038][-0.598425,-0.779528,0.188976][14.0538,-15.0125,0][0.748166,2.01912,-0.09442][-0.401575,-0.913386,0][14.0468,-15.0059,0][0.845228,1.96154,-0.143384][-0.574803,-0.811024,0.0866142][14.0528,-15.009,0][0.803958,1.99051,-0.104738][-0.503937,-0.866142,0.015748][14.0502,-15.0065,0][0.651782,2.04712,-0.161446][-0.228346,-0.968504,0.125984][14.0407,-15.0101,0][0.539664,2.04328,-0.215728][0.141732,-0.96063,0.244094][14.0337,-15.0135,0][0.636808,2.03888,-0.221744][-0.188976,-0.952756,0.244094][14.0398,-15.0139,0][0.539664,2.04328,-0.215728][0.141732,-0.96063,0.244094][14.0337,-15.0135,0][0.651782,2.04712,-0.161446][-0.228346,-0.968504,0.125984][14.0407,-15.0101,0][0.564876,2.05686,-0.113202][0.0787402,-1,-0.0393701][14.0353,-15.0071,0][0.692546,2.03986,-0.115044][-0.299213,-0.952756,0.0314961][14.0433,-15.0072,0][0.564876,2.05686,-0.113202][0.0787402,-1,-0.0393701][14.0353,-15.0071,0][0.651782,2.04712,-0.161446][-0.228346,-0.968504,0.125984][14.0407,-15.0101,0][0.564876,2.05686,-0.113202][0.0787402,-1,-0.0393701][14.0353,-15.0071,0][0.692546,2.03986,-0.115044][-0.299213,-0.952756,0.0314961][14.0433,-15.0072,0][0.63598,2.0434,-0.03134][-0.110236,-0.96063,-0.251969][14.0397,-15.002,0][0.538534,1.99874,0.092692][0.125984,-0.826772,-0.543307][14.0337,-14.9942,0][0.564876,2.05686,-0.113202][0.0787402,-1,-0.0393701][14.0353,-15.0071,0][0.63598,2.0434,-0.03134][-0.110236,-0.96063,-0.251969][14.0397,-15.002,0][0.423432,2.02134,-0.039226][0.401575,-0.889764,-0.212598][14.0265,-15.0025,0][0.564876,2.05686,-0.113202][0.0787402,-1,-0.0393701][14.0353,-15.0071,0][0.538534,1.99874,0.092692][0.125984,-0.826772,-0.543307][14.0337,-14.9942,0][-0.84612,1.93162,-0.260344][0.574803,-0.76378,0.307087][13.9471,-15.0163,0][-0.651782,2.04712,-0.161446][0.228346,-0.968504,0.125984][13.9593,-15.0101,0][-0.692546,2.03986,-0.115044][0.299213,-0.952756,0.0314961][13.9567,-15.0072,0][-0.84612,1.93162,-0.260344][0.574803,-0.76378,0.307087][13.9471,-15.0163,0][-0.692546,2.03986,-0.115044][0.299213,-0.952756,0.0314961][13.9567,-15.0072,0][-0.86078,1.93993,-0.20038][0.598425,-0.779528,0.188976][13.9462,-15.0125,0][-0.748166,2.01912,-0.09442][0.401575,-0.913386,0][13.9532,-15.0059,0][-0.86078,1.93993,-0.20038][0.598425,-0.779528,0.188976][13.9462,-15.0125,0][-0.692546,2.03986,-0.115044][0.299213,-0.952756,0.0314961][13.9567,-15.0072,0][-0.86078,1.93993,-0.20038][0.598425,-0.779528,0.188976][13.9462,-15.0125,0][-0.748166,2.01912,-0.09442][0.401575,-0.913386,0][13.9532,-15.0059,0][-0.845228,1.96154,-0.143384][0.574803,-0.811024,0.0866142][13.9472,-15.009,0][-0.845228,1.96154,-0.143384][0.574803,-0.811024,0.0866142][13.9472,-15.009,0][-0.748166,2.01912,-0.09442][0.401575,-0.913386,0][13.9532,-15.0059,0][-0.803958,1.99051,-0.104738][0.503937,-0.866142,0.015748][13.9498,-15.0065,0][-0.539664,2.04328,-0.215728][-0.141732,-0.96063,0.244094][13.9663,-15.0135,0][-0.651782,2.04712,-0.161446][0.228346,-0.968504,0.125984][13.9593,-15.0101,0][-0.636808,2.03888,-0.221744][0.188976,-0.952756,0.244094][13.9602,-15.0139,0][-0.651782,2.04712,-0.161446][0.228346,-0.968504,0.125984][13.9593,-15.0101,0][-0.539664,2.04328,-0.215728][-0.141732,-0.96063,0.244094][13.9663,-15.0135,0][-0.564876,2.05686,-0.113202][-0.0787402,-1,-0.0393701][13.9647,-15.0071,0][-0.564876,2.05686,-0.113202][-0.0787402,-1,-0.0393701][13.9647,-15.0071,0][-0.692546,2.03986,-0.115044][0.299213,-0.952756,0.0314961][13.9567,-15.0072,0][-0.651782,2.04712,-0.161446][0.228346,-0.968504,0.125984][13.9593,-15.0101,0][-0.692546,2.03986,-0.115044][0.299213,-0.952756,0.0314961][13.9567,-15.0072,0][-0.564876,2.05686,-0.113202][-0.0787402,-1,-0.0393701][13.9647,-15.0071,0][-0.63598,2.0434,-0.03134][0.110236,-0.96063,-0.251969][13.9603,-15.002,0][-0.538534,1.99874,0.092692][-0.125984,-0.826772,-0.543307][13.9663,-14.9942,0][-0.63598,2.0434,-0.03134][0.110236,-0.96063,-0.251969][13.9603,-15.002,0][-0.564876,2.05686,-0.113202][-0.0787402,-1,-0.0393701][13.9647,-15.0071,0][-0.423432,2.02134,-0.039226][-0.401575,-0.889764,-0.212598][13.9735,-15.0025,0][-0.538534,1.99874,0.092692][-0.125984,-0.826772,-0.543307][13.9663,-14.9942,0][-0.564876,2.05686,-0.113202][-0.0787402,-1,-0.0393701][13.9647,-15.0071,0][0.836078,1.86635,-0.369152][-0.574803,-0.551181,0.598425][14.0523,-15.0231,0][0.74947,1.95945,-0.327516][-0.393701,-0.811024,0.440945][14.0468,-15.0205,0][0.738084,1.90279,-0.405246][-0.338583,-0.629921,0.700787][14.0461,-15.0253,0][0.74947,1.95945,-0.327516][-0.393701,-0.811024,0.440945][14.0468,-15.0205,0][0.836078,1.86635,-0.369152][-0.574803,-0.551181,0.598425][14.0523,-15.0231,0][0.805314,1.93883,-0.306806][-0.496063,-0.771654,0.393701][14.0503,-15.0192,0][-0.836078,1.86635,-0.369152][0.574803,-0.551181,0.598425][13.9477,-15.0231,0][-0.749472,1.95945,-0.327516][0.393701,-0.811024,0.440945][13.9532,-15.0205,0][-0.805314,1.93883,-0.306806][0.496063,-0.771654,0.393701][13.9497,-15.0192,0][-0.749472,1.95945,-0.327516][0.393701,-0.811024,0.440945][13.9532,-15.0205,0][-0.836078,1.86635,-0.369152][0.574803,-0.551181,0.598425][13.9477,-15.0231,0][-0.738084,1.90279,-0.405246][0.338583,-0.629921,0.700787][13.9539,-15.0253,0][0.821722,2.04472,-0.184824][-0.370079,-0.905512,0.212598][14.0514,-15.0116,0][0.801206,2.05718,-0.168954][-0.385827,-0.897638,0.228346][14.0501,-15.0106,0][0.799506,2.05702,-0.172374][-0.385827,-0.897638,0.228346][14.05,-15.0108,0][0.799506,2.05702,-0.172374][-0.385827,-0.897638,0.228346][14.05,-15.0108,0][0.818978,2.04522,-0.187444][-0.370079,-0.905512,0.212598][14.0512,-15.0117,0][0.821722,2.04472,-0.184824][-0.370079,-0.905512,0.212598][14.0514,-15.0116,0][0.834408,2.03432,-0.208422][-0.377953,-0.905512,0.188976][14.0522,-15.013,0][0.821722,2.04472,-0.184824][-0.370079,-0.905512,0.212598][14.0514,-15.0116,0][0.818978,2.04522,-0.187444][-0.370079,-0.905512,0.212598][14.0512,-15.0117,0][0.834408,2.03432,-0.208422][-0.377953,-0.905512,0.188976][14.0522,-15.013,0][0.818978,2.04522,-0.187444][-0.370079,-0.905512,0.212598][14.0512,-15.0117,0][0.831022,2.03544,-0.209848][-0.377953,-0.905512,0.188976][14.0519,-15.0131,0][-0.801206,2.05718,-0.168954][0.385827,-0.897638,0.228346][13.9499,-15.0106,0][-0.821722,2.04472,-0.184824][0.370079,-0.905512,0.212598][13.9486,-15.0116,0][-0.799508,2.05702,-0.172374][0.385827,-0.897638,0.228346][13.95,-15.0108,0][-0.799508,2.05702,-0.172374][0.385827,-0.897638,0.228346][13.95,-15.0108,0][-0.821722,2.04472,-0.184824][0.370079,-0.905512,0.212598][13.9486,-15.0116,0][-0.818978,2.04522,-0.187444][0.370079,-0.905512,0.212598][13.9488,-15.0117,0][-0.834408,2.03432,-0.208422][0.377953,-0.905512,0.188976][13.9478,-15.013,0][-0.818978,2.04522,-0.187444][0.370079,-0.905512,0.212598][13.9488,-15.0117,0][-0.821722,2.04472,-0.184824][0.370079,-0.905512,0.212598][13.9486,-15.0116,0][-0.818978,2.04522,-0.187444][0.370079,-0.905512,0.212598][13.9488,-15.0117,0][-0.834408,2.03432,-0.208422][0.377953,-0.905512,0.188976][13.9478,-15.013,0][-0.831022,2.03544,-0.209848][0.377953,-0.905512,0.188976][13.9481,-15.0131,0][0.803958,1.99051,-0.104738][-0.503937,-0.866142,0.015748][14.0502,-15.0065,0][0.90551,1.90533,-0.081742][-0.755906,-0.645669,-0.11811][14.0566,-15.0051,0][0.832368,1.95605,-0.013182][-0.590551,-0.755906,-0.291339][14.052,-15.0008,0][0.90551,1.90533,-0.081742][-0.755906,-0.645669,-0.11811][14.0566,-15.0051,0][0.803958,1.99051,-0.104738][-0.503937,-0.866142,0.015748][14.0502,-15.0065,0][0.845228,1.96154,-0.143384][-0.574803,-0.811024,0.0866142][14.0528,-15.009,0][0.832368,1.95605,-0.013182][-0.590551,-0.755906,-0.291339][14.052,-15.0008,0][0.748166,2.01912,-0.09442][-0.401575,-0.913386,0][14.0468,-15.0059,0][0.803958,1.99051,-0.104738][-0.503937,-0.866142,0.015748][14.0502,-15.0065,0][0.832368,1.95605,-0.013182][-0.590551,-0.755906,-0.291339][14.052,-15.0008,0][0.733754,2.0065,0.005166][-0.354331,-0.874016,-0.338583][14.0459,-14.9997,0][0.748166,2.01912,-0.09442][-0.401575,-0.913386,0][14.0468,-15.0059,0][-0.803958,1.99051,-0.104738][0.503937,-0.866142,0.015748][13.9498,-15.0065,0][-0.832368,1.95605,-0.013182][0.590551,-0.755906,-0.291339][13.948,-15.0008,0][-0.90551,1.90533,-0.081742][0.755906,-0.645669,-0.11811][13.9434,-15.0051,0][-0.90551,1.90533,-0.081742][0.755906,-0.645669,-0.11811][13.9434,-15.0051,0][-0.845228,1.96154,-0.143384][0.574803,-0.811024,0.0866142][13.9472,-15.009,0][-0.803958,1.99051,-0.104738][0.503937,-0.866142,0.015748][13.9498,-15.0065,0][-0.748166,2.01912,-0.09442][0.401575,-0.913386,0][13.9532,-15.0059,0][-0.832368,1.95605,-0.013182][0.590551,-0.755906,-0.291339][13.948,-15.0008,0][-0.803958,1.99051,-0.104738][0.503937,-0.866142,0.015748][13.9498,-15.0065,0][-0.832368,1.95605,-0.013182][0.590551,-0.755906,-0.291339][13.948,-15.0008,0][-0.748166,2.01912,-0.09442][0.401575,-0.913386,0][13.9532,-15.0059,0][-0.733754,2.0065,0.005166][0.354331,-0.874016,-0.338583][13.9541,-14.9997,0][0.72184,2.0712,-0.284892][-0.370079,-0.905512,0.212598][14.0451,-15.0178,0][0.709574,2.08108,-0.2625][-0.377953,-0.905512,0.188976][14.0443,-15.0164,0][0.706148,2.0822,-0.263914][-0.377953,-0.905512,0.188976][14.0441,-15.0165,0][0.72184,2.0712,-0.284892][-0.370079,-0.905512,0.212598][14.0451,-15.0178,0][0.706148,2.0822,-0.263914][-0.377953,-0.905512,0.188976][14.0441,-15.0165,0][0.719056,2.0717,-0.287548][-0.370079,-0.905512,0.212598][14.0449,-15.018,0][-0.719056,2.0717,-0.287548][0.370079,-0.905512,0.212598][13.9551,-15.018,0][-0.706148,2.0822,-0.263914][0.377953,-0.905512,0.188976][13.9559,-15.0165,0][-0.721842,2.0712,-0.284892][0.370079,-0.905512,0.212598][13.9549,-15.0178,0][-0.709576,2.08108,-0.2625][0.377953,-0.905512,0.188976][13.9557,-15.0164,0][-0.721842,2.0712,-0.284892][0.370079,-0.905512,0.212598][13.9549,-15.0178,0][-0.706148,2.0822,-0.263914][0.377953,-0.905512,0.188976][13.9559,-15.0165,0][0.83738,2.02758,-0.236164][-0.393701,-0.905512,0.173228][14.0523,-15.0148,0][0.834408,2.03432,-0.208422][-0.377953,-0.905512,0.188976][14.0522,-15.013,0][0.831022,2.03544,-0.209848][-0.377953,-0.905512,0.188976][14.0519,-15.0131,0][0.83738,2.02758,-0.236164][-0.393701,-0.905512,0.173228][14.0523,-15.0148,0][0.831022,2.03544,-0.209848][-0.377953,-0.905512,0.188976][14.0519,-15.0131,0][0.833856,2.02912,-0.236172][-0.393701,-0.905512,0.173228][14.0521,-15.0148,0][0.775942,2.06984,-0.16326][-0.401575,-0.88189,0.23622][14.0485,-15.0102,0][0.799506,2.05702,-0.172374][-0.385827,-0.897638,0.228346][14.05,-15.0108,0][0.801206,2.05718,-0.168954][-0.385827,-0.897638,0.228346][14.0501,-15.0106,0][0.799506,2.05702,-0.172374][-0.385827,-0.897638,0.228346][14.05,-15.0108,0][0.775942,2.06984,-0.16326][-0.401575,-0.88189,0.23622][14.0485,-15.0102,0][0.77554,2.06904,-0.166974][-0.401575,-0.88189,0.23622][14.0485,-15.0104,0][-0.833856,2.02912,-0.236172][0.393701,-0.905512,0.173228][13.9479,-15.0148,0][-0.831022,2.03544,-0.209848][0.377953,-0.905512,0.188976][13.9481,-15.0131,0][-0.83738,2.02758,-0.236164][0.393701,-0.905512,0.173228][13.9477,-15.0148,0][-0.83738,2.02758,-0.236164][0.393701,-0.905512,0.173228][13.9477,-15.0148,0][-0.831022,2.03544,-0.209848][0.377953,-0.905512,0.188976][13.9481,-15.0131,0][-0.834408,2.03432,-0.208422][0.377953,-0.905512,0.188976][13.9478,-15.013,0][-0.775942,2.06984,-0.16326][0.401575,-0.88189,0.23622][13.9515,-15.0102,0][-0.799508,2.05702,-0.172374][0.385827,-0.897638,0.228346][13.95,-15.0108,0][-0.77554,2.06904,-0.166974][0.401575,-0.88189,0.23622][13.9515,-15.0104,0][-0.799508,2.05702,-0.172374][0.385827,-0.897638,0.228346][13.95,-15.0108,0][-0.775942,2.06984,-0.16326][0.401575,-0.88189,0.23622][13.9515,-15.0102,0][-0.801206,2.05718,-0.168954][0.385827,-0.897638,0.228346][13.9499,-15.0106,0][0.719056,2.0717,-0.287548][-0.370079,-0.905512,0.212598][14.0449,-15.018,0][0.741472,2.05936,-0.299782][-0.385827,-0.897638,0.228346][14.0463,-15.0187,0][0.72184,2.0712,-0.284892][-0.370079,-0.905512,0.212598][14.0451,-15.0178,0][0.741472,2.05936,-0.299782][-0.385827,-0.897638,0.228346][14.0463,-15.0187,0][0.719056,2.0717,-0.287548][-0.370079,-0.905512,0.212598][14.0449,-15.018,0][0.739766,2.05918,-0.30327][-0.385827,-0.897638,0.228346][14.0462,-15.019,0][-0.721842,2.0712,-0.284892][0.370079,-0.905512,0.212598][13.9549,-15.0178,0][-0.741474,2.05936,-0.299782][0.385827,-0.897638,0.228346][13.9537,-15.0187,0][-0.719056,2.0717,-0.287548][0.370079,-0.905512,0.212598][13.9551,-15.018,0][-0.741474,2.05936,-0.299782][0.385827,-0.897638,0.228346][13.9537,-15.0187,0][-0.739766,2.05918,-0.30327][0.385827,-0.897638,0.228346][13.9538,-15.019,0][-0.719056,2.0717,-0.287548][0.370079,-0.905512,0.212598][13.9551,-15.018,0][0.703056,2.08904,-0.235976][-0.393701,-0.905512,0.173228][14.0439,-15.0147,0][0.706148,2.0822,-0.263914][-0.377953,-0.905512,0.188976][14.0441,-15.0165,0][0.709574,2.08108,-0.2625][-0.377953,-0.905512,0.188976][14.0443,-15.0164,0][0.709574,2.08108,-0.2625][-0.377953,-0.905512,0.188976][14.0443,-15.0164,0][0.706588,2.0875,-0.236016][-0.393701,-0.905512,0.173228][14.0442,-15.0148,0][0.703056,2.08904,-0.235976][-0.393701,-0.905512,0.173228][14.0439,-15.0147,0][-0.706148,2.0822,-0.263914][0.377953,-0.905512,0.188976][13.9559,-15.0165,0][-0.703056,2.08904,-0.235976][0.393701,-0.905512,0.173228][13.9561,-15.0147,0][-0.709576,2.08108,-0.2625][0.377953,-0.905512,0.188976][13.9557,-15.0164,0][-0.709576,2.08108,-0.2625][0.377953,-0.905512,0.188976][13.9557,-15.0164,0][-0.703056,2.08904,-0.235976][0.393701,-0.905512,0.173228][13.9561,-15.0147,0][-0.706588,2.0875,-0.236016][0.393701,-0.905512,0.173228][13.9558,-15.0148,0][0.76508,2.04654,-0.308718][-0.401575,-0.88189,0.23622][14.0478,-15.0193,0][0.741472,2.05936,-0.299782][-0.385827,-0.897638,0.228346][14.0463,-15.0187,0][0.739766,2.05918,-0.30327][-0.385827,-0.897638,0.228346][14.0462,-15.019,0][0.741472,2.05936,-0.299782][-0.385827,-0.897638,0.228346][14.0463,-15.0187,0][0.76508,2.04654,-0.308718][-0.401575,-0.88189,0.23622][14.0478,-15.0193,0][0.765446,2.04738,-0.304942][-0.401575,-0.88189,0.23622][14.0478,-15.0191,0][-0.76508,2.04654,-0.308718][0.401575,-0.88189,0.23622][13.9522,-15.0193,0][-0.741474,2.05936,-0.299782][0.385827,-0.897638,0.228346][13.9537,-15.0187,0][-0.765446,2.04738,-0.304942][0.401575,-0.88189,0.23622][13.9522,-15.0191,0][-0.741474,2.05936,-0.299782][0.385827,-0.897638,0.228346][13.9537,-15.0187,0][-0.76508,2.04654,-0.308718][0.401575,-0.88189,0.23622][13.9522,-15.0193,0][-0.739766,2.05918,-0.30327][0.385827,-0.897638,0.228346][13.9538,-15.019,0][0.805314,1.93883,-0.306806][-0.496063,-0.771654,0.393701][14.0503,-15.0192,0][0.907592,1.85352,-0.287718][-0.755906,-0.527559,0.393701][14.0567,-15.018,0][0.84612,1.93162,-0.260344][-0.574803,-0.76378,0.307087][14.0529,-15.0163,0][0.907592,1.85352,-0.287718][-0.755906,-0.527559,0.393701][14.0567,-15.018,0][0.805314,1.93883,-0.306806][-0.496063,-0.771654,0.393701][14.0503,-15.0192,0][0.836078,1.86635,-0.369152][-0.574803,-0.551181,0.598425][14.0523,-15.0231,0][-0.907592,1.85352,-0.287718][0.755906,-0.527559,0.393701][13.9433,-15.018,0][-0.805314,1.93883,-0.306806][0.496063,-0.771654,0.393701][13.9497,-15.0192,0][-0.84612,1.93162,-0.260344][0.574803,-0.76378,0.307087][13.9471,-15.0163,0][-0.805314,1.93883,-0.306806][0.496063,-0.771654,0.393701][13.9497,-15.0192,0][-0.907592,1.85352,-0.287718][0.755906,-0.527559,0.393701][13.9433,-15.018,0][-0.836078,1.86635,-0.369152][0.574803,-0.551181,0.598425][13.9477,-15.0231,0][0.830214,2.02548,-0.263868][-0.417323,-0.889764,0.181102][14.0519,-15.0165,0][0.833856,2.02912,-0.236172][-0.393701,-0.905512,0.173228][14.0521,-15.0148,0][0.827082,2.02722,-0.262444][-0.417323,-0.889764,0.181102][14.0517,-15.0164,0][0.833856,2.02912,-0.236172][-0.393701,-0.905512,0.173228][14.0521,-15.0148,0][0.830214,2.02548,-0.263868][-0.417323,-0.889764,0.181102][14.0519,-15.0165,0][0.83738,2.02758,-0.236164][-0.393701,-0.905512,0.173228][14.0523,-15.0148,0][0.710274,2.09118,-0.20803][-0.417323,-0.889764,0.181102][14.0444,-15.013,0][0.703056,2.08904,-0.235976][-0.393701,-0.905512,0.173228][14.0439,-15.0147,0][0.706588,2.0875,-0.236016][-0.393701,-0.905512,0.173228][14.0442,-15.0148,0][0.710274,2.09118,-0.20803][-0.417323,-0.889764,0.181102][14.0444,-15.013,0][0.706588,2.0875,-0.236016][-0.393701,-0.905512,0.173228][14.0442,-15.0148,0][0.713368,2.08944,-0.209506][-0.417323,-0.889764,0.181102][14.0446,-15.0131,0][0.77554,2.06904,-0.166974][-0.401575,-0.88189,0.23622][14.0485,-15.0104,0][0.749768,2.08076,-0.168664][-0.425197,-0.88189,0.220472][14.0469,-15.0105,0][0.750728,2.07944,-0.172118][-0.425197,-0.88189,0.220472][14.0469,-15.0108,0][0.749768,2.08076,-0.168664][-0.425197,-0.88189,0.220472][14.0469,-15.0105,0][0.77554,2.06904,-0.166974][-0.401575,-0.88189,0.23622][14.0485,-15.0104,0][0.775942,2.06984,-0.16326][-0.401575,-0.88189,0.23622][14.0485,-15.0102,0][-0.83738,2.02758,-0.236164][0.393701,-0.905512,0.173228][13.9477,-15.0148,0][-0.830214,2.02548,-0.263868][0.417323,-0.889764,0.181102][13.9481,-15.0165,0][-0.833856,2.02912,-0.236172][0.393701,-0.905512,0.173228][13.9479,-15.0148,0][-0.827082,2.02722,-0.262444][0.417323,-0.889764,0.181102][13.9483,-15.0164,0][-0.833856,2.02912,-0.236172][0.393701,-0.905512,0.173228][13.9479,-15.0148,0][-0.830214,2.02548,-0.263868][0.417323,-0.889764,0.181102][13.9481,-15.0165,0][-0.703056,2.08904,-0.235976][0.393701,-0.905512,0.173228][13.9561,-15.0147,0][-0.710274,2.09118,-0.20803][0.417323,-0.889764,0.181102][13.9556,-15.013,0][-0.706588,2.0875,-0.236016][0.393701,-0.905512,0.173228][13.9558,-15.0148,0][-0.706588,2.0875,-0.236016][0.393701,-0.905512,0.173228][13.9558,-15.0148,0][-0.710274,2.09118,-0.20803][0.417323,-0.889764,0.181102][13.9556,-15.013,0][-0.713368,2.08944,-0.209506][0.417323,-0.889764,0.181102][13.9554,-15.0131,0][-0.749768,2.08076,-0.168664][0.425197,-0.88189,0.220472][13.9531,-15.0105,0][-0.77554,2.06904,-0.166974][0.401575,-0.88189,0.23622][13.9515,-15.0104,0][-0.750728,2.07944,-0.172118][0.425197,-0.88189,0.220472][13.9531,-15.0108,0][-0.77554,2.06904,-0.166974][0.401575,-0.88189,0.23622][13.9515,-15.0104,0][-0.749768,2.08076,-0.168664][0.425197,-0.88189,0.220472][13.9531,-15.0105,0][-0.775942,2.06984,-0.16326][0.401575,-0.88189,0.23622][13.9515,-15.0102,0][0.726692,2.08826,-0.184382][-0.425197,-0.88189,0.19685][14.0454,-15.0115,0][0.750728,2.07944,-0.172118][-0.425197,-0.88189,0.220472][14.0469,-15.0108,0][0.749768,2.08076,-0.168664][-0.425197,-0.88189,0.220472][14.0469,-15.0105,0][0.750728,2.07944,-0.172118][-0.425197,-0.88189,0.220472][14.0469,-15.0108,0][0.726692,2.08826,-0.184382][-0.425197,-0.88189,0.19685][14.0454,-15.0115,0][0.728878,2.0866,-0.187054][-0.425197,-0.88189,0.19685][14.0456,-15.0117,0][0.710274,2.09118,-0.20803][-0.417323,-0.889764,0.181102][14.0444,-15.013,0][0.728878,2.0866,-0.187054][-0.425197,-0.88189,0.19685][14.0456,-15.0117,0][0.726692,2.08826,-0.184382][-0.425197,-0.88189,0.19685][14.0454,-15.0115,0][0.728878,2.0866,-0.187054][-0.425197,-0.88189,0.19685][14.0456,-15.0117,0][0.710274,2.09118,-0.20803][-0.417323,-0.889764,0.181102][14.0444,-15.013,0][0.713368,2.08944,-0.209506][-0.417323,-0.889764,0.181102][14.0446,-15.0131,0][-0.750728,2.07944,-0.172118][0.425197,-0.88189,0.220472][13.9531,-15.0108,0][-0.726692,2.08826,-0.184382][0.425197,-0.88189,0.19685][13.9546,-15.0115,0][-0.749768,2.08076,-0.168664][0.425197,-0.88189,0.220472][13.9531,-15.0105,0][-0.726692,2.08826,-0.184382][0.425197,-0.88189,0.19685][13.9546,-15.0115,0][-0.750728,2.07944,-0.172118][0.425197,-0.88189,0.220472][13.9531,-15.0108,0][-0.72888,2.0866,-0.187054][0.425197,-0.88189,0.19685][13.9544,-15.0117,0][-0.710274,2.09118,-0.20803][0.417323,-0.889764,0.181102][13.9556,-15.013,0][-0.72888,2.0866,-0.187054][0.425197,-0.88189,0.19685][13.9544,-15.0117,0][-0.713368,2.08944,-0.209506][0.417323,-0.889764,0.181102][13.9554,-15.0131,0][-0.72888,2.0866,-0.187054][0.425197,-0.88189,0.19685][13.9544,-15.0117,0][-0.710274,2.09118,-0.20803][0.417323,-0.889764,0.181102][13.9556,-15.013,0][-0.726692,2.08826,-0.184382][0.425197,-0.88189,0.19685][13.9546,-15.0115,0][0.791134,2.03572,-0.30312][-0.425197,-0.88189,0.220472][14.0494,-15.0189,0][0.765446,2.04738,-0.304942][-0.401575,-0.88189,0.23622][14.0478,-15.0191,0][0.76508,2.04654,-0.308718][-0.401575,-0.88189,0.23622][14.0478,-15.0193,0][0.765446,2.04738,-0.304942][-0.401575,-0.88189,0.23622][14.0478,-15.0191,0][0.791134,2.03572,-0.30312][-0.425197,-0.88189,0.220472][14.0494,-15.0189,0][0.790106,2.03708,-0.299638][-0.425197,-0.88189,0.220472][14.0494,-15.0187,0][-0.791134,2.03572,-0.30312][0.425197,-0.88189,0.220472][13.9506,-15.0189,0][-0.765446,2.04738,-0.304942][0.401575,-0.88189,0.23622][13.9522,-15.0191,0][-0.790106,2.03708,-0.299638][0.425197,-0.88189,0.220472][13.9506,-15.0187,0][-0.765446,2.04738,-0.304942][0.401575,-0.88189,0.23622][13.9522,-15.0191,0][-0.791134,2.03572,-0.30312][0.425197,-0.88189,0.220472][13.9506,-15.0189,0][-0.76508,2.04654,-0.308718][0.401575,-0.88189,0.23622][13.9522,-15.0193,0][0.811732,2.03002,-0.284716][-0.425197,-0.88189,0.19685][14.0507,-15.0178,0][0.830214,2.02548,-0.263868][-0.417323,-0.889764,0.181102][14.0519,-15.0165,0][0.827082,2.02722,-0.262444][-0.417323,-0.889764,0.181102][14.0517,-15.0164,0][0.830214,2.02548,-0.263868][-0.417323,-0.889764,0.181102][14.0519,-15.0165,0][0.811732,2.03002,-0.284716][-0.425197,-0.88189,0.19685][14.0507,-15.0178,0][0.81399,2.02832,-0.287368][-0.425197,-0.88189,0.19685][14.0509,-15.018,0][-0.830214,2.02548,-0.263868][0.417323,-0.889764,0.181102][13.9481,-15.0165,0][-0.811732,2.03002,-0.284716][0.425197,-0.88189,0.19685][13.9493,-15.0178,0][-0.827082,2.02722,-0.262444][0.417323,-0.889764,0.181102][13.9483,-15.0164,0][-0.811732,2.03002,-0.284716][0.425197,-0.88189,0.19685][13.9493,-15.0178,0][-0.830214,2.02548,-0.263868][0.417323,-0.889764,0.181102][13.9481,-15.0165,0][-0.81399,2.02832,-0.287368][0.425197,-0.88189,0.19685][13.9491,-15.018,0][0.81399,2.02832,-0.287368][-0.425197,-0.88189,0.19685][14.0509,-15.018,0][0.790106,2.03708,-0.299638][-0.425197,-0.88189,0.220472][14.0494,-15.0187,0][0.791134,2.03572,-0.30312][-0.425197,-0.88189,0.220472][14.0494,-15.0189,0][0.790106,2.03708,-0.299638][-0.425197,-0.88189,0.220472][14.0494,-15.0187,0][0.81399,2.02832,-0.287368][-0.425197,-0.88189,0.19685][14.0509,-15.018,0][0.811732,2.03002,-0.284716][-0.425197,-0.88189,0.19685][14.0507,-15.0178,0][-0.81399,2.02832,-0.287368][0.425197,-0.88189,0.19685][13.9491,-15.018,0][-0.790106,2.03708,-0.299638][0.425197,-0.88189,0.220472][13.9506,-15.0187,0][-0.811732,2.03002,-0.284716][0.425197,-0.88189,0.19685][13.9493,-15.0178,0][-0.790106,2.03708,-0.299638][0.425197,-0.88189,0.220472][13.9506,-15.0187,0][-0.81399,2.02832,-0.287368][0.425197,-0.88189,0.19685][13.9491,-15.018,0][-0.791134,2.03572,-0.30312][0.425197,-0.88189,0.220472][13.9506,-15.0189,0][0.838218,2.14792,-0.28733][0.685039,0.456693,-0.566929][13.9476,-14.9283,0][0.826318,2.1298,-0.311712][0.488189,0.377953,-0.787402][13.9484,-14.9294,0][0.827278,2.1515,-0.29488][0.496063,0.519685,-0.692913][13.9483,-14.928,0][0.826318,2.1298,-0.311712][0.488189,0.377953,-0.787402][13.9484,-14.9294,0][0.838218,2.14792,-0.28733][0.685039,0.456693,-0.566929][13.9476,-14.9283,0][0.844166,2.12398,-0.299396][0.716535,0.307087,-0.629921][13.9472,-14.9298,0][-0.826318,2.1298,-0.311712][-0.488189,0.377953,-0.787402][14.0516,-14.9294,0][-0.838218,2.14792,-0.28733][-0.685039,0.456693,-0.566929][14.0524,-14.9283,0][-0.827278,2.1515,-0.29488][-0.496063,0.519685,-0.692913][14.0517,-14.928,0][-0.838218,2.14792,-0.28733][-0.685039,0.456693,-0.566929][14.0524,-14.9283,0][-0.826318,2.1298,-0.311712][-0.488189,0.377953,-0.787402][14.0516,-14.9294,0][-0.844166,2.12398,-0.299396][-0.716535,0.307087,-0.629921][14.0528,-14.9298,0][0.353758,-0.0703542,-0.31911][0.0787402,-0.354331,-0.929134][13.9779,-15.0669,0][1.27175e-15,-0.16683,-0.288944][0,-0.519685,-0.850394][14,-15.0729,0][1.27557e-15,-0.13558,-0.308022][0,-0.370079,-0.929134][14,-15.071,0][1.27175e-15,-0.16683,-0.288944][0,-0.519685,-0.850394][14,-15.0729,0][0.353758,-0.0703542,-0.31911][0.0787402,-0.354331,-0.929134][13.9779,-15.0669,0][0.366848,-0.0992304,-0.30042][0.141732,-0.496063,-0.858268][13.9771,-15.0687,0][1.27175e-15,-0.16683,-0.288944][0,-0.519685,-0.850394][14,-15.0729,0][-0.353758,-0.0703542,-0.31911][-0.0787402,-0.354331,-0.929134][14.0221,-15.0669,0][1.27557e-15,-0.13558,-0.308022][0,-0.370079,-0.929134][14,-15.071,0][-0.353758,-0.0703542,-0.31911][-0.0787402,-0.354331,-0.929134][14.0221,-15.0669,0][1.27175e-15,-0.16683,-0.288944][0,-0.519685,-0.850394][14,-15.0729,0][-0.366848,-0.0992304,-0.30042][-0.141732,-0.496063,-0.858268][14.0229,-15.0687,0][0.827278,2.1515,-0.29488][0.496063,0.519685,-0.692913][13.9483,-14.928,0][0.805966,2.1383,-0.316088][0.228346,0.488189,-0.84252][13.9496,-14.9289,0][0.8148,2.1567,-0.297564][0.362205,0.779528,-0.511811][13.9491,-14.9277,0][0.805966,2.1383,-0.316088][0.228346,0.488189,-0.84252][13.9496,-14.9289,0][0.827278,2.1515,-0.29488][0.496063,0.519685,-0.692913][13.9483,-14.928,0][0.826318,2.1298,-0.311712][0.488189,0.377953,-0.787402][13.9484,-14.9294,0][-0.827278,2.1515,-0.29488][-0.496063,0.519685,-0.692913][14.0517,-14.928,0][-0.805966,2.1383,-0.316088][-0.228346,0.488189,-0.84252][14.0504,-14.9289,0][-0.826318,2.1298,-0.311712][-0.488189,0.377953,-0.787402][14.0516,-14.9294,0][-0.805966,2.1383,-0.316088][-0.228346,0.488189,-0.84252][14.0504,-14.9289,0][-0.827278,2.1515,-0.29488][-0.496063,0.519685,-0.692913][14.0517,-14.928,0][-0.814802,2.1567,-0.297564][-0.362205,0.779528,-0.511811][14.0509,-14.9277,0][0.366848,-0.0992304,-0.30042][0.141732,-0.496063,-0.858268][13.9771,-15.0687,0][0.634822,0.114914,-0.350602][0.149606,-0.307087,-0.937008][13.9603,-15.0553,0][0.659082,0.0932802,-0.333108][0.259843,-0.409449,-0.874016][13.9588,-15.0567,0][0.634822,0.114914,-0.350602][0.149606,-0.307087,-0.937008][13.9603,-15.0553,0][0.366848,-0.0992304,-0.30042][0.141732,-0.496063,-0.858268][13.9771,-15.0687,0][0.353758,-0.0703542,-0.31911][0.0787402,-0.354331,-0.929134][13.9779,-15.0669,0][-0.366848,-0.0992304,-0.30042][-0.141732,-0.496063,-0.858268][14.0229,-15.0687,0][-0.634822,0.114914,-0.350602][-0.149606,-0.307087,-0.937008][14.0397,-15.0553,0][-0.353758,-0.0703542,-0.31911][-0.0787402,-0.354331,-0.929134][14.0221,-15.0669,0][-0.634822,0.114914,-0.350602][-0.149606,-0.307087,-0.937008][14.0397,-15.0553,0][-0.366848,-0.0992304,-0.30042][-0.141732,-0.496063,-0.858268][14.0229,-15.0687,0][-0.659082,0.0932802,-0.333108][-0.259843,-0.409449,-0.874016][14.0412,-15.0567,0][0.830118,2.06538,-0.29723][0.708661,0.322835,-0.629921][13.9481,-14.9334,0][0.80646,2.06464,-0.317376][0.488189,0.385827,-0.787402][13.9496,-14.9335,0][0.807276,2.07276,-0.312934][0.480315,0.385827,-0.787402][13.9495,-14.933,0][0.80646,2.06464,-0.317376][0.488189,0.385827,-0.787402][13.9496,-14.9335,0][0.830118,2.06538,-0.29723][0.708661,0.322835,-0.629921][13.9481,-14.9334,0][0.831406,2.05668,-0.300288][0.708661,0.322835,-0.622047][13.948,-14.934,0][-0.830118,2.06538,-0.29723][-0.708661,0.322835,-0.629921][14.0519,-14.9334,0][-0.80646,2.06464,-0.317376][-0.488189,0.385827,-0.787402][14.0504,-14.9335,0][-0.831406,2.05668,-0.300288][-0.708661,0.322835,-0.622047][14.052,-14.934,0][-0.80646,2.06464,-0.317376][-0.488189,0.385827,-0.787402][14.0504,-14.9335,0][-0.830118,2.06538,-0.29723][-0.708661,0.322835,-0.629921][14.0519,-14.9334,0][-0.807276,2.07276,-0.312934][-0.480315,0.385827,-0.787402][14.0505,-14.933,0][0.659082,0.0932802,-0.333108][0.259843,-0.409449,-0.874016][13.9588,-15.0567,0][0.82255,0.392082,-0.397718][0.19685,-0.244094,-0.952756][13.9486,-15.038,0][0.854346,0.381388,-0.382044][0.338583,-0.291339,-0.889764][13.9466,-15.0387,0][0.82255,0.392082,-0.397718][0.19685,-0.244094,-0.952756][13.9486,-15.038,0][0.659082,0.0932802,-0.333108][0.259843,-0.409449,-0.874016][13.9588,-15.0567,0][0.634822,0.114914,-0.350602][0.149606,-0.307087,-0.937008][13.9603,-15.0553,0][-0.82255,0.392082,-0.397718][-0.19685,-0.244094,-0.952756][14.0514,-15.038,0][-0.659082,0.0932802,-0.333108][-0.259843,-0.409449,-0.874016][14.0412,-15.0567,0][-0.854346,0.381388,-0.382044][-0.338583,-0.291339,-0.889764][14.0534,-15.0387,0][-0.659082,0.0932802,-0.333108][-0.259843,-0.409449,-0.874016][14.0412,-15.0567,0][-0.82255,0.392082,-0.397718][-0.19685,-0.244094,-0.952756][14.0514,-15.038,0][-0.634822,0.114914,-0.350602][-0.149606,-0.307087,-0.937008][14.0397,-15.0553,0][0.8148,2.1567,-0.297564][0.362205,0.779528,-0.511811][13.9491,-14.9277,0][0.805966,2.1383,-0.316088][0.228346,0.488189,-0.84252][13.9496,-14.9289,0][0.802674,2.16276,-0.294954][0.23622,0.84252,-0.488189][13.9498,-14.9273,0][0.805966,2.1383,-0.316088][0.228346,0.488189,-0.84252][13.9496,-14.9289,0][0.786182,2.14818,-0.31183][-0.023622,0.622047,-0.787402][13.9509,-14.9282,0][0.802674,2.16276,-0.294954][0.23622,0.84252,-0.488189][13.9498,-14.9273,0][-0.802674,2.16276,-0.294954][-0.23622,0.84252,-0.488189][14.0502,-14.9273,0][-0.805966,2.1383,-0.316088][-0.228346,0.488189,-0.84252][14.0504,-14.9289,0][-0.814802,2.1567,-0.297564][-0.362205,0.779528,-0.511811][14.0509,-14.9277,0][-0.805966,2.1383,-0.316088][-0.228346,0.488189,-0.84252][14.0504,-14.9289,0][-0.802674,2.16276,-0.294954][-0.23622,0.84252,-0.488189][14.0502,-14.9273,0][-0.786184,2.14818,-0.31183][0.023622,0.622047,-0.787402][14.0491,-14.9282,0][0.71374,1.78586,-0.546926][0.244094,0.346457,-0.905512][13.9554,-14.9509,0][0.858834,1.88908,-0.392486][0.574803,0.551181,-0.598425][13.9463,-14.9444,0][0.886142,1.72064,-0.482912][0.606299,0.220472,-0.76378][13.9446,-14.955,0][0.858834,1.88908,-0.392486][0.574803,0.551181,-0.598425][13.9463,-14.9444,0][0.71374,1.78586,-0.546926][0.244094,0.346457,-0.905512][13.9554,-14.9509,0][0.751752,1.92849,-0.432302][0.338583,0.629921,-0.700787][13.953,-14.942,0][0.71374,1.78586,-0.546926][0.244094,0.346457,-0.905512][13.9554,-14.9509,0][0.64413,1.98455,-0.409524][0.0944882,0.748031,-0.661417][13.9597,-14.9385,0][0.751752,1.92849,-0.432302][0.338583,0.629921,-0.700787][13.953,-14.942,0][0.64413,1.98455,-0.409524][0.0944882,0.748031,-0.661417][13.9597,-14.9385,0][0.71374,1.78586,-0.546926][0.244094,0.346457,-0.905512][13.9554,-14.9509,0][0.54067,1.87552,-0.515144][-0.110236,0.527559,-0.84252][13.9662,-14.9453,0][-0.71374,1.78586,-0.546926][-0.244094,0.346457,-0.905512][14.0446,-14.9509,0][-0.886142,1.72064,-0.482912][-0.606299,0.220472,-0.76378][14.0554,-14.955,0][-0.858834,1.88908,-0.392486][-0.574803,0.551181,-0.598425][14.0537,-14.9444,0][-0.71374,1.78586,-0.546926][-0.244094,0.346457,-0.905512][14.0446,-14.9509,0][-0.858834,1.88908,-0.392486][-0.574803,0.551181,-0.598425][14.0537,-14.9444,0][-0.751752,1.92849,-0.432302][-0.338583,0.629921,-0.700787][14.047,-14.942,0][-0.644132,1.98455,-0.409524][-0.0944882,0.748031,-0.661417][14.0403,-14.9385,0][-0.71374,1.78586,-0.546926][-0.244094,0.346457,-0.905512][14.0446,-14.9509,0][-0.751752,1.92849,-0.432302][-0.338583,0.629921,-0.700787][14.047,-14.942,0][-0.71374,1.78586,-0.546926][-0.244094,0.346457,-0.905512][14.0446,-14.9509,0][-0.644132,1.98455,-0.409524][-0.0944882,0.748031,-0.661417][14.0403,-14.9385,0][-0.54067,1.87552,-0.515144][0.110236,0.527559,-0.84252][14.0338,-14.9453,0][0.888452,0.718936,-0.45328][0.212598,-0.165354,-0.96063][13.9445,-15.0176,0][0.854346,0.381388,-0.382044][0.338583,-0.291339,-0.889764][13.9466,-15.0387,0][0.82255,0.392082,-0.397718][0.19685,-0.244094,-0.952756][13.9486,-15.038,0][0.854346,0.381388,-0.382044][0.338583,-0.291339,-0.889764][13.9466,-15.0387,0][0.888452,0.718936,-0.45328][0.212598,-0.165354,-0.96063][13.9445,-15.0176,0][0.922914,0.721228,-0.439798][0.370079,-0.15748,-0.913386][13.9423,-15.0174,0][-0.888452,0.718936,-0.45328][-0.212598,-0.165354,-0.96063][14.0555,-15.0176,0][-0.854346,0.381388,-0.382044][-0.338583,-0.291339,-0.889764][14.0534,-15.0387,0][-0.922914,0.721228,-0.439798][-0.370079,-0.15748,-0.913386][14.0577,-15.0174,0][-0.854346,0.381388,-0.382044][-0.338583,-0.291339,-0.889764][14.0534,-15.0387,0][-0.888452,0.718936,-0.45328][-0.212598,-0.165354,-0.96063][14.0555,-15.0176,0][-0.82255,0.392082,-0.397718][-0.19685,-0.244094,-0.952756][14.0514,-15.038,0][0.807276,2.07276,-0.312934][0.480315,0.385827,-0.787402][13.9495,-14.933,0][0.778084,2.07636,-0.32343][0.220472,0.480315,-0.850394][13.9514,-14.9327,0][0.78126,2.08358,-0.318504][0.220472,0.480315,-0.850394][13.9512,-14.9323,0][0.778084,2.07636,-0.32343][0.220472,0.480315,-0.850394][13.9514,-14.9327,0][0.807276,2.07276,-0.312934][0.480315,0.385827,-0.787402][13.9495,-14.933,0][0.80646,2.06464,-0.317376][0.488189,0.385827,-0.787402][13.9496,-14.9335,0][-0.807276,2.07276,-0.312934][-0.480315,0.385827,-0.787402][14.0505,-14.933,0][-0.778084,2.07636,-0.32343][-0.220472,0.480315,-0.850394][14.0486,-14.9327,0][-0.80646,2.06464,-0.317376][-0.488189,0.385827,-0.787402][14.0504,-14.9335,0][-0.778084,2.07636,-0.32343][-0.220472,0.480315,-0.850394][14.0486,-14.9327,0][-0.807276,2.07276,-0.312934][-0.480315,0.385827,-0.787402][14.0505,-14.933,0][-0.78126,2.08358,-0.318504][-0.220472,0.480315,-0.850394][14.0488,-14.9323,0][0.844166,2.12398,-0.299396][0.716535,0.307087,-0.629921][13.9472,-14.9298,0][0.822502,2.11118,-0.319342][0.377953,-0.0629921,-0.92126][13.9486,-14.9306,0][0.826318,2.1298,-0.311712][0.488189,0.377953,-0.787402][13.9484,-14.9294,0][0.822502,2.11118,-0.319342][0.377953,-0.0629921,-0.92126][13.9486,-14.9306,0][0.844166,2.12398,-0.299396][0.716535,0.307087,-0.629921][13.9472,-14.9298,0][0.84413,2.1041,-0.30442][0.677165,-0.149606,-0.716535][13.9472,-14.931,0][0.797842,2.12146,-0.324646][0.0393701,0.0787402,-1][13.9501,-14.9299,0][0.826318,2.1298,-0.311712][0.488189,0.377953,-0.787402][13.9484,-14.9294,0][0.822502,2.11118,-0.319342][0.377953,-0.0629921,-0.92126][13.9486,-14.9306,0][0.826318,2.1298,-0.311712][0.488189,0.377953,-0.787402][13.9484,-14.9294,0][0.797842,2.12146,-0.324646][0.0393701,0.0787402,-1][13.9501,-14.9299,0][0.805966,2.1383,-0.316088][0.228346,0.488189,-0.84252][13.9496,-14.9289,0][-0.844166,2.12398,-0.299396][-0.716535,0.307087,-0.629921][14.0528,-14.9298,0][-0.822502,2.11118,-0.319342][-0.377953,-0.0629921,-0.92126][14.0514,-14.9306,0][-0.84413,2.1041,-0.30442][-0.677165,-0.149606,-0.716535][14.0528,-14.931,0][-0.822502,2.11118,-0.319342][-0.377953,-0.0629921,-0.92126][14.0514,-14.9306,0][-0.844166,2.12398,-0.299396][-0.716535,0.307087,-0.629921][14.0528,-14.9298,0][-0.826318,2.1298,-0.311712][-0.488189,0.377953,-0.787402][14.0516,-14.9294,0][-0.797842,2.12146,-0.324646][-0.0393701,0.0787402,-1][14.0499,-14.9299,0][-0.826318,2.1298,-0.311712][-0.488189,0.377953,-0.787402][14.0516,-14.9294,0][-0.805966,2.1383,-0.316088][-0.228346,0.488189,-0.84252][14.0504,-14.9289,0][-0.826318,2.1298,-0.311712][-0.488189,0.377953,-0.787402][14.0516,-14.9294,0][-0.797842,2.12146,-0.324646][-0.0393701,0.0787402,-1][14.0499,-14.9299,0][-0.822502,2.11118,-0.319342][-0.377953,-0.0629921,-0.92126][14.0514,-14.9306,0][0.830332,1.48558,-0.510528][0.574803,0.015748,-0.818898][13.9481,-14.9697,0][0.617918,1.55962,-0.590234][0.110236,0.0551181,-0.992126][13.9614,-14.965,0][0.619884,1.56506,-0.587808][0.15748,0.15748,-0.976378][13.9613,-14.9647,0][0.617918,1.55962,-0.590234][0.110236,0.0551181,-0.992126][13.9614,-14.965,0][0.830332,1.48558,-0.510528][0.574803,0.015748,-0.818898][13.9481,-14.9697,0][0.830078,1.47942,-0.51231][0.551181,-0.0944882,-0.826772][13.9481,-14.97,0][-0.617918,1.55962,-0.590234][-0.110236,0.0551181,-0.992126][14.0386,-14.965,0][-0.830332,1.48558,-0.510528][-0.574803,0.015748,-0.818898][14.0519,-14.9697,0][-0.619884,1.56506,-0.587808][-0.15748,0.15748,-0.976378][14.0387,-14.9647,0][-0.830332,1.48558,-0.510528][-0.574803,0.015748,-0.818898][14.0519,-14.9697,0][-0.617918,1.55962,-0.590234][-0.110236,0.0551181,-0.992126][14.0386,-14.965,0][-0.830078,1.47942,-0.51231][-0.551181,-0.0944882,-0.826772][14.0519,-14.97,0][0.63511,-0.14938,0.275652][-0.133858,-0.606299,-0.779528][13.9603,-15.0718,0][0.666994,-0.126014,0.265312][0.259843,-0.322835,-0.913386][13.9583,-15.0704,0][0.65951,-0.166732,0.295696][0.15748,-0.818898,-0.543307][13.9588,-15.0729,0][0.65951,-0.166732,0.295696][0.15748,-0.818898,-0.543307][13.9588,-15.0729,0][0.666994,-0.126014,0.265312][0.259843,-0.322835,-0.913386][13.9583,-15.0704,0][0.68508,-0.147994,0.287404][0.480315,-0.582677,-0.653543][13.9572,-15.0718,0][-0.65951,-0.166732,0.295696][-0.15748,-0.818898,-0.543307][14.0412,-15.0729,0][-0.68508,-0.147994,0.287404][-0.480315,-0.582677,-0.653543][14.0428,-15.0718,0][-0.666994,-0.126014,0.265312][-0.259843,-0.322835,-0.913386][14.0417,-15.0704,0][-0.65951,-0.166732,0.295696][-0.15748,-0.818898,-0.543307][14.0412,-15.0729,0][-0.666994,-0.126014,0.265312][-0.259843,-0.322835,-0.913386][14.0417,-15.0704,0][-0.63511,-0.14938,0.275652][0.133858,-0.606299,-0.779528][14.0397,-15.0718,0][0.643018,1.62405,-0.588226][0.11811,0.0629921,-0.992126][13.9598,-14.961,0][0.886142,1.72064,-0.482912][0.606299,0.220472,-0.76378][13.9446,-14.955,0][0.848886,1.54602,-0.512726][0.543307,-0.0944882,-0.834646][13.9469,-14.9659,0][0.886142,1.72064,-0.482912][0.606299,0.220472,-0.76378][13.9446,-14.955,0][0.643018,1.62405,-0.588226][0.11811,0.0629921,-0.992126][13.9598,-14.961,0][0.71374,1.78586,-0.546926][0.244094,0.346457,-0.905512][13.9554,-14.9509,0][-0.643018,1.62405,-0.588226][-0.11811,0.0629921,-0.992126][14.0402,-14.961,0][-0.886142,1.72064,-0.482912][-0.606299,0.220472,-0.76378][14.0554,-14.955,0][-0.71374,1.78586,-0.546926][-0.244094,0.346457,-0.905512][14.0446,-14.9509,0][-0.886142,1.72064,-0.482912][-0.606299,0.220472,-0.76378][14.0554,-14.955,0][-0.643018,1.62405,-0.588226][-0.11811,0.0629921,-0.992126][14.0402,-14.961,0][-0.848886,1.54602,-0.512726][-0.543307,-0.0944882,-0.834646][14.0531,-14.9659,0][0.778084,2.07636,-0.32343][0.220472,0.480315,-0.850394][13.9514,-14.9327,0][0.755992,2.0962,-0.313062][-0.0314961,0.606299,-0.795276][13.9528,-14.9315,0][0.78126,2.08358,-0.318504][0.220472,0.480315,-0.850394][13.9512,-14.9323,0][0.755992,2.0962,-0.313062][-0.0314961,0.606299,-0.795276][13.9528,-14.9315,0][0.778084,2.07636,-0.32343][0.220472,0.480315,-0.850394][13.9514,-14.9327,0][0.750546,2.0901,-0.3175][-0.0314961,0.606299,-0.795276][13.9531,-14.9319,0][-0.78126,2.08358,-0.318504][-0.220472,0.480315,-0.850394][14.0488,-14.9323,0][-0.755992,2.0962,-0.313062][0.0314961,0.606299,-0.795276][14.0472,-14.9315,0][-0.778084,2.07636,-0.32343][-0.220472,0.480315,-0.850394][14.0486,-14.9327,0][-0.755992,2.0962,-0.313062][0.0314961,0.606299,-0.795276][14.0472,-14.9315,0][-0.750546,2.0901,-0.3175][0.0314961,0.606299,-0.795276][14.0469,-14.9319,0][-0.778084,2.07636,-0.32343][-0.220472,0.480315,-0.850394][14.0486,-14.9327,0][0.830332,1.48558,-0.510528][0.574803,0.015748,-0.818898][13.9481,-14.9697,0][0.619884,1.56506,-0.587808][0.15748,0.15748,-0.976378][13.9613,-14.9647,0][0.848886,1.54602,-0.512726][0.543307,-0.0944882,-0.834646][13.9469,-14.9659,0][0.848886,1.54602,-0.512726][0.543307,-0.0944882,-0.834646][13.9469,-14.9659,0][0.619884,1.56506,-0.587808][0.15748,0.15748,-0.976378][13.9613,-14.9647,0][0.643018,1.62405,-0.588226][0.11811,0.0629921,-0.992126][13.9598,-14.961,0][-0.619884,1.56506,-0.587808][-0.15748,0.15748,-0.976378][14.0387,-14.9647,0][-0.848886,1.54602,-0.512726][-0.543307,-0.0944882,-0.834646][14.0531,-14.9659,0][-0.643018,1.62405,-0.588226][-0.11811,0.0629921,-0.992126][14.0402,-14.961,0][-0.848886,1.54602,-0.512726][-0.543307,-0.0944882,-0.834646][14.0531,-14.9659,0][-0.619884,1.56506,-0.587808][-0.15748,0.15748,-0.976378][14.0387,-14.9647,0][-0.830332,1.48558,-0.510528][-0.574803,0.015748,-0.818898][14.0519,-14.9697,0][0.82255,1.04579,-0.50884][0.19685,-0.0866142,-0.976378][13.9486,-14.9971,0][0.869522,0.718936,-0.45328][0,-0.165354,-0.984252][13.9457,-15.0176,0][0.80502,1.03863,-0.507624][0,-0.165354,-0.984252][13.9497,-14.9976,0][0.869522,0.718936,-0.45328][0,-0.165354,-0.984252][13.9457,-15.0176,0][0.82255,1.04579,-0.50884][0.19685,-0.0866142,-0.976378][13.9486,-14.9971,0][0.888452,0.718936,-0.45328][0.212598,-0.165354,-0.96063][13.9445,-15.0176,0][0.82255,1.04579,-0.50884][0.19685,-0.0866142,-0.976378][13.9486,-14.9971,0][0.922914,0.721228,-0.439798][0.370079,-0.15748,-0.913386][13.9423,-15.0174,0][0.888452,0.718936,-0.45328][0.212598,-0.165354,-0.96063][13.9445,-15.0176,0][0.922914,0.721228,-0.439798][0.370079,-0.15748,-0.913386][13.9423,-15.0174,0][0.82255,1.04579,-0.50884][0.19685,-0.0866142,-0.976378][13.9486,-14.9971,0][0.854346,1.06106,-0.497582][0.338583,-0.015748,-0.937008][13.9466,-14.9962,0][0.82255,0.392082,-0.397718][0.19685,-0.244094,-0.952756][13.9486,-15.038,0][0.869522,0.718936,-0.45328][0,-0.165354,-0.984252][13.9457,-15.0176,0][0.888452,0.718936,-0.45328][0.212598,-0.165354,-0.96063][13.9445,-15.0176,0][0.869522,0.718936,-0.45328][0,-0.165354,-0.984252][13.9457,-15.0176,0][0.82255,0.392082,-0.397718][0.19685,-0.244094,-0.952756][13.9486,-15.038,0][0.80502,0.39924,-0.398936][0,-0.165354,-0.984252][13.9497,-15.0375,0][-0.888452,0.718936,-0.45328][-0.212598,-0.165354,-0.96063][14.0555,-15.0176,0][-0.82255,1.04579,-0.50884][-0.19685,-0.0866142,-0.976378][14.0514,-14.9971,0][-0.869522,0.718936,-0.45328][0,-0.165354,-0.984252][14.0543,-15.0176,0][-0.80502,1.03863,-0.507624][0,-0.165354,-0.984252][14.0503,-14.9976,0][-0.869522,0.718936,-0.45328][0,-0.165354,-0.984252][14.0543,-15.0176,0][-0.82255,1.04579,-0.50884][-0.19685,-0.0866142,-0.976378][14.0514,-14.9971,0][-0.922914,0.721228,-0.439798][-0.370079,-0.15748,-0.913386][14.0577,-15.0174,0][-0.82255,1.04579,-0.50884][-0.19685,-0.0866142,-0.976378][14.0514,-14.9971,0][-0.888452,0.718936,-0.45328][-0.212598,-0.165354,-0.96063][14.0555,-15.0176,0][-0.82255,1.04579,-0.50884][-0.19685,-0.0866142,-0.976378][14.0514,-14.9971,0][-0.922914,0.721228,-0.439798][-0.370079,-0.15748,-0.913386][14.0577,-15.0174,0][-0.854346,1.06106,-0.497582][-0.338583,-0.015748,-0.937008][14.0534,-14.9962,0][-0.869522,0.718936,-0.45328][0,-0.165354,-0.984252][14.0543,-15.0176,0][-0.82255,0.392082,-0.397718][-0.19685,-0.244094,-0.952756][14.0514,-15.038,0][-0.888452,0.718936,-0.45328][-0.212598,-0.165354,-0.96063][14.0555,-15.0176,0][-0.82255,0.392082,-0.397718][-0.19685,-0.244094,-0.952756][14.0514,-15.038,0][-0.869522,0.718936,-0.45328][0,-0.165354,-0.984252][14.0543,-15.0176,0][-0.80502,0.39924,-0.398936][0,-0.165354,-0.984252][14.0503,-15.0375,0][0.805966,2.1383,-0.316088][0.228346,0.488189,-0.84252][13.9496,-14.9289,0][0.797842,2.12146,-0.324646][0.0393701,0.0787402,-1][13.9501,-14.9299,0][0.786182,2.14818,-0.31183][-0.023622,0.622047,-0.787402][13.9509,-14.9282,0][0.797842,2.12146,-0.324646][0.0393701,0.0787402,-1][13.9501,-14.9299,0][0.77387,2.13344,-0.319486][-0.291339,0.244094,-0.92126][13.9516,-14.9292,0][0.786182,2.14818,-0.31183][-0.023622,0.622047,-0.787402][13.9509,-14.9282,0][-0.786184,2.14818,-0.31183][0.023622,0.622047,-0.787402][14.0491,-14.9282,0][-0.797842,2.12146,-0.324646][-0.0393701,0.0787402,-1][14.0499,-14.9299,0][-0.805966,2.1383,-0.316088][-0.228346,0.488189,-0.84252][14.0504,-14.9289,0][-0.797842,2.12146,-0.324646][-0.0393701,0.0787402,-1][14.0499,-14.9299,0][-0.786184,2.14818,-0.31183][0.023622,0.622047,-0.787402][14.0491,-14.9282,0][-0.77387,2.13344,-0.319486][0.291339,0.244094,-0.92126][14.0484,-14.9292,0][0.634822,1.32296,-0.555956][0.149606,-0.015748,-0.992126][13.9603,-14.9798,0][0.82255,1.04579,-0.50884][0.19685,-0.0866142,-0.976378][13.9486,-14.9971,0][0.80502,1.03863,-0.507624][0,-0.165354,-0.984252][13.9497,-14.9976,0][0.80502,1.03863,-0.507624][0,-0.165354,-0.984252][13.9497,-14.9976,0][0.621328,1.30966,-0.553694][0,-0.165354,-0.984252][13.9612,-14.9806,0][0.634822,1.32296,-0.555956][0.149606,-0.015748,-0.992126][13.9603,-14.9798,0][0.854346,1.06106,-0.497582][0.338583,-0.015748,-0.937008][13.9466,-14.9962,0][0.634822,1.32296,-0.555956][0.149606,-0.015748,-0.992126][13.9603,-14.9798,0][0.659082,1.34916,-0.546592][0.259843,0.102362,-0.96063][13.9588,-14.9782,0][0.634822,1.32296,-0.555956][0.149606,-0.015748,-0.992126][13.9603,-14.9798,0][0.854346,1.06106,-0.497582][0.338583,-0.015748,-0.937008][13.9466,-14.9962,0][0.82255,1.04579,-0.50884][0.19685,-0.0866142,-0.976378][13.9486,-14.9971,0][-0.82255,1.04579,-0.50884][-0.19685,-0.0866142,-0.976378][14.0514,-14.9971,0][-0.634822,1.32296,-0.555956][-0.149606,-0.015748,-0.992126][14.0397,-14.9798,0][-0.80502,1.03863,-0.507624][0,-0.165354,-0.984252][14.0503,-14.9976,0][-0.80502,1.03863,-0.507624][0,-0.165354,-0.984252][14.0503,-14.9976,0][-0.634822,1.32296,-0.555956][-0.149606,-0.015748,-0.992126][14.0397,-14.9798,0][-0.621328,1.30966,-0.553694][0,-0.165354,-0.984252][14.0388,-14.9806,0][-0.634822,1.32296,-0.555956][-0.149606,-0.015748,-0.992126][14.0397,-14.9798,0][-0.854346,1.06106,-0.497582][-0.338583,-0.015748,-0.937008][14.0534,-14.9962,0][-0.659082,1.34916,-0.546592][-0.259843,0.102362,-0.96063][14.0412,-14.9782,0][-0.854346,1.06106,-0.497582][-0.338583,-0.015748,-0.937008][14.0534,-14.9962,0][-0.634822,1.32296,-0.555956][-0.149606,-0.015748,-0.992126][14.0397,-14.9798,0][-0.82255,1.04579,-0.50884][-0.19685,-0.0866142,-0.976378][14.0514,-14.9971,0][0.353758,1.50823,-0.58745][0.0787402,0.0314961,-1][13.9779,-14.9682,0][0.659082,1.34916,-0.546592][0.259843,0.102362,-0.96063][13.9588,-14.9782,0][0.634822,1.32296,-0.555956][0.149606,-0.015748,-0.992126][13.9603,-14.9798,0][0.659082,1.34916,-0.546592][0.259843,0.102362,-0.96063][13.9588,-14.9782,0][0.353758,1.50823,-0.58745][0.0787402,0.0314961,-1][13.9779,-14.9682,0][0.366848,1.54166,-0.579352][0.141732,0.181102,-0.976378][13.9771,-14.9661,0][-0.659082,1.34916,-0.546592][-0.259843,0.102362,-0.96063][14.0412,-14.9782,0][-0.353758,1.50823,-0.58745][-0.0787402,0.0314961,-1][14.0221,-14.9682,0][-0.634822,1.32296,-0.555956][-0.149606,-0.015748,-0.992126][14.0397,-14.9798,0][-0.353758,1.50823,-0.58745][-0.0787402,0.0314961,-1][14.0221,-14.9682,0][-0.659082,1.34916,-0.546592][-0.259843,0.102362,-0.96063][14.0412,-14.9782,0][-0.366848,1.54166,-0.579352][-0.141732,0.181102,-0.976378][14.0229,-14.9661,0][0.617918,1.55962,-0.590234][0.110236,0.0551181,-0.992126][13.9614,-14.965,0][0.408906,1.67308,-0.549058][-0.244094,0.346457,-0.905512][13.9744,-14.9579,0][0.619884,1.56506,-0.587808][0.15748,0.15748,-0.976378][13.9613,-14.9647,0][0.408906,1.67308,-0.549058][-0.244094,0.346457,-0.905512][13.9744,-14.9579,0][0.617918,1.55962,-0.590234][0.110236,0.0551181,-0.992126][13.9614,-14.965,0][0.405156,1.66859,-0.551078][-0.314961,0.251969,-0.913386][13.9747,-14.9582,0][-0.405156,1.66859,-0.551078][0.314961,0.251969,-0.913386][14.0253,-14.9582,0][-0.617918,1.55962,-0.590234][-0.110236,0.0551181,-0.992126][14.0386,-14.965,0][-0.408906,1.67308,-0.549058][0.244094,0.346457,-0.905512][14.0256,-14.9579,0][-0.619884,1.56506,-0.587808][-0.15748,0.15748,-0.976378][14.0387,-14.9647,0][-0.408906,1.67308,-0.549058][0.244094,0.346457,-0.905512][14.0256,-14.9579,0][-0.617918,1.55962,-0.590234][-0.110236,0.0551181,-0.992126][14.0386,-14.965,0][0.750546,2.0901,-0.3175][-0.0314961,0.606299,-0.795276][13.9531,-14.9319,0][0.735306,2.1087,-0.29738][-0.228346,0.740157,-0.637795][13.954,-14.9307,0][0.755992,2.0962,-0.313062][-0.0314961,0.606299,-0.795276][13.9528,-14.9315,0][0.750546,2.0901,-0.3175][-0.0314961,0.606299,-0.795276][13.9531,-14.9319,0][0.728028,2.10376,-0.300422][-0.23622,0.740157,-0.629921][13.9545,-14.931,0][0.735306,2.1087,-0.29738][-0.228346,0.740157,-0.637795][13.954,-14.9307,0][-0.750546,2.0901,-0.3175][0.0314961,0.606299,-0.795276][14.0469,-14.9319,0][-0.735306,2.1087,-0.29738][0.228346,0.740157,-0.637795][14.046,-14.9307,0][-0.728028,2.10376,-0.300422][0.23622,0.740157,-0.629921][14.0455,-14.931,0][-0.755992,2.0962,-0.313062][0.0314961,0.606299,-0.795276][14.0472,-14.9315,0][-0.735306,2.1087,-0.29738][0.228346,0.740157,-0.637795][14.046,-14.9307,0][-0.750546,2.0901,-0.3175][0.0314961,0.606299,-0.795276][14.0469,-14.9319,0][0.353758,1.50823,-0.58745][0.0787402,0.0314961,-1][13.9779,-14.9682,0][1.48926e-15,1.60925,-0.590858][0,0.212598,-0.976378][14,-14.9619,0][0.366848,1.54166,-0.579352][0.141732,0.181102,-0.976378][13.9771,-14.9661,0][1.48926e-15,1.60925,-0.590858][0,0.212598,-0.976378][14,-14.9619,0][0.353758,1.50823,-0.58745][0.0787402,0.0314961,-1][13.9779,-14.9682,0][1.48487e-15,1.57345,-0.598536][0,0.0393701,-1][14,-14.9642,0][1.48487e-15,1.57345,-0.598536][0,0.0393701,-1][14,-14.9642,0][-0.353758,1.50823,-0.58745][-0.0787402,0.0314961,-1][14.0221,-14.9682,0][1.48926e-15,1.60925,-0.590858][0,0.212598,-0.976378][14,-14.9619,0][-0.366848,1.54166,-0.579352][-0.141732,0.181102,-0.976378][14.0229,-14.9661,0][1.48926e-15,1.60925,-0.590858][0,0.212598,-0.976378][14,-14.9619,0][-0.353758,1.50823,-0.58745][-0.0787402,0.0314961,-1][14.0221,-14.9682,0][0.807772,1.42603,-0.50159][0.464567,-0.354331,-0.811024][13.9495,-14.9734,0][0.617918,1.55962,-0.590234][0.110236,0.0551181,-0.992126][13.9614,-14.965,0][0.830078,1.47942,-0.51231][0.551181,-0.0944882,-0.826772][13.9481,-14.97,0][0.617918,1.55962,-0.590234][0.110236,0.0551181,-0.992126][13.9614,-14.965,0][0.807772,1.42603,-0.50159][0.464567,-0.354331,-0.811024][13.9495,-14.9734,0][0.596158,1.50571,-0.579414][0.00787402,-0.19685,-0.976378][13.9627,-14.9684,0][-0.617918,1.55962,-0.590234][-0.110236,0.0551181,-0.992126][14.0386,-14.965,0][-0.807772,1.42603,-0.50159][-0.464567,-0.354331,-0.811024][14.0505,-14.9734,0][-0.830078,1.47942,-0.51231][-0.551181,-0.0944882,-0.826772][14.0519,-14.97,0][-0.807772,1.42603,-0.50159][-0.464567,-0.354331,-0.811024][14.0505,-14.9734,0][-0.617918,1.55962,-0.590234][-0.110236,0.0551181,-0.992126][14.0386,-14.965,0][-0.596158,1.50571,-0.579414][-0.00787402,-0.19685,-0.976378][14.0373,-14.9684,0][0.643018,1.62405,-0.588226][0.11811,0.0629921,-0.992126][13.9598,-14.961,0][0.54067,1.87552,-0.515144][-0.110236,0.527559,-0.84252][13.9662,-14.9453,0][0.71374,1.78586,-0.546926][0.244094,0.346457,-0.905512][13.9554,-14.9509,0][0.54067,1.87552,-0.515144][-0.110236,0.527559,-0.84252][13.9662,-14.9453,0][0.643018,1.62405,-0.588226][0.11811,0.0629921,-0.992126][13.9598,-14.961,0][0.43683,1.73019,-0.54995][-0.307087,0.275591,-0.913386][13.9727,-14.9544,0][-0.643018,1.62405,-0.588226][-0.11811,0.0629921,-0.992126][14.0402,-14.961,0][-0.54067,1.87552,-0.515144][0.110236,0.527559,-0.84252][14.0338,-14.9453,0][-0.43683,1.73019,-0.54995][0.307087,0.275591,-0.913386][14.0273,-14.9544,0][-0.54067,1.87552,-0.515144][0.110236,0.527559,-0.84252][14.0338,-14.9453,0][-0.643018,1.62405,-0.588226][-0.11811,0.0629921,-0.992126][14.0402,-14.961,0][-0.71374,1.78586,-0.546926][-0.244094,0.346457,-0.905512][14.0446,-14.9509,0][-0.108374,1.92653,-0.284044][-0.204724,0.661417,-0.724409][14.0068,-14.9421,0][-0.081722,1.91024,-0.300284][-0.102362,0.354331,-0.929134][14.0051,-14.9431,0][-0.108374,1.90796,-0.295294][-0.496063,0.307087,-0.811024][14.0068,-14.9433,0][-0.081722,1.91024,-0.300284][-0.102362,0.354331,-0.929134][14.0051,-14.9431,0][-0.108374,1.92653,-0.284044][-0.204724,0.661417,-0.724409][14.0068,-14.9421,0][-0.081722,1.93074,-0.287862][-0.102362,0.669291,-0.732283][14.0051,-14.9418,0][0.108374,1.92653,-0.284044][0.204724,0.661417,-0.724409][13.9932,-14.9421,0][0.081722,1.91024,-0.300284][0.102362,0.354331,-0.929134][13.9949,-14.9431,0][0.081722,1.93074,-0.287862][0.102362,0.669291,-0.732283][13.9949,-14.9418,0][0.081722,1.91024,-0.300284][0.102362,0.354331,-0.929134][13.9949,-14.9431,0][0.108374,1.92653,-0.284044][0.204724,0.661417,-0.724409][13.9932,-14.9421,0][0.108374,1.90796,-0.295294][0.496063,0.307087,-0.811024][13.9932,-14.9433,0][0.786182,2.14818,-0.31183][-0.023622,0.622047,-0.787402][13.9509,-14.9282,0][0.77387,2.13344,-0.319486][-0.291339,0.244094,-0.92126][13.9516,-14.9292,0][0.769982,2.15794,-0.299542][-0.220472,0.748031,-0.629921][13.9519,-14.9276,0][0.77387,2.13344,-0.319486][-0.291339,0.244094,-0.92126][13.9516,-14.9292,0][0.754238,2.14528,-0.304596][-0.559055,0.417323,-0.716535][13.9529,-14.9284,0][0.769982,2.15794,-0.299542][-0.220472,0.748031,-0.629921][13.9519,-14.9276,0][-0.786184,2.14818,-0.31183][0.023622,0.622047,-0.787402][14.0491,-14.9282,0][-0.769982,2.15794,-0.299542][0.220472,0.748031,-0.629921][14.0481,-14.9276,0][-0.77387,2.13344,-0.319486][0.291339,0.244094,-0.92126][14.0484,-14.9292,0][-0.77387,2.13344,-0.319486][0.291339,0.244094,-0.92126][14.0484,-14.9292,0][-0.769982,2.15794,-0.299542][0.220472,0.748031,-0.629921][14.0481,-14.9276,0][-0.754238,2.14528,-0.304596][0.559055,0.417323,-0.716535][14.0471,-14.9284,0][1.48487e-15,1.57345,-0.598536][0,0.0393701,-1][14,-14.9642,0][0.353758,1.50823,-0.58745][0.0787402,0.0314961,-1][13.9779,-14.9682,0][0.346416,1.49075,-0.584478][0,-0.165354,-0.984252][13.9783,-14.9693,0][1.48487e-15,1.57345,-0.598536][0,0.0393701,-1][14,-14.9642,0][0.346416,1.49075,-0.584478][0,-0.165354,-0.984252][13.9783,-14.9693,0][1.48253e-15,1.55434,-0.595288][0,-0.165354,-0.984252][14,-14.9654,0][0.353758,1.50823,-0.58745][0.0787402,0.0314961,-1][13.9779,-14.9682,0][0.634822,1.32296,-0.555956][0.149606,-0.015748,-0.992126][13.9603,-14.9798,0][0.621328,1.30966,-0.553694][0,-0.165354,-0.984252][13.9612,-14.9806,0][0.621328,1.30966,-0.553694][0,-0.165354,-0.984252][13.9612,-14.9806,0][0.346416,1.49075,-0.584478][0,-0.165354,-0.984252][13.9783,-14.9693,0][0.353758,1.50823,-0.58745][0.0787402,0.0314961,-1][13.9779,-14.9682,0][0.634822,0.114914,-0.350602][0.149606,-0.307087,-0.937008][13.9603,-15.0553,0][0.80502,0.39924,-0.398936][0,-0.165354,-0.984252][13.9497,-15.0375,0][0.82255,0.392082,-0.397718][0.19685,-0.244094,-0.952756][13.9486,-15.038,0][0.80502,0.39924,-0.398936][0,-0.165354,-0.984252][13.9497,-15.0375,0][0.634822,0.114914,-0.350602][0.149606,-0.307087,-0.937008][13.9603,-15.0553,0][0.621328,0.128216,-0.352864][0,-0.165354,-0.984252][13.9612,-15.0545,0][0.353758,-0.0703542,-0.31911][0.0787402,-0.354331,-0.929134][13.9779,-15.0669,0][0.621328,0.128216,-0.352864][0,-0.165354,-0.984252][13.9612,-15.0545,0][0.634822,0.114914,-0.350602][0.149606,-0.307087,-0.937008][13.9603,-15.0553,0][0.621328,0.128216,-0.352864][0,-0.165354,-0.984252][13.9612,-15.0545,0][0.353758,-0.0703542,-0.31911][0.0787402,-0.354331,-0.929134][13.9779,-15.0669,0][0.346416,-0.0528762,-0.32208][0,-0.165354,-0.984252][13.9783,-15.0658,0][1.27557e-15,-0.13558,-0.308022][0,-0.370079,-0.929134][14,-15.071,0][0.346416,-0.0528762,-0.32208][0,-0.165354,-0.984252][13.9783,-15.0658,0][0.353758,-0.0703542,-0.31911][0.0787402,-0.354331,-0.929134][13.9779,-15.0669,0][0.346416,-0.0528762,-0.32208][0,-0.165354,-0.984252][13.9783,-15.0658,0][1.27557e-15,-0.13558,-0.308022][0,-0.370079,-0.929134][14,-15.071,0][1.27792e-15,-0.116468,-0.31127][0,-0.165354,-0.984252][14,-15.0698,0][1.48487e-15,1.57345,-0.598536][0,0.0393701,-1][14,-14.9642,0][-0.346416,1.49075,-0.584478][0,-0.165354,-0.984252][14.0217,-14.9693,0][-0.353758,1.50823,-0.58745][-0.0787402,0.0314961,-1][14.0221,-14.9682,0][-0.346416,1.49075,-0.584478][0,-0.165354,-0.984252][14.0217,-14.9693,0][1.48487e-15,1.57345,-0.598536][0,0.0393701,-1][14,-14.9642,0][1.48253e-15,1.55434,-0.595288][0,-0.165354,-0.984252][14,-14.9654,0][-0.634822,1.32296,-0.555956][-0.149606,-0.015748,-0.992126][14.0397,-14.9798,0][-0.353758,1.50823,-0.58745][-0.0787402,0.0314961,-1][14.0221,-14.9682,0][-0.621328,1.30966,-0.553694][0,-0.165354,-0.984252][14.0388,-14.9806,0][-0.621328,1.30966,-0.553694][0,-0.165354,-0.984252][14.0388,-14.9806,0][-0.353758,1.50823,-0.58745][-0.0787402,0.0314961,-1][14.0221,-14.9682,0][-0.346416,1.49075,-0.584478][0,-0.165354,-0.984252][14.0217,-14.9693,0][-0.634822,0.114914,-0.350602][-0.149606,-0.307087,-0.937008][14.0397,-15.0553,0][-0.80502,0.39924,-0.398936][0,-0.165354,-0.984252][14.0503,-15.0375,0][-0.621328,0.128216,-0.352864][0,-0.165354,-0.984252][14.0388,-15.0545,0][-0.80502,0.39924,-0.398936][0,-0.165354,-0.984252][14.0503,-15.0375,0][-0.634822,0.114914,-0.350602][-0.149606,-0.307087,-0.937008][14.0397,-15.0553,0][-0.82255,0.392082,-0.397718][-0.19685,-0.244094,-0.952756][14.0514,-15.038,0][-0.353758,-0.0703542,-0.31911][-0.0787402,-0.354331,-0.929134][14.0221,-15.0669,0][-0.621328,0.128216,-0.352864][0,-0.165354,-0.984252][14.0388,-15.0545,0][-0.346416,-0.0528762,-0.32208][0,-0.165354,-0.984252][14.0217,-15.0658,0][-0.621328,0.128216,-0.352864][0,-0.165354,-0.984252][14.0388,-15.0545,0][-0.353758,-0.0703542,-0.31911][-0.0787402,-0.354331,-0.929134][14.0221,-15.0669,0][-0.634822,0.114914,-0.350602][-0.149606,-0.307087,-0.937008][14.0397,-15.0553,0][1.27557e-15,-0.13558,-0.308022][0,-0.370079,-0.929134][14,-15.071,0][-0.346416,-0.0528762,-0.32208][0,-0.165354,-0.984252][14.0217,-15.0658,0][1.27792e-15,-0.116468,-0.31127][0,-0.165354,-0.984252][14,-15.0698,0][-0.346416,-0.0528762,-0.32208][0,-0.165354,-0.984252][14.0217,-15.0658,0][1.27557e-15,-0.13558,-0.308022][0,-0.370079,-0.929134][14,-15.071,0][-0.353758,-0.0703542,-0.31911][-0.0787402,-0.354331,-0.929134][14.0221,-15.0669,0][1.47653e-15,1.50531,-0.582928][0,-0.165354,-0.984252][14,-14.9684,0][0.327126,-0.0062977,-0.325974][0,-0.165354,-0.984252][13.9796,-15.0629,0][1.28408e-15,-0.0661084,-0.315806][0,-0.165354,-0.984252][14,-15.0666,0][0.327126,-0.0062977,-0.325974][0,-0.165354,-0.984252][13.9796,-15.0629,0][1.47653e-15,1.50531,-0.582928][0,-0.165354,-0.984252][14,-14.9684,0][0.327126,1.4455,-0.572762][0,-0.165354,-0.984252][13.9796,-14.9722,0][0.327126,-0.0062977,-0.325974][0,-0.165354,-0.984252][13.9796,-15.0629,0][0.327126,1.4455,-0.572762][0,-0.165354,-0.984252][13.9796,-14.9722,0][0.585684,0.164022,-0.354926][0,-0.165354,-0.984252][13.9634,-15.0522,0][0.585684,1.27518,-0.54381][0,-0.165354,-0.984252][13.9634,-14.9828,0][0.585684,0.164022,-0.354926][0,-0.165354,-0.984252][13.9634,-15.0522,0][0.327126,1.4455,-0.572762][0,-0.165354,-0.984252][13.9796,-14.9722,0][0.758448,1.02028,-0.500478][0,-0.165354,-0.984252][13.9526,-14.9987,0][0.585684,0.164022,-0.354926][0,-0.165354,-0.984252][13.9634,-15.0522,0][0.585684,1.27518,-0.54381][0,-0.165354,-0.984252][13.9634,-14.9828,0][0.585684,0.164022,-0.354926][0,-0.165354,-0.984252][13.9634,-15.0522,0][0.758448,1.02028,-0.500478][0,-0.165354,-0.984252][13.9526,-14.9987,0][0.758448,0.418924,-0.398256][0,-0.165354,-0.984252][13.9526,-15.0363,0][0.758448,0.418924,-0.398256][0,-0.165354,-0.984252][13.9526,-15.0363,0][0.758448,1.02028,-0.500478][0,-0.165354,-0.984252][13.9526,-14.9987,0][0.819114,0.719602,-0.449368][0,-0.165354,-0.984252][13.9488,-15.0175,0][-0.327126,1.4455,-0.572762][0,-0.165354,-0.984252][14.0204,-14.9722,0][-0.327126,-0.0062977,-0.325974][0,-0.165354,-0.984252][14.0204,-15.0629,0][-0.585684,1.27518,-0.54381][0,-0.165354,-0.984252][14.0366,-14.9828,0][1.47653e-15,1.50531,-0.582928][0,-0.165354,-0.984252][14,-14.9684,0][-0.327126,-0.0062977,-0.325974][0,-0.165354,-0.984252][14.0204,-15.0629,0][-0.327126,1.4455,-0.572762][0,-0.165354,-0.984252][14.0204,-14.9722,0][-0.327126,-0.0062977,-0.325974][0,-0.165354,-0.984252][14.0204,-15.0629,0][1.47653e-15,1.50531,-0.582928][0,-0.165354,-0.984252][14,-14.9684,0][1.28408e-15,-0.0661084,-0.315806][0,-0.165354,-0.984252][14,-15.0666,0][-0.585684,0.164022,-0.354926][0,-0.165354,-0.984252][14.0366,-15.0522,0][-0.585684,1.27518,-0.54381][0,-0.165354,-0.984252][14.0366,-14.9828,0][-0.327126,-0.0062977,-0.325974][0,-0.165354,-0.984252][14.0204,-15.0629,0][-0.758448,0.418924,-0.398256][0,-0.165354,-0.984252][14.0474,-15.0363,0][-0.585684,1.27518,-0.54381][0,-0.165354,-0.984252][14.0366,-14.9828,0][-0.585684,0.164022,-0.354926][0,-0.165354,-0.984252][14.0366,-15.0522,0][-0.585684,1.27518,-0.54381][0,-0.165354,-0.984252][14.0366,-14.9828,0][-0.758448,0.418924,-0.398256][0,-0.165354,-0.984252][14.0474,-15.0363,0][-0.758448,1.02028,-0.500478][0,-0.165354,-0.984252][14.0474,-14.9987,0][-0.758448,1.02028,-0.500478][0,-0.165354,-0.984252][14.0474,-14.9987,0][-0.758448,0.418924,-0.398256][0,-0.165354,-0.984252][14.0474,-15.0363,0][-0.819114,0.719602,-0.449368][0,-0.165354,-0.984252][14.0512,-15.0175,0][0.405156,1.66859,-0.551078][-0.314961,0.251969,-0.913386][13.9747,-14.9582,0][0.2462,1.7783,-0.404356][-0.645669,0.456693,-0.614173][13.9846,-14.9514,0][0.25117,1.78196,-0.403642][-0.559055,0.543307,-0.629921][13.9843,-14.9511,0][0.405156,1.66859,-0.551078][-0.314961,0.251969,-0.913386][13.9747,-14.9582,0][0.25117,1.78196,-0.403642][-0.559055,0.543307,-0.629921][13.9843,-14.9511,0][0.408906,1.67308,-0.549058][-0.244094,0.346457,-0.905512][13.9744,-14.9579,0][-0.405156,1.66859,-0.551078][0.314961,0.251969,-0.913386][14.0253,-14.9582,0][-0.25117,1.78196,-0.403642][0.559055,0.543307,-0.629921][14.0157,-14.9511,0][-0.2462,1.7783,-0.404356][0.645669,0.456693,-0.614173][14.0154,-14.9514,0][-0.408906,1.67308,-0.549058][0.244094,0.346457,-0.905512][14.0256,-14.9579,0][-0.25117,1.78196,-0.403642][0.559055,0.543307,-0.629921][14.0157,-14.9511,0][-0.405156,1.66859,-0.551078][0.314961,0.251969,-0.913386][14.0253,-14.9582,0][1.47959e-15,1.53035,-0.549438][0,-0.165354,-0.984252][14,-14.9669,0][0.334424,1.46911,-0.539028][0,-0.165354,-0.984252][13.9791,-14.9707,0][0.327126,1.45174,-0.536076][0,-0.165354,-0.984252][13.9796,-14.9718,0][1.47959e-15,1.53035,-0.549438][0,-0.165354,-0.984252][14,-14.9669,0][0.327126,1.45174,-0.536076][0,-0.165354,-0.984252][13.9796,-14.9718,0][1.47729e-15,1.51155,-0.546242][0,-0.165354,-0.984252][14,-14.968,0][0.334424,1.46911,-0.539028][0,-0.165354,-0.984252][13.9791,-14.9707,0][0.59917,1.29471,-0.509384][0,-0.165354,-0.984252][13.9626,-14.9816,0][0.585684,1.28142,-0.507124][0,-0.165354,-0.984252][13.9634,-14.9824,0][0.585684,1.28142,-0.507124][0,-0.165354,-0.984252][13.9634,-14.9824,0][0.327126,1.45174,-0.536076][0,-0.165354,-0.984252][13.9796,-14.9718,0][0.334424,1.46911,-0.539028][0,-0.165354,-0.984252][13.9791,-14.9707,0][0.59917,1.29471,-0.509384][0,-0.165354,-0.984252][13.9626,-14.9816,0][0.776066,1.03371,-0.465016][0,-0.165354,-0.984252][13.9515,-14.9979,0][0.758448,1.02652,-0.463792][0,-0.165354,-0.984252][13.9526,-14.9983,0][0.758448,1.02652,-0.463792][0,-0.165354,-0.984252][13.9526,-14.9983,0][0.585684,1.28142,-0.507124][0,-0.165354,-0.984252][13.9634,-14.9824,0][0.59917,1.29471,-0.509384][0,-0.165354,-0.984252][13.9626,-14.9816,0][0.776066,1.03371,-0.465016][0,-0.165354,-0.984252][13.9515,-14.9979,0][0.819114,0.725838,-0.412682][0,-0.165354,-0.984252][13.9488,-15.0171,0][0.758448,1.02652,-0.463792][0,-0.165354,-0.984252][13.9526,-14.9983,0][0.819114,0.725838,-0.412682][0,-0.165354,-0.984252][13.9488,-15.0171,0][0.776066,1.03371,-0.465016][0,-0.165354,-0.984252][13.9515,-14.9979,0][0.838186,0.725838,-0.412682][0,-0.165354,-0.984252][13.9476,-15.0171,0][0.776066,0.417966,-0.360346][0,-0.165354,-0.984252][13.9515,-15.0364,0][0.819114,0.725838,-0.412682][0,-0.165354,-0.984252][13.9488,-15.0171,0][0.838186,0.725838,-0.412682][0,-0.165354,-0.984252][13.9476,-15.0171,0][0.819114,0.725838,-0.412682][0,-0.165354,-0.984252][13.9488,-15.0171,0][0.776066,0.417966,-0.360346][0,-0.165354,-0.984252][13.9515,-15.0364,0][0.758448,0.42516,-0.36157][0,-0.165354,-0.984252][13.9526,-15.0359,0][0.59917,0.156962,-0.31598][0,-0.165354,-0.984252][13.9626,-15.0527,0][0.758448,0.42516,-0.36157][0,-0.165354,-0.984252][13.9526,-15.0359,0][0.776066,0.417966,-0.360346][0,-0.165354,-0.984252][13.9515,-15.0364,0][0.758448,0.42516,-0.36157][0,-0.165354,-0.984252][13.9526,-15.0359,0][0.59917,0.156962,-0.31598][0,-0.165354,-0.984252][13.9626,-15.0527,0][0.585684,0.170258,-0.31824][0,-0.165354,-0.984252][13.9634,-15.0519,0][0.334424,-0.0174319,-0.286334][0,-0.165354,-0.984252][13.9791,-15.0636,0][0.585684,0.170258,-0.31824][0,-0.165354,-0.984252][13.9634,-15.0519,0][0.59917,0.156962,-0.31598][0,-0.165354,-0.984252][13.9626,-15.0527,0][0.585684,0.170258,-0.31824][0,-0.165354,-0.984252][13.9634,-15.0519,0][0.334424,-0.0174319,-0.286334][0,-0.165354,-0.984252][13.9791,-15.0636,0][0.327126,-6.16312e-05,-0.289288][0,-0.165354,-0.984252][13.9796,-15.0625,0][1.28254e-15,-0.078674,-0.275924][0,-0.165354,-0.984252][14,-15.0674,0][0.327126,-6.16312e-05,-0.289288][0,-0.165354,-0.984252][13.9796,-15.0625,0][0.334424,-0.0174319,-0.286334][0,-0.165354,-0.984252][13.9791,-15.0636,0][0.327126,-6.16312e-05,-0.289288][0,-0.165354,-0.984252][13.9796,-15.0625,0][1.28254e-15,-0.078674,-0.275924][0,-0.165354,-0.984252][14,-15.0674,0][1.28485e-15,-0.0598722,-0.27912][0,-0.165354,-0.984252][14,-15.0662,0][1.47959e-15,1.53035,-0.549438][0,-0.165354,-0.984252][14,-14.9669,0][-0.327126,1.45174,-0.536076][0,-0.165354,-0.984252][14.0204,-14.9718,0][-0.334424,1.46911,-0.539028][0,-0.165354,-0.984252][14.0209,-14.9707,0][-0.327126,1.45174,-0.536076][0,-0.165354,-0.984252][14.0204,-14.9718,0][1.47959e-15,1.53035,-0.549438][0,-0.165354,-0.984252][14,-14.9669,0][1.47729e-15,1.51155,-0.546242][0,-0.165354,-0.984252][14,-14.968,0][-0.59917,1.29471,-0.509384][0,-0.165354,-0.984252][14.0374,-14.9816,0][-0.334424,1.46911,-0.539028][0,-0.165354,-0.984252][14.0209,-14.9707,0][-0.585684,1.28142,-0.507124][0,-0.165354,-0.984252][14.0366,-14.9824,0][-0.585684,1.28142,-0.507124][0,-0.165354,-0.984252][14.0366,-14.9824,0][-0.334424,1.46911,-0.539028][0,-0.165354,-0.984252][14.0209,-14.9707,0][-0.327126,1.45174,-0.536076][0,-0.165354,-0.984252][14.0204,-14.9718,0][-0.776066,1.03371,-0.465016][0,-0.165354,-0.984252][14.0485,-14.9979,0][-0.59917,1.29471,-0.509384][0,-0.165354,-0.984252][14.0374,-14.9816,0][-0.758448,1.02652,-0.463792][0,-0.165354,-0.984252][14.0474,-14.9983,0][-0.758448,1.02652,-0.463792][0,-0.165354,-0.984252][14.0474,-14.9983,0][-0.59917,1.29471,-0.509384][0,-0.165354,-0.984252][14.0374,-14.9816,0][-0.585684,1.28142,-0.507124][0,-0.165354,-0.984252][14.0366,-14.9824,0][-0.838186,0.725838,-0.412682][0,-0.165354,-0.984252][14.0524,-15.0171,0][-0.776066,1.03371,-0.465016][0,-0.165354,-0.984252][14.0485,-14.9979,0][-0.819114,0.725838,-0.412682][0,-0.165354,-0.984252][14.0512,-15.0171,0][-0.758448,1.02652,-0.463792][0,-0.165354,-0.984252][14.0474,-14.9983,0][-0.819114,0.725838,-0.412682][0,-0.165354,-0.984252][14.0512,-15.0171,0][-0.776066,1.03371,-0.465016][0,-0.165354,-0.984252][14.0485,-14.9979,0][-0.819114,0.725838,-0.412682][0,-0.165354,-0.984252][14.0512,-15.0171,0][-0.776066,0.417966,-0.360346][0,-0.165354,-0.984252][14.0485,-15.0364,0][-0.838186,0.725838,-0.412682][0,-0.165354,-0.984252][14.0524,-15.0171,0][-0.776066,0.417966,-0.360346][0,-0.165354,-0.984252][14.0485,-15.0364,0][-0.819114,0.725838,-0.412682][0,-0.165354,-0.984252][14.0512,-15.0171,0][-0.758448,0.42516,-0.36157][0,-0.165354,-0.984252][14.0474,-15.0359,0][-0.59917,0.156962,-0.31598][0,-0.165354,-0.984252][14.0374,-15.0527,0][-0.758448,0.42516,-0.36157][0,-0.165354,-0.984252][14.0474,-15.0359,0][-0.585684,0.170258,-0.31824][0,-0.165354,-0.984252][14.0366,-15.0519,0][-0.758448,0.42516,-0.36157][0,-0.165354,-0.984252][14.0474,-15.0359,0][-0.59917,0.156962,-0.31598][0,-0.165354,-0.984252][14.0374,-15.0527,0][-0.776066,0.417966,-0.360346][0,-0.165354,-0.984252][14.0485,-15.0364,0][-0.334424,-0.0174319,-0.286334][0,-0.165354,-0.984252][14.0209,-15.0636,0][-0.585684,0.170258,-0.31824][0,-0.165354,-0.984252][14.0366,-15.0519,0][-0.327126,-6.16312e-05,-0.289288][0,-0.165354,-0.984252][14.0204,-15.0625,0][-0.585684,0.170258,-0.31824][0,-0.165354,-0.984252][14.0366,-15.0519,0][-0.334424,-0.0174319,-0.286334][0,-0.165354,-0.984252][14.0209,-15.0636,0][-0.59917,0.156962,-0.31598][0,-0.165354,-0.984252][14.0374,-15.0527,0][1.28254e-15,-0.078674,-0.275924][0,-0.165354,-0.984252][14,-15.0674,0][-0.327126,-6.16312e-05,-0.289288][0,-0.165354,-0.984252][14.0204,-15.0625,0][1.28485e-15,-0.0598722,-0.27912][0,-0.165354,-0.984252][14,-15.0662,0][-0.327126,-6.16312e-05,-0.289288][0,-0.165354,-0.984252][14.0204,-15.0625,0][1.28254e-15,-0.078674,-0.275924][0,-0.165354,-0.984252][14,-15.0674,0][-0.334424,-0.0174319,-0.286334][0,-0.165354,-0.984252][14.0209,-15.0636,0][0.619884,1.56506,-0.587808][0.15748,0.15748,-0.976378][13.9613,-14.9647,0][0.408906,1.67308,-0.549058][-0.244094,0.346457,-0.905512][13.9744,-14.9579,0][0.643018,1.62405,-0.588226][0.11811,0.0629921,-0.992126][13.9598,-14.961,0][0.643018,1.62405,-0.588226][0.11811,0.0629921,-0.992126][13.9598,-14.961,0][0.408906,1.67308,-0.549058][-0.244094,0.346457,-0.905512][13.9744,-14.9579,0][0.43683,1.73019,-0.54995][-0.307087,0.275591,-0.913386][13.9727,-14.9544,0][-0.643018,1.62405,-0.588226][-0.11811,0.0629921,-0.992126][14.0402,-14.961,0][-0.408906,1.67308,-0.549058][0.244094,0.346457,-0.905512][14.0256,-14.9579,0][-0.619884,1.56506,-0.587808][-0.15748,0.15748,-0.976378][14.0387,-14.9647,0][-0.408906,1.67308,-0.549058][0.244094,0.346457,-0.905512][14.0256,-14.9579,0][-0.643018,1.62405,-0.588226][-0.11811,0.0629921,-0.992126][14.0402,-14.961,0][-0.43683,1.73019,-0.54995][0.307087,0.275591,-0.913386][14.0273,-14.9544,0][0.43683,1.73019,-0.54995][-0.307087,0.275591,-0.913386][13.9727,-14.9544,0][0.412036,1.96671,-0.392892][-0.377953,0.708661,-0.598425][13.9742,-14.9396,0][0.54067,1.87552,-0.515144][-0.110236,0.527559,-0.84252][13.9662,-14.9453,0][0.412036,1.96671,-0.392892][-0.377953,0.708661,-0.598425][13.9742,-14.9396,0][0.43683,1.73019,-0.54995][-0.307087,0.275591,-0.913386][13.9727,-14.9544,0][0.283362,1.83688,-0.407422][-0.622047,0.480315,-0.622047][13.9823,-14.9477,0][-0.43683,1.73019,-0.54995][0.307087,0.275591,-0.913386][14.0273,-14.9544,0][-0.412036,1.96671,-0.392892][0.377953,0.708661,-0.598425][14.0258,-14.9396,0][-0.283362,1.83688,-0.407422][0.622047,0.480315,-0.622047][14.0177,-14.9477,0][-0.412036,1.96671,-0.392892][0.377953,0.708661,-0.598425][14.0258,-14.9396,0][-0.43683,1.73019,-0.54995][0.307087,0.275591,-0.913386][14.0273,-14.9544,0][-0.54067,1.87552,-0.515144][0.110236,0.527559,-0.84252][14.0338,-14.9453,0][0.493958,0.000356078,0.248324][-0.488189,-0.645669,-0.582677][13.9691,-15.0625,0][0.426272,0.0866864,0.209292][-0.480315,-0.645669,-0.598425][13.9734,-15.0571,0][0.449852,0.0994038,0.18908][-0.149606,-0.496063,-0.858268][13.9719,-15.0563,0][0.493958,0.000356078,0.248324][-0.488189,-0.645669,-0.582677][13.9691,-15.0625,0][0.449852,0.0994038,0.18908][-0.149606,-0.496063,-0.858268][13.9719,-15.0563,0][0.518418,0.0112842,0.228114][-0.15748,-0.503937,-0.850394][13.9676,-15.0618,0][-0.518418,0.0112842,0.228114][0.15748,-0.503937,-0.850394][14.0324,-15.0618,0][-0.449852,0.0994038,0.18908][0.149606,-0.496063,-0.858268][14.0281,-15.0563,0][-0.493958,0.000356078,0.248324][0.488189,-0.645669,-0.582677][14.0309,-15.0625,0][-0.426272,0.0866864,0.209292][0.480315,-0.645669,-0.598425][14.0266,-15.0571,0][-0.493958,0.000356078,0.248324][0.488189,-0.645669,-0.582677][14.0309,-15.0625,0][-0.449852,0.0994038,0.18908][0.149606,-0.496063,-0.858268][14.0281,-15.0563,0][0.596158,1.50571,-0.579414][0.00787402,-0.19685,-0.976378][13.9627,-14.9684,0][0.38362,1.61401,-0.540622][-0.433071,0,-0.897638][13.976,-14.9616,0][0.617918,1.55962,-0.590234][0.110236,0.0551181,-0.992126][13.9614,-14.965,0][0.617918,1.55962,-0.590234][0.110236,0.0551181,-0.992126][13.9614,-14.965,0][0.38362,1.61401,-0.540622][-0.433071,0,-0.897638][13.976,-14.9616,0][0.405156,1.66859,-0.551078][-0.314961,0.251969,-0.913386][13.9747,-14.9582,0][-0.38362,1.61401,-0.540622][0.433071,0,-0.897638][14.024,-14.9616,0][-0.617918,1.55962,-0.590234][-0.110236,0.0551181,-0.992126][14.0386,-14.965,0][-0.405156,1.66859,-0.551078][0.314961,0.251969,-0.913386][14.0253,-14.9582,0][-0.617918,1.55962,-0.590234][-0.110236,0.0551181,-0.992126][14.0386,-14.965,0][-0.38362,1.61401,-0.540622][0.433071,0,-0.897638][14.024,-14.9616,0][-0.596158,1.50571,-0.579414][-0.00787402,-0.19685,-0.976378][14.0373,-14.9684,0][0.751218,1.94816,-0.275988][0.275591,-0.322835,-0.905512][13.953,-14.9407,0][0.790106,2.03708,-0.299638][0.251969,-0.354331,-0.897638][13.9506,-14.9352,0][0.772846,1.94109,-0.261066][0.590551,-0.409449,-0.692913][13.9517,-14.9412,0][0.811732,2.03002,-0.284716][0.574803,-0.433071,-0.692913][13.9493,-14.9356,0][0.772846,1.94109,-0.261066][0.590551,-0.409449,-0.692913][13.9517,-14.9412,0][0.790106,2.03708,-0.299638][0.251969,-0.354331,-0.897638][13.9506,-14.9352,0][-0.790106,2.03708,-0.299638][-0.251969,-0.354331,-0.897638][14.0494,-14.9352,0][-0.772846,1.94109,-0.261066][-0.590551,-0.409449,-0.692913][14.0483,-14.9412,0][-0.811732,2.03002,-0.284716][-0.574803,-0.433071,-0.692913][14.0507,-14.9356,0][-0.772846,1.94109,-0.261066][-0.590551,-0.409449,-0.692913][14.0483,-14.9412,0][-0.790106,2.03708,-0.299638][-0.251969,-0.354331,-0.897638][14.0494,-14.9352,0][-0.751218,1.94816,-0.275988][-0.275591,-0.322835,-0.905512][14.047,-14.9407,0][0.586564,-0.135854,0.296346][-0.724409,-0.456693,-0.519685][13.9633,-15.071,0][0.612724,-0.122174,0.268096][-0.401575,-0.283465,-0.874016][13.9617,-15.0701,0][0.60895,-0.163058,0.303902][-0.456693,-0.779528,-0.433071][13.9619,-15.0727,0][0.60895,-0.163058,0.303902][-0.456693,-0.779528,-0.433071][13.9619,-15.0727,0][0.612724,-0.122174,0.268096][-0.401575,-0.283465,-0.874016][13.9617,-15.0701,0][0.63511,-0.14938,0.275652][-0.133858,-0.606299,-0.779528][13.9603,-15.0718,0][-0.586564,-0.135854,0.296346][0.724409,-0.456693,-0.519685][14.0367,-15.071,0][-0.60895,-0.163058,0.303902][0.456693,-0.779528,-0.433071][14.0381,-15.0727,0][-0.612724,-0.122174,0.268096][0.401575,-0.283465,-0.874016][14.0383,-15.0701,0][-0.60895,-0.163058,0.303902][0.456693,-0.779528,-0.433071][14.0381,-15.0727,0][-0.63511,-0.14938,0.275652][0.133858,-0.606299,-0.779528][14.0397,-15.0718,0][-0.612724,-0.122174,0.268096][0.401575,-0.283465,-0.874016][14.0383,-15.0701,0][0.537726,1.39266,-0.165292][0.606299,-0.377953,-0.700787][13.9664,-14.9755,0][0.751218,1.94816,-0.275988][0.275591,-0.322835,-0.905512][13.953,-14.9407,0][0.772846,1.94109,-0.261066][0.590551,-0.409449,-0.692913][13.9517,-14.9412,0][0.751218,1.94816,-0.275988][0.275591,-0.322835,-0.905512][13.953,-14.9407,0][0.537726,1.39266,-0.165292][0.606299,-0.377953,-0.700787][13.9664,-14.9755,0][0.515878,1.39984,-0.180228][0.291339,-0.283465,-0.913386][13.9678,-14.975,0][-0.751218,1.94816,-0.275988][-0.275591,-0.322835,-0.905512][14.047,-14.9407,0][-0.537726,1.39266,-0.165292][-0.606299,-0.377953,-0.700787][14.0336,-14.9755,0][-0.772846,1.94109,-0.261066][-0.590551,-0.409449,-0.692913][14.0483,-14.9412,0][-0.537726,1.39266,-0.165292][-0.606299,-0.377953,-0.700787][14.0336,-14.9755,0][-0.751218,1.94816,-0.275988][-0.275591,-0.322835,-0.905512][14.047,-14.9407,0][-0.515878,1.39984,-0.180228][-0.291339,-0.283465,-0.913386][14.0322,-14.975,0][0.696062,-0.0992238,0.275652][0.622047,0.00787402,-0.779528][13.9565,-15.0687,0][0.644608,-0.098808,0.257756][0,0.00787402,-1][13.9597,-15.0687,0][0.673676,-0.0720202,0.268096][0.354331,0.338583,-0.874016][13.9579,-15.067,0][0.644608,-0.098808,0.257756][0,0.00787402,-1][13.9597,-15.0687,0][0.696062,-0.0992238,0.275652][0.622047,0.00787402,-0.779528][13.9565,-15.0687,0][0.666994,-0.126014,0.265312][0.259843,-0.322835,-0.913386][13.9583,-15.0704,0][0.673676,-0.0720202,0.268096][0.354331,0.338583,-0.874016][13.9579,-15.067,0][0.714522,-0.0761896,0.303902][0.850394,0.299213,-0.433071][13.9553,-15.0673,0][0.696062,-0.0992238,0.275652][0.622047,0.00787402,-0.779528][13.9565,-15.0687,0][0.714522,-0.0761896,0.303902][0.850394,0.299213,-0.433071][13.9553,-15.0673,0][0.673676,-0.0720202,0.268096][0.354331,0.338583,-0.874016][13.9579,-15.067,0][0.692136,-0.0489842,0.296346][0.582677,0.622047,-0.519685][13.9567,-15.0656,0][0.70839,-0.126512,0.295696][0.771654,-0.314961,-0.543307][13.9557,-15.0704,0][0.666994,-0.126014,0.265312][0.259843,-0.322835,-0.913386][13.9583,-15.0704,0][0.696062,-0.0992238,0.275652][0.622047,0.00787402,-0.779528][13.9565,-15.0687,0][0.666994,-0.126014,0.265312][0.259843,-0.322835,-0.913386][13.9583,-15.0704,0][0.70839,-0.126512,0.295696][0.771654,-0.314961,-0.543307][13.9557,-15.0704,0][0.68508,-0.147994,0.287404][0.480315,-0.582677,-0.653543][13.9572,-15.0718,0][-0.644608,-0.098808,0.257756][0,0.00787402,-1][14.0403,-15.0687,0][-0.696062,-0.0992238,0.275652][-0.622047,0.00787402,-0.779528][14.0435,-15.0687,0][-0.673676,-0.0720202,0.268096][-0.354331,0.338583,-0.874016][14.0421,-15.067,0][-0.696062,-0.0992238,0.275652][-0.622047,0.00787402,-0.779528][14.0435,-15.0687,0][-0.644608,-0.098808,0.257756][0,0.00787402,-1][14.0403,-15.0687,0][-0.666994,-0.126014,0.265312][-0.259843,-0.322835,-0.913386][14.0417,-15.0704,0][-0.666994,-0.126014,0.265312][-0.259843,-0.322835,-0.913386][14.0417,-15.0704,0][-0.70839,-0.126512,0.295696][-0.771654,-0.314961,-0.543307][14.0443,-15.0704,0][-0.696062,-0.0992238,0.275652][-0.622047,0.00787402,-0.779528][14.0435,-15.0687,0][-0.70839,-0.126512,0.295696][-0.771654,-0.314961,-0.543307][14.0443,-15.0704,0][-0.666994,-0.126014,0.265312][-0.259843,-0.322835,-0.913386][14.0417,-15.0704,0][-0.68508,-0.147994,0.287404][-0.480315,-0.582677,-0.653543][14.0428,-15.0718,0][-0.714522,-0.0761896,0.303902][-0.850394,0.299213,-0.433071][14.0447,-15.0673,0][-0.673676,-0.0720202,0.268096][-0.354331,0.338583,-0.874016][14.0421,-15.067,0][-0.696062,-0.0992238,0.275652][-0.622047,0.00787402,-0.779528][14.0435,-15.0687,0][-0.673676,-0.0720202,0.268096][-0.354331,0.338583,-0.874016][14.0421,-15.067,0][-0.714522,-0.0761896,0.303902][-0.850394,0.299213,-0.433071][14.0447,-15.0673,0][-0.692136,-0.0489842,0.296346][-0.582677,0.622047,-0.519685][14.0433,-15.0656,0][0.522598,0.019852,0.244954][-0.220472,-0.448819,-0.866142][13.9673,-15.0613,0][0.627904,-0.142902,0.308716][-0.519685,-0.606299,-0.598425][13.9608,-15.0714,0][0.504414,0.0117258,0.259978][-0.527559,-0.606299,-0.590551][13.9685,-15.0618,0][0.627904,-0.142902,0.308716][-0.519685,-0.606299,-0.598425][13.9608,-15.0714,0][0.522598,0.019852,0.244954][-0.220472,-0.448819,-0.866142][13.9673,-15.0613,0][0.644968,-0.135276,0.294616][-0.204724,-0.440945,-0.874016][13.9597,-15.071,0][-0.627904,-0.142902,0.308716][0.519685,-0.606299,-0.598425][14.0392,-15.0714,0][-0.522598,0.019852,0.244954][0.220472,-0.448819,-0.866142][14.0327,-15.0613,0][-0.504414,0.0117258,0.259978][0.527559,-0.606299,-0.590551][14.0315,-15.0618,0][-0.522598,0.019852,0.244954][0.220472,-0.448819,-0.866142][14.0327,-15.0613,0][-0.627904,-0.142902,0.308716][0.519685,-0.606299,-0.598425][14.0392,-15.0714,0][-0.644968,-0.135276,0.294616][0.204724,-0.440945,-0.874016][14.0403,-15.071,0][-0.081722,1.88606,-0.304644][-0.102362,0,-0.992126][14.0051,-14.9446,0][-0.081722,1.86187,-0.300284][-0.102362,-0.354331,-0.929134][14.0051,-14.9461,0][-0.108374,1.86415,-0.295294][-0.496063,-0.307087,-0.811024][14.0068,-14.946,0][-0.108374,1.88606,-0.299244][-0.496063,0,-0.866142][14.0068,-14.9446,0][-0.081722,1.88606,-0.304644][-0.102362,0,-0.992126][14.0051,-14.9446,0][-0.108374,1.86415,-0.295294][-0.496063,-0.307087,-0.811024][14.0068,-14.946,0][-0.081722,1.88606,-0.304644][-0.102362,0,-0.992126][14.0051,-14.9446,0][-0.108374,1.90796,-0.295294][-0.496063,0.307087,-0.811024][14.0068,-14.9433,0][-0.081722,1.91024,-0.300284][-0.102362,0.354331,-0.929134][14.0051,-14.9431,0][-0.108374,1.90796,-0.295294][-0.496063,0.307087,-0.811024][14.0068,-14.9433,0][-0.081722,1.88606,-0.304644][-0.102362,0,-0.992126][14.0051,-14.9446,0][-0.108374,1.88606,-0.299244][-0.496063,0,-0.866142][14.0068,-14.9446,0][0.408906,1.67308,-0.549058][-0.244094,0.346457,-0.905512][13.9744,-14.9579,0][0.25117,1.78196,-0.403642][-0.559055,0.543307,-0.629921][13.9843,-14.9511,0][0.43683,1.73019,-0.54995][-0.307087,0.275591,-0.913386][13.9727,-14.9544,0][0.25117,1.78196,-0.403642][-0.559055,0.543307,-0.629921][13.9843,-14.9511,0][0.283362,1.83688,-0.407422][-0.622047,0.480315,-0.622047][13.9823,-14.9477,0][0.43683,1.73019,-0.54995][-0.307087,0.275591,-0.913386][13.9727,-14.9544,0][-0.43683,1.73019,-0.54995][0.307087,0.275591,-0.913386][14.0273,-14.9544,0][-0.25117,1.78196,-0.403642][0.559055,0.543307,-0.629921][14.0157,-14.9511,0][-0.408906,1.67308,-0.549058][0.244094,0.346457,-0.905512][14.0256,-14.9579,0][-0.25117,1.78196,-0.403642][0.559055,0.543307,-0.629921][14.0157,-14.9511,0][-0.43683,1.73019,-0.54995][0.307087,0.275591,-0.913386][14.0273,-14.9544,0][-0.283362,1.83688,-0.407422][0.622047,0.480315,-0.622047][14.0177,-14.9477,0][0.831406,2.05668,-0.300288][0.574803,-0.433071,-0.692913][13.948,-14.934,0][0.820358,2.03124,-0.29345][0.582677,-0.440945,-0.685039][13.9487,-14.9355,0][0.80646,2.06464,-0.317376][0.259843,-0.354331,-0.897638][13.9496,-14.9335,0][0.820358,2.03124,-0.29345][0.582677,-0.440945,-0.685039][13.9487,-14.9355,0][0.7954,2.03916,-0.310582][0.267717,-0.354331,-0.897638][13.9503,-14.9351,0][0.80646,2.06464,-0.317376][0.259843,-0.354331,-0.897638][13.9496,-14.9335,0][-0.80646,2.06464,-0.317376][-0.259843,-0.354331,-0.897638][14.0504,-14.9335,0][-0.820358,2.03124,-0.29345][-0.582677,-0.440945,-0.685039][14.0513,-14.9355,0][-0.831406,2.05668,-0.300288][-0.574803,-0.433071,-0.692913][14.052,-14.934,0][-0.820358,2.03124,-0.29345][-0.582677,-0.440945,-0.685039][14.0513,-14.9355,0][-0.80646,2.06464,-0.317376][-0.259843,-0.354331,-0.897638][14.0504,-14.9335,0][-0.7954,2.03916,-0.310582][-0.267717,-0.354331,-0.897638][14.0497,-14.9351,0][0.518418,0.0112842,0.228114][-0.15748,-0.503937,-0.850394][13.9676,-15.0618,0][0.449852,0.0994038,0.18908][-0.149606,-0.496063,-0.858268][13.9719,-15.0563,0][0.476158,0.118954,0.181868][0.204724,-0.251969,-0.944882][13.9702,-15.0551,0][0.518418,0.0112842,0.228114][-0.15748,-0.503937,-0.850394][13.9676,-15.0618,0][0.476158,0.118954,0.181868][0.204724,-0.251969,-0.944882][13.9702,-15.0551,0][0.546104,0.0288262,0.220902][0.204724,-0.251969,-0.944882][13.9659,-15.0607,0][-0.546104,0.0288262,0.220902][-0.204724,-0.251969,-0.944882][14.0341,-15.0607,0][-0.476158,0.118954,0.181868][-0.204724,-0.251969,-0.944882][14.0298,-15.0551,0][-0.518418,0.0112842,0.228114][0.15748,-0.503937,-0.850394][14.0324,-15.0618,0][-0.449852,0.0994038,0.18908][0.149606,-0.496063,-0.858268][14.0281,-15.0563,0][-0.518418,0.0112842,0.228114][0.15748,-0.503937,-0.850394][14.0324,-15.0618,0][-0.476158,0.118954,0.181868][-0.204724,-0.251969,-0.944882][14.0298,-15.0551,0][-0.081722,1.93074,-0.287862][-0.102362,0.669291,-0.732283][14.0051,-14.9418,0][0.081722,1.93074,-0.287862][0.102362,0.669291,-0.732283][13.9949,-14.9418,0][0.081722,1.91024,-0.300284][0.102362,0.354331,-0.929134][13.9949,-14.9431,0][-0.081722,1.93074,-0.287862][-0.102362,0.669291,-0.732283][14.0051,-14.9418,0][0.081722,1.91024,-0.300284][0.102362,0.354331,-0.929134][13.9949,-14.9431,0][-0.081722,1.91024,-0.300284][-0.102362,0.354331,-0.929134][14.0051,-14.9431,0][-0.081722,1.91024,-0.300284][-0.102362,0.354331,-0.929134][14.0051,-14.9431,0][0.081722,1.91024,-0.300284][0.102362,0.354331,-0.929134][13.9949,-14.9431,0][0.081722,1.88606,-0.304644][0.102362,0,-0.992126][13.9949,-14.9446,0][-0.081722,1.91024,-0.300284][-0.102362,0.354331,-0.929134][14.0051,-14.9431,0][0.081722,1.88606,-0.304644][0.102362,0,-0.992126][13.9949,-14.9446,0][-0.081722,1.88606,-0.304644][-0.102362,0,-0.992126][14.0051,-14.9446,0][0.081722,1.88606,-0.304644][0.102362,0,-0.992126][13.9949,-14.9446,0][0.108374,1.86415,-0.295294][0.496063,-0.307087,-0.811024][13.9932,-14.946,0][0.081722,1.86187,-0.300284][0.102362,-0.354331,-0.929134][13.9949,-14.9461,0][0.108374,1.86415,-0.295294][0.496063,-0.307087,-0.811024][13.9932,-14.946,0][0.081722,1.88606,-0.304644][0.102362,0,-0.992126][13.9949,-14.9446,0][0.108374,1.88606,-0.299244][0.496063,0,-0.866142][13.9932,-14.9446,0][0.108374,1.90796,-0.295294][0.496063,0.307087,-0.811024][13.9932,-14.9433,0][0.081722,1.88606,-0.304644][0.102362,0,-0.992126][13.9949,-14.9446,0][0.081722,1.91024,-0.300284][0.102362,0.354331,-0.929134][13.9949,-14.9431,0][0.081722,1.88606,-0.304644][0.102362,0,-0.992126][13.9949,-14.9446,0][0.108374,1.90796,-0.295294][0.496063,0.307087,-0.811024][13.9932,-14.9433,0][0.108374,1.88606,-0.299244][0.496063,0,-0.866142][13.9932,-14.9446,0][-0.081722,1.88606,-0.304644][-0.102362,0,-0.992126][14.0051,-14.9446,0][0.081722,1.88606,-0.304644][0.102362,0,-0.992126][13.9949,-14.9446,0][0.081722,1.86187,-0.300284][0.102362,-0.354331,-0.929134][13.9949,-14.9461,0][-0.081722,1.88606,-0.304644][-0.102362,0,-0.992126][14.0051,-14.9446,0][0.081722,1.86187,-0.300284][0.102362,-0.354331,-0.929134][13.9949,-14.9461,0][-0.081722,1.86187,-0.300284][-0.102362,-0.354331,-0.929134][14.0051,-14.9461,0][-0.081722,1.86187,-0.300284][-0.102362,-0.354331,-0.929134][14.0051,-14.9461,0][0.081722,1.86187,-0.300284][0.102362,-0.354331,-0.929134][13.9949,-14.9461,0][0.081722,1.84137,-0.287862][0.102362,-0.669291,-0.732283][13.9949,-14.9474,0][-0.081722,1.86187,-0.300284][-0.102362,-0.354331,-0.929134][14.0051,-14.9461,0][0.081722,1.84137,-0.287862][0.102362,-0.669291,-0.732283][13.9949,-14.9474,0][-0.081722,1.84137,-0.287862][-0.102362,-0.669291,-0.732283][14.0051,-14.9474,0][0.822502,2.11118,-0.319342][0.377953,-0.0629921,-0.92126][13.9486,-14.9306,0][0.806296,2.07412,-0.309486][0.267717,-0.354331,-0.897638][13.9496,-14.9329,0][0.797842,2.12146,-0.324646][0.0393701,0.0787402,-1][13.9501,-14.9299,0][0.806296,2.07412,-0.309486][0.267717,-0.354331,-0.897638][13.9496,-14.9329,0][0.781636,2.0844,-0.314788][-0.0944882,-0.220472,-0.968504][13.9511,-14.9322,0][0.797842,2.12146,-0.324646][0.0393701,0.0787402,-1][13.9501,-14.9299,0][0.827922,2.06704,-0.294562][0.582677,-0.440945,-0.685039][13.9483,-14.9333,0][0.806296,2.07412,-0.309486][0.267717,-0.354331,-0.897638][13.9496,-14.9329,0][0.822502,2.11118,-0.319342][0.377953,-0.0629921,-0.92126][13.9486,-14.9306,0][0.84413,2.1041,-0.30442][0.677165,-0.149606,-0.716535][13.9472,-14.931,0][0.827922,2.06704,-0.294562][0.582677,-0.440945,-0.685039][13.9483,-14.9333,0][0.822502,2.11118,-0.319342][0.377953,-0.0629921,-0.92126][13.9486,-14.9306,0][-0.797842,2.12146,-0.324646][-0.0393701,0.0787402,-1][14.0499,-14.9299,0][-0.806296,2.07412,-0.309486][-0.267717,-0.354331,-0.897638][14.0504,-14.9329,0][-0.822502,2.11118,-0.319342][-0.377953,-0.0629921,-0.92126][14.0514,-14.9306,0][-0.806296,2.07412,-0.309486][-0.267717,-0.354331,-0.897638][14.0504,-14.9329,0][-0.797842,2.12146,-0.324646][-0.0393701,0.0787402,-1][14.0499,-14.9299,0][-0.781636,2.0844,-0.314788][0.0944882,-0.220472,-0.968504][14.0489,-14.9322,0][-0.827922,2.06704,-0.294562][-0.582677,-0.440945,-0.685039][14.0517,-14.9333,0][-0.822502,2.11118,-0.319342][-0.377953,-0.0629921,-0.92126][14.0514,-14.9306,0][-0.806296,2.07412,-0.309486][-0.267717,-0.354331,-0.897638][14.0504,-14.9329,0][-0.822502,2.11118,-0.319342][-0.377953,-0.0629921,-0.92126][14.0514,-14.9306,0][-0.827922,2.06704,-0.294562][-0.582677,-0.440945,-0.685039][14.0517,-14.9333,0][-0.84413,2.1041,-0.30442][-0.677165,-0.149606,-0.716535][14.0528,-14.931,0][0.38362,1.61401,-0.540622][-0.433071,0,-0.897638][13.976,-14.9616,0][0.224406,1.72325,-0.394336][-0.779528,0.19685,-0.590551][13.986,-14.9548,0][0.405156,1.66859,-0.551078][-0.314961,0.251969,-0.913386][13.9747,-14.9582,0][0.224406,1.72325,-0.394336][-0.779528,0.19685,-0.590551][13.986,-14.9548,0][0.2462,1.7783,-0.404356][-0.645669,0.456693,-0.614173][13.9846,-14.9514,0][0.405156,1.66859,-0.551078][-0.314961,0.251969,-0.913386][13.9747,-14.9582,0][-0.405156,1.66859,-0.551078][0.314961,0.251969,-0.913386][14.0253,-14.9582,0][-0.224406,1.72325,-0.394336][0.779528,0.19685,-0.590551][14.014,-14.9548,0][-0.38362,1.61401,-0.540622][0.433071,0,-0.897638][14.024,-14.9616,0][-0.224406,1.72325,-0.394336][0.779528,0.19685,-0.590551][14.014,-14.9548,0][-0.405156,1.66859,-0.551078][0.314961,0.251969,-0.913386][14.0253,-14.9582,0][-0.2462,1.7783,-0.404356][0.645669,0.456693,-0.614173][14.0154,-14.9514,0][0.515878,1.39984,-0.180228][0.291339,-0.283465,-0.913386][13.9678,-14.975,0][0.726558,1.95846,-0.281292][-0.0787402,-0.181102,-0.976378][13.9546,-14.9401,0][0.751218,1.94816,-0.275988][0.275591,-0.322835,-0.905512][13.953,-14.9407,0][0.726558,1.95846,-0.281292][-0.0787402,-0.181102,-0.976378][13.9546,-14.9401,0][0.515878,1.39984,-0.180228][0.291339,-0.283465,-0.913386][13.9678,-14.975,0][0.491066,1.41023,-0.185372][-0.0629921,-0.141732,-0.984252][13.9693,-14.9744,0][-0.72656,1.95846,-0.281292][0.0787402,-0.181102,-0.976378][14.0454,-14.9401,0][-0.515878,1.39984,-0.180228][-0.291339,-0.283465,-0.913386][14.0322,-14.975,0][-0.751218,1.94816,-0.275988][-0.275591,-0.322835,-0.905512][14.047,-14.9407,0][-0.515878,1.39984,-0.180228][-0.291339,-0.283465,-0.913386][14.0322,-14.975,0][-0.72656,1.95846,-0.281292][0.0787402,-0.181102,-0.976378][14.0454,-14.9401,0][-0.491066,1.41023,-0.185372][0.0629921,-0.141732,-0.984252][14.0307,-14.9744,0][0.010232,1.84786,-0.287144][0,-0.149606,-0.984252][13.9994,-14.947,0][-0.009142,1.60413,-0.249286][0,-0.149606,-0.984252][14.0006,-14.9622,0][-0.009142,1.84786,-0.287144][0,-0.149606,-0.984252][14.0006,-14.947,0][-0.009142,1.60413,-0.249286][0,-0.149606,-0.984252][14.0006,-14.9622,0][0.010232,1.84786,-0.287144][0,-0.149606,-0.984252][13.9994,-14.947,0][0.010232,1.60413,-0.249286][0,-0.149606,-0.984252][13.9994,-14.9622,0][0.54318,0.0328898,0.239592][0.141732,-0.204724,-0.968504][13.9661,-15.0604,0][0.644968,-0.135276,0.294616][-0.204724,-0.440945,-0.874016][13.9597,-15.071,0][0.522598,0.019852,0.244954][-0.220472,-0.448819,-0.866142][13.9673,-15.0613,0][0.644968,-0.135276,0.294616][-0.204724,-0.440945,-0.874016][13.9597,-15.071,0][0.54318,0.0328898,0.239592][0.141732,-0.204724,-0.968504][13.9661,-15.0604,0][0.664282,-0.12304,0.289584][0.149606,-0.19685,-0.968504][13.9585,-15.0702,0][-0.644968,-0.135276,0.294616][0.204724,-0.440945,-0.874016][14.0403,-15.071,0][-0.54318,0.0328898,0.239592][-0.141732,-0.204724,-0.968504][14.0339,-15.0604,0][-0.522598,0.019852,0.244954][0.220472,-0.448819,-0.866142][14.0327,-15.0613,0][-0.54318,0.0328898,0.239592][-0.141732,-0.204724,-0.968504][14.0339,-15.0604,0][-0.644968,-0.135276,0.294616][0.204724,-0.440945,-0.874016][14.0403,-15.071,0][-0.664282,-0.12304,0.289584][-0.149606,-0.19685,-0.968504][14.0415,-15.0702,0][0.80646,2.06464,-0.317376][0.259843,-0.354331,-0.897638][13.9496,-14.9335,0][0.7954,2.03916,-0.310582][0.267717,-0.354331,-0.897638][13.9503,-14.9351,0][0.778084,2.07636,-0.32343][-0.0944882,-0.212598,-0.968504][13.9514,-14.9327,0][0.7954,2.03916,-0.310582][0.267717,-0.354331,-0.897638][13.9503,-14.9351,0][0.766986,2.0509,-0.316664][-0.0944882,-0.220472,-0.968504][13.9521,-14.9343,0][0.778084,2.07636,-0.32343][-0.0944882,-0.212598,-0.968504][13.9514,-14.9327,0][-0.778084,2.07636,-0.32343][0.0944882,-0.212598,-0.968504][14.0486,-14.9327,0][-0.7954,2.03916,-0.310582][-0.267717,-0.354331,-0.897638][14.0497,-14.9351,0][-0.80646,2.06464,-0.317376][-0.259843,-0.354331,-0.897638][14.0504,-14.9335,0][-0.7954,2.03916,-0.310582][-0.267717,-0.354331,-0.897638][14.0497,-14.9351,0][-0.778084,2.07636,-0.32343][0.0944882,-0.212598,-0.968504][14.0486,-14.9327,0][-0.766986,2.0509,-0.316664][0.0944882,-0.220472,-0.968504][14.0479,-14.9343,0][0.476158,0.118954,0.181868][0.204724,-0.251969,-0.944882][13.9702,-15.0551,0][0.571532,0.0495036,0.228114][0.519685,0.0472441,-0.850394][13.9643,-15.0594,0][0.546104,0.0288262,0.220902][0.204724,-0.251969,-0.944882][13.9659,-15.0607,0][0.571532,0.0495036,0.228114][0.519685,0.0472441,-0.850394][13.9643,-15.0594,0][0.476158,0.118954,0.181868][0.204724,-0.251969,-0.944882][13.9702,-15.0551,0][0.499978,0.141464,0.18908][0.519685,0.0393701,-0.850394][13.9688,-15.0537,0][-0.571532,0.0495036,0.228114][-0.519685,0.0472441,-0.850394][14.0357,-15.0594,0][-0.476158,0.118954,0.181868][-0.204724,-0.251969,-0.944882][14.0298,-15.0551,0][-0.546104,0.0288262,0.220902][-0.204724,-0.251969,-0.944882][14.0341,-15.0607,0][-0.476158,0.118954,0.181868][-0.204724,-0.251969,-0.944882][14.0298,-15.0551,0][-0.571532,0.0495036,0.228114][-0.519685,0.0472441,-0.850394][14.0357,-15.0594,0][-0.499978,0.141464,0.18908][-0.519685,0.0393701,-0.850394][14.0312,-15.0537,0][0.726558,1.95846,-0.281292][-0.0787402,-0.181102,-0.976378][13.9546,-14.9401,0][0.765446,2.04738,-0.304942][-0.0944882,-0.212598,-0.968504][13.9522,-14.9345,0][0.751218,1.94816,-0.275988][0.275591,-0.322835,-0.905512][13.953,-14.9407,0][0.790106,2.03708,-0.299638][0.251969,-0.354331,-0.897638][13.9506,-14.9352,0][0.751218,1.94816,-0.275988][0.275591,-0.322835,-0.905512][13.953,-14.9407,0][0.765446,2.04738,-0.304942][-0.0944882,-0.212598,-0.968504][13.9522,-14.9345,0][0.702586,1.97043,-0.276134][-0.425197,-0.015748,-0.905512][13.9561,-14.9393,0][0.765446,2.04738,-0.304942][-0.0944882,-0.212598,-0.968504][13.9522,-14.9345,0][0.726558,1.95846,-0.281292][-0.0787402,-0.181102,-0.976378][13.9546,-14.9401,0][0.765446,2.04738,-0.304942][-0.0944882,-0.212598,-0.968504][13.9522,-14.9345,0][0.702586,1.97043,-0.276134][-0.425197,-0.015748,-0.905512][13.9561,-14.9393,0][0.741472,2.05936,-0.299782][-0.440945,-0.0472441,-0.897638][13.9537,-14.9338,0][-0.765446,2.04738,-0.304942][0.0944882,-0.212598,-0.968504][14.0478,-14.9345,0][-0.751218,1.94816,-0.275988][-0.275591,-0.322835,-0.905512][14.047,-14.9407,0][-0.790106,2.03708,-0.299638][-0.251969,-0.354331,-0.897638][14.0494,-14.9352,0][-0.751218,1.94816,-0.275988][-0.275591,-0.322835,-0.905512][14.047,-14.9407,0][-0.765446,2.04738,-0.304942][0.0944882,-0.212598,-0.968504][14.0478,-14.9345,0][-0.72656,1.95846,-0.281292][0.0787402,-0.181102,-0.976378][14.0454,-14.9401,0][-0.765446,2.04738,-0.304942][0.0944882,-0.212598,-0.968504][14.0478,-14.9345,0][-0.702586,1.97043,-0.276134][0.425197,-0.015748,-0.905512][14.0439,-14.9393,0][-0.72656,1.95846,-0.281292][0.0787402,-0.181102,-0.976378][14.0454,-14.9401,0][-0.702586,1.97043,-0.276134][0.425197,-0.015748,-0.905512][14.0439,-14.9393,0][-0.765446,2.04738,-0.304942][0.0944882,-0.212598,-0.968504][14.0478,-14.9345,0][-0.741474,2.05936,-0.299782][0.440945,-0.0472441,-0.897638][14.0463,-14.9338,0][0.726558,1.95846,-0.281292][-0.0787402,-0.181102,-0.976378][13.9546,-14.9401,0][0.491066,1.41023,-0.185372][-0.0629921,-0.141732,-0.984252][13.9693,-14.9744,0][0.467098,1.42225,-0.179974][-0.409449,0.015748,-0.913386][13.9708,-14.9736,0][0.726558,1.95846,-0.281292][-0.0787402,-0.181102,-0.976378][13.9546,-14.9401,0][0.467098,1.42225,-0.179974][-0.409449,0.015748,-0.913386][13.9708,-14.9736,0][0.702586,1.97043,-0.276134][-0.425197,-0.015748,-0.905512][13.9561,-14.9393,0][-0.702586,1.97043,-0.276134][0.425197,-0.015748,-0.905512][14.0439,-14.9393,0][-0.467098,1.42225,-0.179974][0.409449,0.015748,-0.913386][14.0292,-14.9736,0][-0.72656,1.95846,-0.281292][0.0787402,-0.181102,-0.976378][14.0454,-14.9401,0][-0.72656,1.95846,-0.281292][0.0787402,-0.181102,-0.976378][14.0454,-14.9401,0][-0.467098,1.42225,-0.179974][0.409449,0.015748,-0.913386][14.0292,-14.9736,0][-0.491066,1.41023,-0.185372][0.0629921,-0.141732,-0.984252][14.0307,-14.9744,0][0.562082,0.048262,0.244954][0.472441,0.0866142,-0.874016][13.9649,-15.0595,0][0.682022,-0.108614,0.294616][0.472441,0.0866142,-0.874016][13.9574,-15.0693,0][0.54318,0.0328898,0.239592][0.141732,-0.204724,-0.968504][13.9661,-15.0604,0][0.664282,-0.12304,0.289584][0.149606,-0.19685,-0.968504][13.9585,-15.0702,0][0.54318,0.0328898,0.239592][0.141732,-0.204724,-0.968504][13.9661,-15.0604,0][0.682022,-0.108614,0.294616][0.472441,0.0866142,-0.874016][13.9574,-15.0693,0][-0.682022,-0.108614,0.294616][-0.472441,0.0866142,-0.874016][14.0426,-15.0693,0][-0.54318,0.0328898,0.239592][-0.141732,-0.204724,-0.968504][14.0339,-15.0604,0][-0.664282,-0.12304,0.289584][-0.149606,-0.19685,-0.968504][14.0415,-15.0702,0][-0.54318,0.0328898,0.239592][-0.141732,-0.204724,-0.968504][14.0339,-15.0604,0][-0.682022,-0.108614,0.294616][-0.472441,0.0866142,-0.874016][14.0426,-15.0693,0][-0.562082,0.048262,0.244954][-0.472441,0.0866142,-0.874016][14.0351,-15.0595,0][-0.108374,1.86415,-0.295294][-0.496063,-0.307087,-0.811024][14.0068,-14.946,0][-0.081722,1.86187,-0.300284][-0.102362,-0.354331,-0.929134][14.0051,-14.9461,0][-0.108374,1.84559,-0.284044][-0.204724,-0.661417,-0.724409][14.0068,-14.9472,0][-0.081722,1.86187,-0.300284][-0.102362,-0.354331,-0.929134][14.0051,-14.9461,0][-0.081722,1.84137,-0.287862][-0.102362,-0.669291,-0.732283][14.0051,-14.9474,0][-0.108374,1.84559,-0.284044][-0.204724,-0.661417,-0.724409][14.0068,-14.9472,0][0.081722,1.86187,-0.300284][0.102362,-0.354331,-0.929134][13.9949,-14.9461,0][0.108374,1.84559,-0.284044][0.204724,-0.661417,-0.724409][13.9932,-14.9472,0][0.081722,1.84137,-0.287862][0.102362,-0.669291,-0.732283][13.9949,-14.9474,0][0.108374,1.84559,-0.284044][0.204724,-0.661417,-0.724409][13.9932,-14.9472,0][0.081722,1.86187,-0.300284][0.102362,-0.354331,-0.929134][13.9949,-14.9461,0][0.108374,1.86415,-0.295294][0.496063,-0.307087,-0.811024][13.9932,-14.946,0][0.778084,2.07636,-0.32343][-0.0944882,-0.212598,-0.968504][13.9514,-14.9327,0][0.739404,2.06466,-0.310726][-0.440945,-0.0472441,-0.897638][13.9538,-14.9335,0][0.750546,2.0901,-0.3175][-0.440945,-0.0472441,-0.897638][13.9531,-14.9319,0][0.739404,2.06466,-0.310726][-0.440945,-0.0472441,-0.897638][13.9538,-14.9335,0][0.778084,2.07636,-0.32343][-0.0944882,-0.212598,-0.968504][13.9514,-14.9327,0][0.766986,2.0509,-0.316664][-0.0944882,-0.220472,-0.968504][13.9521,-14.9343,0][-0.778084,2.07636,-0.32343][0.0944882,-0.212598,-0.968504][14.0486,-14.9327,0][-0.739406,2.06466,-0.310726][0.440945,-0.0472441,-0.897638][14.0462,-14.9335,0][-0.766986,2.0509,-0.316664][0.0944882,-0.220472,-0.968504][14.0479,-14.9343,0][-0.739406,2.06466,-0.310726][0.440945,-0.0472441,-0.897638][14.0462,-14.9335,0][-0.778084,2.07636,-0.32343][0.0944882,-0.212598,-0.968504][14.0486,-14.9327,0][-0.750546,2.0901,-0.3175][0.440945,-0.0472441,-0.897638][14.0469,-14.9319,0][0.797842,2.12146,-0.324646][0.0393701,0.0787402,-1][13.9501,-14.9299,0][0.757662,2.09638,-0.30963][-0.440945,-0.0472441,-0.897638][13.9526,-14.9315,0][0.77387,2.13344,-0.319486][-0.291339,0.244094,-0.92126][13.9516,-14.9292,0][0.757662,2.09638,-0.30963][-0.440945,-0.0472441,-0.897638][13.9526,-14.9315,0][0.797842,2.12146,-0.324646][0.0393701,0.0787402,-1][13.9501,-14.9299,0][0.781636,2.0844,-0.314788][-0.0944882,-0.220472,-0.968504][13.9511,-14.9322,0][-0.797842,2.12146,-0.324646][-0.0393701,0.0787402,-1][14.0499,-14.9299,0][-0.757662,2.09638,-0.30963][0.440945,-0.0472441,-0.897638][14.0474,-14.9315,0][-0.781636,2.0844,-0.314788][0.0944882,-0.220472,-0.968504][14.0489,-14.9322,0][-0.757662,2.09638,-0.30963][0.440945,-0.0472441,-0.897638][14.0474,-14.9315,0][-0.797842,2.12146,-0.324646][-0.0393701,0.0787402,-1][14.0499,-14.9299,0][-0.77387,2.13344,-0.319486][0.291339,0.244094,-0.92126][14.0484,-14.9292,0][0.499978,0.141464,0.18908][0.519685,0.0393701,-0.850394][13.9688,-15.0537,0][0.589666,0.0692238,0.248324][0.740157,0.330709,-0.582677][13.9631,-15.0582,0][0.571532,0.0495036,0.228114][0.519685,0.0472441,-0.850394][13.9643,-15.0594,0][0.589666,0.0692238,0.248324][0.740157,0.330709,-0.582677][13.9631,-15.0582,0][0.499978,0.141464,0.18908][0.519685,0.0393701,-0.850394][13.9688,-15.0537,0][0.516596,0.162478,0.209292][0.732283,0.322835,-0.598425][13.9677,-15.0523,0][-0.589666,0.0692238,0.248324][-0.740157,0.330709,-0.582677][14.0369,-15.0582,0][-0.499978,0.141464,0.18908][-0.519685,0.0393701,-0.850394][14.0312,-15.0537,0][-0.571532,0.0495036,0.228114][-0.519685,0.0472441,-0.850394][14.0357,-15.0594,0][-0.499978,0.141464,0.18908][-0.519685,0.0393701,-0.850394][14.0312,-15.0537,0][-0.589666,0.0692238,0.248324][-0.740157,0.330709,-0.582677][14.0369,-15.0582,0][-0.516596,0.162478,0.209292][-0.732283,0.322835,-0.598425][14.0323,-15.0523,0][0.575562,0.0629218,0.259978][0.708661,0.346457,-0.606299][13.964,-15.0586,0][0.694672,-0.094856,0.308716][0.708661,0.346457,-0.606299][13.9566,-15.0684,0][0.562082,0.048262,0.244954][0.472441,0.0866142,-0.874016][13.9649,-15.0595,0][0.682022,-0.108614,0.294616][0.472441,0.0866142,-0.874016][13.9574,-15.0693,0][0.562082,0.048262,0.244954][0.472441,0.0866142,-0.874016][13.9649,-15.0595,0][0.694672,-0.094856,0.308716][0.708661,0.346457,-0.606299][13.9566,-15.0684,0][-0.694672,-0.094856,0.308716][-0.708661,0.346457,-0.606299][14.0434,-15.0684,0][-0.562082,0.048262,0.244954][-0.472441,0.0866142,-0.874016][14.0351,-15.0595,0][-0.682022,-0.108614,0.294616][-0.472441,0.0866142,-0.874016][14.0426,-15.0693,0][-0.562082,0.048262,0.244954][-0.472441,0.0866142,-0.874016][14.0351,-15.0595,0][-0.694672,-0.094856,0.308716][-0.708661,0.346457,-0.606299][14.0434,-15.0684,0][-0.575562,0.0629218,0.259978][-0.708661,0.346457,-0.606299][14.036,-15.0586,0][0.702586,1.97043,-0.276134][-0.425197,-0.015748,-0.905512][13.9561,-14.9393,0][0.467098,1.42225,-0.179974][-0.409449,0.015748,-0.913386][13.9708,-14.9736,0][0.447628,1.43404,-0.164904][-0.692913,0.173228,-0.692913][13.972,-14.9729,0][0.702586,1.97043,-0.276134][-0.425197,-0.015748,-0.905512][13.9561,-14.9393,0][0.447628,1.43404,-0.164904][-0.692913,0.173228,-0.692913][13.972,-14.9729,0][0.682956,1.98226,-0.261242][-0.708661,0.15748,-0.685039][13.9573,-14.9386,0][-0.682956,1.98226,-0.261242][0.708661,0.15748,-0.685039][14.0427,-14.9386,0][-0.447628,1.43404,-0.164904][0.692913,0.173228,-0.692913][14.028,-14.9729,0][-0.702586,1.97043,-0.276134][0.425197,-0.015748,-0.905512][14.0439,-14.9393,0][-0.702586,1.97043,-0.276134][0.425197,-0.015748,-0.905512][14.0439,-14.9393,0][-0.447628,1.43404,-0.164904][0.692913,0.173228,-0.692913][14.028,-14.9729,0][-0.467098,1.42225,-0.179974][0.409449,0.015748,-0.913386][14.0292,-14.9736,0][0.306844,1.91891,0.012242][0.661417,-0.669291,-0.338583][13.9808,-14.9426,0][0.443358,1.89249,0.168388][0.338583,-0.598425,-0.732283][13.9723,-14.9442,0][0.390562,1.79183,0.204008][0.393701,-0.480315,-0.779528][13.9756,-14.9505,0][0.390562,1.79183,0.204008][0.393701,-0.480315,-0.779528][13.9756,-14.9505,0][0.246818,1.81958,0.040348][0.740157,-0.551181,-0.377953][13.9846,-14.9488,0][0.306844,1.91891,0.012242][0.661417,-0.669291,-0.338583][13.9808,-14.9426,0][-0.443358,1.89249,0.168388][-0.338583,-0.598425,-0.732283][14.0277,-14.9442,0][-0.306844,1.91891,0.012242][-0.661417,-0.669291,-0.338583][14.0192,-14.9426,0][-0.390562,1.79183,0.204008][-0.393701,-0.480315,-0.779528][14.0244,-14.9505,0][-0.390562,1.79183,0.204008][-0.393701,-0.480315,-0.779528][14.0244,-14.9505,0][-0.306844,1.91891,0.012242][-0.661417,-0.669291,-0.338583][14.0192,-14.9426,0][-0.246818,1.81958,0.040348][-0.740157,-0.551181,-0.377953][14.0154,-14.9488,0][0.750546,2.0901,-0.3175][-0.440945,-0.0472441,-0.897638][13.9531,-14.9319,0][0.716864,2.07836,-0.293612][-0.716535,0.133858,-0.685039][13.9552,-14.9326,0][0.728028,2.10376,-0.300422][-0.708661,0.125984,-0.692913][13.9545,-14.931,0][0.716864,2.07836,-0.293612][-0.716535,0.133858,-0.685039][13.9552,-14.9326,0][0.750546,2.0901,-0.3175][-0.440945,-0.0472441,-0.897638][13.9531,-14.9319,0][0.739404,2.06466,-0.310726][-0.440945,-0.0472441,-0.897638][13.9538,-14.9335,0][-0.750546,2.0901,-0.3175][0.440945,-0.0472441,-0.897638][14.0469,-14.9319,0][-0.716864,2.07836,-0.293612][0.716535,0.133858,-0.685039][14.0448,-14.9326,0][-0.739406,2.06466,-0.310726][0.440945,-0.0472441,-0.897638][14.0462,-14.9335,0][-0.716864,2.07836,-0.293612][0.716535,0.133858,-0.685039][14.0448,-14.9326,0][-0.750546,2.0901,-0.3175][0.440945,-0.0472441,-0.897638][14.0469,-14.9319,0][-0.728028,2.10376,-0.300422][0.708661,0.125984,-0.692913][14.0455,-14.931,0][0.77387,2.13344,-0.319486][-0.291339,0.244094,-0.92126][13.9516,-14.9292,0][0.73803,2.10822,-0.294738][-0.716535,0.133858,-0.685039][13.9539,-14.9307,0][0.754238,2.14528,-0.304596][-0.559055,0.417323,-0.716535][13.9529,-14.9284,0][0.73803,2.10822,-0.294738][-0.716535,0.133858,-0.685039][13.9539,-14.9307,0][0.77387,2.13344,-0.319486][-0.291339,0.244094,-0.92126][13.9516,-14.9292,0][0.757662,2.09638,-0.30963][-0.440945,-0.0472441,-0.897638][13.9526,-14.9315,0][0.682956,1.98226,-0.261242][-0.708661,0.15748,-0.685039][13.9573,-14.9386,0][0.741472,2.05936,-0.299782][-0.440945,-0.0472441,-0.897638][13.9537,-14.9338,0][0.702586,1.97043,-0.276134][-0.425197,-0.015748,-0.905512][13.9561,-14.9393,0][0.741472,2.05936,-0.299782][-0.440945,-0.0472441,-0.897638][13.9537,-14.9338,0][0.682956,1.98226,-0.261242][-0.708661,0.15748,-0.685039][13.9573,-14.9386,0][0.72184,2.0712,-0.284892][-0.708661,0.125984,-0.692913][13.9549,-14.9331,0][-0.77387,2.13344,-0.319486][0.291339,0.244094,-0.92126][14.0484,-14.9292,0][-0.73803,2.10822,-0.294738][0.716535,0.133858,-0.685039][14.0461,-14.9307,0][-0.757662,2.09638,-0.30963][0.440945,-0.0472441,-0.897638][14.0474,-14.9315,0][-0.73803,2.10822,-0.294738][0.716535,0.133858,-0.685039][14.0461,-14.9307,0][-0.77387,2.13344,-0.319486][0.291339,0.244094,-0.92126][14.0484,-14.9292,0][-0.754238,2.14528,-0.304596][0.559055,0.417323,-0.716535][14.0471,-14.9284,0][-0.741474,2.05936,-0.299782][0.440945,-0.0472441,-0.897638][14.0463,-14.9338,0][-0.682956,1.98226,-0.261242][0.708661,0.15748,-0.685039][14.0427,-14.9386,0][-0.702586,1.97043,-0.276134][0.425197,-0.015748,-0.905512][14.0439,-14.9393,0][-0.682956,1.98226,-0.261242][0.708661,0.15748,-0.685039][14.0427,-14.9386,0][-0.741474,2.05936,-0.299782][0.440945,-0.0472441,-0.897638][14.0463,-14.9338,0][-0.721842,2.0712,-0.284892][0.708661,0.125984,-0.692913][14.0451,-14.9331,0][0.443358,1.89249,0.168388][0.338583,-0.598425,-0.732283][13.9723,-14.9442,0][0.6304,1.82125,0.237982][-0.102362,-0.425197,-0.897638][13.9606,-14.9487,0][0.586498,1.71744,0.275962][-0.0629921,-0.322835,-0.944882][13.9633,-14.9552,0][0.586498,1.71744,0.275962][-0.0629921,-0.322835,-0.944882][13.9633,-14.9552,0][0.390562,1.79183,0.204008][0.393701,-0.480315,-0.779528][13.9756,-14.9505,0][0.443358,1.89249,0.168388][0.338583,-0.598425,-0.732283][13.9723,-14.9442,0][-0.443358,1.89249,0.168388][-0.338583,-0.598425,-0.732283][14.0277,-14.9442,0][-0.586498,1.71744,0.275962][0.0629921,-0.322835,-0.944882][14.0367,-14.9552,0][-0.6304,1.82125,0.237982][0.102362,-0.425197,-0.897638][14.0394,-14.9487,0][-0.586498,1.71744,0.275962][0.0629921,-0.322835,-0.944882][14.0367,-14.9552,0][-0.443358,1.89249,0.168388][-0.338583,-0.598425,-0.732283][14.0277,-14.9442,0][-0.390562,1.79183,0.204008][-0.393701,-0.480315,-0.779528][14.0244,-14.9505,0][0.57581,-0.101474,0.297182][-0.858268,-0.0472441,-0.519685][13.964,-15.0688,0][0.612724,-0.122174,0.268096][-0.401575,-0.283465,-0.874016][13.9617,-15.0701,0][0.586564,-0.135854,0.296346][-0.724409,-0.456693,-0.519685][13.9633,-15.071,0][0.612724,-0.122174,0.268096][-0.401575,-0.283465,-0.874016][13.9617,-15.0701,0][0.57581,-0.101474,0.297182][-0.858268,-0.0472441,-0.519685][13.964,-15.0688,0][0.596788,-0.0905042,0.274528][-0.590551,0.0944882,-0.80315][13.9627,-15.0682,0][-0.57581,-0.101474,0.297182][0.858268,-0.0472441,-0.519685][14.036,-15.0688,0][-0.612724,-0.122174,0.268096][0.401575,-0.283465,-0.874016][14.0383,-15.0701,0][-0.596788,-0.0905042,0.274528][0.590551,0.0944882,-0.80315][14.0373,-15.0682,0][-0.612724,-0.122174,0.268096][0.401575,-0.283465,-0.874016][14.0383,-15.0701,0][-0.57581,-0.101474,0.297182][0.858268,-0.0472441,-0.519685][14.036,-15.0688,0][-0.586564,-0.135854,0.296346][0.724409,-0.456693,-0.519685][14.0367,-15.071,0][0.69633,1.93829,0.151178][-0.244094,-0.685039,-0.685039][13.9565,-14.9414,0][0.6304,1.82125,0.237982][-0.102362,-0.425197,-0.897638][13.9606,-14.9487,0][0.538534,1.99874,0.092692][0.125984,-0.826772,-0.543307][13.9663,-14.9376,0][0.6304,1.82125,0.237982][-0.102362,-0.425197,-0.897638][13.9606,-14.9487,0][0.443358,1.89249,0.168388][0.338583,-0.598425,-0.732283][13.9723,-14.9442,0][0.538534,1.99874,0.092692][0.125984,-0.826772,-0.543307][13.9663,-14.9376,0][-0.69633,1.93829,0.151178][0.244094,-0.685039,-0.685039][14.0435,-14.9414,0][-0.538534,1.99874,0.092692][-0.125984,-0.826772,-0.543307][14.0337,-14.9376,0][-0.6304,1.82125,0.237982][0.102362,-0.425197,-0.897638][14.0394,-14.9487,0][-0.6304,1.82125,0.237982][0.102362,-0.425197,-0.897638][14.0394,-14.9487,0][-0.538534,1.99874,0.092692][-0.125984,-0.826772,-0.543307][14.0337,-14.9376,0][-0.443358,1.89249,0.168388][-0.338583,-0.598425,-0.732283][14.0277,-14.9442,0][0.819062,1.72403,0.203686][-0.535433,-0.220472,-0.818898][13.9488,-14.9547,0][0.586498,1.71744,0.275962][-0.0629921,-0.322835,-0.944882][13.9633,-14.9552,0][0.6304,1.82125,0.237982][-0.102362,-0.425197,-0.897638][13.9606,-14.9487,0][0.586498,1.71744,0.275962][-0.0629921,-0.322835,-0.944882][13.9633,-14.9552,0][0.819062,1.72403,0.203686][-0.535433,-0.220472,-0.818898][13.9488,-14.9547,0][0.783186,1.61628,0.239466][-0.511811,-0.11811,-0.850394][13.9511,-14.9615,0][-0.819062,1.72403,0.203686][0.535433,-0.220472,-0.818898][14.0512,-14.9547,0][-0.586498,1.71744,0.275962][0.0629921,-0.322835,-0.944882][14.0367,-14.9552,0][-0.783186,1.61628,0.239466][0.511811,-0.11811,-0.850394][14.0489,-14.9615,0][-0.586498,1.71744,0.275962][0.0629921,-0.322835,-0.944882][14.0367,-14.9552,0][-0.819062,1.72403,0.203686][0.535433,-0.220472,-0.818898][14.0512,-14.9547,0][-0.6304,1.82125,0.237982][0.102362,-0.425197,-0.897638][14.0394,-14.9487,0][0.596788,-0.0905042,0.274528][-0.590551,0.0944882,-0.80315][13.9627,-15.0682,0][0.644608,-0.098808,0.257756][0,0.00787402,-1][13.9597,-15.0687,0][0.612724,-0.122174,0.268096][-0.401575,-0.283465,-0.874016][13.9617,-15.0701,0][0.644608,-0.098808,0.257756][0,0.00787402,-1][13.9597,-15.0687,0][0.596788,-0.0905042,0.274528][-0.590551,0.0944882,-0.80315][13.9627,-15.0682,0][0.622358,-0.0717656,0.266236][-0.267717,0.330709,-0.905512][13.9611,-15.067,0][0.622358,-0.0717656,0.266236][-0.267717,0.330709,-0.905512][13.9611,-15.067,0][0.604646,-0.050244,0.28907][-0.488189,0.590551,-0.637795][13.9622,-15.0656,0][0.617582,-0.038322,0.293672][-0.314961,0.748031,-0.574803][13.9614,-15.0649,0][0.645668,-0.050284,0.274528][0.023622,0.598425,-0.80315][13.9596,-15.0656,0][0.622358,-0.0717656,0.266236][-0.267717,0.330709,-0.905512][13.9611,-15.067,0][0.617582,-0.038322,0.293672][-0.314961,0.748031,-0.574803][13.9614,-15.0649,0][0.612724,-0.122174,0.268096][-0.401575,-0.283465,-0.874016][13.9617,-15.0701,0][0.644608,-0.098808,0.257756][0,0.00787402,-1][13.9597,-15.0687,0][0.63511,-0.14938,0.275652][-0.133858,-0.606299,-0.779528][13.9603,-15.0718,0][0.63511,-0.14938,0.275652][-0.133858,-0.606299,-0.779528][13.9603,-15.0718,0][0.644608,-0.098808,0.257756][0,0.00787402,-1][13.9597,-15.0687,0][0.666994,-0.126014,0.265312][0.259843,-0.322835,-0.913386][13.9583,-15.0704,0][0.644608,-0.098808,0.257756][0,0.00787402,-1][13.9597,-15.0687,0][0.645668,-0.050284,0.274528][0.023622,0.598425,-0.80315][13.9596,-15.0656,0][0.673676,-0.0720202,0.268096][0.354331,0.338583,-0.874016][13.9579,-15.067,0][0.622358,-0.0717656,0.266236][-0.267717,0.330709,-0.905512][13.9611,-15.067,0][0.645668,-0.050284,0.274528][0.023622,0.598425,-0.80315][13.9596,-15.0656,0][0.644608,-0.098808,0.257756][0,0.00787402,-1][13.9597,-15.0687,0][-0.596788,-0.0905042,0.274528][0.590551,0.0944882,-0.80315][14.0373,-15.0682,0][-0.644608,-0.098808,0.257756][0,0.00787402,-1][14.0403,-15.0687,0][-0.622358,-0.0717656,0.266236][0.267717,0.330709,-0.905512][14.0389,-15.067,0][-0.644608,-0.098808,0.257756][0,0.00787402,-1][14.0403,-15.0687,0][-0.596788,-0.0905042,0.274528][0.590551,0.0944882,-0.80315][14.0373,-15.0682,0][-0.612724,-0.122174,0.268096][0.401575,-0.283465,-0.874016][14.0383,-15.0701,0][-0.622358,-0.0717656,0.266236][0.267717,0.330709,-0.905512][14.0389,-15.067,0][-0.617582,-0.038322,0.293672][0.314961,0.748031,-0.574803][14.0386,-15.0649,0][-0.604646,-0.050244,0.28907][0.488189,0.590551,-0.637795][14.0378,-15.0656,0][-0.645668,-0.050284,0.274528][-0.023622,0.598425,-0.80315][14.0404,-15.0656,0][-0.617582,-0.038322,0.293672][0.314961,0.748031,-0.574803][14.0386,-15.0649,0][-0.622358,-0.0717656,0.266236][0.267717,0.330709,-0.905512][14.0389,-15.067,0][-0.612724,-0.122174,0.268096][0.401575,-0.283465,-0.874016][14.0383,-15.0701,0][-0.63511,-0.14938,0.275652][0.133858,-0.606299,-0.779528][14.0397,-15.0718,0][-0.644608,-0.098808,0.257756][0,0.00787402,-1][14.0403,-15.0687,0][-0.63511,-0.14938,0.275652][0.133858,-0.606299,-0.779528][14.0397,-15.0718,0][-0.666994,-0.126014,0.265312][-0.259843,-0.322835,-0.913386][14.0417,-15.0704,0][-0.644608,-0.098808,0.257756][0,0.00787402,-1][14.0403,-15.0687,0][-0.644608,-0.098808,0.257756][0,0.00787402,-1][14.0403,-15.0687,0][-0.645668,-0.050284,0.274528][-0.023622,0.598425,-0.80315][14.0404,-15.0656,0][-0.622358,-0.0717656,0.266236][0.267717,0.330709,-0.905512][14.0389,-15.067,0][-0.644608,-0.098808,0.257756][0,0.00787402,-1][14.0403,-15.0687,0][-0.673676,-0.0720202,0.268096][-0.354331,0.338583,-0.874016][14.0421,-15.067,0][-0.645668,-0.050284,0.274528][-0.023622,0.598425,-0.80315][14.0404,-15.0656,0][0.334424,-0.0174319,-0.286334][-0.299213,0.622047,-0.724409][13.9791,-15.0636,0][0.621328,0.128216,-0.352864][-0.559055,0.456693,-0.692913][13.9612,-15.0545,0][0.346416,-0.0528762,-0.32208][-0.299213,0.622047,-0.724409][13.9783,-15.0658,0][0.621328,0.128216,-0.352864][-0.559055,0.456693,-0.692913][13.9612,-15.0545,0][0.334424,-0.0174319,-0.286334][-0.299213,0.622047,-0.724409][13.9791,-15.0636,0][0.59917,0.156962,-0.31598][-0.559055,0.456693,-0.692913][13.9626,-15.0527,0][-0.346416,-0.0528762,-0.32208][0.299213,0.622047,-0.724409][14.0217,-15.0658,0][-0.621328,0.128216,-0.352864][0.559055,0.456693,-0.692913][14.0388,-15.0545,0][-0.334424,-0.0174319,-0.286334][0.299213,0.622047,-0.724409][14.0209,-15.0636,0][-0.621328,0.128216,-0.352864][0.559055,0.456693,-0.692913][14.0388,-15.0545,0][-0.59917,0.156962,-0.31598][0.559055,0.456693,-0.692913][14.0374,-15.0527,0][-0.334424,-0.0174319,-0.286334][0.299213,0.622047,-0.724409][14.0209,-15.0636,0][0.959806,1.62616,0.073534][-0.858268,-0.015748,-0.511811][13.94,-14.9609,0][0.783186,1.61628,0.239466][-0.511811,-0.11811,-0.850394][13.9511,-14.9615,0][0.819062,1.72403,0.203686][-0.535433,-0.220472,-0.818898][13.9488,-14.9547,0][0.783186,1.61628,0.239466][-0.511811,-0.11811,-0.850394][13.9511,-14.9615,0][0.959806,1.62616,0.073534][-0.858268,-0.015748,-0.511811][13.94,-14.9609,0][0.929776,1.51457,0.10339][-0.84252,0.0866142,-0.535433][13.9419,-14.9678,0][-0.959806,1.62616,0.073534][0.858268,-0.015748,-0.511811][14.06,-14.9609,0][-0.783186,1.61628,0.239466][0.511811,-0.11811,-0.850394][14.0489,-14.9615,0][-0.929776,1.51457,0.10339][0.84252,0.0866142,-0.535433][14.0581,-14.9678,0][-0.783186,1.61628,0.239466][0.511811,-0.11811,-0.850394][14.0489,-14.9615,0][-0.959806,1.62616,0.073534][0.858268,-0.015748,-0.511811][14.06,-14.9609,0][-0.819062,1.72403,0.203686][0.535433,-0.220472,-0.818898][14.0512,-14.9547,0][0.855206,1.85626,0.121652][-0.606299,-0.503937,-0.614173][13.9465,-14.9465,0][0.6304,1.82125,0.237982][-0.102362,-0.425197,-0.897638][13.9606,-14.9487,0][0.69633,1.93829,0.151178][-0.244094,-0.685039,-0.685039][13.9565,-14.9414,0][0.6304,1.82125,0.237982][-0.102362,-0.425197,-0.897638][13.9606,-14.9487,0][0.855206,1.85626,0.121652][-0.606299,-0.503937,-0.614173][13.9465,-14.9465,0][0.819062,1.72403,0.203686][-0.535433,-0.220472,-0.818898][13.9488,-14.9547,0][-0.855206,1.85626,0.121652][0.606299,-0.503937,-0.614173][14.0535,-14.9465,0][-0.6304,1.82125,0.237982][0.102362,-0.425197,-0.897638][14.0394,-14.9487,0][-0.819062,1.72403,0.203686][0.535433,-0.220472,-0.818898][14.0512,-14.9547,0][-0.6304,1.82125,0.237982][0.102362,-0.425197,-0.897638][14.0394,-14.9487,0][-0.855206,1.85626,0.121652][0.606299,-0.503937,-0.614173][14.0535,-14.9465,0][-0.69633,1.93829,0.151178][0.244094,-0.685039,-0.685039][14.0435,-14.9414,0][0.346416,-0.0528762,-0.32208][-0.299213,0.622047,-0.724409][13.9783,-15.0658,0][1.28254e-15,-0.078674,-0.275924][0,0.685039,-0.732283][14,-15.0674,0][0.334424,-0.0174319,-0.286334][-0.299213,0.622047,-0.724409][13.9791,-15.0636,0][1.28254e-15,-0.078674,-0.275924][0,0.685039,-0.732283][14,-15.0674,0][0.346416,-0.0528762,-0.32208][-0.299213,0.622047,-0.724409][13.9783,-15.0658,0][1.27792e-15,-0.116468,-0.31127][0,0.685039,-0.732283][14,-15.0698,0][1.27792e-15,-0.116468,-0.31127][0,0.685039,-0.732283][14,-15.0698,0][-0.346416,-0.0528762,-0.32208][0.299213,0.622047,-0.724409][14.0217,-15.0658,0][1.28254e-15,-0.078674,-0.275924][0,0.685039,-0.732283][14,-15.0674,0][1.28254e-15,-0.078674,-0.275924][0,0.685039,-0.732283][14,-15.0674,0][-0.346416,-0.0528762,-0.32208][0.299213,0.622047,-0.724409][14.0217,-15.0658,0][-0.334424,-0.0174319,-0.286334][0.299213,0.622047,-0.724409][14.0209,-15.0636,0][0.692136,-0.0489842,0.296346][0.582677,0.622047,-0.519685][13.9567,-15.0656,0][0.673676,-0.0720202,0.268096][0.354331,0.338583,-0.874016][13.9579,-15.067,0][0.660472,-0.0318104,0.297182][0.204724,0.834646,-0.519685][13.9587,-15.0645,0][0.673676,-0.0720202,0.268096][0.354331,0.338583,-0.874016][13.9579,-15.067,0][0.645668,-0.050284,0.274528][0.023622,0.598425,-0.80315][13.9596,-15.0656,0][0.660472,-0.0318104,0.297182][0.204724,0.834646,-0.519685][13.9587,-15.0645,0][-0.692136,-0.0489842,0.296346][-0.582677,0.622047,-0.519685][14.0433,-15.0656,0][-0.660472,-0.0318104,0.297182][-0.204724,0.834646,-0.519685][14.0413,-15.0645,0][-0.673676,-0.0720202,0.268096][-0.354331,0.338583,-0.874016][14.0421,-15.067,0][-0.673676,-0.0720202,0.268096][-0.354331,0.338583,-0.874016][14.0421,-15.067,0][-0.660472,-0.0318104,0.297182][-0.204724,0.834646,-0.519685][14.0413,-15.0645,0][-0.645668,-0.050284,0.274528][-0.023622,0.598425,-0.80315][14.0404,-15.0656,0][0.590456,-0.0606418,0.293672][-0.677165,0.456693,-0.574803][13.9631,-15.0663,0][0.622358,-0.0717656,0.266236][-0.267717,0.330709,-0.905512][13.9611,-15.067,0][0.596788,-0.0905042,0.274528][-0.590551,0.0944882,-0.80315][13.9627,-15.0682,0][0.622358,-0.0717656,0.266236][-0.267717,0.330709,-0.905512][13.9611,-15.067,0][0.590456,-0.0606418,0.293672][-0.677165,0.456693,-0.574803][13.9631,-15.0663,0][0.604646,-0.050244,0.28907][-0.488189,0.590551,-0.637795][13.9622,-15.0656,0][-0.590456,-0.0606418,0.293672][0.677165,0.456693,-0.574803][14.0369,-15.0663,0][-0.622358,-0.0717656,0.266236][0.267717,0.330709,-0.905512][14.0389,-15.067,0][-0.604646,-0.050244,0.28907][0.488189,0.590551,-0.637795][14.0378,-15.0656,0][-0.622358,-0.0717656,0.266236][0.267717,0.330709,-0.905512][14.0389,-15.067,0][-0.590456,-0.0606418,0.293672][0.677165,0.456693,-0.574803][14.0369,-15.0663,0][-0.596788,-0.0905042,0.274528][0.590551,0.0944882,-0.80315][14.0373,-15.0682,0]