version 1.00
2262
[-1.80208,1.77446,0.110095][-0.621519,-0.0198075,0.783148][0.110402,0.932919,0][-1.97474,1.97466,-0.0930647][-0.182487,0.863886,0.469467][0.131816,0.947195,0][-2.02149,1.87889,-0.060755][-0.620518,0.038734,0.783235][0.131816,0.932919,0][-1.97474,1.97466,-0.0930647][-0.182487,0.863886,0.469467][0.131816,0.947195,0][-1.80208,1.77446,0.110095][-0.621519,-0.0198075,0.783148][0.110402,0.932919,0][-1.75177,1.84715,0.0948574][-0.0598254,0.791057,0.60881][0.110402,0.947195,0][-2.02149,1.87889,-0.060755][-0.620518,0.038734,0.783235][0.131816,0.932919,0][-1.79241,1.70176,0.0578173][-0.513333,-0.831643,0.2118][0.110402,0.918643,0][-1.80208,1.77446,0.110095][-0.621519,-0.0198075,0.783148][0.110402,0.932919,0][-2.24784,1.95199,-0.303373][-0.413118,0.8568,0.308588][0.15323,0.947195,0][-2.02149,1.87889,-0.060755][-0.620518,0.038734,0.783235][0.131816,0.932919,0][-1.97474,1.97466,-0.0930647][-0.182487,0.863886,0.469467][0.131816,0.947195,0][-1.79241,1.70176,0.0578173][-0.513333,-0.831643,0.2118][0.110402,0.918643,0][-2.02149,1.87889,-0.060755][-0.620518,0.038734,0.783235][0.131816,0.932919,0][-1.99873,1.78487,-0.116393][-0.42773,-0.854674,0.294245][0.131816,0.918643,0][-1.99873,1.78487,-0.116393][-0.42773,-0.854674,0.294245][0.131816,0.918643,0][-1.73243,1.70176,-0.00969708][0.156905,-0.836614,-0.524841][0.110402,0.904368,0][-1.79241,1.70176,0.0578173][-0.513333,-0.831643,0.2118][0.110402,0.918643,0][-2.02149,1.87889,-0.060755][-0.620518,0.038734,0.783235][0.131816,0.932919,0][-2.24784,1.95199,-0.303373][-0.413118,0.8568,0.308588][0.15323,0.947195,0][-2.26327,1.87444,-0.260507][-0.608682,0.0237029,0.79306][0.15323,0.932919,0][-2.52394,1.85348,-0.49632][-0.689936,0.715166,0.111919][0.174643,0.947195,0][-2.26327,1.87444,-0.260507][-0.608682,0.0237029,0.79306][0.15323,0.932919,0][-2.24784,1.95199,-0.303373][-0.413118,0.8568,0.308588][0.15323,0.947195,0][-2.02149,1.87889,-0.060755][-0.620518,0.038734,0.783235][0.131816,0.932919,0][-2.22752,1.79839,-0.292209][-0.215546,-0.861506,0.459726][0.15323,0.918643,0][-1.99873,1.78487,-0.116393][-0.42773,-0.854674,0.294245][0.131816,0.918643,0][-2.02149,1.87889,-0.060755][-0.620518,0.038734,0.783235][0.131816,0.932919,0][-2.26327,1.87444,-0.260507][-0.608682,0.0237029,0.79306][0.15323,0.932919,0][-2.22752,1.79839,-0.292209][-0.215546,-0.861506,0.459726][0.15323,0.918643,0][-2.26327,1.87444,-0.260507][-0.608682,0.0237029,0.79306][0.15323,0.932919,0][-2.52394,1.85348,-0.49632][-0.689936,0.715166,0.111919][0.174643,0.947195,0][-2.51726,1.78509,-0.437967][-0.66175,-0.00520318,0.749707][0.174643,0.932919,0][-2.52394,1.85348,-0.49632][-0.689936,0.715166,0.111919][0.174643,0.947195,0][-2.72002,1.51122,-0.686543][-0.618742,-0.661511,-0.423746][0.196057,0.932919,0][-2.51726,1.78509,-0.437967][-0.66175,-0.00520318,0.749707][0.174643,0.932919,0][-2.46045,1.71775,-0.454909][-0.0360672,-0.800123,0.598751][0.174643,0.918643,0][-2.26327,1.87444,-0.260507][-0.608682,0.0237029,0.79306][0.15323,0.932919,0][-2.51726,1.78509,-0.437967][-0.66175,-0.00520318,0.749707][0.174643,0.932919,0][-2.26327,1.87444,-0.260507][-0.608682,0.0237029,0.79306][0.15323,0.932919,0][-2.46045,1.71775,-0.454909][-0.0360672,-0.800123,0.598751][0.174643,0.918643,0][-2.22752,1.79839,-0.292209][-0.215546,-0.861506,0.459726][0.15323,0.918643,0][-2.51726,1.78509,-0.437967][-0.66175,-0.00520318,0.749707][0.174643,0.932919,0][-2.72002,1.51122,-0.686543][-0.618742,-0.661511,-0.423746][0.196057,0.918643,0][-2.46045,1.71775,-0.454909][-0.0360672,-0.800123,0.598751][0.174643,0.918643,0][-1.99873,1.78487,-0.116393][-0.42773,-0.854674,0.294245][0.131816,0.918643,0][-2.22752,1.79839,-0.292209][-0.215546,-0.861506,0.459726][0.15323,0.918643,0][-2.17635,1.79988,-0.366777][0.380729,-0.839996,-0.386591][0.15323,0.904368,0][-2.46045,1.71775,-0.454909][-0.0360672,-0.800123,0.598751][0.174643,0.918643,0][-2.17635,1.79988,-0.366777][0.380729,-0.839996,-0.386591][0.15323,0.904368,0][-2.22752,1.79839,-0.292209][-0.215546,-0.861506,0.459726][0.15323,0.918643,0][-2.46045,1.71775,-0.454909][-0.0360672,-0.800123,0.598751][0.174643,0.918643,0][-2.72002,1.51122,-0.686543][-0.618742,-0.661511,-0.423746][0.196057,0.904368,0][-2.41031,1.7188,-0.530204][0.559038,-0.782547,-0.27404][0.174643,0.904368,0][-2.17635,1.79988,-0.366777][0.380729,-0.839996,-0.386591][0.15323,0.904368,0][-2.46045,1.71775,-0.454909][-0.0360672,-0.800123,0.598751][0.174643,0.918643,0][-2.41031,1.7188,-0.530204][0.559038,-0.782547,-0.27404][0.174643,0.904368,0][-2.41699,1.7872,-0.588558][0.455834,0.0204145,-0.889831][0.174643,0.890092,0][-2.17635,1.79988,-0.366777][0.380729,-0.839996,-0.386591][0.15323,0.904368,0][-2.41031,1.7188,-0.530204][0.559038,-0.782547,-0.27404][0.174643,0.904368,0][-2.41031,1.7188,-0.530204][0.559038,-0.782547,-0.27404][0.174643,0.904368,0][-2.72002,1.51122,-0.686543][-0.618742,-0.661511,-0.423746][0.196057,0.890092,0][-2.41699,1.7872,-0.588558][0.455834,0.0204145,-0.889831][0.174643,0.890092,0][-2.17635,1.79988,-0.366777][0.380729,-0.839996,-0.386591][0.15323,0.904368,0][-1.92922,1.78662,-0.204341][0.234329,-0.823687,-0.516362][0.131816,0.904368,0][-1.99873,1.78487,-0.116393][-0.42773,-0.854674,0.294245][0.131816,0.918643,0][-1.73243,1.70176,-0.00969708][0.156905,-0.836614,-0.524841][0.110402,0.904368,0][-1.99873,1.78487,-0.116393][-0.42773,-0.854674,0.294245][0.131816,0.918643,0][-1.92922,1.78662,-0.204341][0.234329,-0.823687,-0.516362][0.131816,0.904368,0][-2.41699,1.7872,-0.588558][0.455834,0.0204145,-0.889831][0.174643,0.890092,0][-2.16091,1.87742,-0.409642][0.541636,0.060816,-0.83841][0.15323,0.890092,0][-2.17635,1.79988,-0.366777][0.380729,-0.839996,-0.386591][0.15323,0.904368,0][-2.16091,1.87742,-0.409642][0.541636,0.060816,-0.83841][0.15323,0.890092,0][-1.92922,1.78662,-0.204341][0.234329,-0.823687,-0.516362][0.131816,0.904368,0][-2.17635,1.79988,-0.366777][0.380729,-0.839996,-0.386591][0.15323,0.904368,0][-1.73243,1.70176,-0.00969708][0.156905,-0.836614,-0.524841][0.110402,0.904368,0][-1.92922,1.78662,-0.204341][0.234329,-0.823687,-0.516362][0.131816,0.904368,0][-1.88247,1.88239,-0.236651][0.635491,0.0619161,-0.769622][0.131816,0.890092,0][-2.16091,1.87742,-0.409642][0.541636,0.060816,-0.83841][0.15323,0.890092,0][-1.88247,1.88239,-0.236651][0.635491,0.0619161,-0.769622][0.131816,0.890092,0][-1.92922,1.78662,-0.204341][0.234329,-0.823687,-0.516362][0.131816,0.904368,0][-1.88247,1.88239,-0.236651][0.635491,0.0619161,-0.769622][0.131816,0.890092,0][-1.68211,1.77446,-0.0249343][0.721308,-0.0168454,-0.69241][0.110402,0.890092,0][-1.73243,1.70176,-0.00969708][0.156905,-0.836614,-0.524841][0.110402,0.904368,0][-1.68211,1.77446,-0.0249343][0.721308,-0.0168454,-0.69241][0.110402,0.890092,0][-1.88247,1.88239,-0.236651][0.635491,0.0619161,-0.769622][0.131816,0.890092,0][-1.90523,1.97641,-0.181012][0.417748,0.865119,-0.27759][0.131816,0.875816,0][-2.16091,1.87742,-0.409642][0.541636,0.060816,-0.83841][0.15323,0.890092,0][-1.90523,1.97641,-0.181012][0.417748,0.865119,-0.27759][0.131816,0.875816,0][-1.88247,1.88239,-0.236651][0.635491,0.0619161,-0.769622][0.131816,0.890092,0][-1.90523,1.97641,-0.181012][0.417748,0.865119,-0.27759][0.131816,0.875816,0][-1.69178,1.84715,0.0273431][0.601009,0.789848,-0.122181][0.110402,0.875816,0][-1.68211,1.77446,-0.0249343][0.721308,-0.0168454,-0.69241][0.110402,0.890092,0][-2.41699,1.7872,-0.588558][0.455834,0.0204145,-0.889831][0.174643,0.890092,0][-2.19666,1.95347,-0.377941][0.136929,0.871202,-0.471443][0.15323,0.875816,0][-2.16091,1.87742,-0.409642][0.541636,0.060816,-0.83841][0.15323,0.890092,0][-1.90523,1.97641,-0.181012][0.417748,0.865119,-0.27759][0.131816,0.875816,0][-2.16091,1.87742,-0.409642][0.541636,0.060816,-0.83841][0.15323,0.890092,0][-2.19666,1.95347,-0.377941][0.136929,0.871202,-0.471443][0.15323,0.875816,0][-1.97474,1.97466,-0.0930647][-0.182487,0.863886,0.469467][0.131816,0.86154,0][-1.69178,1.84715,0.0273431][0.601009,0.789848,-0.122181][0.110402,0.875816,0][-1.90523,1.97641,-0.181012][0.417748,0.865119,-0.27759][0.131816,0.875816,0][-1.69178,1.84715,0.0273431][0.601009,0.789848,-0.122181][0.110402,0.875816,0][-1.97474,1.97466,-0.0930647][-0.182487,0.863886,0.469467][0.131816,0.86154,0][-1.75177,1.84715,0.0948574][-0.0598254,0.791057,0.60881][0.110402,0.86154,0][-2.19666,1.95347,-0.377941][0.136929,0.871202,-0.471443][0.15323,0.875816,0][-1.97474,1.97466,-0.0930647][-0.182487,0.863886,0.469467][0.131816,0.86154,0][-1.90523,1.97641,-0.181012][0.417748,0.865119,-0.27759][0.131816,0.875816,0][-1.97474,1.97466,-0.0930647][-0.182487,0.863886,0.469467][0.131816,0.86154,0][-2.19666,1.95347,-0.377941][0.136929,0.871202,-0.471443][0.15323,0.875816,0][-2.24784,1.95199,-0.303373][-0.413118,0.8568,0.308588][0.15323,0.86154,0][-2.19666,1.95347,-0.377941][0.136929,0.871202,-0.471443][0.15323,0.875816,0][-2.52394,1.85348,-0.49632][-0.689936,0.715166,0.111919][0.174643,0.86154,0][-2.24784,1.95199,-0.303373][-0.413118,0.8568,0.308588][0.15323,0.86154,0][-2.19666,1.95347,-0.377941][0.136929,0.871202,-0.471443][0.15323,0.875816,0][-2.41699,1.7872,-0.588558][0.455834,0.0204145,-0.889831][0.174643,0.890092,0][-2.4738,1.85454,-0.571615][-0.160912,0.727142,-0.667362][0.174643,0.875816,0][-2.52394,1.85348,-0.49632][-0.689936,0.715166,0.111919][0.174643,0.86154,0][-2.19666,1.95347,-0.377941][0.136929,0.871202,-0.471443][0.15323,0.875816,0][-2.4738,1.85454,-0.571615][-0.160912,0.727142,-0.667362][0.174643,0.875816,0][-2.41699,1.7872,-0.588558][0.455834,0.0204145,-0.889831][0.174643,0.890092,0][-2.72002,1.51122,-0.686543][-0.618742,-0.661511,-0.423746][0.196057,0.875816,0][-2.4738,1.85454,-0.571615][-0.160912,0.727142,-0.667362][0.174643,0.875816,0][-2.4738,1.85454,-0.571615][-0.160912,0.727142,-0.667362][0.174643,0.875816,0][-2.72002,1.51122,-0.686543][-0.618742,-0.661511,-0.423746][0.196057,0.86154,0][-2.52394,1.85348,-0.49632][-0.689936,0.715166,0.111919][0.174643,0.86154,0][1.80208,1.77446,0.110095][0.62152,-0.0198071,0.783148][0.100636,0.930966,0][1.97474,1.97466,-0.0930647][0.182487,0.863886,0.469467][0.12205,0.945242,0][1.75177,1.84715,0.0948574][0.0598259,0.791057,0.608809][0.100636,0.945242,0][1.97474,1.97466,-0.0930647][0.182487,0.863886,0.469467][0.12205,0.945242,0][1.80208,1.77446,0.110095][0.62152,-0.0198071,0.783148][0.100636,0.930966,0][2.02149,1.87889,-0.060755][0.620517,0.0387343,0.783235][0.12205,0.930966,0][1.79241,1.70176,0.0578173][0.513333,-0.831643,0.2118][0.100636,0.91669,0][2.02149,1.87889,-0.060755][0.620517,0.0387343,0.783235][0.12205,0.930966,0][1.80208,1.77446,0.110095][0.62152,-0.0198071,0.783148][0.100636,0.930966,0][2.02149,1.87889,-0.060755][0.620517,0.0387343,0.783235][0.12205,0.930966,0][2.24784,1.95199,-0.303373][0.413118,0.856801,0.308588][0.143464,0.945242,0][1.97474,1.97466,-0.0930647][0.182487,0.863886,0.469467][0.12205,0.945242,0][2.02149,1.87889,-0.060755][0.620517,0.0387343,0.783235][0.12205,0.930966,0][1.79241,1.70176,0.0578173][0.513333,-0.831643,0.2118][0.100636,0.91669,0][1.99873,1.78487,-0.116393][0.42773,-0.854674,0.294245][0.12205,0.91669,0][1.73243,1.70176,-0.00969708][-0.156905,-0.836614,-0.524841][0.100636,0.902415,0][1.99873,1.78487,-0.116393][0.42773,-0.854674,0.294245][0.12205,0.91669,0][1.79241,1.70176,0.0578173][0.513333,-0.831643,0.2118][0.100636,0.91669,0][2.24784,1.95199,-0.303373][0.413118,0.856801,0.308588][0.143464,0.945242,0][2.02149,1.87889,-0.060755][0.620517,0.0387343,0.783235][0.12205,0.930966,0][2.26327,1.87444,-0.260507][0.608681,0.0237032,0.793061][0.143464,0.930966,0][2.26327,1.87444,-0.260507][0.608681,0.0237032,0.793061][0.143464,0.930966,0][2.52394,1.85348,-0.49632][0.689751,0.715318,0.112086][0.164878,0.945242,0][2.24784,1.95199,-0.303373][0.413118,0.856801,0.308588][0.143464,0.945242,0][1.99873,1.78487,-0.116393][0.42773,-0.854674,0.294245][0.12205,0.91669,0][2.22752,1.79839,-0.292209][0.215546,-0.861506,0.459726][0.143464,0.91669,0][2.02149,1.87889,-0.060755][0.620517,0.0387343,0.783235][0.12205,0.930966,0][2.26327,1.87444,-0.260507][0.608681,0.0237032,0.793061][0.143464,0.930966,0][2.02149,1.87889,-0.060755][0.620517,0.0387343,0.783235][0.12205,0.930966,0][2.22752,1.79839,-0.292209][0.215546,-0.861506,0.459726][0.143464,0.91669,0][2.52394,1.85348,-0.49632][0.689751,0.715318,0.112086][0.164878,0.945242,0][2.26327,1.87444,-0.260507][0.608681,0.0237032,0.793061][0.143464,0.930966,0][2.51726,1.78509,-0.437967][0.661527,-0.0050906,0.749904][0.164878,0.930966,0][2.51726,1.78509,-0.437967][0.661527,-0.0050906,0.749904][0.164878,0.930966,0][2.72024,1.51141,-0.686514][0.8644,0.502662,-0.0119361][0.186292,0.945242,0][2.52394,1.85348,-0.49632][0.689751,0.715318,0.112086][0.164878,0.945242,0][2.72024,1.51141,-0.686514][0.8644,0.502662,-0.0119361][0.186292,0.945242,0][2.51726,1.78509,-0.437967][0.661527,-0.0050906,0.749904][0.164878,0.930966,0][2.72019,1.51125,-0.686329][0.696792,-0.124336,0.706414][0.186292,0.930966,0][2.51726,1.78509,-0.437967][0.661527,-0.0050906,0.749904][0.164878,0.930966,0][2.26327,1.87444,-0.260507][0.608681,0.0237032,0.793061][0.143464,0.930966,0][2.46045,1.71775,-0.454909][0.0358418,-0.800024,0.598896][0.164878,0.91669,0][2.46045,1.71775,-0.454909][0.0358418,-0.800024,0.598896][0.164878,0.91669,0][2.72019,1.51125,-0.686329][0.696792,-0.124336,0.706414][0.186292,0.930966,0][2.51726,1.78509,-0.437967][0.661527,-0.0050906,0.749904][0.164878,0.930966,0][2.26327,1.87444,-0.260507][0.608681,0.0237032,0.793061][0.143464,0.930966,0][2.22752,1.79839,-0.292209][0.215546,-0.861506,0.459726][0.143464,0.91669,0][2.46045,1.71775,-0.454909][0.0358418,-0.800024,0.598896][0.164878,0.91669,0][2.72019,1.51125,-0.686329][0.696792,-0.124336,0.706414][0.186292,0.930966,0][2.46045,1.71775,-0.454909][0.0358418,-0.800024,0.598896][0.164878,0.91669,0][2.72,1.51109,-0.686354][-0.0602379,-0.777172,0.626398][0.186292,0.91669,0][1.99873,1.78487,-0.116393][0.42773,-0.854674,0.294245][0.12205,0.91669,0][2.17635,1.79988,-0.366777][-0.380728,-0.839996,-0.386591][0.143464,0.902415,0][2.22752,1.79839,-0.292209][0.215546,-0.861506,0.459726][0.143464,0.91669,0][2.17635,1.79988,-0.366777][-0.380728,-0.839996,-0.386591][0.143464,0.902415,0][2.46045,1.71775,-0.454909][0.0358418,-0.800024,0.598896][0.164878,0.91669,0][2.22752,1.79839,-0.292209][0.215546,-0.861506,0.459726][0.143464,0.91669,0][2.41031,1.7188,-0.530204][-0.559235,-0.78245,-0.273912][0.164878,0.902415,0][2.72,1.51109,-0.686354][-0.0602379,-0.777172,0.626398][0.186292,0.91669,0][2.46045,1.71775,-0.454909][0.0358418,-0.800024,0.598896][0.164878,0.91669,0][2.46045,1.71775,-0.454909][0.0358418,-0.800024,0.598896][0.164878,0.91669,0][2.17635,1.79988,-0.366777][-0.380728,-0.839996,-0.386591][0.143464,0.902415,0][2.41031,1.7188,-0.530204][-0.559235,-0.78245,-0.273912][0.164878,0.902415,0][2.72,1.51109,-0.686354][-0.0602379,-0.777172,0.626398][0.186292,0.91669,0][2.41031,1.7188,-0.530204][-0.559235,-0.78245,-0.273912][0.164878,0.902415,0][2.71986,1.51109,-0.686564][-0.613502,-0.764071,-0.199525][0.186292,0.902415,0][2.71986,1.51109,-0.686564][-0.613502,-0.764071,-0.199525][0.186292,0.902415,0][2.41031,1.7188,-0.530204][-0.559235,-0.78245,-0.273912][0.164878,0.902415,0][2.71991,1.51125,-0.686748][-0.39258,-0.10586,-0.913605][0.186292,0.888139,0][2.41699,1.7872,-0.588558][-0.456066,0.0205021,-0.88971][0.164878,0.888139,0][2.71991,1.51125,-0.686748][-0.39258,-0.10586,-0.913605][0.186292,0.888139,0][2.41031,1.7188,-0.530204][-0.559235,-0.78245,-0.273912][0.164878,0.902415,0][2.41031,1.7188,-0.530204][-0.559235,-0.78245,-0.273912][0.164878,0.902415,0][2.17635,1.79988,-0.366777][-0.380728,-0.839996,-0.386591][0.143464,0.902415,0][2.41699,1.7872,-0.588558][-0.456066,0.0205021,-0.88971][0.164878,0.888139,0][2.71991,1.51125,-0.686748][-0.39258,-0.10586,-0.913605][0.186292,0.888139,0][2.41699,1.7872,-0.588558][-0.456066,0.0205021,-0.88971][0.164878,0.888139,0][2.7201,1.51141,-0.686723][0.34447,0.511363,-0.787304][0.186292,0.873863,0][1.92922,1.78662,-0.204341][-0.234329,-0.823687,-0.516362][0.12205,0.902415,0][2.17635,1.79988,-0.366777][-0.380728,-0.839996,-0.386591][0.143464,0.902415,0][1.99873,1.78487,-0.116393][0.42773,-0.854674,0.294245][0.12205,0.91669,0][1.99873,1.78487,-0.116393][0.42773,-0.854674,0.294245][0.12205,0.91669,0][1.73243,1.70176,-0.00969708][-0.156905,-0.836614,-0.524841][0.100636,0.902415,0][1.92922,1.78662,-0.204341][-0.234329,-0.823687,-0.516362][0.12205,0.902415,0][2.41699,1.7872,-0.588558][-0.456066,0.0205021,-0.88971][0.164878,0.888139,0][2.17635,1.79988,-0.366777][-0.380728,-0.839996,-0.386591][0.143464,0.902415,0][2.16091,1.87742,-0.409642][-0.541636,0.0608155,-0.838411][0.143464,0.888139,0][1.92922,1.78662,-0.204341][-0.234329,-0.823687,-0.516362][0.12205,0.902415,0][2.16091,1.87742,-0.409642][-0.541636,0.0608155,-0.838411][0.143464,0.888139,0][2.17635,1.79988,-0.366777][-0.380728,-0.839996,-0.386591][0.143464,0.902415,0][1.73243,1.70176,-0.00969708][-0.156905,-0.836614,-0.524841][0.100636,0.902415,0][1.88247,1.88239,-0.236651][-0.635491,0.061916,-0.769622][0.12205,0.888139,0][1.92922,1.78662,-0.204341][-0.234329,-0.823687,-0.516362][0.12205,0.902415,0][1.88247,1.88239,-0.236651][-0.635491,0.061916,-0.769622][0.12205,0.888139,0][2.16091,1.87742,-0.409642][-0.541636,0.0608155,-0.838411][0.143464,0.888139,0][1.92922,1.78662,-0.204341][-0.234329,-0.823687,-0.516362][0.12205,0.902415,0][1.68211,1.77446,-0.0249343][-0.721308,-0.0168454,-0.69241][0.100636,0.888139,0][1.88247,1.88239,-0.236651][-0.635491,0.061916,-0.769622][0.12205,0.888139,0][1.73243,1.70176,-0.00969708][-0.156905,-0.836614,-0.524841][0.100636,0.902415,0][1.68211,1.77446,-0.0249343][-0.721308,-0.0168454,-0.69241][0.100636,0.888139,0][1.90523,1.97641,-0.181012][-0.417748,0.865119,-0.27759][0.12205,0.873863,0][1.88247,1.88239,-0.236651][-0.635491,0.061916,-0.769622][0.12205,0.888139,0][1.90523,1.97641,-0.181012][-0.417748,0.865119,-0.27759][0.12205,0.873863,0][2.16091,1.87742,-0.409642][-0.541636,0.0608155,-0.838411][0.143464,0.888139,0][1.88247,1.88239,-0.236651][-0.635491,0.061916,-0.769622][0.12205,0.888139,0][1.69178,1.84715,0.0273431][-0.601009,0.789848,-0.122182][0.100636,0.873863,0][1.90523,1.97641,-0.181012][-0.417748,0.865119,-0.27759][0.12205,0.873863,0][1.68211,1.77446,-0.0249343][-0.721308,-0.0168454,-0.69241][0.100636,0.888139,0][2.19666,1.95347,-0.377941][-0.136929,0.871201,-0.471443][0.143464,0.873863,0][2.41699,1.7872,-0.588558][-0.456066,0.0205021,-0.88971][0.164878,0.888139,0][2.16091,1.87742,-0.409642][-0.541636,0.0608155,-0.838411][0.143464,0.888139,0][2.16091,1.87742,-0.409642][-0.541636,0.0608155,-0.838411][0.143464,0.888139,0][1.90523,1.97641,-0.181012][-0.417748,0.865119,-0.27759][0.12205,0.873863,0][2.19666,1.95347,-0.377941][-0.136929,0.871201,-0.471443][0.143464,0.873863,0][1.90523,1.97641,-0.181012][-0.417748,0.865119,-0.27759][0.12205,0.873863,0][1.69178,1.84715,0.0273431][-0.601009,0.789848,-0.122182][0.100636,0.873863,0][1.97474,1.97466,-0.0930647][0.182487,0.863886,0.469467][0.12205,0.859587,0][1.69178,1.84715,0.0273431][-0.601009,0.789848,-0.122182][0.100636,0.873863,0][1.75177,1.84715,0.0948574][0.0598259,0.791057,0.608809][0.100636,0.859587,0][1.97474,1.97466,-0.0930647][0.182487,0.863886,0.469467][0.12205,0.859587,0][1.97474,1.97466,-0.0930647][0.182487,0.863886,0.469467][0.12205,0.859587,0][2.19666,1.95347,-0.377941][-0.136929,0.871201,-0.471443][0.143464,0.873863,0][1.90523,1.97641,-0.181012][-0.417748,0.865119,-0.27759][0.12205,0.873863,0][2.19666,1.95347,-0.377941][-0.136929,0.871201,-0.471443][0.143464,0.873863,0][1.97474,1.97466,-0.0930647][0.182487,0.863886,0.469467][0.12205,0.859587,0][2.24784,1.95199,-0.303373][0.413118,0.856801,0.308588][0.143464,0.859587,0][2.19666,1.95347,-0.377941][-0.136929,0.871201,-0.471443][0.143464,0.873863,0][2.24784,1.95199,-0.303373][0.413118,0.856801,0.308588][0.143464,0.859587,0][2.52394,1.85348,-0.49632][0.689751,0.715318,0.112086][0.164878,0.859587,0][2.41699,1.7872,-0.588558][-0.456066,0.0205021,-0.88971][0.164878,0.888139,0][2.19666,1.95347,-0.377941][-0.136929,0.871201,-0.471443][0.143464,0.873863,0][2.4738,1.85454,-0.571615][0.160693,0.72728,-0.667264][0.164878,0.873863,0][2.4738,1.85454,-0.571615][0.160693,0.72728,-0.667264][0.164878,0.873863,0][2.19666,1.95347,-0.377941][-0.136929,0.871201,-0.471443][0.143464,0.873863,0][2.52394,1.85348,-0.49632][0.689751,0.715318,0.112086][0.164878,0.859587,0][2.4738,1.85454,-0.571615][0.160693,0.72728,-0.667264][0.164878,0.873863,0][2.7201,1.51141,-0.686723][0.34447,0.511363,-0.787304][0.186292,0.873863,0][2.41699,1.7872,-0.588558][-0.456066,0.0205021,-0.88971][0.164878,0.888139,0][2.52394,1.85348,-0.49632][0.689751,0.715318,0.112086][0.164878,0.859587,0][2.72024,1.51141,-0.686514][0.8644,0.502662,-0.0119361][0.186292,0.859587,0][2.4738,1.85454,-0.571615][0.160693,0.72728,-0.667264][0.164878,0.873863,0][2.4738,1.85454,-0.571615][0.160693,0.72728,-0.667264][0.164878,0.873863,0][2.72024,1.51141,-0.686514][0.8644,0.502662,-0.0119361][0.186292,0.859587,0][2.7201,1.51141,-0.686723][0.34447,0.511363,-0.787304][0.186292,0.873863,0][1.80208,1.77446,0.110095][0.62152,-0.0198071,0.783148][0.110402,0.932919,0][1.97474,1.97466,-0.0930647][0.182487,0.863886,0.469467][0.131816,0.947195,0][1.75177,1.84715,0.0948574][0.0598259,0.791057,0.608809][0.110402,0.947195,0][1.97474,1.97466,-0.0930647][0.182487,0.863886,0.469467][0.131816,0.947195,0][1.80208,1.77446,0.110095][0.62152,-0.0198071,0.783148][0.110402,0.932919,0][2.02149,1.87889,-0.060755][0.620517,0.0387343,0.783235][0.131816,0.932919,0][1.79241,1.70176,0.0578173][0.513333,-0.831643,0.2118][0.110402,0.918643,0][2.02149,1.87889,-0.060755][0.620517,0.0387343,0.783235][0.131816,0.932919,0][1.80208,1.77446,0.110095][0.62152,-0.0198071,0.783148][0.110402,0.932919,0][2.02149,1.87889,-0.060755][0.620517,0.0387343,0.783235][0.131816,0.932919,0][2.24784,1.95199,-0.303373][0.413118,0.856801,0.308588][0.15323,0.947195,0][1.97474,1.97466,-0.0930647][0.182487,0.863886,0.469467][0.131816,0.947195,0][2.02149,1.87889,-0.060755][0.620517,0.0387343,0.783235][0.131816,0.932919,0][1.79241,1.70176,0.0578173][0.513333,-0.831643,0.2118][0.110402,0.918643,0][1.99873,1.78487,-0.116393][0.42773,-0.854674,0.294245][0.131816,0.918643,0][1.73243,1.70176,-0.00969708][-0.156905,-0.836614,-0.524841][0.110402,0.904368,0][1.99873,1.78487,-0.116393][0.42773,-0.854674,0.294245][0.131816,0.918643,0][1.79241,1.70176,0.0578173][0.513333,-0.831643,0.2118][0.110402,0.918643,0][2.24784,1.95199,-0.303373][0.413118,0.856801,0.308588][0.15323,0.947195,0][2.02149,1.87889,-0.060755][0.620517,0.0387343,0.783235][0.131816,0.932919,0][2.26327,1.87444,-0.260507][0.608681,0.0237032,0.793061][0.15323,0.932919,0][2.26327,1.87444,-0.260507][0.608681,0.0237032,0.793061][0.15323,0.932919,0][2.52394,1.85348,-0.49632][0.689936,0.715166,0.111919][0.174643,0.947195,0][2.24784,1.95199,-0.303373][0.413118,0.856801,0.308588][0.15323,0.947195,0][2.52394,1.85348,-0.49632][0.689936,0.715166,0.111919][0.174643,0.947195,0][2.26327,1.87444,-0.260507][0.608681,0.0237032,0.793061][0.15323,0.932919,0][2.51726,1.78509,-0.437967][0.66175,-0.00520292,0.749707][0.174643,0.932919,0][2.52394,1.85348,-0.49632][0.689936,0.715166,0.111919][0.174643,0.947195,0][2.51726,1.78509,-0.437967][0.66175,-0.00520292,0.749707][0.174643,0.932919,0][2.72002,1.51122,-0.686543][0.618742,-0.661511,-0.423746][0.196057,0.932919,0][2.26327,1.87444,-0.260507][0.608681,0.0237032,0.793061][0.15323,0.932919,0][2.02149,1.87889,-0.060755][0.620517,0.0387343,0.783235][0.131816,0.932919,0][2.22752,1.79839,-0.292209][0.215546,-0.861506,0.459726][0.15323,0.918643,0][1.99873,1.78487,-0.116393][0.42773,-0.854674,0.294245][0.131816,0.918643,0][2.22752,1.79839,-0.292209][0.215546,-0.861506,0.459726][0.15323,0.918643,0][2.02149,1.87889,-0.060755][0.620517,0.0387343,0.783235][0.131816,0.932919,0][2.51726,1.78509,-0.437967][0.66175,-0.00520292,0.749707][0.174643,0.932919,0][2.26327,1.87444,-0.260507][0.608681,0.0237032,0.793061][0.15323,0.932919,0][2.46045,1.71775,-0.454909][0.0360673,-0.800123,0.598751][0.174643,0.918643,0][2.26327,1.87444,-0.260507][0.608681,0.0237032,0.793061][0.15323,0.932919,0][2.22752,1.79839,-0.292209][0.215546,-0.861506,0.459726][0.15323,0.918643,0][2.46045,1.71775,-0.454909][0.0360673,-0.800123,0.598751][0.174643,0.918643,0][2.51726,1.78509,-0.437967][0.66175,-0.00520292,0.749707][0.174643,0.932919,0][2.46045,1.71775,-0.454909][0.0360673,-0.800123,0.598751][0.174643,0.918643,0][2.72002,1.51122,-0.686543][0.618742,-0.661511,-0.423746][0.196057,0.918643,0][1.99873,1.78487,-0.116393][0.42773,-0.854674,0.294245][0.131816,0.918643,0][2.17635,1.79988,-0.366777][-0.380728,-0.839996,-0.386591][0.15323,0.904368,0][2.22752,1.79839,-0.292209][0.215546,-0.861506,0.459726][0.15323,0.918643,0][2.17635,1.79988,-0.366777][-0.380728,-0.839996,-0.386591][0.15323,0.904368,0][2.46045,1.71775,-0.454909][0.0360673,-0.800123,0.598751][0.174643,0.918643,0][2.22752,1.79839,-0.292209][0.215546,-0.861506,0.459726][0.15323,0.918643,0][2.46045,1.71775,-0.454909][0.0360673,-0.800123,0.598751][0.174643,0.918643,0][2.41031,1.7188,-0.530204][-0.559037,-0.782547,-0.27404][0.174643,0.904368,0][2.72002,1.51122,-0.686543][0.618742,-0.661511,-0.423746][0.196057,0.904368,0][2.46045,1.71775,-0.454909][0.0360673,-0.800123,0.598751][0.174643,0.918643,0][2.17635,1.79988,-0.366777][-0.380728,-0.839996,-0.386591][0.15323,0.904368,0][2.41031,1.7188,-0.530204][-0.559037,-0.782547,-0.27404][0.174643,0.904368,0][2.41031,1.7188,-0.530204][-0.559037,-0.782547,-0.27404][0.174643,0.904368,0][2.17635,1.79988,-0.366777][-0.380728,-0.839996,-0.386591][0.15323,0.904368,0][2.41699,1.7872,-0.588558][-0.455833,0.0204142,-0.889831][0.174643,0.890092,0][2.41031,1.7188,-0.530204][-0.559037,-0.782547,-0.27404][0.174643,0.904368,0][2.41699,1.7872,-0.588558][-0.455833,0.0204142,-0.889831][0.174643,0.890092,0][2.72002,1.51122,-0.686543][0.618742,-0.661511,-0.423746][0.196057,0.890092,0][1.92922,1.78662,-0.204341][-0.234329,-0.823687,-0.516362][0.131816,0.904368,0][2.17635,1.79988,-0.366777][-0.380728,-0.839996,-0.386591][0.15323,0.904368,0][1.99873,1.78487,-0.116393][0.42773,-0.854674,0.294245][0.131816,0.918643,0][1.99873,1.78487,-0.116393][0.42773,-0.854674,0.294245][0.131816,0.918643,0][1.73243,1.70176,-0.00969708][-0.156905,-0.836614,-0.524841][0.110402,0.904368,0][1.92922,1.78662,-0.204341][-0.234329,-0.823687,-0.516362][0.131816,0.904368,0][2.41699,1.7872,-0.588558][-0.455833,0.0204142,-0.889831][0.174643,0.890092,0][2.17635,1.79988,-0.366777][-0.380728,-0.839996,-0.386591][0.15323,0.904368,0][2.16091,1.87742,-0.409642][-0.541636,0.0608155,-0.838411][0.15323,0.890092,0][1.92922,1.78662,-0.204341][-0.234329,-0.823687,-0.516362][0.131816,0.904368,0][2.16091,1.87742,-0.409642][-0.541636,0.0608155,-0.838411][0.15323,0.890092,0][2.17635,1.79988,-0.366777][-0.380728,-0.839996,-0.386591][0.15323,0.904368,0][1.73243,1.70176,-0.00969708][-0.156905,-0.836614,-0.524841][0.110402,0.904368,0][1.88247,1.88239,-0.236651][-0.635491,0.061916,-0.769622][0.131816,0.890092,0][1.92922,1.78662,-0.204341][-0.234329,-0.823687,-0.516362][0.131816,0.904368,0][1.88247,1.88239,-0.236651][-0.635491,0.061916,-0.769622][0.131816,0.890092,0][2.16091,1.87742,-0.409642][-0.541636,0.0608155,-0.838411][0.15323,0.890092,0][1.92922,1.78662,-0.204341][-0.234329,-0.823687,-0.516362][0.131816,0.904368,0][1.68211,1.77446,-0.0249343][-0.721308,-0.0168454,-0.69241][0.110402,0.890092,0][1.88247,1.88239,-0.236651][-0.635491,0.061916,-0.769622][0.131816,0.890092,0][1.73243,1.70176,-0.00969708][-0.156905,-0.836614,-0.524841][0.110402,0.904368,0][1.68211,1.77446,-0.0249343][-0.721308,-0.0168454,-0.69241][0.110402,0.890092,0][1.90523,1.97641,-0.181012][-0.417748,0.865119,-0.27759][0.131816,0.875816,0][1.88247,1.88239,-0.236651][-0.635491,0.061916,-0.769622][0.131816,0.890092,0][1.90523,1.97641,-0.181012][-0.417748,0.865119,-0.27759][0.131816,0.875816,0][2.16091,1.87742,-0.409642][-0.541636,0.0608155,-0.838411][0.15323,0.890092,0][1.88247,1.88239,-0.236651][-0.635491,0.061916,-0.769622][0.131816,0.890092,0][1.69178,1.84715,0.0273431][-0.601009,0.789848,-0.122182][0.110402,0.875816,0][1.90523,1.97641,-0.181012][-0.417748,0.865119,-0.27759][0.131816,0.875816,0][1.68211,1.77446,-0.0249343][-0.721308,-0.0168454,-0.69241][0.110402,0.890092,0][2.19666,1.95347,-0.377941][-0.136929,0.871201,-0.471443][0.15323,0.875816,0][2.41699,1.7872,-0.588558][-0.455833,0.0204142,-0.889831][0.174643,0.890092,0][2.16091,1.87742,-0.409642][-0.541636,0.0608155,-0.838411][0.15323,0.890092,0][2.16091,1.87742,-0.409642][-0.541636,0.0608155,-0.838411][0.15323,0.890092,0][1.90523,1.97641,-0.181012][-0.417748,0.865119,-0.27759][0.131816,0.875816,0][2.19666,1.95347,-0.377941][-0.136929,0.871201,-0.471443][0.15323,0.875816,0][1.90523,1.97641,-0.181012][-0.417748,0.865119,-0.27759][0.131816,0.875816,0][1.69178,1.84715,0.0273431][-0.601009,0.789848,-0.122182][0.110402,0.875816,0][1.97474,1.97466,-0.0930647][0.182487,0.863886,0.469467][0.131816,0.86154,0][1.69178,1.84715,0.0273431][-0.601009,0.789848,-0.122182][0.110402,0.875816,0][1.75177,1.84715,0.0948574][0.0598259,0.791057,0.608809][0.110402,0.86154,0][1.97474,1.97466,-0.0930647][0.182487,0.863886,0.469467][0.131816,0.86154,0][1.97474,1.97466,-0.0930647][0.182487,0.863886,0.469467][0.131816,0.86154,0][2.19666,1.95347,-0.377941][-0.136929,0.871201,-0.471443][0.15323,0.875816,0][1.90523,1.97641,-0.181012][-0.417748,0.865119,-0.27759][0.131816,0.875816,0][2.19666,1.95347,-0.377941][-0.136929,0.871201,-0.471443][0.15323,0.875816,0][1.97474,1.97466,-0.0930647][0.182487,0.863886,0.469467][0.131816,0.86154,0][2.24784,1.95199,-0.303373][0.413118,0.856801,0.308588][0.15323,0.86154,0][2.19666,1.95347,-0.377941][-0.136929,0.871201,-0.471443][0.15323,0.875816,0][2.24784,1.95199,-0.303373][0.413118,0.856801,0.308588][0.15323,0.86154,0][2.52394,1.85348,-0.49632][0.689936,0.715166,0.111919][0.174643,0.86154,0][2.41699,1.7872,-0.588558][-0.455833,0.0204142,-0.889831][0.174643,0.890092,0][2.19666,1.95347,-0.377941][-0.136929,0.871201,-0.471443][0.15323,0.875816,0][2.4738,1.85454,-0.571615][0.160913,0.727142,-0.667362][0.174643,0.875816,0][2.4738,1.85454,-0.571615][0.160913,0.727142,-0.667362][0.174643,0.875816,0][2.19666,1.95347,-0.377941][-0.136929,0.871201,-0.471443][0.15323,0.875816,0][2.52394,1.85348,-0.49632][0.689936,0.715166,0.111919][0.174643,0.86154,0][2.41699,1.7872,-0.588558][-0.455833,0.0204142,-0.889831][0.174643,0.890092,0][2.4738,1.85454,-0.571615][0.160913,0.727142,-0.667362][0.174643,0.875816,0][2.72002,1.51122,-0.686543][0.618742,-0.661511,-0.423746][0.196057,0.875816,0][2.4738,1.85454,-0.571615][0.160913,0.727142,-0.667362][0.174643,0.875816,0][2.52394,1.85348,-0.49632][0.689936,0.715166,0.111919][0.174643,0.86154,0][2.72002,1.51122,-0.686543][0.618742,-0.661511,-0.423746][0.196057,0.86154,0][-1.80208,1.77446,0.110095][-0.621519,-0.0198075,0.783148][0.100636,0.930966,0][-1.97474,1.97466,-0.0930647][-0.182487,0.863886,0.469467][0.12205,0.945242,0][-2.02149,1.87889,-0.060755][-0.620518,0.038734,0.783235][0.12205,0.930966,0][-1.97474,1.97466,-0.0930647][-0.182487,0.863886,0.469467][0.12205,0.945242,0][-1.80208,1.77446,0.110095][-0.621519,-0.0198075,0.783148][0.100636,0.930966,0][-1.75177,1.84715,0.0948574][-0.0598254,0.791057,0.60881][0.100636,0.945242,0][-2.02149,1.87889,-0.060755][-0.620518,0.038734,0.783235][0.12205,0.930966,0][-1.79241,1.70176,0.0578173][-0.513333,-0.831643,0.2118][0.100636,0.91669,0][-1.80208,1.77446,0.110095][-0.621519,-0.0198075,0.783148][0.100636,0.930966,0][-2.24784,1.95199,-0.303373][-0.413118,0.8568,0.308588][0.143464,0.945242,0][-2.02149,1.87889,-0.060755][-0.620518,0.038734,0.783235][0.12205,0.930966,0][-1.97474,1.97466,-0.0930647][-0.182487,0.863886,0.469467][0.12205,0.945242,0][-1.79241,1.70176,0.0578173][-0.513333,-0.831643,0.2118][0.100636,0.91669,0][-2.02149,1.87889,-0.060755][-0.620518,0.038734,0.783235][0.12205,0.930966,0][-1.99873,1.78487,-0.116393][-0.42773,-0.854674,0.294245][0.12205,0.91669,0][-1.99873,1.78487,-0.116393][-0.42773,-0.854674,0.294245][0.12205,0.91669,0][-1.73243,1.70176,-0.00969708][0.156905,-0.836614,-0.524841][0.100636,0.902415,0][-1.79241,1.70176,0.0578173][-0.513333,-0.831643,0.2118][0.100636,0.91669,0][-2.02149,1.87889,-0.060755][-0.620518,0.038734,0.783235][0.12205,0.930966,0][-2.24784,1.95199,-0.303373][-0.413118,0.8568,0.308588][0.143464,0.945242,0][-2.26327,1.87444,-0.260507][-0.608682,0.0237029,0.79306][0.143464,0.930966,0][-2.52394,1.85348,-0.49632][-0.689751,0.715318,0.112086][0.164878,0.945242,0][-2.26327,1.87444,-0.260507][-0.608682,0.0237029,0.79306][0.143464,0.930966,0][-2.24784,1.95199,-0.303373][-0.413118,0.8568,0.308588][0.143464,0.945242,0][-2.02149,1.87889,-0.060755][-0.620518,0.038734,0.783235][0.12205,0.930966,0][-2.22752,1.79839,-0.292209][-0.215546,-0.861506,0.459726][0.143464,0.91669,0][-1.99873,1.78487,-0.116393][-0.42773,-0.854674,0.294245][0.12205,0.91669,0][-2.02149,1.87889,-0.060755][-0.620518,0.038734,0.783235][0.12205,0.930966,0][-2.26327,1.87444,-0.260507][-0.608682,0.0237029,0.79306][0.143464,0.930966,0][-2.22752,1.79839,-0.292209][-0.215546,-0.861506,0.459726][0.143464,0.91669,0][-2.26327,1.87444,-0.260507][-0.608682,0.0237029,0.79306][0.143464,0.930966,0][-2.52394,1.85348,-0.49632][-0.689751,0.715318,0.112086][0.164878,0.945242,0][-2.51726,1.78509,-0.437967][-0.661526,-0.0050908,0.749905][0.164878,0.930966,0][-2.72024,1.51141,-0.686514][-0.864401,0.502662,-0.0119352][0.186292,0.945242,0][-2.51726,1.78509,-0.437967][-0.661526,-0.0050908,0.749905][0.164878,0.930966,0][-2.52394,1.85348,-0.49632][-0.689751,0.715318,0.112086][0.164878,0.945242,0][-2.51726,1.78509,-0.437967][-0.661526,-0.0050908,0.749905][0.164878,0.930966,0][-2.72024,1.51141,-0.686514][-0.864401,0.502662,-0.0119352][0.186292,0.945242,0][-2.72019,1.51125,-0.686329][-0.696792,-0.124336,0.706414][0.186292,0.930966,0][-2.46045,1.71775,-0.454909][-0.0358416,-0.800024,0.598896][0.164878,0.91669,0][-2.26327,1.87444,-0.260507][-0.608682,0.0237029,0.79306][0.143464,0.930966,0][-2.51726,1.78509,-0.437967][-0.661526,-0.0050908,0.749905][0.164878,0.930966,0][-2.72019,1.51125,-0.686329][-0.696792,-0.124336,0.706414][0.186292,0.930966,0][-2.46045,1.71775,-0.454909][-0.0358416,-0.800024,0.598896][0.164878,0.91669,0][-2.51726,1.78509,-0.437967][-0.661526,-0.0050908,0.749905][0.164878,0.930966,0][-2.26327,1.87444,-0.260507][-0.608682,0.0237029,0.79306][0.143464,0.930966,0][-2.46045,1.71775,-0.454909][-0.0358416,-0.800024,0.598896][0.164878,0.91669,0][-2.22752,1.79839,-0.292209][-0.215546,-0.861506,0.459726][0.143464,0.91669,0][-2.46045,1.71775,-0.454909][-0.0358416,-0.800024,0.598896][0.164878,0.91669,0][-2.72019,1.51125,-0.686329][-0.696792,-0.124336,0.706414][0.186292,0.930966,0][-2.72,1.51109,-0.686354][0.0603275,-0.777216,0.626336][0.186292,0.91669,0][-1.99873,1.78487,-0.116393][-0.42773,-0.854674,0.294245][0.12205,0.91669,0][-2.22752,1.79839,-0.292209][-0.215546,-0.861506,0.459726][0.143464,0.91669,0][-2.17635,1.79988,-0.366777][0.380729,-0.839996,-0.386591][0.143464,0.902415,0][-2.46045,1.71775,-0.454909][-0.0358416,-0.800024,0.598896][0.164878,0.91669,0][-2.17635,1.79988,-0.366777][0.380729,-0.839996,-0.386591][0.143464,0.902415,0][-2.22752,1.79839,-0.292209][-0.215546,-0.861506,0.459726][0.143464,0.91669,0][-2.72,1.51109,-0.686354][0.0603275,-0.777216,0.626336][0.186292,0.91669,0][-2.41031,1.7188,-0.530204][0.559235,-0.78245,-0.273912][0.164878,0.902415,0][-2.46045,1.71775,-0.454909][-0.0358416,-0.800024,0.598896][0.164878,0.91669,0][-2.17635,1.79988,-0.366777][0.380729,-0.839996,-0.386591][0.143464,0.902415,0][-2.46045,1.71775,-0.454909][-0.0358416,-0.800024,0.598896][0.164878,0.91669,0][-2.41031,1.7188,-0.530204][0.559235,-0.78245,-0.273912][0.164878,0.902415,0][-2.41031,1.7188,-0.530204][0.559235,-0.78245,-0.273912][0.164878,0.902415,0][-2.72,1.51109,-0.686354][0.0603275,-0.777216,0.626336][0.186292,0.91669,0][-2.71986,1.51109,-0.686564][0.613501,-0.764074,-0.19952][0.186292,0.902415,0][-2.71991,1.51125,-0.686748][0.39265,-0.105953,-0.913564][0.186292,0.888139,0][-2.41031,1.7188,-0.530204][0.559235,-0.78245,-0.273912][0.164878,0.902415,0][-2.71986,1.51109,-0.686564][0.613501,-0.764074,-0.19952][0.186292,0.902415,0][-2.41031,1.7188,-0.530204][0.559235,-0.78245,-0.273912][0.164878,0.902415,0][-2.71991,1.51125,-0.686748][0.39265,-0.105953,-0.913564][0.186292,0.888139,0][-2.41699,1.7872,-0.588558][0.456066,0.0205021,-0.88971][0.164878,0.888139,0][-2.41699,1.7872,-0.588558][0.456066,0.0205021,-0.88971][0.164878,0.888139,0][-2.17635,1.79988,-0.366777][0.380729,-0.839996,-0.386591][0.143464,0.902415,0][-2.41031,1.7188,-0.530204][0.559235,-0.78245,-0.273912][0.164878,0.902415,0][-2.7201,1.51141,-0.686723][-0.344471,0.511363,-0.787304][0.186292,0.873863,0][-2.41699,1.7872,-0.588558][0.456066,0.0205021,-0.88971][0.164878,0.888139,0][-2.71991,1.51125,-0.686748][0.39265,-0.105953,-0.913564][0.186292,0.888139,0][-2.17635,1.79988,-0.366777][0.380729,-0.839996,-0.386591][0.143464,0.902415,0][-1.92922,1.78662,-0.204341][0.234329,-0.823687,-0.516362][0.12205,0.902415,0][-1.99873,1.78487,-0.116393][-0.42773,-0.854674,0.294245][0.12205,0.91669,0][-1.73243,1.70176,-0.00969708][0.156905,-0.836614,-0.524841][0.100636,0.902415,0][-1.99873,1.78487,-0.116393][-0.42773,-0.854674,0.294245][0.12205,0.91669,0][-1.92922,1.78662,-0.204341][0.234329,-0.823687,-0.516362][0.12205,0.902415,0][-2.41699,1.7872,-0.588558][0.456066,0.0205021,-0.88971][0.164878,0.888139,0][-2.16091,1.87742,-0.409642][0.541636,0.060816,-0.83841][0.143464,0.888139,0][-2.17635,1.79988,-0.366777][0.380729,-0.839996,-0.386591][0.143464,0.902415,0][-2.16091,1.87742,-0.409642][0.541636,0.060816,-0.83841][0.143464,0.888139,0][-1.92922,1.78662,-0.204341][0.234329,-0.823687,-0.516362][0.12205,0.902415,0][-2.17635,1.79988,-0.366777][0.380729,-0.839996,-0.386591][0.143464,0.902415,0][-1.73243,1.70176,-0.00969708][0.156905,-0.836614,-0.524841][0.100636,0.902415,0][-1.92922,1.78662,-0.204341][0.234329,-0.823687,-0.516362][0.12205,0.902415,0][-1.88247,1.88239,-0.236651][0.635491,0.0619161,-0.769622][0.12205,0.888139,0][-2.16091,1.87742,-0.409642][0.541636,0.060816,-0.83841][0.143464,0.888139,0][-1.88247,1.88239,-0.236651][0.635491,0.0619161,-0.769622][0.12205,0.888139,0][-1.92922,1.78662,-0.204341][0.234329,-0.823687,-0.516362][0.12205,0.902415,0][-1.88247,1.88239,-0.236651][0.635491,0.0619161,-0.769622][0.12205,0.888139,0][-1.68211,1.77446,-0.0249343][0.721308,-0.0168454,-0.69241][0.100636,0.888139,0][-1.73243,1.70176,-0.00969708][0.156905,-0.836614,-0.524841][0.100636,0.902415,0][-1.68211,1.77446,-0.0249343][0.721308,-0.0168454,-0.69241][0.100636,0.888139,0][-1.88247,1.88239,-0.236651][0.635491,0.0619161,-0.769622][0.12205,0.888139,0][-1.90523,1.97641,-0.181012][0.417748,0.865119,-0.27759][0.12205,0.873863,0][-2.16091,1.87742,-0.409642][0.541636,0.060816,-0.83841][0.143464,0.888139,0][-1.90523,1.97641,-0.181012][0.417748,0.865119,-0.27759][0.12205,0.873863,0][-1.88247,1.88239,-0.236651][0.635491,0.0619161,-0.769622][0.12205,0.888139,0][-1.90523,1.97641,-0.181012][0.417748,0.865119,-0.27759][0.12205,0.873863,0][-1.69178,1.84715,0.0273431][0.601009,0.789848,-0.122181][0.100636,0.873863,0][-1.68211,1.77446,-0.0249343][0.721308,-0.0168454,-0.69241][0.100636,0.888139,0][-2.41699,1.7872,-0.588558][0.456066,0.0205021,-0.88971][0.164878,0.888139,0][-2.19666,1.95347,-0.377941][0.136929,0.871202,-0.471443][0.143464,0.873863,0][-2.16091,1.87742,-0.409642][0.541636,0.060816,-0.83841][0.143464,0.888139,0][-1.90523,1.97641,-0.181012][0.417748,0.865119,-0.27759][0.12205,0.873863,0][-2.16091,1.87742,-0.409642][0.541636,0.060816,-0.83841][0.143464,0.888139,0][-2.19666,1.95347,-0.377941][0.136929,0.871202,-0.471443][0.143464,0.873863,0][-1.97474,1.97466,-0.0930647][-0.182487,0.863886,0.469467][0.12205,0.859587,0][-1.69178,1.84715,0.0273431][0.601009,0.789848,-0.122181][0.100636,0.873863,0][-1.90523,1.97641,-0.181012][0.417748,0.865119,-0.27759][0.12205,0.873863,0][-1.69178,1.84715,0.0273431][0.601009,0.789848,-0.122181][0.100636,0.873863,0][-1.97474,1.97466,-0.0930647][-0.182487,0.863886,0.469467][0.12205,0.859587,0][-1.75177,1.84715,0.0948574][-0.0598254,0.791057,0.60881][0.100636,0.859587,0][-2.19666,1.95347,-0.377941][0.136929,0.871202,-0.471443][0.143464,0.873863,0][-1.97474,1.97466,-0.0930647][-0.182487,0.863886,0.469467][0.12205,0.859587,0][-1.90523,1.97641,-0.181012][0.417748,0.865119,-0.27759][0.12205,0.873863,0][-1.97474,1.97466,-0.0930647][-0.182487,0.863886,0.469467][0.12205,0.859587,0][-2.19666,1.95347,-0.377941][0.136929,0.871202,-0.471443][0.143464,0.873863,0][-2.24784,1.95199,-0.303373][-0.413118,0.8568,0.308588][0.143464,0.859587,0][-2.19666,1.95347,-0.377941][0.136929,0.871202,-0.471443][0.143464,0.873863,0][-2.52394,1.85348,-0.49632][-0.689751,0.715318,0.112086][0.164878,0.859587,0][-2.24784,1.95199,-0.303373][-0.413118,0.8568,0.308588][0.143464,0.859587,0][-2.19666,1.95347,-0.377941][0.136929,0.871202,-0.471443][0.143464,0.873863,0][-2.41699,1.7872,-0.588558][0.456066,0.0205021,-0.88971][0.164878,0.888139,0][-2.4738,1.85454,-0.571615][-0.160693,0.72728,-0.667264][0.164878,0.873863,0][-2.52394,1.85348,-0.49632][-0.689751,0.715318,0.112086][0.164878,0.859587,0][-2.19666,1.95347,-0.377941][0.136929,0.871202,-0.471443][0.143464,0.873863,0][-2.4738,1.85454,-0.571615][-0.160693,0.72728,-0.667264][0.164878,0.873863,0][-2.41699,1.7872,-0.588558][0.456066,0.0205021,-0.88971][0.164878,0.888139,0][-2.7201,1.51141,-0.686723][-0.344471,0.511363,-0.787304][0.186292,0.873863,0][-2.4738,1.85454,-0.571615][-0.160693,0.72728,-0.667264][0.164878,0.873863,0][-2.72024,1.51141,-0.686514][-0.864401,0.502662,-0.0119352][0.186292,0.859587,0][-2.52394,1.85348,-0.49632][-0.689751,0.715318,0.112086][0.164878,0.859587,0][-2.4738,1.85454,-0.571615][-0.160693,0.72728,-0.667264][0.164878,0.873863,0][-2.4738,1.85454,-0.571615][-0.160693,0.72728,-0.667264][0.164878,0.873863,0][-2.7201,1.51141,-0.686723][-0.344471,0.511363,-0.787304][0.186292,0.873863,0][-2.72024,1.51141,-0.686514][-0.864401,0.502662,-0.0119352][0.186292,0.859587,0][-2.03204,1.86563,-0.0494332][-0.250329,0.873626,0.417269][0.131816,0.947195,0][-1.91878,1.75295,0.0491936][-0.440405,-0.0324749,0.897211][0.110402,0.932919,0][-1.89497,1.79435,0.0361606][0.0221649,0.781556,0.623441][0.110402,0.947195,0][-1.91878,1.75295,0.0491936][-0.440405,-0.0324749,0.897211][0.110402,0.932919,0][-2.03204,1.86563,-0.0494332][-0.250329,0.873626,0.417269][0.131816,0.947195,0][-2.0613,1.79376,-0.0190286][-0.611974,0.0423535,0.789743][0.131816,0.932919,0][-2.03204,1.86563,-0.0494332][-0.250329,0.873626,0.417269][0.131816,0.947195,0][-2.17266,1.77144,-0.151729][-0.732382,0.0257419,0.680407][0.15323,0.932919,0][-2.0613,1.79376,-0.0190286][-0.611974,0.0423535,0.789743][0.131816,0.932919,0][-1.91878,1.75295,0.0491936][-0.440405,-0.0324749,0.897211][0.110402,0.932919,0][-2.0613,1.79376,-0.0190286][-0.611974,0.0423535,0.789743][0.131816,0.932919,0][-2.03935,1.72181,-0.0550435][-0.363243,-0.851736,0.377625][0.131816,0.918643,0][-2.17266,1.77144,-0.151729][-0.732382,0.0257419,0.680407][0.15323,0.932919,0][-2.03935,1.72181,-0.0550435][-0.363243,-0.851736,0.377625][0.131816,0.918643,0][-2.0613,1.79376,-0.0190286][-0.611974,0.0423535,0.789743][0.131816,0.932919,0][-1.91878,1.75295,0.0491936][-0.440405,-0.0324749,0.897211][0.110402,0.932919,0][-2.03935,1.72181,-0.0550435][-0.363243,-0.851736,0.377625][0.131816,0.918643,0][-1.91237,1.71154,0.0225625][-0.30974,-0.868831,0.386257][0.110402,0.918643,0][-2.17266,1.77144,-0.151729][-0.732382,0.0257419,0.680407][0.15323,0.932919,0][-2.03204,1.86563,-0.0494332][-0.250329,0.873626,0.417269][0.131816,0.947195,0][-2.16511,1.81291,-0.177944][-0.551813,0.816933,0.167696][0.15323,0.947195,0][-2.03935,1.72181,-0.0550435][-0.363243,-0.851736,0.377625][0.131816,0.918643,0][-1.88215,1.71154,-0.0171013][0.295479,-0.87243,-0.389304][0.110402,0.904368,0][-1.91237,1.71154,0.0225625][-0.30974,-0.868831,0.386257][0.110402,0.918643,0][-2.03935,1.72181,-0.0550435][-0.363243,-0.851736,0.377625][0.131816,0.918643,0][-2.17266,1.77144,-0.151729][-0.732382,0.0257419,0.680407][0.15323,0.932919,0][-2.14813,1.73012,-0.163655][-0.263195,-0.84361,0.468028][0.15323,0.918643,0][-2.16511,1.81291,-0.177944][-0.551813,0.816933,0.167696][0.15323,0.947195,0][-2.29141,1.70488,-0.26316][-0.798447,-0.0578856,0.599276][0.174643,0.932919,0][-2.17266,1.77144,-0.151729][-0.732382,0.0257419,0.680407][0.15323,0.932919,0][-2.29141,1.70488,-0.26316][-0.798447,-0.0578856,0.599276][0.174643,0.932919,0][-2.16511,1.81291,-0.177944][-0.551813,0.816933,0.167696][0.15323,0.947195,0][-2.29175,1.74132,-0.297035][-0.769301,0.636946,-0.0497549][0.174643,0.947195,0][-2.29175,1.74132,-0.297035][-0.769301,0.636946,-0.0497549][0.174643,0.947195,0][-2.34281,1.55077,-0.421063][-0.406741,-0.714845,-0.568822][0.196057,0.932919,0][-2.29141,1.70488,-0.26316][-0.798447,-0.0578856,0.599276][0.174643,0.932919,0][-2.2556,1.67077,-0.26411][-0.106413,-0.780009,0.616654][0.174643,0.918643,0][-2.17266,1.77144,-0.151729][-0.732382,0.0257419,0.680407][0.15323,0.932919,0][-2.29141,1.70488,-0.26316][-0.798447,-0.0578856,0.599276][0.174643,0.932919,0][-2.17266,1.77144,-0.151729][-0.732382,0.0257419,0.680407][0.15323,0.932919,0][-2.2556,1.67077,-0.26411][-0.106413,-0.780009,0.616654][0.174643,0.918643,0][-2.14813,1.73012,-0.163655][-0.263195,-0.84361,0.468028][0.15323,0.918643,0][-2.29141,1.70488,-0.26316][-0.798447,-0.0578856,0.599276][0.174643,0.932919,0][-2.34281,1.55077,-0.421063][-0.406741,-0.714845,-0.568822][0.196057,0.918643,0][-2.2556,1.67077,-0.26411][-0.106413,-0.780009,0.616654][0.174643,0.918643,0][-2.03935,1.72181,-0.0550435][-0.363243,-0.851736,0.377625][0.131816,0.918643,0][-2.14813,1.73012,-0.163655][-0.263195,-0.84361,0.468028][0.15323,0.918643,0][-2.11606,1.73029,-0.201796][0.415931,-0.851709,-0.318735][0.15323,0.904368,0][-2.2556,1.67077,-0.26411][-0.106413,-0.780009,0.616654][0.174643,0.918643,0][-2.11606,1.73029,-0.201796][0.415931,-0.851709,-0.318735][0.15323,0.904368,0][-2.14813,1.73012,-0.163655][-0.263195,-0.84361,0.468028][0.15323,0.918643,0][-1.98814,1.72174,-0.121463][0.280757,-0.85388,-0.438251][0.131816,0.904368,0][-2.03935,1.72181,-0.0550435][-0.363243,-0.851736,0.377625][0.131816,0.918643,0][-2.11606,1.73029,-0.201796][0.415931,-0.851709,-0.318735][0.15323,0.904368,0][-1.88215,1.71154,-0.0171013][0.295479,-0.87243,-0.389304][0.110402,0.904368,0][-2.03935,1.72181,-0.0550435][-0.363243,-0.851736,0.377625][0.131816,0.918643,0][-1.98814,1.72174,-0.121463][0.280757,-0.85388,-0.438251][0.131816,0.904368,0][-2.11606,1.73029,-0.201796][0.415931,-0.851709,-0.318735][0.15323,0.904368,0][-2.2556,1.67077,-0.26411][-0.106413,-0.780009,0.616654][0.174643,0.918643,0][-2.22011,1.67311,-0.298934][0.658874,-0.744898,-0.10494][0.174643,0.904368,0][-2.2556,1.67077,-0.26411][-0.106413,-0.780009,0.616654][0.174643,0.918643,0][-2.34281,1.55077,-0.421063][-0.406741,-0.714845,-0.568822][0.196057,0.904368,0][-2.22011,1.67311,-0.298934][0.658874,-0.744898,-0.10494][0.174643,0.904368,0][-2.10851,1.77176,-0.228011][0.561491,0.0352621,-0.826731][0.15323,0.890092,0][-1.98814,1.72174,-0.121463][0.280757,-0.85388,-0.438251][0.131816,0.904368,0][-2.11606,1.73029,-0.201796][0.415931,-0.851709,-0.318735][0.15323,0.904368,0][-2.22011,1.67311,-0.298934][0.658874,-0.744898,-0.10494][0.174643,0.904368,0][-2.10851,1.77176,-0.228011][0.561491,0.0352621,-0.826731][0.15323,0.890092,0][-2.11606,1.73029,-0.201796][0.415931,-0.851709,-0.318735][0.15323,0.904368,0][-1.88215,1.71154,-0.0171013][0.295479,-0.87243,-0.389304][0.110402,0.904368,0][-1.98814,1.72174,-0.121463][0.280757,-0.85388,-0.438251][0.131816,0.904368,0][-1.95888,1.79361,-0.151868][0.624552,0.0390379,-0.780007][0.131816,0.890092,0][-2.10851,1.77176,-0.228011][0.561491,0.0352621,-0.826731][0.15323,0.890092,0][-1.95888,1.79361,-0.151868][0.624552,0.0390379,-0.780007][0.131816,0.890092,0][-1.98814,1.72174,-0.121463][0.280757,-0.85388,-0.438251][0.131816,0.904368,0][-1.95888,1.79361,-0.151868][0.624552,0.0390379,-0.780007][0.131816,0.890092,0][-1.85834,1.75295,-0.0301342][0.763854,-0.0341425,-0.644486][0.110402,0.890092,0][-1.88215,1.71154,-0.0171013][0.295479,-0.87243,-0.389304][0.110402,0.904368,0][-1.85834,1.75295,-0.0301342][0.763854,-0.0341425,-0.644486][0.110402,0.890092,0][-1.95888,1.79361,-0.151868][0.624552,0.0390379,-0.780007][0.131816,0.890092,0][-1.98083,1.86556,-0.115853][0.347698,0.872343,-0.343691][0.131816,0.875816,0][-2.10851,1.77176,-0.228011][0.561491,0.0352621,-0.826731][0.15323,0.890092,0][-1.98083,1.86556,-0.115853][0.347698,0.872343,-0.343691][0.131816,0.875816,0][-1.95888,1.79361,-0.151868][0.624552,0.0390379,-0.780007][0.131816,0.890092,0][-1.98083,1.86556,-0.115853][0.347698,0.872343,-0.343691][0.131816,0.875816,0][-1.86475,1.79435,-0.00350323][0.61012,0.781688,-0.129296][0.110402,0.875816,0][-1.85834,1.75295,-0.0301342][0.763854,-0.0341425,-0.644486][0.110402,0.890092,0][-2.03204,1.86563,-0.0494332][-0.250329,0.873626,0.417269][0.131816,0.86154,0][-1.86475,1.79435,-0.00350323][0.61012,0.781688,-0.129296][0.110402,0.875816,0][-1.98083,1.86556,-0.115853][0.347698,0.872343,-0.343691][0.131816,0.875816,0][-1.86475,1.79435,-0.00350323][0.61012,0.781688,-0.129296][0.110402,0.875816,0][-2.03204,1.86563,-0.0494332][-0.250329,0.873626,0.417269][0.131816,0.86154,0][-1.89497,1.79435,0.0361606][0.0221649,0.781556,0.623441][0.110402,0.86154,0][-2.13304,1.81307,-0.216085][0.059653,0.833603,-0.549133][0.15323,0.875816,0][-2.03204,1.86563,-0.0494332][-0.250329,0.873626,0.417269][0.131816,0.86154,0][-1.98083,1.86556,-0.115853][0.347698,0.872343,-0.343691][0.131816,0.875816,0][-1.98083,1.86556,-0.115853][0.347698,0.872343,-0.343691][0.131816,0.875816,0][-2.10851,1.77176,-0.228011][0.561491,0.0352621,-0.826731][0.15323,0.890092,0][-2.13304,1.81307,-0.216085][0.059653,0.833603,-0.549133][0.15323,0.875816,0][-2.03204,1.86563,-0.0494332][-0.250329,0.873626,0.417269][0.131816,0.86154,0][-2.13304,1.81307,-0.216085][0.059653,0.833603,-0.549133][0.15323,0.875816,0][-2.16511,1.81291,-0.177944][-0.551813,0.816933,0.167696][0.15323,0.86154,0][-2.13304,1.81307,-0.216085][0.059653,0.833603,-0.549133][0.15323,0.875816,0][-2.29175,1.74132,-0.297035][-0.769301,0.636946,-0.0497549][0.174643,0.86154,0][-2.16511,1.81291,-0.177944][-0.551813,0.816933,0.167696][0.15323,0.86154,0][-2.29175,1.74132,-0.297035][-0.769301,0.636946,-0.0497549][0.174643,0.86154,0][-2.13304,1.81307,-0.216085][0.059653,0.833603,-0.549133][0.15323,0.875816,0][-2.25626,1.74366,-0.331859][-0.099295,0.694382,-0.712723][0.174643,0.875816,0][-2.25626,1.74366,-0.331859][-0.099295,0.694382,-0.712723][0.174643,0.875816,0][-2.34281,1.55077,-0.421063][-0.406741,-0.714845,-0.568822][0.196057,0.86154,0][-2.29175,1.74132,-0.297035][-0.769301,0.636946,-0.0497549][0.174643,0.86154,0][-2.22045,1.70956,-0.332809][0.624105,0.039612,-0.780335][0.174643,0.890092,0][-2.13304,1.81307,-0.216085][0.059653,0.833603,-0.549133][0.15323,0.875816,0][-2.10851,1.77176,-0.228011][0.561491,0.0352621,-0.826731][0.15323,0.890092,0][-2.13304,1.81307,-0.216085][0.059653,0.833603,-0.549133][0.15323,0.875816,0][-2.22045,1.70956,-0.332809][0.624105,0.039612,-0.780335][0.174643,0.890092,0][-2.25626,1.74366,-0.331859][-0.099295,0.694382,-0.712723][0.174643,0.875816,0][-2.10851,1.77176,-0.228011][0.561491,0.0352621,-0.826731][0.15323,0.890092,0][-2.22011,1.67311,-0.298934][0.658874,-0.744898,-0.10494][0.174643,0.904368,0][-2.22045,1.70956,-0.332809][0.624105,0.039612,-0.780335][0.174643,0.890092,0][-2.22045,1.70956,-0.332809][0.624105,0.039612,-0.780335][0.174643,0.890092,0][-2.34281,1.55077,-0.421063][-0.406741,-0.714845,-0.568822][0.196057,0.875816,0][-2.25626,1.74366,-0.331859][-0.099295,0.694382,-0.712723][0.174643,0.875816,0][-2.22011,1.67311,-0.298934][0.658874,-0.744898,-0.10494][0.174643,0.904368,0][-2.34281,1.55077,-0.421063][-0.406741,-0.714845,-0.568822][0.196057,0.890092,0][-2.22045,1.70956,-0.332809][0.624105,0.039612,-0.780335][0.174643,0.890092,0][1.91878,1.75295,0.0491936][0.440407,-0.0324742,0.897211][0.100636,0.930966,0][2.03204,1.86563,-0.0494332][0.250327,0.873626,0.417269][0.12205,0.945242,0][1.89497,1.79435,0.0361606][-0.0221643,0.781556,0.623441][0.100636,0.945242,0][2.03204,1.86563,-0.0494332][0.250327,0.873626,0.417269][0.12205,0.945242,0][1.91878,1.75295,0.0491936][0.440407,-0.0324742,0.897211][0.100636,0.930966,0][2.0613,1.79376,-0.0190286][0.611975,0.042354,0.789742][0.12205,0.930966,0][2.03204,1.86563,-0.0494332][0.250327,0.873626,0.417269][0.12205,0.945242,0][2.0613,1.79376,-0.0190286][0.611975,0.042354,0.789742][0.12205,0.930966,0][2.17266,1.77144,-0.151729][0.732382,0.0257414,0.680407][0.143464,0.930966,0][2.0613,1.79376,-0.0190286][0.611975,0.042354,0.789742][0.12205,0.930966,0][1.91878,1.75295,0.0491936][0.440407,-0.0324742,0.897211][0.100636,0.930966,0][2.03935,1.72181,-0.0550435][0.363243,-0.851736,0.377624][0.12205,0.91669,0][2.03935,1.72181,-0.0550435][0.363243,-0.851736,0.377624][0.12205,0.91669,0][2.17266,1.77144,-0.151729][0.732382,0.0257414,0.680407][0.143464,0.930966,0][2.0613,1.79376,-0.0190286][0.611975,0.042354,0.789742][0.12205,0.930966,0][1.91237,1.71154,0.0225625][0.30974,-0.868831,0.386257][0.100636,0.91669,0][2.03935,1.72181,-0.0550435][0.363243,-0.851736,0.377624][0.12205,0.91669,0][1.91878,1.75295,0.0491936][0.440407,-0.0324742,0.897211][0.100636,0.930966,0][2.16511,1.81291,-0.177944][0.551814,0.816933,0.167696][0.143464,0.945242,0][2.03204,1.86563,-0.0494332][0.250327,0.873626,0.417269][0.12205,0.945242,0][2.17266,1.77144,-0.151729][0.732382,0.0257414,0.680407][0.143464,0.930966,0][1.88215,1.71154,-0.0171013][-0.29548,-0.87243,-0.389304][0.100636,0.902415,0][2.03935,1.72181,-0.0550435][0.363243,-0.851736,0.377624][0.12205,0.91669,0][1.91237,1.71154,0.0225625][0.30974,-0.868831,0.386257][0.100636,0.91669,0][2.29141,1.70488,-0.26316][0.798301,-0.0577598,0.599483][0.164878,0.930966,0][2.16511,1.81291,-0.177944][0.551814,0.816933,0.167696][0.143464,0.945242,0][2.17266,1.77144,-0.151729][0.732382,0.0257414,0.680407][0.143464,0.930966,0][2.29175,1.74132,-0.297035][0.769184,0.6371,-0.0495888][0.164878,0.945242,0][2.16511,1.81291,-0.177944][0.551814,0.816933,0.167696][0.143464,0.945242,0][2.29141,1.70488,-0.26316][0.798301,-0.0577598,0.599483][0.164878,0.930966,0][2.29141,1.70488,-0.26316][0.798301,-0.0577598,0.599483][0.164878,0.930966,0][2.34292,1.55084,-0.421079][0.889746,0.391666,-0.234414][0.186292,0.945242,0][2.29175,1.74132,-0.297035][0.769184,0.6371,-0.0495888][0.164878,0.945242,0][2.34292,1.55084,-0.421079][0.889746,0.391666,-0.234414][0.186292,0.945242,0][2.29141,1.70488,-0.26316][0.798301,-0.0577598,0.599483][0.164878,0.930966,0][2.34291,1.55075,-0.420972][0.843847,-0.219438,0.489663][0.186292,0.930966,0][2.2556,1.67077,-0.26411][0.106224,-0.779869,0.616864][0.164878,0.91669,0][2.34291,1.55075,-0.420972][0.843847,-0.219438,0.489663][0.186292,0.930966,0][2.29141,1.70488,-0.26316][0.798301,-0.0577598,0.599483][0.164878,0.930966,0][2.29141,1.70488,-0.26316][0.798301,-0.0577598,0.599483][0.164878,0.930966,0][2.17266,1.77144,-0.151729][0.732382,0.0257414,0.680407][0.143464,0.930966,0][2.2556,1.67077,-0.26411][0.106224,-0.779869,0.616864][0.164878,0.91669,0][2.34291,1.55075,-0.420972][0.843847,-0.219438,0.489663][0.186292,0.930966,0][2.2556,1.67077,-0.26411][0.106224,-0.779869,0.616864][0.164878,0.91669,0][2.3428,1.55068,-0.420957][0.0326758,-0.784704,0.619009][0.186292,0.91669,0][2.17266,1.77144,-0.151729][0.732382,0.0257414,0.680407][0.143464,0.930966,0][2.03935,1.72181,-0.0550435][0.363243,-0.851736,0.377624][0.12205,0.91669,0][2.14813,1.73012,-0.163655][0.263195,-0.843611,0.468028][0.143464,0.91669,0][2.2556,1.67077,-0.26411][0.106224,-0.779869,0.616864][0.164878,0.91669,0][2.17266,1.77144,-0.151729][0.732382,0.0257414,0.680407][0.143464,0.930966,0][2.14813,1.73012,-0.163655][0.263195,-0.843611,0.468028][0.143464,0.91669,0][2.03935,1.72181,-0.0550435][0.363243,-0.851736,0.377624][0.12205,0.91669,0][2.11606,1.73029,-0.201796][-0.415932,-0.851709,-0.318735][0.143464,0.902415,0][2.14813,1.73012,-0.163655][0.263195,-0.843611,0.468028][0.143464,0.91669,0][2.11606,1.73029,-0.201796][-0.415932,-0.851709,-0.318735][0.143464,0.902415,0][2.2556,1.67077,-0.26411][0.106224,-0.779869,0.616864][0.164878,0.91669,0][2.14813,1.73012,-0.163655][0.263195,-0.843611,0.468028][0.143464,0.91669,0][2.22011,1.67311,-0.298934][-0.659076,-0.744747,-0.104744][0.164878,0.902415,0][2.3428,1.55068,-0.420957][0.0326758,-0.784704,0.619009][0.186292,0.91669,0][2.2556,1.67077,-0.26411][0.106224,-0.779869,0.616864][0.164878,0.91669,0][2.2556,1.67077,-0.26411][0.106224,-0.779869,0.616864][0.164878,0.91669,0][2.11606,1.73029,-0.201796][-0.415932,-0.851709,-0.318735][0.143464,0.902415,0][2.22011,1.67311,-0.298934][-0.659076,-0.744747,-0.104744][0.164878,0.902415,0][2.3428,1.55068,-0.420957][0.0326758,-0.784704,0.619009][0.186292,0.91669,0][2.22011,1.67311,-0.298934][-0.659076,-0.744747,-0.104744][0.164878,0.902415,0][2.34269,1.55069,-0.421048][-0.719936,-0.693498,-0.0274298][0.186292,0.902415,0][2.34269,1.55069,-0.421048][-0.719936,-0.693498,-0.0274298][0.186292,0.902415,0][2.22011,1.67311,-0.298934][-0.659076,-0.744747,-0.104744][0.164878,0.902415,0][2.3427,1.55078,-0.421154][-0.626218,-0.0492358,-0.778092][0.186292,0.888139,0][1.98814,1.72174,-0.121463][-0.280757,-0.85388,-0.438251][0.12205,0.902415,0][2.11606,1.73029,-0.201796][-0.415932,-0.851709,-0.318735][0.143464,0.902415,0][2.03935,1.72181,-0.0550435][0.363243,-0.851736,0.377624][0.12205,0.91669,0][2.03935,1.72181,-0.0550435][0.363243,-0.851736,0.377624][0.12205,0.91669,0][1.88215,1.71154,-0.0171013][-0.29548,-0.87243,-0.389304][0.100636,0.902415,0][1.98814,1.72174,-0.121463][-0.280757,-0.85388,-0.438251][0.12205,0.902415,0][2.10851,1.77176,-0.228011][-0.561491,0.0352612,-0.826731][0.143464,0.888139,0][2.22011,1.67311,-0.298934][-0.659076,-0.744747,-0.104744][0.164878,0.902415,0][2.11606,1.73029,-0.201796][-0.415932,-0.851709,-0.318735][0.143464,0.902415,0][1.98814,1.72174,-0.121463][-0.280757,-0.85388,-0.438251][0.12205,0.902415,0][2.10851,1.77176,-0.228011][-0.561491,0.0352612,-0.826731][0.143464,0.888139,0][2.11606,1.73029,-0.201796][-0.415932,-0.851709,-0.318735][0.143464,0.902415,0][2.22045,1.70956,-0.332809][-0.624317,0.0397557,-0.780159][0.164878,0.888139,0][2.3427,1.55078,-0.421154][-0.626218,-0.0492358,-0.778092][0.186292,0.888139,0][2.22011,1.67311,-0.298934][-0.659076,-0.744747,-0.104744][0.164878,0.902415,0][2.22011,1.67311,-0.298934][-0.659076,-0.744747,-0.104744][0.164878,0.902415,0][2.10851,1.77176,-0.228011][-0.561491,0.0352612,-0.826731][0.143464,0.888139,0][2.22045,1.70956,-0.332809][-0.624317,0.0397557,-0.780159][0.164878,0.888139,0][2.3427,1.55078,-0.421154][-0.626218,-0.0492358,-0.778092][0.186292,0.888139,0][2.22045,1.70956,-0.332809][-0.624317,0.0397557,-0.780159][0.164878,0.888139,0][2.34282,1.55085,-0.421169][0.194497,0.482814,-0.853851][0.186292,0.873863,0][1.88215,1.71154,-0.0171013][-0.29548,-0.87243,-0.389304][0.100636,0.902415,0][1.95888,1.79361,-0.151868][-0.624552,0.0390375,-0.780007][0.12205,0.888139,0][1.98814,1.72174,-0.121463][-0.280757,-0.85388,-0.438251][0.12205,0.902415,0][2.10851,1.77176,-0.228011][-0.561491,0.0352612,-0.826731][0.143464,0.888139,0][1.98814,1.72174,-0.121463][-0.280757,-0.85388,-0.438251][0.12205,0.902415,0][1.95888,1.79361,-0.151868][-0.624552,0.0390375,-0.780007][0.12205,0.888139,0][1.85834,1.75295,-0.0301342][-0.763854,-0.0341425,-0.644485][0.100636,0.888139,0][1.95888,1.79361,-0.151868][-0.624552,0.0390375,-0.780007][0.12205,0.888139,0][1.88215,1.71154,-0.0171013][-0.29548,-0.87243,-0.389304][0.100636,0.902415,0][1.85834,1.75295,-0.0301342][-0.763854,-0.0341425,-0.644485][0.100636,0.888139,0][1.98083,1.86556,-0.115853][-0.347699,0.872343,-0.343691][0.12205,0.873863,0][1.95888,1.79361,-0.151868][-0.624552,0.0390375,-0.780007][0.12205,0.888139,0][1.98083,1.86556,-0.115853][-0.347699,0.872343,-0.343691][0.12205,0.873863,0][2.10851,1.77176,-0.228011][-0.561491,0.0352612,-0.826731][0.143464,0.888139,0][1.95888,1.79361,-0.151868][-0.624552,0.0390375,-0.780007][0.12205,0.888139,0][1.86475,1.79435,-0.00350323][-0.610121,0.781687,-0.129296][0.100636,0.873863,0][1.98083,1.86556,-0.115853][-0.347699,0.872343,-0.343691][0.12205,0.873863,0][1.85834,1.75295,-0.0301342][-0.763854,-0.0341425,-0.644485][0.100636,0.888139,0][2.13304,1.81307,-0.216085][-0.0596527,0.833603,-0.549133][0.143464,0.873863,0][2.22045,1.70956,-0.332809][-0.624317,0.0397557,-0.780159][0.164878,0.888139,0][2.10851,1.77176,-0.228011][-0.561491,0.0352612,-0.826731][0.143464,0.888139,0][2.10851,1.77176,-0.228011][-0.561491,0.0352612,-0.826731][0.143464,0.888139,0][1.98083,1.86556,-0.115853][-0.347699,0.872343,-0.343691][0.12205,0.873863,0][2.13304,1.81307,-0.216085][-0.0596527,0.833603,-0.549133][0.143464,0.873863,0][1.98083,1.86556,-0.115853][-0.347699,0.872343,-0.343691][0.12205,0.873863,0][1.86475,1.79435,-0.00350323][-0.610121,0.781687,-0.129296][0.100636,0.873863,0][2.03204,1.86563,-0.0494332][0.250327,0.873626,0.417269][0.12205,0.859587,0][2.03204,1.86563,-0.0494332][0.250327,0.873626,0.417269][0.12205,0.859587,0][1.86475,1.79435,-0.00350323][-0.610121,0.781687,-0.129296][0.100636,0.873863,0][1.89497,1.79435,0.0361606][-0.0221643,0.781556,0.623441][0.100636,0.859587,0][2.03204,1.86563,-0.0494332][0.250327,0.873626,0.417269][0.12205,0.859587,0][2.13304,1.81307,-0.216085][-0.0596527,0.833603,-0.549133][0.143464,0.873863,0][1.98083,1.86556,-0.115853][-0.347699,0.872343,-0.343691][0.12205,0.873863,0][2.13304,1.81307,-0.216085][-0.0596527,0.833603,-0.549133][0.143464,0.873863,0][2.03204,1.86563,-0.0494332][0.250327,0.873626,0.417269][0.12205,0.859587,0][2.16511,1.81291,-0.177944][0.551814,0.816933,0.167696][0.143464,0.859587,0][2.13304,1.81307,-0.216085][-0.0596527,0.833603,-0.549133][0.143464,0.873863,0][2.16511,1.81291,-0.177944][0.551814,0.816933,0.167696][0.143464,0.859587,0][2.29175,1.74132,-0.297035][0.769184,0.6371,-0.0495888][0.164878,0.859587,0][2.22045,1.70956,-0.332809][-0.624317,0.0397557,-0.780159][0.164878,0.888139,0][2.13304,1.81307,-0.216085][-0.0596527,0.833603,-0.549133][0.143464,0.873863,0][2.25626,1.74366,-0.331859][0.0991171,0.694543,-0.712591][0.164878,0.873863,0][2.25626,1.74366,-0.331859][0.0991171,0.694543,-0.712591][0.164878,0.873863,0][2.13304,1.81307,-0.216085][-0.0596527,0.833603,-0.549133][0.143464,0.873863,0][2.29175,1.74132,-0.297035][0.769184,0.6371,-0.0495888][0.164878,0.859587,0][2.25626,1.74366,-0.331859][0.0991171,0.694543,-0.712591][0.164878,0.873863,0][2.34282,1.55085,-0.421169][0.194497,0.482814,-0.853851][0.186292,0.873863,0][2.22045,1.70956,-0.332809][-0.624317,0.0397557,-0.780159][0.164878,0.888139,0][2.29175,1.74132,-0.297035][0.769184,0.6371,-0.0495888][0.164878,0.859587,0][2.34292,1.55084,-0.421079][0.889746,0.391666,-0.234414][0.186292,0.859587,0][2.25626,1.74366,-0.331859][0.0991171,0.694543,-0.712591][0.164878,0.873863,0][2.25626,1.74366,-0.331859][0.0991171,0.694543,-0.712591][0.164878,0.873863,0][2.34292,1.55084,-0.421079][0.889746,0.391666,-0.234414][0.186292,0.859587,0][2.34282,1.55085,-0.421169][0.194497,0.482814,-0.853851][0.186292,0.873863,0][1.91878,1.75295,0.0491936][0.440407,-0.0324742,0.897211][0.110402,0.932919,0][2.03204,1.86563,-0.0494332][0.250327,0.873626,0.417269][0.131816,0.947195,0][1.89497,1.79435,0.0361606][-0.0221643,0.781556,0.623441][0.110402,0.947195,0][2.03204,1.86563,-0.0494332][0.250327,0.873626,0.417269][0.131816,0.947195,0][1.91878,1.75295,0.0491936][0.440407,-0.0324742,0.897211][0.110402,0.932919,0][2.0613,1.79376,-0.0190286][0.611975,0.042354,0.789742][0.131816,0.932919,0][2.03204,1.86563,-0.0494332][0.250327,0.873626,0.417269][0.131816,0.947195,0][2.0613,1.79376,-0.0190286][0.611975,0.042354,0.789742][0.131816,0.932919,0][2.17266,1.77144,-0.151729][0.732382,0.0257414,0.680407][0.15323,0.932919,0][2.0613,1.79376,-0.0190286][0.611975,0.042354,0.789742][0.131816,0.932919,0][1.91878,1.75295,0.0491936][0.440407,-0.0324742,0.897211][0.110402,0.932919,0][2.03935,1.72181,-0.0550435][0.363243,-0.851736,0.377624][0.131816,0.918643,0][2.03935,1.72181,-0.0550435][0.363243,-0.851736,0.377624][0.131816,0.918643,0][2.17266,1.77144,-0.151729][0.732382,0.0257414,0.680407][0.15323,0.932919,0][2.0613,1.79376,-0.0190286][0.611975,0.042354,0.789742][0.131816,0.932919,0][1.91237,1.71154,0.0225625][0.30974,-0.868831,0.386257][0.110402,0.918643,0][2.03935,1.72181,-0.0550435][0.363243,-0.851736,0.377624][0.131816,0.918643,0][1.91878,1.75295,0.0491936][0.440407,-0.0324742,0.897211][0.110402,0.932919,0][2.16511,1.81291,-0.177944][0.551814,0.816933,0.167696][0.15323,0.947195,0][2.03204,1.86563,-0.0494332][0.250327,0.873626,0.417269][0.131816,0.947195,0][2.17266,1.77144,-0.151729][0.732382,0.0257414,0.680407][0.15323,0.932919,0][1.88215,1.71154,-0.0171013][-0.29548,-0.87243,-0.389304][0.110402,0.904368,0][2.03935,1.72181,-0.0550435][0.363243,-0.851736,0.377624][0.131816,0.918643,0][1.91237,1.71154,0.0225625][0.30974,-0.868831,0.386257][0.110402,0.918643,0][2.29141,1.70488,-0.26316][0.798447,-0.0578862,0.599276][0.174643,0.932919,0][2.16511,1.81291,-0.177944][0.551814,0.816933,0.167696][0.15323,0.947195,0][2.17266,1.77144,-0.151729][0.732382,0.0257414,0.680407][0.15323,0.932919,0][2.29175,1.74132,-0.297035][0.769301,0.636946,-0.0497547][0.174643,0.947195,0][2.16511,1.81291,-0.177944][0.551814,0.816933,0.167696][0.15323,0.947195,0][2.29141,1.70488,-0.26316][0.798447,-0.0578862,0.599276][0.174643,0.932919,0][2.29175,1.74132,-0.297035][0.769301,0.636946,-0.0497547][0.174643,0.947195,0][2.29141,1.70488,-0.26316][0.798447,-0.0578862,0.599276][0.174643,0.932919,0][2.34281,1.55077,-0.421063][0.406744,-0.714843,-0.568822][0.196057,0.932919,0][2.17266,1.77144,-0.151729][0.732382,0.0257414,0.680407][0.15323,0.932919,0][2.03935,1.72181,-0.0550435][0.363243,-0.851736,0.377624][0.131816,0.918643,0][2.14813,1.73012,-0.163655][0.263195,-0.843611,0.468028][0.15323,0.918643,0][2.29141,1.70488,-0.26316][0.798447,-0.0578862,0.599276][0.174643,0.932919,0][2.17266,1.77144,-0.151729][0.732382,0.0257414,0.680407][0.15323,0.932919,0][2.2556,1.67077,-0.26411][0.106412,-0.780009,0.616655][0.174643,0.918643,0][2.2556,1.67077,-0.26411][0.106412,-0.780009,0.616655][0.174643,0.918643,0][2.17266,1.77144,-0.151729][0.732382,0.0257414,0.680407][0.15323,0.932919,0][2.14813,1.73012,-0.163655][0.263195,-0.843611,0.468028][0.15323,0.918643,0][2.29141,1.70488,-0.26316][0.798447,-0.0578862,0.599276][0.174643,0.932919,0][2.2556,1.67077,-0.26411][0.106412,-0.780009,0.616655][0.174643,0.918643,0][2.34281,1.55077,-0.421063][0.406744,-0.714843,-0.568822][0.196057,0.918643,0][2.03935,1.72181,-0.0550435][0.363243,-0.851736,0.377624][0.131816,0.918643,0][2.11606,1.73029,-0.201796][-0.415932,-0.851709,-0.318735][0.15323,0.904368,0][2.14813,1.73012,-0.163655][0.263195,-0.843611,0.468028][0.15323,0.918643,0][2.11606,1.73029,-0.201796][-0.415932,-0.851709,-0.318735][0.15323,0.904368,0][2.2556,1.67077,-0.26411][0.106412,-0.780009,0.616655][0.174643,0.918643,0][2.14813,1.73012,-0.163655][0.263195,-0.843611,0.468028][0.15323,0.918643,0][1.98814,1.72174,-0.121463][-0.280757,-0.85388,-0.438251][0.131816,0.904368,0][2.11606,1.73029,-0.201796][-0.415932,-0.851709,-0.318735][0.15323,0.904368,0][2.03935,1.72181,-0.0550435][0.363243,-0.851736,0.377624][0.131816,0.918643,0][2.03935,1.72181,-0.0550435][0.363243,-0.851736,0.377624][0.131816,0.918643,0][1.88215,1.71154,-0.0171013][-0.29548,-0.87243,-0.389304][0.110402,0.904368,0][1.98814,1.72174,-0.121463][-0.280757,-0.85388,-0.438251][0.131816,0.904368,0][2.2556,1.67077,-0.26411][0.106412,-0.780009,0.616655][0.174643,0.918643,0][2.11606,1.73029,-0.201796][-0.415932,-0.851709,-0.318735][0.15323,0.904368,0][2.22011,1.67311,-0.298934][-0.658874,-0.744898,-0.10494][0.174643,0.904368,0][2.2556,1.67077,-0.26411][0.106412,-0.780009,0.616655][0.174643,0.918643,0][2.22011,1.67311,-0.298934][-0.658874,-0.744898,-0.10494][0.174643,0.904368,0][2.34281,1.55077,-0.421063][0.406744,-0.714843,-0.568822][0.196057,0.904368,0][1.98814,1.72174,-0.121463][-0.280757,-0.85388,-0.438251][0.131816,0.904368,0][2.10851,1.77176,-0.228011][-0.561491,0.0352612,-0.826731][0.15323,0.890092,0][2.11606,1.73029,-0.201796][-0.415932,-0.851709,-0.318735][0.15323,0.904368,0][2.10851,1.77176,-0.228011][-0.561491,0.0352612,-0.826731][0.15323,0.890092,0][2.22011,1.67311,-0.298934][-0.658874,-0.744898,-0.10494][0.174643,0.904368,0][2.11606,1.73029,-0.201796][-0.415932,-0.851709,-0.318735][0.15323,0.904368,0][1.88215,1.71154,-0.0171013][-0.29548,-0.87243,-0.389304][0.110402,0.904368,0][1.95888,1.79361,-0.151868][-0.624552,0.0390375,-0.780007][0.131816,0.890092,0][1.98814,1.72174,-0.121463][-0.280757,-0.85388,-0.438251][0.131816,0.904368,0][2.10851,1.77176,-0.228011][-0.561491,0.0352612,-0.826731][0.15323,0.890092,0][1.98814,1.72174,-0.121463][-0.280757,-0.85388,-0.438251][0.131816,0.904368,0][1.95888,1.79361,-0.151868][-0.624552,0.0390375,-0.780007][0.131816,0.890092,0][1.85834,1.75295,-0.0301342][-0.763854,-0.0341425,-0.644485][0.110402,0.890092,0][1.95888,1.79361,-0.151868][-0.624552,0.0390375,-0.780007][0.131816,0.890092,0][1.88215,1.71154,-0.0171013][-0.29548,-0.87243,-0.389304][0.110402,0.904368,0][1.85834,1.75295,-0.0301342][-0.763854,-0.0341425,-0.644485][0.110402,0.890092,0][1.98083,1.86556,-0.115853][-0.347699,0.872343,-0.343691][0.131816,0.875816,0][1.95888,1.79361,-0.151868][-0.624552,0.0390375,-0.780007][0.131816,0.890092,0][1.98083,1.86556,-0.115853][-0.347699,0.872343,-0.343691][0.131816,0.875816,0][2.10851,1.77176,-0.228011][-0.561491,0.0352612,-0.826731][0.15323,0.890092,0][1.95888,1.79361,-0.151868][-0.624552,0.0390375,-0.780007][0.131816,0.890092,0][1.86475,1.79435,-0.00350323][-0.610121,0.781687,-0.129296][0.110402,0.875816,0][1.98083,1.86556,-0.115853][-0.347699,0.872343,-0.343691][0.131816,0.875816,0][1.85834,1.75295,-0.0301342][-0.763854,-0.0341425,-0.644485][0.110402,0.890092,0][1.98083,1.86556,-0.115853][-0.347699,0.872343,-0.343691][0.131816,0.875816,0][1.86475,1.79435,-0.00350323][-0.610121,0.781687,-0.129296][0.110402,0.875816,0][2.03204,1.86563,-0.0494332][0.250327,0.873626,0.417269][0.131816,0.86154,0][2.03204,1.86563,-0.0494332][0.250327,0.873626,0.417269][0.131816,0.86154,0][1.86475,1.79435,-0.00350323][-0.610121,0.781687,-0.129296][0.110402,0.875816,0][1.89497,1.79435,0.0361606][-0.0221643,0.781556,0.623441][0.110402,0.86154,0][2.03204,1.86563,-0.0494332][0.250327,0.873626,0.417269][0.131816,0.86154,0][2.13304,1.81307,-0.216085][-0.0596527,0.833603,-0.549133][0.15323,0.875816,0][1.98083,1.86556,-0.115853][-0.347699,0.872343,-0.343691][0.131816,0.875816,0][2.10851,1.77176,-0.228011][-0.561491,0.0352612,-0.826731][0.15323,0.890092,0][1.98083,1.86556,-0.115853][-0.347699,0.872343,-0.343691][0.131816,0.875816,0][2.13304,1.81307,-0.216085][-0.0596527,0.833603,-0.549133][0.15323,0.875816,0][2.13304,1.81307,-0.216085][-0.0596527,0.833603,-0.549133][0.15323,0.875816,0][2.03204,1.86563,-0.0494332][0.250327,0.873626,0.417269][0.131816,0.86154,0][2.16511,1.81291,-0.177944][0.551814,0.816933,0.167696][0.15323,0.86154,0][2.13304,1.81307,-0.216085][-0.0596527,0.833603,-0.549133][0.15323,0.875816,0][2.16511,1.81291,-0.177944][0.551814,0.816933,0.167696][0.15323,0.86154,0][2.29175,1.74132,-0.297035][0.769301,0.636946,-0.0497547][0.174643,0.86154,0][2.25626,1.74366,-0.331859][0.0992947,0.694382,-0.712723][0.174643,0.875816,0][2.13304,1.81307,-0.216085][-0.0596527,0.833603,-0.549133][0.15323,0.875816,0][2.29175,1.74132,-0.297035][0.769301,0.636946,-0.0497547][0.174643,0.86154,0][2.25626,1.74366,-0.331859][0.0992947,0.694382,-0.712723][0.174643,0.875816,0][2.29175,1.74132,-0.297035][0.769301,0.636946,-0.0497547][0.174643,0.86154,0][2.34281,1.55077,-0.421063][0.406744,-0.714843,-0.568822][0.196057,0.86154,0][2.13304,1.81307,-0.216085][-0.0596527,0.833603,-0.549133][0.15323,0.875816,0][2.22045,1.70956,-0.332809][-0.624105,0.0396104,-0.780336][0.174643,0.890092,0][2.10851,1.77176,-0.228011][-0.561491,0.0352612,-0.826731][0.15323,0.890092,0][2.22045,1.70956,-0.332809][-0.624105,0.0396104,-0.780336][0.174643,0.890092,0][2.13304,1.81307,-0.216085][-0.0596527,0.833603,-0.549133][0.15323,0.875816,0][2.25626,1.74366,-0.331859][0.0992947,0.694382,-0.712723][0.174643,0.875816,0][2.22011,1.67311,-0.298934][-0.658874,-0.744898,-0.10494][0.174643,0.904368,0][2.10851,1.77176,-0.228011][-0.561491,0.0352612,-0.826731][0.15323,0.890092,0][2.22045,1.70956,-0.332809][-0.624105,0.0396104,-0.780336][0.174643,0.890092,0][2.22045,1.70956,-0.332809][-0.624105,0.0396104,-0.780336][0.174643,0.890092,0][2.25626,1.74366,-0.331859][0.0992947,0.694382,-0.712723][0.174643,0.875816,0][2.34281,1.55077,-0.421063][0.406744,-0.714843,-0.568822][0.196057,0.875816,0][2.22011,1.67311,-0.298934][-0.658874,-0.744898,-0.10494][0.174643,0.904368,0][2.22045,1.70956,-0.332809][-0.624105,0.0396104,-0.780336][0.174643,0.890092,0][2.34281,1.55077,-0.421063][0.406744,-0.714843,-0.568822][0.196057,0.890092,0][-2.03204,1.86563,-0.0494332][-0.250329,0.873626,0.417269][0.12205,0.945242,0][-1.91878,1.75295,0.0491936][-0.440405,-0.0324749,0.897211][0.100636,0.930966,0][-1.89497,1.79435,0.0361606][0.0221649,0.781556,0.623441][0.100636,0.945242,0][-1.91878,1.75295,0.0491936][-0.440405,-0.0324749,0.897211][0.100636,0.930966,0][-2.03204,1.86563,-0.0494332][-0.250329,0.873626,0.417269][0.12205,0.945242,0][-2.0613,1.79376,-0.0190286][-0.611974,0.0423535,0.789743][0.12205,0.930966,0][-2.03204,1.86563,-0.0494332][-0.250329,0.873626,0.417269][0.12205,0.945242,0][-2.17266,1.77144,-0.151729][-0.732382,0.0257419,0.680407][0.143464,0.930966,0][-2.0613,1.79376,-0.0190286][-0.611974,0.0423535,0.789743][0.12205,0.930966,0][-1.91878,1.75295,0.0491936][-0.440405,-0.0324749,0.897211][0.100636,0.930966,0][-2.0613,1.79376,-0.0190286][-0.611974,0.0423535,0.789743][0.12205,0.930966,0][-2.03935,1.72181,-0.0550435][-0.363243,-0.851736,0.377625][0.12205,0.91669,0][-2.17266,1.77144,-0.151729][-0.732382,0.0257419,0.680407][0.143464,0.930966,0][-2.03935,1.72181,-0.0550435][-0.363243,-0.851736,0.377625][0.12205,0.91669,0][-2.0613,1.79376,-0.0190286][-0.611974,0.0423535,0.789743][0.12205,0.930966,0][-1.91878,1.75295,0.0491936][-0.440405,-0.0324749,0.897211][0.100636,0.930966,0][-2.03935,1.72181,-0.0550435][-0.363243,-0.851736,0.377625][0.12205,0.91669,0][-1.91237,1.71154,0.0225625][-0.30974,-0.868831,0.386257][0.100636,0.91669,0][-2.17266,1.77144,-0.151729][-0.732382,0.0257419,0.680407][0.143464,0.930966,0][-2.03204,1.86563,-0.0494332][-0.250329,0.873626,0.417269][0.12205,0.945242,0][-2.16511,1.81291,-0.177944][-0.551813,0.816933,0.167696][0.143464,0.945242,0][-2.03935,1.72181,-0.0550435][-0.363243,-0.851736,0.377625][0.12205,0.91669,0][-1.88215,1.71154,-0.0171013][0.295479,-0.87243,-0.389304][0.100636,0.902415,0][-1.91237,1.71154,0.0225625][-0.30974,-0.868831,0.386257][0.100636,0.91669,0][-2.03935,1.72181,-0.0550435][-0.363243,-0.851736,0.377625][0.12205,0.91669,0][-2.17266,1.77144,-0.151729][-0.732382,0.0257419,0.680407][0.143464,0.930966,0][-2.14813,1.73012,-0.163655][-0.263195,-0.84361,0.468028][0.143464,0.91669,0][-2.16511,1.81291,-0.177944][-0.551813,0.816933,0.167696][0.143464,0.945242,0][-2.29141,1.70488,-0.26316][-0.7983,-0.057759,0.599484][0.164878,0.930966,0][-2.17266,1.77144,-0.151729][-0.732382,0.0257419,0.680407][0.143464,0.930966,0][-2.29141,1.70488,-0.26316][-0.7983,-0.057759,0.599484][0.164878,0.930966,0][-2.16511,1.81291,-0.177944][-0.551813,0.816933,0.167696][0.143464,0.945242,0][-2.29175,1.74132,-0.297035][-0.769183,0.637101,-0.0495877][0.164878,0.945242,0][-2.34292,1.55084,-0.421079][-0.889739,0.391675,-0.234427][0.186292,0.945242,0][-2.29141,1.70488,-0.26316][-0.7983,-0.057759,0.599484][0.164878,0.930966,0][-2.29175,1.74132,-0.297035][-0.769183,0.637101,-0.0495877][0.164878,0.945242,0][-2.29141,1.70488,-0.26316][-0.7983,-0.057759,0.599484][0.164878,0.930966,0][-2.34292,1.55084,-0.421079][-0.889739,0.391675,-0.234427][0.186292,0.945242,0][-2.34291,1.55075,-0.420972][-0.843861,-0.219417,0.489648][0.186292,0.930966,0][-2.2556,1.67077,-0.26411][-0.106224,-0.77987,0.616862][0.164878,0.91669,0][-2.17266,1.77144,-0.151729][-0.732382,0.0257419,0.680407][0.143464,0.930966,0][-2.29141,1.70488,-0.26316][-0.7983,-0.057759,0.599484][0.164878,0.930966,0][-2.34291,1.55075,-0.420972][-0.843861,-0.219417,0.489648][0.186292,0.930966,0][-2.2556,1.67077,-0.26411][-0.106224,-0.77987,0.616862][0.164878,0.91669,0][-2.29141,1.70488,-0.26316][-0.7983,-0.057759,0.599484][0.164878,0.930966,0][-2.17266,1.77144,-0.151729][-0.732382,0.0257419,0.680407][0.143464,0.930966,0][-2.2556,1.67077,-0.26411][-0.106224,-0.77987,0.616862][0.164878,0.91669,0][-2.14813,1.73012,-0.163655][-0.263195,-0.84361,0.468028][0.143464,0.91669,0][-2.2556,1.67077,-0.26411][-0.106224,-0.77987,0.616862][0.164878,0.91669,0][-2.34291,1.55075,-0.420972][-0.843861,-0.219417,0.489648][0.186292,0.930966,0][-2.3428,1.55068,-0.420957][-0.032762,-0.784679,0.619036][0.186292,0.91669,0][-2.3428,1.55068,-0.420957][-0.032762,-0.784679,0.619036][0.186292,0.91669,0][-2.22011,1.67311,-0.298934][0.659075,-0.744747,-0.104746][0.164878,0.902415,0][-2.2556,1.67077,-0.26411][-0.106224,-0.77987,0.616862][0.164878,0.91669,0][-2.22011,1.67311,-0.298934][0.659075,-0.744747,-0.104746][0.164878,0.902415,0][-2.3428,1.55068,-0.420957][-0.032762,-0.784679,0.619036][0.186292,0.91669,0][-2.34269,1.55069,-0.421048][0.720001,-0.693425,-0.02757][0.186292,0.902415,0][-2.2556,1.67077,-0.26411][-0.106224,-0.77987,0.616862][0.164878,0.91669,0][-2.11606,1.73029,-0.201796][0.415931,-0.851709,-0.318735][0.143464,0.902415,0][-2.14813,1.73012,-0.163655][-0.263195,-0.84361,0.468028][0.143464,0.91669,0][-2.03935,1.72181,-0.0550435][-0.363243,-0.851736,0.377625][0.12205,0.91669,0][-2.14813,1.73012,-0.163655][-0.263195,-0.84361,0.468028][0.143464,0.91669,0][-2.11606,1.73029,-0.201796][0.415931,-0.851709,-0.318735][0.143464,0.902415,0][-2.11606,1.73029,-0.201796][0.415931,-0.851709,-0.318735][0.143464,0.902415,0][-2.2556,1.67077,-0.26411][-0.106224,-0.77987,0.616862][0.164878,0.91669,0][-2.22011,1.67311,-0.298934][0.659075,-0.744747,-0.104746][0.164878,0.902415,0][-2.3427,1.55078,-0.421154][0.626122,-0.0491142,-0.778177][0.186292,0.888139,0][-2.22011,1.67311,-0.298934][0.659075,-0.744747,-0.104746][0.164878,0.902415,0][-2.34269,1.55069,-0.421048][0.720001,-0.693425,-0.02757][0.186292,0.902415,0][-1.98814,1.72174,-0.121463][0.280757,-0.85388,-0.438251][0.12205,0.902415,0][-2.03935,1.72181,-0.0550435][-0.363243,-0.851736,0.377625][0.12205,0.91669,0][-2.11606,1.73029,-0.201796][0.415931,-0.851709,-0.318735][0.143464,0.902415,0][-1.88215,1.71154,-0.0171013][0.295479,-0.87243,-0.389304][0.100636,0.902415,0][-2.03935,1.72181,-0.0550435][-0.363243,-0.851736,0.377625][0.12205,0.91669,0][-1.98814,1.72174,-0.121463][0.280757,-0.85388,-0.438251][0.12205,0.902415,0][-2.22011,1.67311,-0.298934][0.659075,-0.744747,-0.104746][0.164878,0.902415,0][-2.10851,1.77176,-0.228011][0.561491,0.0352621,-0.826731][0.143464,0.888139,0][-2.11606,1.73029,-0.201796][0.415931,-0.851709,-0.318735][0.143464,0.902415,0][-2.10851,1.77176,-0.228011][0.561491,0.0352621,-0.826731][0.143464,0.888139,0][-1.98814,1.72174,-0.121463][0.280757,-0.85388,-0.438251][0.12205,0.902415,0][-2.11606,1.73029,-0.201796][0.415931,-0.851709,-0.318735][0.143464,0.902415,0][-2.22011,1.67311,-0.298934][0.659075,-0.744747,-0.104746][0.164878,0.902415,0][-2.3427,1.55078,-0.421154][0.626122,-0.0491142,-0.778177][0.186292,0.888139,0][-2.22045,1.70956,-0.332809][0.624317,0.0397578,-0.780159][0.164878,0.888139,0][-2.10851,1.77176,-0.228011][0.561491,0.0352621,-0.826731][0.143464,0.888139,0][-2.22011,1.67311,-0.298934][0.659075,-0.744747,-0.104746][0.164878,0.902415,0][-2.22045,1.70956,-0.332809][0.624317,0.0397578,-0.780159][0.164878,0.888139,0][-2.34282,1.55085,-0.421169][-0.194423,0.482794,-0.853879][0.186292,0.873863,0][-2.22045,1.70956,-0.332809][0.624317,0.0397578,-0.780159][0.164878,0.888139,0][-2.3427,1.55078,-0.421154][0.626122,-0.0491142,-0.778177][0.186292,0.888139,0][-1.88215,1.71154,-0.0171013][0.295479,-0.87243,-0.389304][0.100636,0.902415,0][-1.98814,1.72174,-0.121463][0.280757,-0.85388,-0.438251][0.12205,0.902415,0][-1.95888,1.79361,-0.151868][0.624552,0.0390379,-0.780007][0.12205,0.888139,0][-2.10851,1.77176,-0.228011][0.561491,0.0352621,-0.826731][0.143464,0.888139,0][-1.95888,1.79361,-0.151868][0.624552,0.0390379,-0.780007][0.12205,0.888139,0][-1.98814,1.72174,-0.121463][0.280757,-0.85388,-0.438251][0.12205,0.902415,0][-1.95888,1.79361,-0.151868][0.624552,0.0390379,-0.780007][0.12205,0.888139,0][-1.85834,1.75295,-0.0301342][0.763854,-0.0341425,-0.644486][0.100636,0.888139,0][-1.88215,1.71154,-0.0171013][0.295479,-0.87243,-0.389304][0.100636,0.902415,0][-1.85834,1.75295,-0.0301342][0.763854,-0.0341425,-0.644486][0.100636,0.888139,0][-1.95888,1.79361,-0.151868][0.624552,0.0390379,-0.780007][0.12205,0.888139,0][-1.98083,1.86556,-0.115853][0.347698,0.872343,-0.343691][0.12205,0.873863,0][-2.10851,1.77176,-0.228011][0.561491,0.0352621,-0.826731][0.143464,0.888139,0][-1.98083,1.86556,-0.115853][0.347698,0.872343,-0.343691][0.12205,0.873863,0][-1.95888,1.79361,-0.151868][0.624552,0.0390379,-0.780007][0.12205,0.888139,0][-1.98083,1.86556,-0.115853][0.347698,0.872343,-0.343691][0.12205,0.873863,0][-1.86475,1.79435,-0.00350323][0.61012,0.781688,-0.129296][0.100636,0.873863,0][-1.85834,1.75295,-0.0301342][0.763854,-0.0341425,-0.644486][0.100636,0.888139,0][-2.22045,1.70956,-0.332809][0.624317,0.0397578,-0.780159][0.164878,0.888139,0][-2.13304,1.81307,-0.216085][0.059653,0.833603,-0.549133][0.143464,0.873863,0][-2.10851,1.77176,-0.228011][0.561491,0.0352621,-0.826731][0.143464,0.888139,0][-1.98083,1.86556,-0.115853][0.347698,0.872343,-0.343691][0.12205,0.873863,0][-2.10851,1.77176,-0.228011][0.561491,0.0352621,-0.826731][0.143464,0.888139,0][-2.13304,1.81307,-0.216085][0.059653,0.833603,-0.549133][0.143464,0.873863,0][-2.03204,1.86563,-0.0494332][-0.250329,0.873626,0.417269][0.12205,0.859587,0][-1.86475,1.79435,-0.00350323][0.61012,0.781688,-0.129296][0.100636,0.873863,0][-1.98083,1.86556,-0.115853][0.347698,0.872343,-0.343691][0.12205,0.873863,0][-1.86475,1.79435,-0.00350323][0.61012,0.781688,-0.129296][0.100636,0.873863,0][-2.03204,1.86563,-0.0494332][-0.250329,0.873626,0.417269][0.12205,0.859587,0][-1.89497,1.79435,0.0361606][0.0221649,0.781556,0.623441][0.100636,0.859587,0][-2.13304,1.81307,-0.216085][0.059653,0.833603,-0.549133][0.143464,0.873863,0][-2.03204,1.86563,-0.0494332][-0.250329,0.873626,0.417269][0.12205,0.859587,0][-1.98083,1.86556,-0.115853][0.347698,0.872343,-0.343691][0.12205,0.873863,0][-2.03204,1.86563,-0.0494332][-0.250329,0.873626,0.417269][0.12205,0.859587,0][-2.13304,1.81307,-0.216085][0.059653,0.833603,-0.549133][0.143464,0.873863,0][-2.16511,1.81291,-0.177944][-0.551813,0.816933,0.167696][0.143464,0.859587,0][-2.13304,1.81307,-0.216085][0.059653,0.833603,-0.549133][0.143464,0.873863,0][-2.29175,1.74132,-0.297035][-0.769183,0.637101,-0.0495877][0.164878,0.859587,0][-2.16511,1.81291,-0.177944][-0.551813,0.816933,0.167696][0.143464,0.859587,0][-2.13304,1.81307,-0.216085][0.059653,0.833603,-0.549133][0.143464,0.873863,0][-2.22045,1.70956,-0.332809][0.624317,0.0397578,-0.780159][0.164878,0.888139,0][-2.25626,1.74366,-0.331859][-0.0991177,0.694544,-0.71259][0.164878,0.873863,0][-2.29175,1.74132,-0.297035][-0.769183,0.637101,-0.0495877][0.164878,0.859587,0][-2.13304,1.81307,-0.216085][0.059653,0.833603,-0.549133][0.143464,0.873863,0][-2.25626,1.74366,-0.331859][-0.0991177,0.694544,-0.71259][0.164878,0.873863,0][-2.22045,1.70956,-0.332809][0.624317,0.0397578,-0.780159][0.164878,0.888139,0][-2.34282,1.55085,-0.421169][-0.194423,0.482794,-0.853879][0.186292,0.873863,0][-2.25626,1.74366,-0.331859][-0.0991177,0.694544,-0.71259][0.164878,0.873863,0][-2.34292,1.55084,-0.421079][-0.889739,0.391675,-0.234427][0.186292,0.859587,0][-2.29175,1.74132,-0.297035][-0.769183,0.637101,-0.0495877][0.164878,0.859587,0][-2.25626,1.74366,-0.331859][-0.0991177,0.694544,-0.71259][0.164878,0.873863,0][-2.25626,1.74366,-0.331859][-0.0991177,0.694544,-0.71259][0.164878,0.873863,0][-2.34282,1.55085,-0.421169][-0.194423,0.482794,-0.853879][0.186292,0.873863,0][-2.34292,1.55084,-0.421079][-0.889739,0.391675,-0.234427][0.186292,0.859587,0][-0.112254,-1.10792,-1.76258][-0.354414,-0.228527,-0.906734][0.0611409,0.137786,0][-0.169803,-1.15668,-1.70133][-0.536177,-0.345956,-0.769953][0.0825313,0.137317,0][-0.188243,-1.061,-1.73774][-0.523432,-0.167356,-0.83547][0.0702402,0.155568,0][-0.225049,-1.10448,-1.69185][-0.601876,-0.27998,-0.747901][0.0856504,0.153705,0][-0.188243,-1.061,-1.73774][-0.523432,-0.167356,-0.83547][0.0702402,0.155568,0][-0.169803,-1.15668,-1.70133][-0.536177,-0.345956,-0.769953][0.0825313,0.137317,0][-0.188243,-1.061,-1.73774][-0.523432,-0.167356,-0.83547][0.0702402,0.155568,0][-0.225049,-1.10448,-1.69185][-0.601876,-0.27998,-0.747901][0.0856504,0.153705,0][-0.228349,-1.02192,-1.70466][-0.531844,-0.141433,-0.834949][0.0752852,0.168251,0][-0.12683,-0.970127,-1.76932][-0.304616,-0.0311554,-0.951966][0.0485206,0.164015,0][-0.188243,-1.061,-1.73774][-0.523432,-0.167356,-0.83547][0.0702402,0.155568,0][-0.228349,-1.02192,-1.70466][-0.531844,-0.141433,-0.834949][0.0752852,0.168251,0][-0.188243,-1.061,-1.73774][-0.523432,-0.167356,-0.83547][0.0702402,0.155568,0][-0.12683,-0.970127,-1.76932][-0.304616,-0.0311554,-0.951966][0.0485206,0.164015,0][-0.112254,-1.10792,-1.76258][-0.354414,-0.228527,-0.906734][0.0611409,0.137786,0][-1.47811e-08,-0.957088,-1.79155][-6.24518e-18,-0.0509957,-0.998699][0.0184571,0.152767,0][-0.112254,-1.10792,-1.76258][-0.354414,-0.228527,-0.906734][0.0611409,0.137786,0][-0.12683,-0.970127,-1.76932][-0.304616,-0.0311554,-0.951966][0.0485206,0.164015,0][-0.169803,-1.15668,-1.70133][-0.536177,-0.345956,-0.769953][0.0825313,0.137317,0][-0.112254,-1.10792,-1.76258][-0.354414,-0.228527,-0.906734][0.0611409,0.137786,0][-0.105346,-1.2566,-1.70082][-0.301552,-0.384457,-0.872502][0.0848574,0.110858,0][-0.112254,-1.10792,-1.76258][-0.354414,-0.228527,-0.906734][0.0611409,0.137786,0][-1.47811e-08,-0.957088,-1.79155][-6.24518e-18,-0.0509957,-0.998699][0.0184571,0.152767,0][-1.47811e-08,-1.12719,-1.78533][-2.03034e-08,-0.240356,-0.970685][0.0396485,0.117455,0][-1.47811e-08,-1.12719,-1.78533][-2.03034e-08,-0.240356,-0.970685][0.0396485,0.117455,0][-0.105346,-1.2566,-1.70082][-0.301552,-0.384457,-0.872502][0.0848574,0.110858,0][-0.112254,-1.10792,-1.76258][-0.354414,-0.228527,-0.906734][0.0611409,0.137786,0][-1.47811e-08,-1.12719,-1.78533][-2.03034e-08,-0.240356,-0.970685][0.0396485,0.117455,0][-1.47811e-08,-1.35805,-1.68443][-4.6342e-08,-0.397726,-0.917504][0.0824713,0.0731643,0][-0.105346,-1.2566,-1.70082][-0.301552,-0.384457,-0.872502][0.0848574,0.110858,0][0.112254,-1.10792,-1.76258][0.354414,-0.228528,-0.906734][0.0611409,0.137786,0][0.169803,-1.15668,-1.70133][0.536178,-0.345955,-0.769954][0.0825313,0.137317,0][0.105346,-1.2566,-1.70082][0.301552,-0.384457,-0.872502][0.0848574,0.110858,0][-1.47811e-08,-1.12719,-1.78533][-2.03034e-08,-0.240356,-0.970685][0.0396485,0.117455,0][0.105346,-1.2566,-1.70082][0.301552,-0.384457,-0.872502][0.0848574,0.110858,0][-1.47811e-08,-1.35805,-1.68443][-4.6342e-08,-0.397726,-0.917504][0.0824713,0.0731643,0][-1.47811e-08,-1.12719,-1.78533][-2.03034e-08,-0.240356,-0.970685][0.0396485,0.117455,0][0.112254,-1.10792,-1.76258][0.354414,-0.228528,-0.906734][0.0611409,0.137786,0][0.105346,-1.2566,-1.70082][0.301552,-0.384457,-0.872502][0.0848574,0.110858,0][-1.47811e-08,-0.957088,-1.79155][-6.24518e-18,-0.0509957,-0.998699][0.0184571,0.152767,0][0.112254,-1.10792,-1.76258][0.354414,-0.228528,-0.906734][0.0611409,0.137786,0][-1.47811e-08,-1.12719,-1.78533][-2.03034e-08,-0.240356,-0.970685][0.0396485,0.117455,0][-1.47811e-08,-0.957088,-1.79155][-6.24518e-18,-0.0509957,-0.998699][0.0184571,0.152767,0][0.12683,-0.970127,-1.76932][0.304616,-0.0311569,-0.951966][0.0485206,0.164015,0][0.112254,-1.10792,-1.76258][0.354414,-0.228528,-0.906734][0.0611409,0.137786,0][0.169803,-1.15668,-1.70133][0.536178,-0.345955,-0.769954][0.0825313,0.137317,0][0.112254,-1.10792,-1.76258][0.354414,-0.228528,-0.906734][0.0611409,0.137786,0][0.188243,-1.061,-1.73774][0.523432,-0.167357,-0.83547][0.0702402,0.155568,0][0.12683,-0.970127,-1.76932][0.304616,-0.0311569,-0.951966][0.0485206,0.164015,0][0.188243,-1.061,-1.73774][0.523432,-0.167357,-0.83547][0.0702402,0.155568,0][0.112254,-1.10792,-1.76258][0.354414,-0.228528,-0.906734][0.0611409,0.137786,0][0.188243,-1.061,-1.73774][0.523432,-0.167357,-0.83547][0.0702402,0.155568,0][0.225049,-1.10448,-1.69185][0.601876,-0.279979,-0.747902][0.0856504,0.153705,0][0.169803,-1.15668,-1.70133][0.536178,-0.345955,-0.769954][0.0825313,0.137317,0][0.12683,-0.970127,-1.76932][0.304616,-0.0311569,-0.951966][0.0485206,0.164015,0][0.228349,-1.02192,-1.70466][0.531843,-0.141434,-0.834948][0.0752852,0.168251,0][0.188243,-1.061,-1.73774][0.523432,-0.167357,-0.83547][0.0702402,0.155568,0][0.225049,-1.10448,-1.69185][0.601876,-0.279979,-0.747902][0.0856504,0.153705,0][0.188243,-1.061,-1.73774][0.523432,-0.167357,-0.83547][0.0702402,0.155568,0][0.228349,-1.02192,-1.70466][0.531843,-0.141434,-0.834948][0.0752852,0.168251,0][-1.92766,1.84545,-0.0688306][-0.772942,0.0303834,0.633749][0.131816,0.932919,0][-1.77807,1.74067,0.0586552][-0.678446,-0.0752925,0.730782][0.110402,0.932919,0][-1.73689,1.7888,0.0605545][-0.0411595,0.6723,0.739134][0.110402,0.947195,0][-1.92766,1.84545,-0.0688306][-0.772942,0.0303834,0.633749][0.131816,0.932919,0][-1.76875,1.69254,0.0179868][-0.535386,-0.836755,0.114905][0.110402,0.918643,0][-1.77807,1.74067,0.0586552][-0.678446,-0.0752925,0.730782][0.110402,0.932919,0][-1.73689,1.7888,0.0605545][-0.0411595,0.6723,0.739134][0.110402,0.947195,0][-1.86933,1.93401,-0.0798131][-0.214143,0.831032,0.513351][0.131816,0.947195,0][-1.92766,1.84545,-0.0688306][-0.772942,0.0303834,0.633749][0.131816,0.932919,0][-1.76875,1.69254,0.0179868][-0.535386,-0.836755,0.114905][0.110402,0.918643,0][-1.92766,1.84545,-0.0688306][-0.772942,0.0303834,0.633749][0.131816,0.932919,0][-1.90268,1.75803,-0.125191][-0.556744,-0.822687,0.114991][0.131816,0.918643,0][-1.86933,1.93401,-0.0798131][-0.214143,0.831032,0.513351][0.131816,0.947195,0][-2.04285,1.87203,-0.274452][-0.832854,0.0427494,0.551839][0.15323,0.932919,0][-1.92766,1.84545,-0.0688306][-0.772942,0.0303834,0.633749][0.131816,0.932919,0][-2.04285,1.87203,-0.274452][-0.832854,0.0427494,0.551839][0.15323,0.932919,0][-1.90268,1.75803,-0.125191][-0.556744,-0.822687,0.114991][0.131816,0.918643,0][-1.92766,1.84545,-0.0688306][-0.772942,0.0303834,0.633749][0.131816,0.932919,0][-2.04285,1.87203,-0.274452][-0.832854,0.0427494,0.551839][0.15323,0.932919,0][-1.86933,1.93401,-0.0798131][-0.214143,0.831032,0.513351][0.131816,0.947195,0][-2.01955,1.92729,-0.295192][-0.441442,0.867706,0.228506][0.15323,0.947195,0][-1.90268,1.75803,-0.125191][-0.556744,-0.822687,0.114991][0.131816,0.918643,0][-1.71824,1.69254,-0.0207822][0.255425,-0.839717,-0.479201][0.110402,0.904368,0][-1.76875,1.69254,0.0179868][-0.535386,-0.836755,0.114905][0.110402,0.918643,0][-2.01955,1.92729,-0.295192][-0.441442,0.867706,0.228506][0.15323,0.947195,0][-2.18913,1.83561,-0.461857][-0.868028,0.00143775,0.496514][0.174643,0.932919,0][-2.04285,1.87203,-0.274452][-0.832854,0.0427494,0.551839][0.15323,0.932919,0][-2.18913,1.83561,-0.461857][-0.868028,0.00143775,0.496514][0.174643,0.932919,0][-2.01955,1.92729,-0.295192][-0.441442,0.867706,0.228506][0.15323,0.947195,0][-2.17664,1.88734,-0.496708][-0.639043,0.768668,-0.027801][0.174643,0.947195,0][-2.17664,1.88734,-0.496708][-0.639043,0.768668,-0.027801][0.174643,0.947195,0][-2.27608,1.66807,-0.709395][-0.459731,-0.552984,-0.694878][0.196057,0.932919,0][-2.18913,1.83561,-0.461857][-0.868028,0.00143775,0.496514][0.174643,0.932919,0][-2.18913,1.83561,-0.461857][-0.868028,0.00143775,0.496514][0.174643,0.932919,0][-2.01711,1.81756,-0.294361][-0.454737,-0.853452,0.254624][0.15323,0.918643,0][-2.04285,1.87203,-0.274452][-0.832854,0.0427494,0.551839][0.15323,0.932919,0][-1.90268,1.75803,-0.125191][-0.556744,-0.822687,0.114991][0.131816,0.918643,0][-2.04285,1.87203,-0.274452][-0.832854,0.0427494,0.551839][0.15323,0.932919,0][-2.01711,1.81756,-0.294361][-0.454737,-0.853452,0.254624][0.15323,0.918643,0][-2.01711,1.81756,-0.294361][-0.454737,-0.853452,0.254624][0.15323,0.918643,0][-2.18913,1.83561,-0.461857][-0.868028,0.00143775,0.496514][0.174643,0.932919,0][-2.15082,1.78524,-0.465364][-0.296109,-0.831884,0.469349][0.174643,0.918643,0][-2.18913,1.83561,-0.461857][-0.868028,0.00143775,0.496514][0.174643,0.932919,0][-2.27608,1.66807,-0.709395][-0.459731,-0.552984,-0.694878][0.196057,0.918643,0][-2.15082,1.78524,-0.465364][-0.296109,-0.831884,0.469349][0.174643,0.918643,0][-1.90268,1.75803,-0.125191][-0.556744,-0.822687,0.114991][0.131816,0.918643,0][-2.01711,1.81756,-0.294361][-0.454737,-0.853452,0.254624][0.15323,0.918643,0][-1.96807,1.81835,-0.33501][0.355563,-0.844737,-0.399992][0.15323,0.904368,0][-2.15082,1.78524,-0.465364][-0.296109,-0.831884,0.469349][0.174643,0.918643,0][-1.96807,1.81835,-0.33501][0.355563,-0.844737,-0.399992][0.15323,0.904368,0][-2.01711,1.81756,-0.294361][-0.454737,-0.853452,0.254624][0.15323,0.918643,0][-1.71824,1.69254,-0.0207822][0.255425,-0.839717,-0.479201][0.110402,0.904368,0][-1.90268,1.75803,-0.125191][-0.556744,-0.822687,0.114991][0.131816,0.918643,0][-1.81938,1.75917,-0.192535][0.261555,-0.807729,-0.528359][0.131816,0.904368,0][-1.90268,1.75803,-0.125191][-0.556744,-0.822687,0.114991][0.131816,0.918643,0][-1.96807,1.81835,-0.33501][0.355563,-0.844737,-0.399992][0.15323,0.904368,0][-1.81938,1.75917,-0.192535][0.261555,-0.807729,-0.528359][0.131816,0.904368,0][-1.81938,1.75917,-0.192535][0.261555,-0.807729,-0.528359][0.131816,0.904368,0][-1.67706,1.74067,-0.0188828][0.890711,-0.0730853,-0.448656][0.110402,0.890092,0][-1.71824,1.69254,-0.0207822][0.255425,-0.839717,-0.479201][0.110402,0.904368,0][-1.96807,1.81835,-0.33501][0.355563,-0.844737,-0.399992][0.15323,0.904368,0][-2.15082,1.78524,-0.465364][-0.296109,-0.831884,0.469349][0.174643,0.918643,0][-2.10003,1.78661,-0.503722][0.556817,-0.815967,-0.155411][0.174643,0.904368,0][-2.15082,1.78524,-0.465364][-0.296109,-0.831884,0.469349][0.174643,0.918643,0][-2.27608,1.66807,-0.709395][-0.459731,-0.552984,-0.694878][0.196057,0.904368,0][-2.10003,1.78661,-0.503722][0.556817,-0.815967,-0.155411][0.174643,0.904368,0][-1.81938,1.75917,-0.192535][0.261555,-0.807729,-0.528359][0.131816,0.904368,0][-1.96807,1.81835,-0.33501][0.355563,-0.844737,-0.399992][0.15323,0.904368,0][-1.94477,1.87361,-0.355749][0.713924,0.0705546,-0.696659][0.15323,0.890092,0][-2.10003,1.78661,-0.503722][0.556817,-0.815967,-0.155411][0.174643,0.904368,0][-1.94477,1.87361,-0.355749][0.713924,0.0705546,-0.696659][0.15323,0.890092,0][-1.96807,1.81835,-0.33501][0.355563,-0.844737,-0.399992][0.15323,0.904368,0][-1.67706,1.74067,-0.0188828][0.890711,-0.0730853,-0.448656][0.110402,0.890092,0][-1.81938,1.75917,-0.192535][0.261555,-0.807729,-0.528359][0.131816,0.904368,0][-1.76105,1.84773,-0.203517][0.793598,0.0468742,-0.606635][0.131816,0.890092,0][-1.94477,1.87361,-0.355749][0.713924,0.0705546,-0.696659][0.15323,0.890092,0][-1.76105,1.84773,-0.203517][0.793598,0.0468742,-0.606635][0.131816,0.890092,0][-1.81938,1.75917,-0.192535][0.261555,-0.807729,-0.528359][0.131816,0.904368,0][-1.67706,1.74067,-0.0188828][0.890711,-0.0730853,-0.448656][0.110402,0.890092,0][-1.76105,1.84773,-0.203517][0.793598,0.0468742,-0.606635][0.131816,0.890092,0][-1.78603,1.93515,-0.147156][0.54294,0.834993,-0.0894545][0.131816,0.875816,0][-1.94477,1.87361,-0.355749][0.713924,0.0705546,-0.696659][0.15323,0.890092,0][-1.78603,1.93515,-0.147156][0.54294,0.834993,-0.0894545][0.131816,0.875816,0][-1.76105,1.84773,-0.203517][0.793598,0.0468742,-0.606635][0.131816,0.890092,0][-1.78603,1.93515,-0.147156][0.54294,0.834993,-0.0894545][0.131816,0.875816,0][-1.68639,1.7888,0.0217855][0.724733,0.670495,0.158741][0.110402,0.875816,0][-1.67706,1.74067,-0.0188828][0.890711,-0.0730853,-0.448656][0.110402,0.890092,0][-1.94477,1.87361,-0.355749][0.713924,0.0705546,-0.696659][0.15323,0.890092,0][-2.10003,1.78661,-0.503722][0.556817,-0.815967,-0.155411][0.174643,0.904368,0][-2.08754,1.83834,-0.538573][0.726561,0.0478952,-0.68543][0.174643,0.890092,0][-2.10003,1.78661,-0.503722][0.556817,-0.815967,-0.155411][0.174643,0.904368,0][-2.27608,1.66807,-0.709395][-0.459731,-0.552984,-0.694878][0.196057,0.890092,0][-2.08754,1.83834,-0.538573][0.726561,0.0478952,-0.68543][0.174643,0.890092,0][-1.86933,1.93401,-0.0798131][-0.214143,0.831032,0.513351][0.131816,0.86154,0][-1.68639,1.7888,0.0217855][0.724733,0.670495,0.158741][0.110402,0.875816,0][-1.78603,1.93515,-0.147156][0.54294,0.834993,-0.0894545][0.131816,0.875816,0][-1.68639,1.7888,0.0217855][0.724733,0.670495,0.158741][0.110402,0.875816,0][-1.86933,1.93401,-0.0798131][-0.214143,0.831032,0.513351][0.131816,0.86154,0][-1.73689,1.7888,0.0605545][-0.0411595,0.6723,0.739134][0.110402,0.86154,0][-1.97051,1.92808,-0.335841][0.292719,0.884087,-0.364288][0.15323,0.875816,0][-1.86933,1.93401,-0.0798131][-0.214143,0.831032,0.513351][0.131816,0.86154,0][-1.78603,1.93515,-0.147156][0.54294,0.834993,-0.0894545][0.131816,0.875816,0][-1.78603,1.93515,-0.147156][0.54294,0.834993,-0.0894545][0.131816,0.875816,0][-1.94477,1.87361,-0.355749][0.713924,0.0705546,-0.696659][0.15323,0.890092,0][-1.97051,1.92808,-0.335841][0.292719,0.884087,-0.364288][0.15323,0.875816,0][-1.86933,1.93401,-0.0798131][-0.214143,0.831032,0.513351][0.131816,0.86154,0][-1.97051,1.92808,-0.335841][0.292719,0.884087,-0.364288][0.15323,0.875816,0][-2.01955,1.92729,-0.295192][-0.441442,0.867706,0.228506][0.15323,0.86154,0][-1.97051,1.92808,-0.335841][0.292719,0.884087,-0.364288][0.15323,0.875816,0][-2.17664,1.88734,-0.496708][-0.639043,0.768668,-0.027801][0.174643,0.86154,0][-2.01955,1.92729,-0.295192][-0.441442,0.867706,0.228506][0.15323,0.86154,0][-2.12585,1.88871,-0.535066][0.116476,0.796759,-0.592966][0.174643,0.875816,0][-1.97051,1.92808,-0.335841][0.292719,0.884087,-0.364288][0.15323,0.875816,0][-1.94477,1.87361,-0.355749][0.713924,0.0705546,-0.696659][0.15323,0.890092,0][-2.17664,1.88734,-0.496708][-0.639043,0.768668,-0.027801][0.174643,0.86154,0][-1.97051,1.92808,-0.335841][0.292719,0.884087,-0.364288][0.15323,0.875816,0][-2.12585,1.88871,-0.535066][0.116476,0.796759,-0.592966][0.174643,0.875816,0][-2.12585,1.88871,-0.535066][0.116476,0.796759,-0.592966][0.174643,0.875816,0][-1.94477,1.87361,-0.355749][0.713924,0.0705546,-0.696659][0.15323,0.890092,0][-2.08754,1.83834,-0.538573][0.726561,0.0478952,-0.68543][0.174643,0.890092,0][-2.12585,1.88871,-0.535066][0.116476,0.796759,-0.592966][0.174643,0.875816,0][-2.27608,1.66807,-0.709395][-0.459731,-0.552984,-0.694878][0.196057,0.86154,0][-2.17664,1.88734,-0.496708][-0.639043,0.768668,-0.027801][0.174643,0.86154,0][-2.08754,1.83834,-0.538573][0.726561,0.0478952,-0.68543][0.174643,0.890092,0][-2.27608,1.66807,-0.709395][-0.459731,-0.552984,-0.694878][0.196057,0.875816,0][-2.12585,1.88871,-0.535066][0.116476,0.796759,-0.592966][0.174643,0.875816,0][1.92766,1.84545,-0.0688306][0.772942,0.0303838,0.633748][0.12205,0.930966,0][1.73689,1.7888,0.0605545][0.0411592,0.6723,0.739134][0.100636,0.945242,0][1.77807,1.74067,0.0586552][0.678446,-0.0752926,0.730782][0.100636,0.930966,0][1.73689,1.7888,0.0605545][0.0411592,0.6723,0.739134][0.100636,0.945242,0][1.92766,1.84545,-0.0688306][0.772942,0.0303838,0.633748][0.12205,0.930966,0][1.86933,1.93401,-0.0798131][0.214144,0.831032,0.513351][0.12205,0.945242,0][1.76875,1.69254,0.0179868][0.535386,-0.836755,0.114905][0.100636,0.91669,0][1.92766,1.84545,-0.0688306][0.772942,0.0303838,0.633748][0.12205,0.930966,0][1.77807,1.74067,0.0586552][0.678446,-0.0752926,0.730782][0.100636,0.930966,0][1.92766,1.84545,-0.0688306][0.772942,0.0303838,0.633748][0.12205,0.930966,0][1.76875,1.69254,0.0179868][0.535386,-0.836755,0.114905][0.100636,0.91669,0][1.90268,1.75803,-0.125191][0.556745,-0.822686,0.114991][0.12205,0.91669,0][1.92766,1.84545,-0.0688306][0.772942,0.0303838,0.633748][0.12205,0.930966,0][2.04285,1.87203,-0.274452][0.832855,0.0427503,0.551838][0.143464,0.930966,0][1.86933,1.93401,-0.0798131][0.214144,0.831032,0.513351][0.12205,0.945242,0][1.90268,1.75803,-0.125191][0.556745,-0.822686,0.114991][0.12205,0.91669,0][2.04285,1.87203,-0.274452][0.832855,0.0427503,0.551838][0.143464,0.930966,0][1.92766,1.84545,-0.0688306][0.772942,0.0303838,0.633748][0.12205,0.930966,0][2.01955,1.92729,-0.295192][0.441441,0.867707,0.228506][0.143464,0.945242,0][1.86933,1.93401,-0.0798131][0.214144,0.831032,0.513351][0.12205,0.945242,0][2.04285,1.87203,-0.274452][0.832855,0.0427503,0.551838][0.143464,0.930966,0][1.71824,1.69254,-0.0207822][-0.255425,-0.839717,-0.479201][0.100636,0.902415,0][1.90268,1.75803,-0.125191][0.556745,-0.822686,0.114991][0.12205,0.91669,0][1.76875,1.69254,0.0179868][0.535386,-0.836755,0.114905][0.100636,0.91669,0][2.04285,1.87203,-0.274452][0.832855,0.0427503,0.551838][0.143464,0.930966,0][2.18913,1.83561,-0.461857][0.867896,0.00150131,0.496743][0.164878,0.930966,0][2.01955,1.92729,-0.295192][0.441441,0.867707,0.228506][0.143464,0.945242,0][2.17664,1.88734,-0.496708][0.638936,0.768765,-0.0276114][0.164878,0.945242,0][2.01955,1.92729,-0.295192][0.441441,0.867707,0.228506][0.143464,0.945242,0][2.18913,1.83561,-0.461857][0.867896,0.00150131,0.496743][0.164878,0.930966,0][2.18913,1.83561,-0.461857][0.867896,0.00150131,0.496743][0.164878,0.930966,0][2.27621,1.66819,-0.709412][0.773945,0.585579,-0.241051][0.186292,0.945242,0][2.17664,1.88734,-0.496708][0.638936,0.768765,-0.0276114][0.164878,0.945242,0][2.27621,1.66819,-0.709412][0.773945,0.585579,-0.241051][0.186292,0.945242,0][2.18913,1.83561,-0.461857][0.867896,0.00150131,0.496743][0.164878,0.930966,0][2.27623,1.66806,-0.709293][0.908715,-0.118616,0.400209][0.186292,0.930966,0][2.01711,1.81756,-0.294361][0.454738,-0.853452,0.254624][0.143464,0.91669,0][2.18913,1.83561,-0.461857][0.867896,0.00150131,0.496743][0.164878,0.930966,0][2.04285,1.87203,-0.274452][0.832855,0.0427503,0.551838][0.143464,0.930966,0][2.04285,1.87203,-0.274452][0.832855,0.0427503,0.551838][0.143464,0.930966,0][1.90268,1.75803,-0.125191][0.556745,-0.822686,0.114991][0.12205,0.91669,0][2.01711,1.81756,-0.294361][0.454738,-0.853452,0.254624][0.143464,0.91669,0][2.15082,1.78524,-0.465364][0.295942,-0.831811,0.469583][0.164878,0.91669,0][2.27623,1.66806,-0.709293][0.908715,-0.118616,0.400209][0.186292,0.930966,0][2.18913,1.83561,-0.461857][0.867896,0.00150131,0.496743][0.164878,0.930966,0][2.18913,1.83561,-0.461857][0.867896,0.00150131,0.496743][0.164878,0.930966,0][2.01711,1.81756,-0.294361][0.454738,-0.853452,0.254624][0.143464,0.91669,0][2.15082,1.78524,-0.465364][0.295942,-0.831811,0.469583][0.164878,0.91669,0][2.27623,1.66806,-0.709293][0.908715,-0.118616,0.400209][0.186292,0.930966,0][2.15082,1.78524,-0.465364][0.295942,-0.831811,0.469583][0.164878,0.91669,0][2.2761,1.66794,-0.709276][0.214449,-0.832646,0.5106][0.186292,0.91669,0][2.01711,1.81756,-0.294361][0.454738,-0.853452,0.254624][0.143464,0.91669,0][1.90268,1.75803,-0.125191][0.556745,-0.822686,0.114991][0.12205,0.91669,0][1.96807,1.81835,-0.33501][-0.355563,-0.844738,-0.399992][0.143464,0.902415,0][1.96807,1.81835,-0.33501][-0.355563,-0.844738,-0.399992][0.143464,0.902415,0][2.15082,1.78524,-0.465364][0.295942,-0.831811,0.469583][0.164878,0.91669,0][2.01711,1.81756,-0.294361][0.454738,-0.853452,0.254624][0.143464,0.91669,0][1.90268,1.75803,-0.125191][0.556745,-0.822686,0.114991][0.12205,0.91669,0][1.71824,1.69254,-0.0207822][-0.255425,-0.839717,-0.479201][0.100636,0.902415,0][1.81938,1.75917,-0.192535][-0.261555,-0.807729,-0.528359][0.12205,0.902415,0][1.81938,1.75917,-0.192535][-0.261555,-0.807729,-0.528359][0.12205,0.902415,0][1.96807,1.81835,-0.33501][-0.355563,-0.844738,-0.399992][0.143464,0.902415,0][1.90268,1.75803,-0.125191][0.556745,-0.822686,0.114991][0.12205,0.91669,0][1.67706,1.74067,-0.0188828][-0.890712,-0.0730854,-0.448655][0.100636,0.888139,0][1.81938,1.75917,-0.192535][-0.261555,-0.807729,-0.528359][0.12205,0.902415,0][1.71824,1.69254,-0.0207822][-0.255425,-0.839717,-0.479201][0.100636,0.902415,0][2.10003,1.78661,-0.503722][-0.556993,-0.815889,-0.155186][0.164878,0.902415,0][2.2761,1.66794,-0.709276][0.214449,-0.832646,0.5106][0.186292,0.91669,0][2.15082,1.78524,-0.465364][0.295942,-0.831811,0.469583][0.164878,0.91669,0][2.15082,1.78524,-0.465364][0.295942,-0.831811,0.469583][0.164878,0.91669,0][1.96807,1.81835,-0.33501][-0.355563,-0.844738,-0.399992][0.143464,0.902415,0][2.10003,1.78661,-0.503722][-0.556993,-0.815889,-0.155186][0.164878,0.902415,0][2.2761,1.66794,-0.709276][0.214449,-0.832646,0.5106][0.186292,0.91669,0][2.10003,1.78661,-0.503722][-0.556993,-0.815889,-0.155186][0.164878,0.902415,0][2.27596,1.66795,-0.709378][-0.604672,-0.794288,-0.0589705][0.186292,0.902415,0][1.81938,1.75917,-0.192535][-0.261555,-0.807729,-0.528359][0.12205,0.902415,0][1.67706,1.74067,-0.0188828][-0.890712,-0.0730854,-0.448655][0.100636,0.888139,0][1.76105,1.84773,-0.203517][-0.793598,0.0468743,-0.606634][0.12205,0.888139,0][1.81938,1.75917,-0.192535][-0.261555,-0.807729,-0.528359][0.12205,0.902415,0][1.94477,1.87361,-0.355749][-0.713924,0.0705546,-0.69666][0.143464,0.888139,0][1.96807,1.81835,-0.33501][-0.355563,-0.844738,-0.399992][0.143464,0.902415,0][1.94477,1.87361,-0.355749][-0.713924,0.0705546,-0.69666][0.143464,0.888139,0][2.10003,1.78661,-0.503722][-0.556993,-0.815889,-0.155186][0.164878,0.902415,0][1.96807,1.81835,-0.33501][-0.355563,-0.844738,-0.399992][0.143464,0.902415,0][1.76105,1.84773,-0.203517][-0.793598,0.0468743,-0.606634][0.12205,0.888139,0][1.94477,1.87361,-0.355749][-0.713924,0.0705546,-0.69666][0.143464,0.888139,0][1.81938,1.75917,-0.192535][-0.261555,-0.807729,-0.528359][0.12205,0.902415,0][2.08754,1.83834,-0.538573][-0.726746,0.0479673,-0.685229][0.164878,0.888139,0][2.27596,1.66795,-0.709378][-0.604672,-0.794288,-0.0589705][0.186292,0.902415,0][2.10003,1.78661,-0.503722][-0.556993,-0.815889,-0.155186][0.164878,0.902415,0][2.10003,1.78661,-0.503722][-0.556993,-0.815889,-0.155186][0.164878,0.902415,0][1.94477,1.87361,-0.355749][-0.713924,0.0705546,-0.69666][0.143464,0.888139,0][2.08754,1.83834,-0.538573][-0.726746,0.0479673,-0.685229][0.164878,0.888139,0][2.27596,1.66795,-0.709378][-0.604672,-0.794288,-0.0589705][0.186292,0.902415,0][2.08754,1.83834,-0.538573][-0.726746,0.0479673,-0.685229][0.164878,0.888139,0][2.27594,1.66808,-0.709497][-0.695732,-0.050519,-0.716523][0.186292,0.888139,0][2.27594,1.66808,-0.709497][-0.695732,-0.050519,-0.716523][0.186292,0.888139,0][2.08754,1.83834,-0.538573][-0.726746,0.0479673,-0.685229][0.164878,0.888139,0][2.27607,1.6682,-0.709514][0.00772948,0.623646,-0.781669][0.186292,0.873863,0][1.67706,1.74067,-0.0188828][-0.890712,-0.0730854,-0.448655][0.100636,0.888139,0][1.78603,1.93515,-0.147156][-0.542941,0.834993,-0.089454][0.12205,0.873863,0][1.76105,1.84773,-0.203517][-0.793598,0.0468743,-0.606634][0.12205,0.888139,0][1.78603,1.93515,-0.147156][-0.542941,0.834993,-0.089454][0.12205,0.873863,0][1.94477,1.87361,-0.355749][-0.713924,0.0705546,-0.69666][0.143464,0.888139,0][1.76105,1.84773,-0.203517][-0.793598,0.0468743,-0.606634][0.12205,0.888139,0][1.68639,1.7888,0.0217855][-0.724733,0.670495,0.158741][0.100636,0.873863,0][1.78603,1.93515,-0.147156][-0.542941,0.834993,-0.089454][0.12205,0.873863,0][1.67706,1.74067,-0.0188828][-0.890712,-0.0730854,-0.448655][0.100636,0.888139,0][2.12585,1.88871,-0.535066][-0.116639,0.796855,-0.592805][0.164878,0.873863,0][2.27607,1.6682,-0.709514][0.00772948,0.623646,-0.781669][0.186292,0.873863,0][2.08754,1.83834,-0.538573][-0.726746,0.0479673,-0.685229][0.164878,0.888139,0][1.94477,1.87361,-0.355749][-0.713924,0.0705546,-0.69666][0.143464,0.888139,0][2.12585,1.88871,-0.535066][-0.116639,0.796855,-0.592805][0.164878,0.873863,0][2.08754,1.83834,-0.538573][-0.726746,0.0479673,-0.685229][0.164878,0.888139,0][2.27607,1.6682,-0.709514][0.00772948,0.623646,-0.781669][0.186292,0.873863,0][2.12585,1.88871,-0.535066][-0.116639,0.796855,-0.592805][0.164878,0.873863,0][2.27621,1.66819,-0.709412][0.773945,0.585579,-0.241051][0.186292,0.859587,0][2.17664,1.88734,-0.496708][0.638936,0.768765,-0.0276114][0.164878,0.859587,0][2.27621,1.66819,-0.709412][0.773945,0.585579,-0.241051][0.186292,0.859587,0][2.12585,1.88871,-0.535066][-0.116639,0.796855,-0.592805][0.164878,0.873863,0][1.78603,1.93515,-0.147156][-0.542941,0.834993,-0.089454][0.12205,0.873863,0][1.68639,1.7888,0.0217855][-0.724733,0.670495,0.158741][0.100636,0.873863,0][1.86933,1.93401,-0.0798131][0.214144,0.831032,0.513351][0.12205,0.859587,0][1.68639,1.7888,0.0217855][-0.724733,0.670495,0.158741][0.100636,0.873863,0][1.73689,1.7888,0.0605545][0.0411592,0.6723,0.739134][0.100636,0.859587,0][1.86933,1.93401,-0.0798131][0.214144,0.831032,0.513351][0.12205,0.859587,0][1.94477,1.87361,-0.355749][-0.713924,0.0705546,-0.69666][0.143464,0.888139,0][1.78603,1.93515,-0.147156][-0.542941,0.834993,-0.089454][0.12205,0.873863,0][1.97051,1.92808,-0.335841][-0.292719,0.884087,-0.364288][0.143464,0.873863,0][2.12585,1.88871,-0.535066][-0.116639,0.796855,-0.592805][0.164878,0.873863,0][1.94477,1.87361,-0.355749][-0.713924,0.0705546,-0.69666][0.143464,0.888139,0][1.97051,1.92808,-0.335841][-0.292719,0.884087,-0.364288][0.143464,0.873863,0][1.86933,1.93401,-0.0798131][0.214144,0.831032,0.513351][0.12205,0.859587,0][1.97051,1.92808,-0.335841][-0.292719,0.884087,-0.364288][0.143464,0.873863,0][1.78603,1.93515,-0.147156][-0.542941,0.834993,-0.089454][0.12205,0.873863,0][2.12585,1.88871,-0.535066][-0.116639,0.796855,-0.592805][0.164878,0.873863,0][1.97051,1.92808,-0.335841][-0.292719,0.884087,-0.364288][0.143464,0.873863,0][2.17664,1.88734,-0.496708][0.638936,0.768765,-0.0276114][0.164878,0.859587,0][1.97051,1.92808,-0.335841][-0.292719,0.884087,-0.364288][0.143464,0.873863,0][1.86933,1.93401,-0.0798131][0.214144,0.831032,0.513351][0.12205,0.859587,0][2.01955,1.92729,-0.295192][0.441441,0.867707,0.228506][0.143464,0.859587,0][2.01955,1.92729,-0.295192][0.441441,0.867707,0.228506][0.143464,0.859587,0][2.17664,1.88734,-0.496708][0.638936,0.768765,-0.0276114][0.164878,0.859587,0][1.97051,1.92808,-0.335841][-0.292719,0.884087,-0.364288][0.143464,0.873863,0][1.92766,1.84545,-0.0688306][0.772942,0.0303838,0.633748][0.131816,0.932919,0][1.73689,1.7888,0.0605545][0.0411592,0.6723,0.739134][0.110402,0.947195,0][1.77807,1.74067,0.0586552][0.678446,-0.0752926,0.730782][0.110402,0.932919,0][1.73689,1.7888,0.0605545][0.0411592,0.6723,0.739134][0.110402,0.947195,0][1.92766,1.84545,-0.0688306][0.772942,0.0303838,0.633748][0.131816,0.932919,0][1.86933,1.93401,-0.0798131][0.214144,0.831032,0.513351][0.131816,0.947195,0][1.76875,1.69254,0.0179868][0.535386,-0.836755,0.114905][0.110402,0.918643,0][1.92766,1.84545,-0.0688306][0.772942,0.0303838,0.633748][0.131816,0.932919,0][1.77807,1.74067,0.0586552][0.678446,-0.0752926,0.730782][0.110402,0.932919,0][1.92766,1.84545,-0.0688306][0.772942,0.0303838,0.633748][0.131816,0.932919,0][1.76875,1.69254,0.0179868][0.535386,-0.836755,0.114905][0.110402,0.918643,0][1.90268,1.75803,-0.125191][0.556745,-0.822686,0.114991][0.131816,0.918643,0][1.92766,1.84545,-0.0688306][0.772942,0.0303838,0.633748][0.131816,0.932919,0][2.04285,1.87203,-0.274452][0.832855,0.0427503,0.551838][0.15323,0.932919,0][1.86933,1.93401,-0.0798131][0.214144,0.831032,0.513351][0.131816,0.947195,0][1.90268,1.75803,-0.125191][0.556745,-0.822686,0.114991][0.131816,0.918643,0][2.04285,1.87203,-0.274452][0.832855,0.0427503,0.551838][0.15323,0.932919,0][1.92766,1.84545,-0.0688306][0.772942,0.0303838,0.633748][0.131816,0.932919,0][2.01955,1.92729,-0.295192][0.441441,0.867707,0.228506][0.15323,0.947195,0][1.86933,1.93401,-0.0798131][0.214144,0.831032,0.513351][0.131816,0.947195,0][2.04285,1.87203,-0.274452][0.832855,0.0427503,0.551838][0.15323,0.932919,0][1.71824,1.69254,-0.0207822][-0.255425,-0.839717,-0.479201][0.110402,0.904368,0][1.90268,1.75803,-0.125191][0.556745,-0.822686,0.114991][0.131816,0.918643,0][1.76875,1.69254,0.0179868][0.535386,-0.836755,0.114905][0.110402,0.918643,0][2.04285,1.87203,-0.274452][0.832855,0.0427503,0.551838][0.15323,0.932919,0][2.18913,1.83561,-0.461857][0.868028,0.00143815,0.496514][0.174643,0.932919,0][2.01955,1.92729,-0.295192][0.441441,0.867707,0.228506][0.15323,0.947195,0][2.17664,1.88734,-0.496708][0.639043,0.768668,-0.0278007][0.174643,0.947195,0][2.01955,1.92729,-0.295192][0.441441,0.867707,0.228506][0.15323,0.947195,0][2.18913,1.83561,-0.461857][0.868028,0.00143815,0.496514][0.174643,0.932919,0][2.17664,1.88734,-0.496708][0.639043,0.768668,-0.0278007][0.174643,0.947195,0][2.18913,1.83561,-0.461857][0.868028,0.00143815,0.496514][0.174643,0.932919,0][2.27608,1.66807,-0.709395][0.459731,-0.552984,-0.694878][0.196057,0.932919,0][2.01711,1.81756,-0.294361][0.454738,-0.853452,0.254624][0.15323,0.918643,0][2.18913,1.83561,-0.461857][0.868028,0.00143815,0.496514][0.174643,0.932919,0][2.04285,1.87203,-0.274452][0.832855,0.0427503,0.551838][0.15323,0.932919,0][2.04285,1.87203,-0.274452][0.832855,0.0427503,0.551838][0.15323,0.932919,0][1.90268,1.75803,-0.125191][0.556745,-0.822686,0.114991][0.131816,0.918643,0][2.01711,1.81756,-0.294361][0.454738,-0.853452,0.254624][0.15323,0.918643,0][2.18913,1.83561,-0.461857][0.868028,0.00143815,0.496514][0.174643,0.932919,0][2.01711,1.81756,-0.294361][0.454738,-0.853452,0.254624][0.15323,0.918643,0][2.15082,1.78524,-0.465364][0.29611,-0.831884,0.469349][0.174643,0.918643,0][2.18913,1.83561,-0.461857][0.868028,0.00143815,0.496514][0.174643,0.932919,0][2.15082,1.78524,-0.465364][0.29611,-0.831884,0.469349][0.174643,0.918643,0][2.27608,1.66807,-0.709395][0.459731,-0.552984,-0.694878][0.196057,0.918643,0][2.01711,1.81756,-0.294361][0.454738,-0.853452,0.254624][0.15323,0.918643,0][1.90268,1.75803,-0.125191][0.556745,-0.822686,0.114991][0.131816,0.918643,0][1.96807,1.81835,-0.33501][-0.355563,-0.844738,-0.399992][0.15323,0.904368,0][1.96807,1.81835,-0.33501][-0.355563,-0.844738,-0.399992][0.15323,0.904368,0][2.15082,1.78524,-0.465364][0.29611,-0.831884,0.469349][0.174643,0.918643,0][2.01711,1.81756,-0.294361][0.454738,-0.853452,0.254624][0.15323,0.918643,0][1.90268,1.75803,-0.125191][0.556745,-0.822686,0.114991][0.131816,0.918643,0][1.71824,1.69254,-0.0207822][-0.255425,-0.839717,-0.479201][0.110402,0.904368,0][1.81938,1.75917,-0.192535][-0.261555,-0.807729,-0.528359][0.131816,0.904368,0][1.81938,1.75917,-0.192535][-0.261555,-0.807729,-0.528359][0.131816,0.904368,0][1.96807,1.81835,-0.33501][-0.355563,-0.844738,-0.399992][0.15323,0.904368,0][1.90268,1.75803,-0.125191][0.556745,-0.822686,0.114991][0.131816,0.918643,0][1.67706,1.74067,-0.0188828][-0.890712,-0.0730854,-0.448655][0.110402,0.890092,0][1.81938,1.75917,-0.192535][-0.261555,-0.807729,-0.528359][0.131816,0.904368,0][1.71824,1.69254,-0.0207822][-0.255425,-0.839717,-0.479201][0.110402,0.904368,0][2.15082,1.78524,-0.465364][0.29611,-0.831884,0.469349][0.174643,0.918643,0][1.96807,1.81835,-0.33501][-0.355563,-0.844738,-0.399992][0.15323,0.904368,0][2.10003,1.78661,-0.503722][-0.556817,-0.815967,-0.155411][0.174643,0.904368,0][2.15082,1.78524,-0.465364][0.29611,-0.831884,0.469349][0.174643,0.918643,0][2.10003,1.78661,-0.503722][-0.556817,-0.815967,-0.155411][0.174643,0.904368,0][2.27608,1.66807,-0.709395][0.459731,-0.552984,-0.694878][0.196057,0.904368,0][1.81938,1.75917,-0.192535][-0.261555,-0.807729,-0.528359][0.131816,0.904368,0][1.94477,1.87361,-0.355749][-0.713924,0.0705546,-0.69666][0.15323,0.890092,0][1.96807,1.81835,-0.33501][-0.355563,-0.844738,-0.399992][0.15323,0.904368,0][1.94477,1.87361,-0.355749][-0.713924,0.0705546,-0.69666][0.15323,0.890092,0][2.10003,1.78661,-0.503722][-0.556817,-0.815967,-0.155411][0.174643,0.904368,0][1.96807,1.81835,-0.33501][-0.355563,-0.844738,-0.399992][0.15323,0.904368,0][1.81938,1.75917,-0.192535][-0.261555,-0.807729,-0.528359][0.131816,0.904368,0][1.67706,1.74067,-0.0188828][-0.890712,-0.0730854,-0.448655][0.110402,0.890092,0][1.76105,1.84773,-0.203517][-0.793598,0.0468743,-0.606634][0.131816,0.890092,0][1.76105,1.84773,-0.203517][-0.793598,0.0468743,-0.606634][0.131816,0.890092,0][1.94477,1.87361,-0.355749][-0.713924,0.0705546,-0.69666][0.15323,0.890092,0][1.81938,1.75917,-0.192535][-0.261555,-0.807729,-0.528359][0.131816,0.904368,0][1.67706,1.74067,-0.0188828][-0.890712,-0.0730854,-0.448655][0.110402,0.890092,0][1.78603,1.93515,-0.147156][-0.542941,0.834993,-0.089454][0.131816,0.875816,0][1.76105,1.84773,-0.203517][-0.793598,0.0468743,-0.606634][0.131816,0.890092,0][1.78603,1.93515,-0.147156][-0.542941,0.834993,-0.089454][0.131816,0.875816,0][1.94477,1.87361,-0.355749][-0.713924,0.0705546,-0.69666][0.15323,0.890092,0][1.76105,1.84773,-0.203517][-0.793598,0.0468743,-0.606634][0.131816,0.890092,0][1.68639,1.7888,0.0217855][-0.724733,0.670495,0.158741][0.110402,0.875816,0][1.78603,1.93515,-0.147156][-0.542941,0.834993,-0.089454][0.131816,0.875816,0][1.67706,1.74067,-0.0188828][-0.890712,-0.0730854,-0.448655][0.110402,0.890092,0][2.10003,1.78661,-0.503722][-0.556817,-0.815967,-0.155411][0.174643,0.904368,0][1.94477,1.87361,-0.355749][-0.713924,0.0705546,-0.69666][0.15323,0.890092,0][2.08754,1.83834,-0.538573][-0.726561,0.0478952,-0.685431][0.174643,0.890092,0][2.10003,1.78661,-0.503722][-0.556817,-0.815967,-0.155411][0.174643,0.904368,0][2.08754,1.83834,-0.538573][-0.726561,0.0478952,-0.685431][0.174643,0.890092,0][2.27608,1.66807,-0.709395][0.459731,-0.552984,-0.694878][0.196057,0.890092,0][1.78603,1.93515,-0.147156][-0.542941,0.834993,-0.089454][0.131816,0.875816,0][1.68639,1.7888,0.0217855][-0.724733,0.670495,0.158741][0.110402,0.875816,0][1.86933,1.93401,-0.0798131][0.214144,0.831032,0.513351][0.131816,0.86154,0][1.68639,1.7888,0.0217855][-0.724733,0.670495,0.158741][0.110402,0.875816,0][1.73689,1.7888,0.0605545][0.0411592,0.6723,0.739134][0.110402,0.86154,0][1.86933,1.93401,-0.0798131][0.214144,0.831032,0.513351][0.131816,0.86154,0][1.86933,1.93401,-0.0798131][0.214144,0.831032,0.513351][0.131816,0.86154,0][1.97051,1.92808,-0.335841][-0.292719,0.884087,-0.364288][0.15323,0.875816,0][1.78603,1.93515,-0.147156][-0.542941,0.834993,-0.089454][0.131816,0.875816,0][1.94477,1.87361,-0.355749][-0.713924,0.0705546,-0.69666][0.15323,0.890092,0][1.78603,1.93515,-0.147156][-0.542941,0.834993,-0.089454][0.131816,0.875816,0][1.97051,1.92808,-0.335841][-0.292719,0.884087,-0.364288][0.15323,0.875816,0][1.97051,1.92808,-0.335841][-0.292719,0.884087,-0.364288][0.15323,0.875816,0][1.86933,1.93401,-0.0798131][0.214144,0.831032,0.513351][0.131816,0.86154,0][2.01955,1.92729,-0.295192][0.441441,0.867707,0.228506][0.15323,0.86154,0][2.01955,1.92729,-0.295192][0.441441,0.867707,0.228506][0.15323,0.86154,0][2.17664,1.88734,-0.496708][0.639043,0.768668,-0.0278007][0.174643,0.86154,0][1.97051,1.92808,-0.335841][-0.292719,0.884087,-0.364288][0.15323,0.875816,0][2.12585,1.88871,-0.535066][-0.116476,0.796759,-0.592966][0.174643,0.875816,0][1.94477,1.87361,-0.355749][-0.713924,0.0705546,-0.69666][0.15323,0.890092,0][1.97051,1.92808,-0.335841][-0.292719,0.884087,-0.364288][0.15323,0.875816,0][2.12585,1.88871,-0.535066][-0.116476,0.796759,-0.592966][0.174643,0.875816,0][1.97051,1.92808,-0.335841][-0.292719,0.884087,-0.364288][0.15323,0.875816,0][2.17664,1.88734,-0.496708][0.639043,0.768668,-0.0278007][0.174643,0.86154,0][1.94477,1.87361,-0.355749][-0.713924,0.0705546,-0.69666][0.15323,0.890092,0][2.12585,1.88871,-0.535066][-0.116476,0.796759,-0.592966][0.174643,0.875816,0][2.08754,1.83834,-0.538573][-0.726561,0.0478952,-0.685431][0.174643,0.890092,0][2.12585,1.88871,-0.535066][-0.116476,0.796759,-0.592966][0.174643,0.875816,0][2.17664,1.88734,-0.496708][0.639043,0.768668,-0.0278007][0.174643,0.86154,0][2.27608,1.66807,-0.709395][0.459731,-0.552984,-0.694878][0.196057,0.86154,0][2.08754,1.83834,-0.538573][-0.726561,0.0478952,-0.685431][0.174643,0.890092,0][2.12585,1.88871,-0.535066][-0.116476,0.796759,-0.592966][0.174643,0.875816,0][2.27608,1.66807,-0.709395][0.459731,-0.552984,-0.694878][0.196057,0.875816,0][-1.92766,1.84545,-0.0688306][-0.772942,0.0303834,0.633749][0.12205,0.930966,0][-1.77807,1.74067,0.0586552][-0.678446,-0.0752925,0.730782][0.100636,0.930966,0][-1.73689,1.7888,0.0605545][-0.0411595,0.6723,0.739134][0.100636,0.945242,0][-1.92766,1.84545,-0.0688306][-0.772942,0.0303834,0.633749][0.12205,0.930966,0][-1.76875,1.69254,0.0179868][-0.535386,-0.836755,0.114905][0.100636,0.91669,0][-1.77807,1.74067,0.0586552][-0.678446,-0.0752925,0.730782][0.100636,0.930966,0][-1.73689,1.7888,0.0605545][-0.0411595,0.6723,0.739134][0.100636,0.945242,0][-1.86933,1.93401,-0.0798131][-0.214143,0.831032,0.513351][0.12205,0.945242,0][-1.92766,1.84545,-0.0688306][-0.772942,0.0303834,0.633749][0.12205,0.930966,0][-1.76875,1.69254,0.0179868][-0.535386,-0.836755,0.114905][0.100636,0.91669,0][-1.92766,1.84545,-0.0688306][-0.772942,0.0303834,0.633749][0.12205,0.930966,0][-1.90268,1.75803,-0.125191][-0.556744,-0.822687,0.114991][0.12205,0.91669,0][-1.86933,1.93401,-0.0798131][-0.214143,0.831032,0.513351][0.12205,0.945242,0][-2.04285,1.87203,-0.274452][-0.832854,0.0427494,0.551839][0.143464,0.930966,0][-1.92766,1.84545,-0.0688306][-0.772942,0.0303834,0.633749][0.12205,0.930966,0][-2.04285,1.87203,-0.274452][-0.832854,0.0427494,0.551839][0.143464,0.930966,0][-1.90268,1.75803,-0.125191][-0.556744,-0.822687,0.114991][0.12205,0.91669,0][-1.92766,1.84545,-0.0688306][-0.772942,0.0303834,0.633749][0.12205,0.930966,0][-2.04285,1.87203,-0.274452][-0.832854,0.0427494,0.551839][0.143464,0.930966,0][-1.86933,1.93401,-0.0798131][-0.214143,0.831032,0.513351][0.12205,0.945242,0][-2.01955,1.92729,-0.295192][-0.441442,0.867706,0.228506][0.143464,0.945242,0][-1.90268,1.75803,-0.125191][-0.556744,-0.822687,0.114991][0.12205,0.91669,0][-1.71824,1.69254,-0.0207822][0.255425,-0.839717,-0.479201][0.100636,0.902415,0][-1.76875,1.69254,0.0179868][-0.535386,-0.836755,0.114905][0.100636,0.91669,0][-2.01955,1.92729,-0.295192][-0.441442,0.867706,0.228506][0.143464,0.945242,0][-2.18913,1.83561,-0.461857][-0.867897,0.00150084,0.496743][0.164878,0.930966,0][-2.04285,1.87203,-0.274452][-0.832854,0.0427494,0.551839][0.143464,0.930966,0][-2.18913,1.83561,-0.461857][-0.867897,0.00150084,0.496743][0.164878,0.930966,0][-2.01955,1.92729,-0.295192][-0.441442,0.867706,0.228506][0.143464,0.945242,0][-2.17664,1.88734,-0.496708][-0.638935,0.768765,-0.0276124][0.164878,0.945242,0][-2.27621,1.66819,-0.709412][-0.773945,0.585579,-0.241052][0.186292,0.945242,0][-2.18913,1.83561,-0.461857][-0.867897,0.00150084,0.496743][0.164878,0.930966,0][-2.17664,1.88734,-0.496708][-0.638935,0.768765,-0.0276124][0.164878,0.945242,0][-2.18913,1.83561,-0.461857][-0.867897,0.00150084,0.496743][0.164878,0.930966,0][-2.27621,1.66819,-0.709412][-0.773945,0.585579,-0.241052][0.186292,0.945242,0][-2.27623,1.66806,-0.709293][-0.908715,-0.118617,0.400208][0.186292,0.930966,0][-1.71824,1.69254,-0.0207822][0.255425,-0.839717,-0.479201][0.100636,0.902415,0][-1.90268,1.75803,-0.125191][-0.556744,-0.822687,0.114991][0.12205,0.91669,0][-1.81938,1.75917,-0.192535][0.261555,-0.807729,-0.528359][0.12205,0.902415,0][-2.18913,1.83561,-0.461857][-0.867897,0.00150084,0.496743][0.164878,0.930966,0][-2.01711,1.81756,-0.294361][-0.454737,-0.853452,0.254624][0.143464,0.91669,0][-2.04285,1.87203,-0.274452][-0.832854,0.0427494,0.551839][0.143464,0.930966,0][-1.90268,1.75803,-0.125191][-0.556744,-0.822687,0.114991][0.12205,0.91669,0][-2.04285,1.87203,-0.274452][-0.832854,0.0427494,0.551839][0.143464,0.930966,0][-2.01711,1.81756,-0.294361][-0.454737,-0.853452,0.254624][0.143464,0.91669,0][-2.27623,1.66806,-0.709293][-0.908715,-0.118617,0.400208][0.186292,0.930966,0][-2.15082,1.78524,-0.465364][-0.295941,-0.831812,0.469583][0.164878,0.91669,0][-2.18913,1.83561,-0.461857][-0.867897,0.00150084,0.496743][0.164878,0.930966,0][-2.01711,1.81756,-0.294361][-0.454737,-0.853452,0.254624][0.143464,0.91669,0][-2.18913,1.83561,-0.461857][-0.867897,0.00150084,0.496743][0.164878,0.930966,0][-2.15082,1.78524,-0.465364][-0.295941,-0.831812,0.469583][0.164878,0.91669,0][-2.15082,1.78524,-0.465364][-0.295941,-0.831812,0.469583][0.164878,0.91669,0][-2.27623,1.66806,-0.709293][-0.908715,-0.118617,0.400208][0.186292,0.930966,0][-2.2761,1.66794,-0.709276][-0.214447,-0.832646,0.5106][0.186292,0.91669,0][-1.90268,1.75803,-0.125191][-0.556744,-0.822687,0.114991][0.12205,0.91669,0][-2.01711,1.81756,-0.294361][-0.454737,-0.853452,0.254624][0.143464,0.91669,0][-1.96807,1.81835,-0.33501][0.355563,-0.844737,-0.399992][0.143464,0.902415,0][-2.15082,1.78524,-0.465364][-0.295941,-0.831812,0.469583][0.164878,0.91669,0][-1.96807,1.81835,-0.33501][0.355563,-0.844737,-0.399992][0.143464,0.902415,0][-2.01711,1.81756,-0.294361][-0.454737,-0.853452,0.254624][0.143464,0.91669,0][-1.90268,1.75803,-0.125191][-0.556744,-0.822687,0.114991][0.12205,0.91669,0][-1.96807,1.81835,-0.33501][0.355563,-0.844737,-0.399992][0.143464,0.902415,0][-1.81938,1.75917,-0.192535][0.261555,-0.807729,-0.528359][0.12205,0.902415,0][-1.81938,1.75917,-0.192535][0.261555,-0.807729,-0.528359][0.12205,0.902415,0][-1.67706,1.74067,-0.0188828][0.890711,-0.0730853,-0.448656][0.100636,0.888139,0][-1.71824,1.69254,-0.0207822][0.255425,-0.839717,-0.479201][0.100636,0.902415,0][-2.2761,1.66794,-0.709276][-0.214447,-0.832646,0.5106][0.186292,0.91669,0][-2.10003,1.78661,-0.503722][0.556995,-0.815889,-0.155187][0.164878,0.902415,0][-2.15082,1.78524,-0.465364][-0.295941,-0.831812,0.469583][0.164878,0.91669,0][-1.96807,1.81835,-0.33501][0.355563,-0.844737,-0.399992][0.143464,0.902415,0][-2.15082,1.78524,-0.465364][-0.295941,-0.831812,0.469583][0.164878,0.91669,0][-2.10003,1.78661,-0.503722][0.556995,-0.815889,-0.155187][0.164878,0.902415,0][-2.10003,1.78661,-0.503722][0.556995,-0.815889,-0.155187][0.164878,0.902415,0][-2.2761,1.66794,-0.709276][-0.214447,-0.832646,0.5106][0.186292,0.91669,0][-2.27596,1.66795,-0.709378][0.604749,-0.794222,-0.0590726][0.186292,0.902415,0][-1.81938,1.75917,-0.192535][0.261555,-0.807729,-0.528359][0.12205,0.902415,0][-1.96807,1.81835,-0.33501][0.355563,-0.844737,-0.399992][0.143464,0.902415,0][-1.94477,1.87361,-0.355749][0.713924,0.0705546,-0.696659][0.143464,0.888139,0][-2.10003,1.78661,-0.503722][0.556995,-0.815889,-0.155187][0.164878,0.902415,0][-1.94477,1.87361,-0.355749][0.713924,0.0705546,-0.696659][0.143464,0.888139,0][-1.96807,1.81835,-0.33501][0.355563,-0.844737,-0.399992][0.143464,0.902415,0][-1.67706,1.74067,-0.0188828][0.890711,-0.0730853,-0.448656][0.100636,0.888139,0][-1.81938,1.75917,-0.192535][0.261555,-0.807729,-0.528359][0.12205,0.902415,0][-1.76105,1.84773,-0.203517][0.793598,0.0468742,-0.606635][0.12205,0.888139,0][-1.94477,1.87361,-0.355749][0.713924,0.0705546,-0.696659][0.143464,0.888139,0][-1.76105,1.84773,-0.203517][0.793598,0.0468742,-0.606635][0.12205,0.888139,0][-1.81938,1.75917,-0.192535][0.261555,-0.807729,-0.528359][0.12205,0.902415,0][-1.67706,1.74067,-0.0188828][0.890711,-0.0730853,-0.448656][0.100636,0.888139,0][-1.76105,1.84773,-0.203517][0.793598,0.0468742,-0.606635][0.12205,0.888139,0][-1.78603,1.93515,-0.147156][0.54294,0.834993,-0.0894545][0.12205,0.873863,0][-1.94477,1.87361,-0.355749][0.713924,0.0705546,-0.696659][0.143464,0.888139,0][-1.78603,1.93515,-0.147156][0.54294,0.834993,-0.0894545][0.12205,0.873863,0][-1.76105,1.84773,-0.203517][0.793598,0.0468742,-0.606635][0.12205,0.888139,0][-1.78603,1.93515,-0.147156][0.54294,0.834993,-0.0894545][0.12205,0.873863,0][-1.68639,1.7888,0.0217855][0.724733,0.670495,0.158741][0.100636,0.873863,0][-1.67706,1.74067,-0.0188828][0.890711,-0.0730853,-0.448656][0.100636,0.888139,0][-2.27596,1.66795,-0.709378][0.604749,-0.794222,-0.0590726][0.186292,0.902415,0][-2.08754,1.83834,-0.538573][0.726746,0.0479667,-0.685229][0.164878,0.888139,0][-2.10003,1.78661,-0.503722][0.556995,-0.815889,-0.155187][0.164878,0.902415,0][-1.94477,1.87361,-0.355749][0.713924,0.0705546,-0.696659][0.143464,0.888139,0][-2.10003,1.78661,-0.503722][0.556995,-0.815889,-0.155187][0.164878,0.902415,0][-2.08754,1.83834,-0.538573][0.726746,0.0479667,-0.685229][0.164878,0.888139,0][-2.08754,1.83834,-0.538573][0.726746,0.0479667,-0.685229][0.164878,0.888139,0][-2.27596,1.66795,-0.709378][0.604749,-0.794222,-0.0590726][0.186292,0.902415,0][-2.27594,1.66808,-0.709497][0.695725,-0.0505068,-0.71653][0.186292,0.888139,0][-2.27607,1.6682,-0.709514][-0.00762264,0.6236,-0.781706][0.186292,0.873863,0][-2.08754,1.83834,-0.538573][0.726746,0.0479667,-0.685229][0.164878,0.888139,0][-2.27594,1.66808,-0.709497][0.695725,-0.0505068,-0.71653][0.186292,0.888139,0][-1.86933,1.93401,-0.0798131][-0.214143,0.831032,0.513351][0.12205,0.859587,0][-1.68639,1.7888,0.0217855][0.724733,0.670495,0.158741][0.100636,0.873863,0][-1.78603,1.93515,-0.147156][0.54294,0.834993,-0.0894545][0.12205,0.873863,0][-1.68639,1.7888,0.0217855][0.724733,0.670495,0.158741][0.100636,0.873863,0][-1.86933,1.93401,-0.0798131][-0.214143,0.831032,0.513351][0.12205,0.859587,0][-1.73689,1.7888,0.0605545][-0.0411595,0.6723,0.739134][0.100636,0.859587,0][-1.97051,1.92808,-0.335841][0.292719,0.884087,-0.364288][0.143464,0.873863,0][-1.86933,1.93401,-0.0798131][-0.214143,0.831032,0.513351][0.12205,0.859587,0][-1.78603,1.93515,-0.147156][0.54294,0.834993,-0.0894545][0.12205,0.873863,0][-1.78603,1.93515,-0.147156][0.54294,0.834993,-0.0894545][0.12205,0.873863,0][-1.94477,1.87361,-0.355749][0.713924,0.0705546,-0.696659][0.143464,0.888139,0][-1.97051,1.92808,-0.335841][0.292719,0.884087,-0.364288][0.143464,0.873863,0][-1.86933,1.93401,-0.0798131][-0.214143,0.831032,0.513351][0.12205,0.859587,0][-1.97051,1.92808,-0.335841][0.292719,0.884087,-0.364288][0.143464,0.873863,0][-2.01955,1.92729,-0.295192][-0.441442,0.867706,0.228506][0.143464,0.859587,0][-1.97051,1.92808,-0.335841][0.292719,0.884087,-0.364288][0.143464,0.873863,0][-2.17664,1.88734,-0.496708][-0.638935,0.768765,-0.0276124][0.164878,0.859587,0][-2.01955,1.92729,-0.295192][-0.441442,0.867706,0.228506][0.143464,0.859587,0][-2.08754,1.83834,-0.538573][0.726746,0.0479667,-0.685229][0.164878,0.888139,0][-2.27607,1.6682,-0.709514][-0.00762264,0.6236,-0.781706][0.186292,0.873863,0][-2.12585,1.88871,-0.535066][0.116639,0.796854,-0.592806][0.164878,0.873863,0][-2.12585,1.88871,-0.535066][0.116639,0.796854,-0.592806][0.164878,0.873863,0][-1.94477,1.87361,-0.355749][0.713924,0.0705546,-0.696659][0.143464,0.888139,0][-2.08754,1.83834,-0.538573][0.726746,0.0479667,-0.685229][0.164878,0.888139,0][-2.12585,1.88871,-0.535066][0.116639,0.796854,-0.592806][0.164878,0.873863,0][-1.97051,1.92808,-0.335841][0.292719,0.884087,-0.364288][0.143464,0.873863,0][-1.94477,1.87361,-0.355749][0.713924,0.0705546,-0.696659][0.143464,0.888139,0][-2.17664,1.88734,-0.496708][-0.638935,0.768765,-0.0276124][0.164878,0.859587,0][-1.97051,1.92808,-0.335841][0.292719,0.884087,-0.364288][0.143464,0.873863,0][-2.12585,1.88871,-0.535066][0.116639,0.796854,-0.592806][0.164878,0.873863,0][-2.27621,1.66819,-0.709412][-0.773945,0.585579,-0.241052][0.186292,0.859587,0][-2.12585,1.88871,-0.535066][0.116639,0.796854,-0.592806][0.164878,0.873863,0][-2.27607,1.6682,-0.709514][-0.00762264,0.6236,-0.781706][0.186292,0.873863,0][-2.12585,1.88871,-0.535066][0.116639,0.796854,-0.592806][0.164878,0.873863,0][-2.27621,1.66819,-0.709412][-0.773945,0.585579,-0.241052][0.186292,0.859587,0][-2.17664,1.88734,-0.496708][-0.638935,0.768765,-0.0276124][0.164878,0.859587,0][-1.73617,1.88671,0.271695][-0.434825,0.653374,0.619701][0.722369,0.836169,0][-1.80618,1.89444,0.0957282][-0.450336,0.870093,-0.200338][0.711603,0.802795,0][-1.85507,1.83599,0.189284][-0.771745,0.507929,0.382647][0.728117,0.812423,0][-1.66317,1.92994,0.228894][-0.0758171,0.964004,0.25485][0.710701,0.843619,0][-1.80618,1.89444,0.0957282][-0.450336,0.870093,-0.200338][0.711603,0.802795,0][-1.73617,1.88671,0.271695][-0.434825,0.653374,0.619701][0.722369,0.836169,0][-1.60176,1.76927,0.391516][-0.282261,0.467095,0.837945][0.74027,0.862243,0][-1.66317,1.92994,0.228894][-0.0758171,0.964004,0.25485][0.710701,0.843619,0][-1.73617,1.88671,0.271695][-0.434825,0.653374,0.619701][0.722369,0.836169,0][-1.66317,1.92994,0.228894][-0.0758171,0.964004,0.25485][0.710701,0.843619,0][-1.60176,1.76927,0.391516][-0.282261,0.467095,0.837945][0.74027,0.862243,0][-1.43773,1.82469,0.370771][0.200704,0.782027,0.590044][0.726705,0.892684,0][-1.85507,1.83599,0.189284][-0.771745,0.507929,0.382647][0.728117,0.812423,0][-1.76683,1.67954,0.325773][-0.640597,0.194761,0.742768][0.752697,0.834399,0][-1.73617,1.88671,0.271695][-0.434825,0.653374,0.619701][0.722369,0.836169,0][-1.76683,1.67954,0.325773][-0.640597,0.194761,0.742768][0.752697,0.834399,0][-1.60176,1.76927,0.391516][-0.282261,0.467095,0.837945][0.74027,0.862243,0][-1.73617,1.88671,0.271695][-0.434825,0.653374,0.619701][0.722369,0.836169,0][1.85507,1.83599,0.189284][0.771745,0.507929,0.382647][0.728117,0.812423,0][1.80618,1.89444,0.0957282][0.450336,0.870093,-0.200338][0.711603,0.802795,0][1.73617,1.88671,0.271695][0.434826,0.653374,0.619701][0.722369,0.836169,0][1.80618,1.89444,0.0957282][0.450336,0.870093,-0.200338][0.711603,0.802795,0][1.66317,1.92994,0.228894][0.0758174,0.964004,0.25485][0.710701,0.843619,0][1.73617,1.88671,0.271695][0.434826,0.653374,0.619701][0.722369,0.836169,0][1.66317,1.92994,0.228894][0.0758174,0.964004,0.25485][0.710701,0.843619,0][1.60176,1.76927,0.391516][0.282261,0.467095,0.837945][0.74027,0.862243,0][1.73617,1.88671,0.271695][0.434826,0.653374,0.619701][0.722369,0.836169,0][1.60176,1.76927,0.391516][0.282261,0.467095,0.837945][0.74027,0.862243,0][1.66317,1.92994,0.228894][0.0758174,0.964004,0.25485][0.710701,0.843619,0][1.43773,1.82469,0.370771][-0.200704,0.782027,0.590044][0.726705,0.892684,0][1.85507,1.83599,0.189284][0.771745,0.507929,0.382647][0.728117,0.812423,0][1.73617,1.88671,0.271695][0.434826,0.653374,0.619701][0.722369,0.836169,0][1.76683,1.67954,0.325773][0.640597,0.194761,0.742767][0.752697,0.834399,0][1.76683,1.67954,0.325773][0.640597,0.194761,0.742767][0.752697,0.834399,0][1.73617,1.88671,0.271695][0.434826,0.653374,0.619701][0.722369,0.836169,0][1.60176,1.76927,0.391516][0.282261,0.467095,0.837945][0.74027,0.862243,0][-0.202161,0.811551,-0.104879][-0.108545,0.970599,-0.214837][0.209876,0.702237,0][-0.374971,0.731033,-0.284721][-0.217871,0.919083,-0.328358][0.197875,0.645903,0][-0.389944,0.778523,-0.111486][-0.212977,0.951919,-0.220205][0.229969,0.665191,0][-0.492745,0.705846,-0.261361][-0.298016,0.89652,-0.327778][0.215734,0.628375,0][-0.389944,0.778523,-0.111486][-0.212977,0.951919,-0.220205][0.229969,0.665191,0][-0.374971,0.731033,-0.284721][-0.217871,0.919083,-0.328358][0.197875,0.645903,0][-0.216339,0.846819,0.119884][-0.115936,0.987988,-0.102173][0.257096,0.724216,0][-1.47811e-08,0.823996,-0.101771][-2.62273e-08,0.977134,-0.212624][0.18245,0.748708,0][-0.202161,0.811551,-0.104879][-0.108545,0.970599,-0.214837][0.209876,0.702237,0][-0.389944,0.778523,-0.111486][-0.212977,0.951919,-0.220205][0.229969,0.665191,0][-0.216339,0.846819,0.119884][-0.115936,0.987988,-0.102173][0.257096,0.724216,0][-0.202161,0.811551,-0.104879][-0.108545,0.970599,-0.214837][0.209876,0.702237,0][-0.216339,0.846819,0.119884][-0.115936,0.987988,-0.102173][0.257096,0.724216,0][-1.47811e-08,0.861153,0.134579][-4.29293e-08,0.99531,-0.0967387][0.23899,0.777215,0][-1.47811e-08,0.823996,-0.101771][-2.62273e-08,0.977134,-0.212624][0.18245,0.748708,0][-0.389944,0.778523,-0.111486][-0.212977,0.951919,-0.220205][0.229969,0.665191,0][-0.492745,0.705846,-0.261361][-0.298016,0.89652,-0.327778][0.215734,0.628375,0][-0.54334,0.728457,-0.138113][-0.323081,0.913671,-0.246625][0.24118,0.634427,0][-0.492745,0.705846,-0.261361][-0.298016,0.89652,-0.327778][0.215734,0.628375,0][-0.66609,0.652849,-0.215584][-0.437121,0.838492,-0.325357][0.241554,0.603852,0][-0.54334,0.728457,-0.138113][-0.323081,0.913671,-0.246625][0.24118,0.634427,0][-0.216339,0.846819,0.119884][-0.115936,0.987988,-0.102173][0.257096,0.724216,0][-0.389944,0.778523,-0.111486][-0.212977,0.951919,-0.220205][0.229969,0.665191,0][-0.423983,0.807851,0.0964504][-0.231507,0.966242,-0.11305][0.270818,0.679607,0][-0.54334,0.728457,-0.138113][-0.323081,0.913671,-0.246625][0.24118,0.634427,0][-0.423983,0.807851,0.0964504][-0.231507,0.966242,-0.11305][0.270818,0.679607,0][-0.389944,0.778523,-0.111486][-0.212977,0.951919,-0.220205][0.229969,0.665191,0][-0.235022,0.856018,0.363347][-0.12968,0.991334,0.0209597][0.310257,0.73824,0][-1.47811e-08,0.861153,0.134579][-4.29293e-08,0.99531,-0.0967387][0.23899,0.777215,0][-0.216339,0.846819,0.119884][-0.115936,0.987988,-0.102173][0.257096,0.724216,0][-0.423983,0.807851,0.0964504][-0.231507,0.966242,-0.11305][0.270818,0.679607,0][-0.235022,0.856018,0.363347][-0.12968,0.991334,0.0209597][0.310257,0.73824,0][-0.216339,0.846819,0.119884][-0.115936,0.987988,-0.102173][0.257096,0.724216,0][-0.235022,0.856018,0.363347][-0.12968,0.991334,0.0209597][0.310257,0.73824,0][-1.47811e-08,0.871055,0.376849][-5.85084e-08,0.999694,0.0247529][0.298831,0.796146,0][-1.47811e-08,0.861153,0.134579][-4.29293e-08,0.99531,-0.0967387][0.23899,0.777215,0][-0.235022,0.856018,0.363347][-0.12968,0.991334,0.0209597][0.310257,0.73824,0][-1.47811e-08,0.851168,0.618582][-5.99517e-08,0.984588,0.174889][0.36001,0.807812,0][-1.47811e-08,0.871055,0.376849][-5.85084e-08,0.999694,0.0247529][0.298831,0.796146,0][-0.235022,0.856018,0.363347][-0.12968,0.991334,0.0209597][0.310257,0.73824,0][-0.423983,0.807851,0.0964504][-0.231507,0.966242,-0.11305][0.270818,0.679607,0][-0.462387,0.812565,0.335269][-0.256021,0.96661,0.0108656][0.317912,0.689075,0][-1.47811e-08,0.851168,0.618582][-5.99517e-08,0.984588,0.174889][0.36001,0.807812,0][-0.235022,0.856018,0.363347][-0.12968,0.991334,0.0209597][0.310257,0.73824,0][-0.254056,0.830518,0.627767][-0.140693,0.974236,0.176264][0.368448,0.743697,0][-0.423983,0.807851,0.0964504][-0.231507,0.966242,-0.11305][0.270818,0.679607,0][-0.54334,0.728457,-0.138113][-0.323081,0.913671,-0.246625][0.24118,0.634427,0][-0.607394,0.746691,0.0542046][-0.355465,0.924078,-0.140443][0.278657,0.641638,0][-0.278626,0.746403,0.928767][-0.162133,0.921003,0.354212][0.435659,0.73832,0][-1.47811e-08,0.851168,0.618582][-5.99517e-08,0.984588,0.174889][0.36001,0.807812,0][-0.254056,0.830518,0.627767][-0.140693,0.974236,0.176264][0.368448,0.743697,0][-0.278626,0.746403,0.928767][-0.162133,0.921003,0.354212][0.435659,0.73832,0][-1.47811e-08,0.742959,1.00468][2.65351e-08,0.920764,0.39012][0.462407,0.803999,0][-1.47811e-08,0.851168,0.618582][-5.99517e-08,0.984588,0.174889][0.36001,0.807812,0][-0.494967,0.783015,0.591347][-0.28079,0.94701,0.155979][0.367908,0.692586,0][-0.254056,0.830518,0.627767][-0.140693,0.974236,0.176264][0.368448,0.743697,0][-0.235022,0.856018,0.363347][-0.12968,0.991334,0.0209597][0.310257,0.73824,0][-0.494967,0.783015,0.591347][-0.28079,0.94701,0.155979][0.367908,0.692586,0][-0.235022,0.856018,0.363347][-0.12968,0.991334,0.0209597][0.310257,0.73824,0][-0.462387,0.812565,0.335269][-0.256021,0.96661,0.0108656][0.317912,0.689075,0][-0.530851,0.708173,0.845819][-0.310335,0.897294,0.313934][0.417931,0.687108,0][-0.278626,0.746403,0.928767][-0.162133,0.921003,0.354212][0.435659,0.73832,0][-0.254056,0.830518,0.627767][-0.140693,0.974236,0.176264][0.368448,0.743697,0][-0.530851,0.708173,0.845819][-0.310335,0.897294,0.313934][0.417931,0.687108,0][-0.254056,0.830518,0.627767][-0.140693,0.974236,0.176264][0.368448,0.743697,0][-0.494967,0.783015,0.591347][-0.28079,0.94701,0.155979][0.367908,0.692586,0][-0.313177,0.606075,1.19134][-0.196298,0.809937,0.552693][0.495151,0.717571,0][-1.47811e-08,0.742959,1.00468][2.65351e-08,0.920764,0.39012][0.462407,0.803999,0][-0.278626,0.746403,0.928767][-0.162133,0.921003,0.354212][0.435659,0.73832,0][-0.313177,0.606075,1.19134][-0.196298,0.809937,0.552693][0.495151,0.717571,0][-1.47811e-08,0.599927,1.2593][4.36719e-08,0.804434,0.594042][0.53426,0.783672,0][-1.47811e-08,0.742959,1.00468][2.65351e-08,0.920764,0.39012][0.462407,0.803999,0][-0.587793,0.585834,1.06773][-0.361835,0.800737,0.477385][0.461926,0.669303,0][-0.278626,0.746403,0.928767][-0.162133,0.921003,0.354212][0.435659,0.73832,0][-0.530851,0.708173,0.845819][-0.310335,0.897294,0.313934][0.417931,0.687108,0][-0.278626,0.746403,0.928767][-0.162133,0.921003,0.354212][0.435659,0.73832,0][-0.587793,0.585834,1.06773][-0.361835,0.800737,0.477385][0.461926,0.669303,0][-0.313177,0.606075,1.19134][-0.196298,0.809937,0.552693][0.495151,0.717571,0][-0.359311,0.38561,1.43118][-0.229289,0.634662,0.737991][0.551219,0.68088,0][-1.47811e-08,0.599927,1.2593][4.36719e-08,0.804434,0.594042][0.53426,0.783672,0][-0.313177,0.606075,1.19134][-0.196298,0.809937,0.552693][0.495151,0.717571,0][-0.359311,0.38561,1.43118][-0.229289,0.634662,0.737991][0.551219,0.68088,0][-1.47811e-08,0.355986,1.51286][2.68654e-08,0.614439,0.788964][0.612238,0.74114,0][-1.47811e-08,0.599927,1.2593][4.36719e-08,0.804434,0.594042][0.53426,0.783672,0][-0.678522,0.390126,1.27103][-0.437294,0.642301,0.629463][0.502162,0.63648,0][-0.313177,0.606075,1.19134][-0.196298,0.809937,0.552693][0.495151,0.717571,0][-0.587793,0.585834,1.06773][-0.361835,0.800737,0.477385][0.461926,0.669303,0][-0.313177,0.606075,1.19134][-0.196298,0.809937,0.552693][0.495151,0.717571,0][-0.678522,0.390126,1.27103][-0.437294,0.642301,0.629463][0.502162,0.63648,0][-0.359311,0.38561,1.43118][-0.229289,0.634662,0.737991][0.551219,0.68088,0][-0.407579,0.0843886,1.61396][-0.260443,0.407575,0.875244][0.598891,0.629939,0][-1.47811e-08,0.355986,1.51286][2.68654e-08,0.614439,0.788964][0.612238,0.74114,0][-0.359311,0.38561,1.43118][-0.229289,0.634662,0.737991][0.551219,0.68088,0][-0.359311,0.38561,1.43118][-0.229289,0.634662,0.737991][0.551219,0.68088,0][-0.678522,0.390126,1.27103][-0.437294,0.642301,0.629463][0.502162,0.63648,0][-0.407579,0.0843886,1.61396][-0.260443,0.407575,0.875244][0.598891,0.629939,0][-1.47811e-08,0.355986,1.51286][2.68654e-08,0.614439,0.788964][0.612238,0.74114,0][-0.407579,0.0843886,1.61396][-0.260443,0.407575,0.875244][0.598891,0.629939,0][-1.47811e-08,0.0241725,1.69945][7.33627e-09,0.371806,0.928311][0.681288,0.676314,0][-0.451541,-0.250587,1.70825][-0.284785,0.177305,0.942051][0.632293,0.572667,0][-1.47811e-08,0.0241725,1.69945][7.33627e-09,0.371806,0.928311][0.681288,0.676314,0][-0.407579,0.0843886,1.61396][-0.260443,0.407575,0.875244][0.598891,0.629939,0][-1.47811e-08,0.0241725,1.69945][7.33627e-09,0.371806,0.928311][0.681288,0.676314,0][-0.451541,-0.250587,1.70825][-0.284785,0.177305,0.942051][0.632293,0.572667,0][-1.47811e-08,-0.330939,1.78386][9.73028e-09,0.140105,0.990137][0.729188,0.600947,0][-0.678522,0.390126,1.27103][-0.437294,0.642301,0.629463][0.502162,0.63648,0][-0.779134,0.113268,1.42366][-0.513373,0.434214,0.740207][0.535113,0.592236,0][-0.407579,0.0843886,1.61396][-0.260443,0.407575,0.875244][0.598891,0.629939,0][-0.407579,0.0843886,1.61396][-0.260443,0.407575,0.875244][0.598891,0.629939,0][-0.779134,0.113268,1.42366][-0.513373,0.434214,0.740207][0.535113,0.592236,0][-0.451541,-0.250587,1.70825][-0.284785,0.177305,0.942051][0.632293,0.572667,0][-0.905617,0.390666,1.05061][-0.608901,0.637727,0.471745][0.460545,0.606705,0][-0.678522,0.390126,1.27103][-0.437294,0.642301,0.629463][0.502162,0.63648,0][-0.587793,0.585834,1.06773][-0.361835,0.800737,0.477385][0.461926,0.669303,0][-0.779134,0.113268,1.42366][-0.513373,0.434214,0.740207][0.535113,0.592236,0][-0.678522,0.390126,1.27103][-0.437294,0.642301,0.629463][0.502162,0.63648,0][-0.905617,0.390666,1.05061][-0.608901,0.637727,0.471745][0.460545,0.606705,0][-0.484517,-0.578762,1.72183][-0.294676,-0.0437811,0.954594][0.651993,0.516172,0][-1.47811e-08,-0.330939,1.78386][9.73028e-09,0.140105,0.990137][0.729188,0.600947,0][-0.451541,-0.250587,1.70825][-0.284785,0.177305,0.942051][0.632293,0.572667,0][-1.47811e-08,-0.330939,1.78386][9.73028e-09,0.140105,0.990137][0.729188,0.600947,0][-0.484517,-0.578762,1.72183][-0.294676,-0.0437811,0.954594][0.651993,0.516172,0][-1.47811e-08,-0.57457,1.79155][1.21618e-08,-0.0599067,0.998204][0.749209,0.548178,0][-0.779134,0.113268,1.42366][-0.513373,0.434214,0.740207][0.535113,0.592236,0][-0.861713,-0.200612,1.50245][-0.566524,0.22062,0.793963][0.558226,0.545091,0][-0.451541,-0.250587,1.70825][-0.284785,0.177305,0.942051][0.632293,0.572667,0][-0.861713,-0.200612,1.50245][-0.566524,0.22062,0.793963][0.558226,0.545091,0][-0.484517,-0.578762,1.72183][-0.294676,-0.0437811,0.954594][0.651993,0.516172,0][-0.451541,-0.250587,1.70825][-0.284785,0.177305,0.942051][0.632293,0.572667,0][-1.47811e-08,-0.57457,1.79155][1.21618e-08,-0.0599067,0.998204][0.749209,0.548178,0][-0.484517,-0.578762,1.72183][-0.294676,-0.0437811,0.954594][0.651993,0.516172,0][-0.498071,-0.957609,1.65579][-0.288708,-0.250406,0.924091][0.665151,0.44978,0][-1.47811e-08,-0.57457,1.79155][1.21618e-08,-0.0599067,0.998204][0.749209,0.548178,0][-0.498071,-0.957609,1.65579][-0.288708,-0.250406,0.924091][0.665151,0.44978,0][-1.47811e-08,-1.01197,1.71713][9.7503e-09,-0.280279,0.959919][0.766352,0.447795,0][-0.484517,-0.578762,1.72183][-0.294676,-0.0437811,0.954594][0.651993,0.516172,0][-0.861713,-0.200612,1.50245][-0.566524,0.22062,0.793963][0.558226,0.545091,0][-0.915678,-0.539259,1.51157][-0.582113,0.0194126,0.812876][0.574441,0.495799,0][-1.47811e-08,-1.01197,1.71713][9.7503e-09,-0.280279,0.959919][0.766352,0.447795,0][-0.498071,-0.957609,1.65579][-0.288708,-0.250406,0.924091][0.665151,0.44978,0][-0.475926,-1.28018,1.52716][-0.270215,-0.442079,0.855307][0.668294,0.389539,0][-1.47811e-08,-1.01197,1.71713][9.7503e-09,-0.280279,0.959919][0.766352,0.447795,0][-0.475926,-1.28018,1.52716][-0.270215,-0.442079,0.855307][0.668294,0.389539,0][-1.47811e-08,-1.32408,1.58835][-2.43241e-09,-0.465185,0.885213][0.760515,0.372747,0][-0.484517,-0.578762,1.72183][-0.294676,-0.0437811,0.954594][0.651993,0.516172,0][-0.940564,-0.90612,1.45133][-0.561283,-0.178079,0.808238][0.586069,0.442317,0][-0.498071,-0.957609,1.65579][-0.288708,-0.250406,0.924091][0.665151,0.44978,0][-0.484517,-0.578762,1.72183][-0.294676,-0.0437811,0.954594][0.651993,0.516172,0][-0.915678,-0.539259,1.51157][-0.582113,0.0194126,0.812876][0.574441,0.495799,0][-0.940564,-0.90612,1.45133][-0.561283,-0.178079,0.808238][0.586069,0.442317,0][-0.498071,-0.957609,1.65579][-0.288708,-0.250406,0.924091][0.665151,0.44978,0][-0.926547,-1.23933,1.34542][-0.517009,-0.395928,0.758909][0.592704,0.389869,0][-0.475926,-1.28018,1.52716][-0.270215,-0.442079,0.855307][0.668294,0.389539,0][-0.498071,-0.957609,1.65579][-0.288708,-0.250406,0.924091][0.665151,0.44978,0][-0.940564,-0.90612,1.45133][-0.561283,-0.178079,0.808238][0.586069,0.442317,0][-0.926547,-1.23933,1.34542][-0.517009,-0.395928,0.758909][0.592704,0.389869,0][-1.47811e-08,-1.32408,1.58835][-2.43241e-09,-0.465185,0.885213][0.760515,0.372747,0][-0.475926,-1.28018,1.52716][-0.270215,-0.442079,0.855307][0.668294,0.389539,0][-0.441995,-1.49496,1.39297][-0.246473,-0.604018,0.7579][0.66527,0.34459,0][-1.47811e-08,-1.32408,1.58835][-2.43241e-09,-0.465185,0.885213][0.760515,0.372747,0][-0.441995,-1.49496,1.39297][-0.246473,-0.604018,0.7579][0.66527,0.34459,0][-1.47811e-08,-1.4984,1.47697][-9.69588e-09,-0.60241,0.798187][0.749526,0.329428,0][-0.871601,-1.46934,1.22242][-0.460518,-0.607352,0.647339][0.594589,0.3469,0][-0.475926,-1.28018,1.52716][-0.270215,-0.442079,0.855307][0.668294,0.389539,0][-0.926547,-1.23933,1.34542][-0.517009,-0.395928,0.758909][0.592704,0.389869,0][-0.475926,-1.28018,1.52716][-0.270215,-0.442079,0.855307][0.668294,0.389539,0][-0.871601,-1.46934,1.22242][-0.460518,-0.607352,0.647339][0.594589,0.3469,0][-0.441995,-1.49496,1.39297][-0.246473,-0.604018,0.7579][0.66527,0.34459,0][-0.926547,-1.23933,1.34542][-0.517009,-0.395928,0.758909][0.592704,0.389869,0][-1.18581,-1.41576,0.958017][-0.714254,-0.582778,0.38757][0.531476,0.338103,0][-0.871601,-1.46934,1.22242][-0.460518,-0.607352,0.647339][0.594589,0.3469,0][-0.802291,-1.60563,1.10593][-0.407616,-0.753806,0.515388][0.593008,0.314551,0][-0.441995,-1.49496,1.39297][-0.246473,-0.604018,0.7579][0.66527,0.34459,0][-0.871601,-1.46934,1.22242][-0.460518,-0.607352,0.647339][0.594589,0.3469,0][-1.18581,-1.41576,0.958017][-0.714254,-0.582778,0.38757][0.531476,0.338103,0][-0.802291,-1.60563,1.10593][-0.407616,-0.753806,0.515388][0.593008,0.314551,0][-0.871601,-1.46934,1.22242][-0.460518,-0.607352,0.647339][0.594589,0.3469,0][-0.408074,-1.6294,1.27521][-0.225782,-0.726649,0.648849][0.659984,0.31165,0][-1.47811e-08,-1.4984,1.47697][-9.69588e-09,-0.60241,0.798187][0.749526,0.329428,0][-0.441995,-1.49496,1.39297][-0.246473,-0.604018,0.7579][0.66527,0.34459,0][-0.441995,-1.49496,1.39297][-0.246473,-0.604018,0.7579][0.66527,0.34459,0][-0.802291,-1.60563,1.10593][-0.407616,-0.753806,0.515388][0.593008,0.314551,0][-0.408074,-1.6294,1.27521][-0.225782,-0.726649,0.648849][0.659984,0.31165,0][-1.47811e-08,-1.4984,1.47697][-9.69588e-09,-0.60241,0.798187][0.749526,0.329428,0][-0.408074,-1.6294,1.27521][-0.225782,-0.726649,0.648849][0.659984,0.31165,0][-1.47811e-08,-1.59736,1.39357][-8.66083e-17,-0.707211,0.707003][0.740953,0.303109,0][-1.47811e-08,-1.59736,1.39357][-8.66083e-17,-0.707211,0.707003][0.740953,0.303109,0][-0.408074,-1.6294,1.27521][-0.225782,-0.726649,0.648849][0.659984,0.31165,0][-1.47811e-08,-1.69862,1.28373][-9.65999e-09,-0.796295,0.604909][0.728002,0.27283,0][-1.47811e-08,-1.69862,1.28373][-9.65999e-09,-0.796295,0.604909][0.728002,0.27283,0][-0.408074,-1.6294,1.27521][-0.225782,-0.726649,0.648849][0.659984,0.31165,0][-0.378055,-1.72646,1.15933][-0.21114,-0.817614,0.535656][0.65217,0.283391,0][-0.802291,-1.60563,1.10593][-0.407616,-0.753806,0.515388][0.593008,0.314551,0][-0.378055,-1.72646,1.15933][-0.21114,-0.817614,0.535656][0.65217,0.283391,0][-0.408074,-1.6294,1.27521][-0.225782,-0.726649,0.648849][0.659984,0.31165,0][-1.47811e-08,-1.69862,1.28373][-9.65999e-09,-0.796295,0.604909][0.728002,0.27283,0][-0.378055,-1.72646,1.15933][-0.21114,-0.817614,0.535656][0.65217,0.283391,0][-1.47811e-08,-1.77927,1.16797][-7.22781e-09,-0.870939,0.491392][0.713109,0.245057,0][-1.47811e-08,-1.77927,1.16797][-7.22781e-09,-0.870939,0.491392][0.713109,0.245057,0][-0.378055,-1.72646,1.15933][-0.21114,-0.817614,0.535656][0.65217,0.283391,0][-0.339694,-1.8068,1.0314][-0.191619,-0.888138,0.417723][0.642206,0.254532,0][-1.47811e-08,-1.77927,1.16797][-7.22781e-09,-0.870939,0.491392][0.713109,0.245057,0][-0.339694,-1.8068,1.0314][-0.191619,-0.888138,0.417723][0.642206,0.254532,0][-1.47811e-08,-1.84741,1.03476][7.20923e-09,-0.928644,0.370972][0.694463,0.216654,0][-0.378055,-1.72646,1.15933][-0.21114,-0.817614,0.535656][0.65217,0.283391,0][-0.802291,-1.60563,1.10593][-0.407616,-0.753806,0.515388][0.593008,0.314551,0][-0.731706,-1.70196,0.992884][-0.367526,-0.841175,0.396673][0.589199,0.286509,0][-0.731706,-1.70196,0.992884][-0.367526,-0.841175,0.396673][0.589199,0.286509,0][-0.339694,-1.8068,1.0314][-0.191619,-0.888138,0.417723][0.642206,0.254532,0][-0.378055,-1.72646,1.15933][-0.21114,-0.817614,0.535656][0.65217,0.283391,0][-1.0793,-1.56146,0.852556][-0.618179,-0.737579,0.271721][0.532215,0.304319,0][-0.731706,-1.70196,0.992884][-0.367526,-0.841175,0.396673][0.589199,0.286509,0][-0.802291,-1.60563,1.10593][-0.407616,-0.753806,0.515388][0.593008,0.314551,0][-0.802291,-1.60563,1.10593][-0.407616,-0.753806,0.515388][0.593008,0.314551,0][-1.18581,-1.41576,0.958017][-0.714254,-0.582778,0.38757][0.531476,0.338103,0][-1.0793,-1.56146,0.852556][-0.618179,-0.737579,0.271721][0.532215,0.304319,0][-1.47811e-08,-1.84741,1.03476][7.20923e-09,-0.928644,0.370972][0.694463,0.216654,0][-0.339694,-1.8068,1.0314][-0.191619,-0.888138,0.417723][0.642206,0.254532,0][-0.298148,-1.87021,0.887859][-0.16772,-0.938697,0.301196][0.628397,0.224825,0][-0.298148,-1.87021,0.887859][-0.16772,-0.938697,0.301196][0.628397,0.224825,0][-1.47811e-08,-1.90615,0.862808][-1.18574e-16,-0.968228,0.250069][0.668021,0.183855,0][-1.47811e-08,-1.84741,1.03476][7.20923e-09,-0.928644,0.370972][0.694463,0.216654,0][-0.339694,-1.8068,1.0314][-0.191619,-0.888138,0.417723][0.642206,0.254532,0][-0.731706,-1.70196,0.992884][-0.367526,-0.841175,0.396673][0.589199,0.286509,0][-0.635596,-1.7907,0.853996][-0.324863,-0.90071,0.288419][0.582838,0.254266,0][-0.635596,-1.7907,0.853996][-0.324863,-0.90071,0.288419][0.582838,0.254266,0][-0.298148,-1.87021,0.887859][-0.16772,-0.938697,0.301196][0.628397,0.224825,0][-0.339694,-1.8068,1.0314][-0.191619,-0.888138,0.417723][0.642206,0.254532,0][-0.731706,-1.70196,0.992884][-0.367526,-0.841175,0.396673][0.589199,0.286509,0][-1.0793,-1.56146,0.852556][-0.618179,-0.737579,0.271721][0.532215,0.304319,0][-0.968642,-1.66537,0.745485][-0.53594,-0.822352,0.191064][0.530798,0.275177,0][-0.968642,-1.66537,0.745485][-0.53594,-0.822352,0.191064][0.530798,0.275177,0][-0.635596,-1.7907,0.853996][-0.324863,-0.90071,0.288419][0.582838,0.254266,0][-0.731706,-1.70196,0.992884][-0.367526,-0.841175,0.396673][0.589199,0.286509,0][-1.47811e-08,-1.90615,0.862808][-1.18574e-16,-0.968228,0.250069][0.668021,0.183855,0][-0.298148,-1.87021,0.887859][-0.16772,-0.938697,0.301196][0.628397,0.224825,0][-0.25825,-1.91794,0.719669][-0.143261,-0.970288,0.194979][0.608107,0.19369,0][-0.25825,-1.91794,0.719669][-0.143261,-0.970288,0.194979][0.608107,0.19369,0][-1.47811e-08,-1.94784,0.659436][7.15966e-09,-0.989855,0.142084][0.633505,0.149531,0][-1.47811e-08,-1.90615,0.862808][-1.18574e-16,-0.968228,0.250069][0.668021,0.183855,0][-0.298148,-1.87021,0.887859][-0.16772,-0.938697,0.301196][0.628397,0.224825,0][-0.635596,-1.7907,0.853996][-0.324863,-0.90071,0.288419][0.582838,0.254266,0][-0.544089,-1.85343,0.713818][-0.284224,-0.937774,0.199491][0.573273,0.224523,0][-0.298148,-1.87021,0.887859][-0.16772,-0.938697,0.301196][0.628397,0.224825,0][-0.544089,-1.85343,0.713818][-0.284224,-0.937774,0.199491][0.573273,0.224523,0][-0.25825,-1.91794,0.719669][-0.143261,-0.970288,0.194979][0.608107,0.19369,0][-0.635596,-1.7907,0.853996][-0.324863,-0.90071,0.288419][0.582838,0.254266,0][-0.968642,-1.66537,0.745485][-0.53594,-0.822352,0.191064][0.530798,0.275177,0][-0.849773,-1.75012,0.631103][-0.462655,-0.876274,0.134513][0.527605,0.246975,0][-0.849773,-1.75012,0.631103][-0.462655,-0.876274,0.134513][0.527605,0.246975,0][-0.544089,-1.85343,0.713818][-0.284224,-0.937774,0.199491][0.573273,0.224523,0][-0.635596,-1.7907,0.853996][-0.324863,-0.90071,0.288419][0.582838,0.254266,0][-1.47811e-08,-1.94784,0.659436][7.15966e-09,-0.989855,0.142084][0.633505,0.149531,0][-0.25825,-1.91794,0.719669][-0.143261,-0.970288,0.194979][0.608107,0.19369,0][-0.23425,-1.94782,0.527838][-0.125886,-0.98658,0.103988][0.579126,0.164173,0][-0.23425,-1.94782,0.527838][-0.125886,-0.98658,0.103988][0.579126,0.164173,0][-1.47811e-08,-1.97307,0.40332][1.90634e-08,-0.998659,0.0517621][0.586495,0.112702,0][-1.47811e-08,-1.94784,0.659436][7.15966e-09,-0.989855,0.142084][0.633505,0.149531,0][-0.25825,-1.91794,0.719669][-0.143261,-0.970288,0.194979][0.608107,0.19369,0][-0.544089,-1.85343,0.713818][-0.284224,-0.937774,0.199491][0.573273,0.224523,0][-0.472099,-1.89503,0.573127][-0.248479,-0.959624,0.131833][0.559428,0.19835,0][-0.23425,-1.94782,0.527838][-0.125886,-0.98658,0.103988][0.579126,0.164173,0][-0.25825,-1.91794,0.719669][-0.143261,-0.970288,0.194979][0.608107,0.19369,0][-0.472099,-1.89503,0.573127][-0.248479,-0.959624,0.131833][0.559428,0.19835,0][-0.544089,-1.85343,0.713818][-0.284224,-0.937774,0.199491][0.573273,0.224523,0][-0.849773,-1.75012,0.631103][-0.462655,-0.876274,0.134513][0.527605,0.246975,0][-0.732701,-1.81586,0.519156][-0.397076,-0.912822,0.0953234][0.523141,0.220991,0][-0.544089,-1.85343,0.713818][-0.284224,-0.937774,0.199491][0.573273,0.224523,0][-0.732701,-1.81586,0.519156][-0.397076,-0.912822,0.0953234][0.523141,0.220991,0][-0.472099,-1.89503,0.573127][-0.248479,-0.959624,0.131833][0.559428,0.19835,0][-1.47811e-08,-1.97307,0.40332][1.90634e-08,-0.998659,0.0517621][0.586495,0.112702,0][-0.23425,-1.94782,0.527838][-0.125886,-0.98658,0.103988][0.579126,0.164173,0][-0.233471,-1.96191,0.292388][-0.120293,-0.992361,0.0273741][0.537621,0.136882,0][-1.47811e-08,-1.97641,0.00112304][2.7352e-08,-0.99994,-0.0109256][0.509656,0.0677454,0][-1.47811e-08,-1.97307,0.40332][1.90634e-08,-0.998659,0.0517621][0.586495,0.112702,0][-0.233471,-1.96191,0.292388][-0.120293,-0.992361,0.0273741][0.537621,0.136882,0][-0.23425,-1.94782,0.527838][-0.125886,-0.98658,0.103988][0.579126,0.164173,0][-0.472099,-1.89503,0.573127][-0.248479,-0.959624,0.131833][0.559428,0.19835,0][-0.431781,-1.91939,0.422351][-0.222956,-0.972227,0.0711757][0.538906,0.176156,0][-0.431781,-1.91939,0.422351][-0.222956,-0.972227,0.0711757][0.538906,0.176156,0][-0.233471,-1.96191,0.292388][-0.120293,-0.992361,0.0273741][0.537621,0.136882,0][-0.23425,-1.94782,0.527838][-0.125886,-0.98658,0.103988][0.579126,0.164173,0][-0.732701,-1.81586,0.519156][-0.397076,-0.912822,0.0953234][0.523141,0.220991,0][-0.6308,-1.86248,0.421196][-0.34172,-0.937299,0.068544][0.518172,0.199131,0][-0.472099,-1.89503,0.573127][-0.248479,-0.959624,0.131833][0.559428,0.19835,0][-0.472099,-1.89503,0.573127][-0.248479,-0.959624,0.131833][0.559428,0.19835,0][-0.6308,-1.86248,0.421196][-0.34172,-0.937299,0.068544][0.518172,0.199131,0][-0.431781,-1.91939,0.422351][-0.222956,-0.972227,0.0711757][0.538906,0.176156,0][-0.235895,-1.95998,-0.0419466][-0.125579,-0.991931,-0.017428][0.476792,0.107016,0][-1.47811e-08,-1.97641,0.00112304][2.7352e-08,-0.99994,-0.0109256][0.509656,0.0677454,0][-0.233471,-1.96191,0.292388][-0.120293,-0.992361,0.0273741][0.537621,0.136882,0][-1.47811e-08,-1.96581,-0.431978][-1.30709e-08,-0.999705,-0.0243048][0.421468,0.0297039,0][-1.47811e-08,-1.97641,0.00112304][2.7352e-08,-0.99994,-0.0109256][0.509656,0.0677454,0][-0.235895,-1.95998,-0.0419466][-0.125579,-0.991931,-0.017428][0.476792,0.107016,0][-0.233471,-1.96191,0.292388][-0.120293,-0.992361,0.0273741][0.537621,0.136882,0][-0.431781,-1.91939,0.422351][-0.222956,-0.972227,0.0711757][0.538906,0.176156,0][-0.439968,-1.92597,0.221228][-0.225332,-0.974252,0.00758531][0.50388,0.157349,0][-0.235895,-1.95998,-0.0419466][-0.125579,-0.991931,-0.017428][0.476792,0.107016,0][-0.233471,-1.96191,0.292388][-0.120293,-0.992361,0.0273741][0.537621,0.136882,0][-0.439968,-1.92597,0.221228][-0.225332,-0.974252,0.00758531][0.50388,0.157349,0][-0.431781,-1.91939,0.422351][-0.222956,-0.972227,0.0711757][0.538906,0.176156,0][-0.6308,-1.86248,0.421196][-0.34172,-0.937299,0.068544][0.518172,0.199131,0][-0.558099,-1.89022,0.349593][-0.295063,-0.95443,0.0447447][0.513775,0.183658,0][-0.558099,-1.89022,0.349593][-0.295063,-0.95443,0.0447447][0.513775,0.183658,0][-0.439968,-1.92597,0.221228][-0.225332,-0.974252,0.00758531][0.50388,0.157349,0][-0.431781,-1.91939,0.422351][-0.222956,-0.972227,0.0711757][0.538906,0.176156,0][-0.451069,-1.91695,-0.0719332][-0.244778,-0.969183,-0.0277064][0.45192,0.136822,0][-0.235895,-1.95998,-0.0419466][-0.125579,-0.991931,-0.017428][0.476792,0.107016,0][-0.439968,-1.92597,0.221228][-0.225332,-0.974252,0.00758531][0.50388,0.157349,0][-0.726645,-1.83094,0.210176][-0.42745,-0.903973,-0.0109042][0.47455,0.192255,0][-0.558099,-1.89022,0.349593][-0.295063,-0.95443,0.0447447][0.513775,0.183658,0][-0.6308,-1.86248,0.421196][-0.34172,-0.937299,0.068544][0.518172,0.199131,0][-0.439968,-1.92597,0.221228][-0.225332,-0.974252,0.00758531][0.50388,0.157349,0][-0.558099,-1.89022,0.349593][-0.295063,-0.95443,0.0447447][0.513775,0.183658,0][-0.597847,-1.88141,0.187278][-0.327033,-0.944987,-0.00704991][0.483025,0.174344,0][-0.558099,-1.89022,0.349593][-0.295063,-0.95443,0.0447447][0.513775,0.183658,0][-0.726645,-1.83094,0.210176][-0.42745,-0.903973,-0.0109042][0.47455,0.192255,0][-0.597847,-1.88141,0.187278][-0.327033,-0.944987,-0.00704991][0.483025,0.174344,0][-0.597847,-1.88141,0.187278][-0.327033,-0.944987,-0.00704991][0.483025,0.174344,0][-0.451069,-1.91695,-0.0719332][-0.244778,-0.969183,-0.0277064][0.45192,0.136822,0][-0.439968,-1.92597,0.221228][-0.225332,-0.974252,0.00758531][0.50388,0.157349,0][-0.235972,-1.94796,-0.43518][-0.131745,-0.991032,-0.0223377][0.402737,0.07989,0][-1.47811e-08,-1.96581,-0.431978][-1.30709e-08,-0.999705,-0.0243048][0.421468,0.0297039,0][-0.235895,-1.95998,-0.0419466][-0.125579,-0.991931,-0.017428][0.476792,0.107016,0][-0.235972,-1.94796,-0.43518][-0.131745,-0.991032,-0.0223377][0.402737,0.07989,0][-0.235895,-1.95998,-0.0419466][-0.125579,-0.991931,-0.017428][0.476792,0.107016,0][-0.451069,-1.91695,-0.0719332][-0.244778,-0.969183,-0.0277064][0.45192,0.136822,0][-0.451069,-1.91695,-0.0719332][-0.244778,-0.969183,-0.0277064][0.45192,0.136822,0][-0.597847,-1.88141,0.187278][-0.327033,-0.944987,-0.00704991][0.483025,0.174344,0][-0.624087,-1.8624,-0.0848215][-0.373185,-0.926538,-0.0475427][0.434822,0.160213,0][-0.726645,-1.83094,0.210176][-0.42745,-0.903973,-0.0109042][0.47455,0.192255,0][-0.624087,-1.8624,-0.0848215][-0.373185,-0.926538,-0.0475427][0.434822,0.160213,0][-0.597847,-1.88141,0.187278][-0.327033,-0.944987,-0.00704991][0.483025,0.174344,0][-0.456916,-1.90568,-0.425614][-0.281705,-0.9591,-0.027727][0.388887,0.118493,0][-0.235972,-1.94796,-0.43518][-0.131745,-0.991032,-0.0223377][0.402737,0.07989,0][-0.451069,-1.91695,-0.0719332][-0.244778,-0.969183,-0.0277064][0.45192,0.136822,0][-0.6308,-1.86248,0.421196][-0.34172,-0.937299,0.068544][0.518172,0.199131,0][-0.852552,-1.76752,0.266665][-0.520489,-0.853709,-0.0165011][0.47125,0.212868,0][-0.726645,-1.83094,0.210176][-0.42745,-0.903973,-0.0109042][0.47455,0.192255,0][-0.852552,-1.76752,0.266665][-0.520489,-0.853709,-0.0165011][0.47125,0.212868,0][-0.6308,-1.86248,0.421196][-0.34172,-0.937299,0.068544][0.518172,0.199131,0][-0.732701,-1.81586,0.519156][-0.397076,-0.912822,0.0953234][0.523141,0.220991,0][-0.623693,-1.84446,-0.408182][-0.440564,-0.89559,-0.0618247][0.379741,0.146377,0][-0.451069,-1.91695,-0.0719332][-0.244778,-0.969183,-0.0277064][0.45192,0.136822,0][-0.624087,-1.8624,-0.0848215][-0.373185,-0.926538,-0.0475427][0.434822,0.160213,0][-0.451069,-1.91695,-0.0719332][-0.244778,-0.969183,-0.0277064][0.45192,0.136822,0][-0.623693,-1.84446,-0.408182][-0.440564,-0.89559,-0.0618247][0.379741,0.146377,0][-0.456916,-1.90568,-0.425614][-0.281705,-0.9591,-0.027727][0.388887,0.118493,0][-0.624087,-1.8624,-0.0848215][-0.373185,-0.926538,-0.0475427][0.434822,0.160213,0][-0.726645,-1.83094,0.210176][-0.42745,-0.903973,-0.0109042][0.47455,0.192255,0][-0.769552,-1.79514,-0.0845918][-0.520763,-0.849426,-0.0853289][0.422189,0.181095,0][-0.769552,-1.79514,-0.0845918][-0.520763,-0.849426,-0.0853289][0.422189,0.181095,0][-0.623693,-1.84446,-0.408182][-0.440564,-0.89559,-0.0618247][0.379741,0.146377,0][-0.624087,-1.8624,-0.0848215][-0.373185,-0.926538,-0.0475427][0.434822,0.160213,0][-0.852552,-1.76752,0.266665][-0.520489,-0.853709,-0.0165011][0.47125,0.212868,0][-0.895637,-1.71058,-0.0677216][-0.653966,-0.744559,-0.134014][0.412986,0.202169,0][-0.726645,-1.83094,0.210176][-0.42745,-0.903973,-0.0109042][0.47455,0.192255,0][-0.769552,-1.79514,-0.0845918][-0.520763,-0.849426,-0.0853289][0.422189,0.181095,0][-0.726645,-1.83094,0.210176][-0.42745,-0.903973,-0.0109042][0.47455,0.192255,0][-0.895637,-1.71058,-0.0677216][-0.653966,-0.744559,-0.134014][0.412986,0.202169,0][-0.732701,-1.81586,0.519156][-0.397076,-0.912822,0.0953234][0.523141,0.220991,0][-0.976042,-1.68893,0.34492][-0.60998,-0.79203,-0.0247582][0.470552,0.236092,0][-0.852552,-1.76752,0.266665][-0.520489,-0.853709,-0.0165011][0.47125,0.212868,0][-0.976042,-1.68893,0.34492][-0.60998,-0.79203,-0.0247582][0.470552,0.236092,0][-0.732701,-1.81586,0.519156][-0.397076,-0.912822,0.0953234][0.523141,0.220991,0][-0.849773,-1.75012,0.631103][-0.462655,-0.876274,0.134513][0.527605,0.246975,0][-0.623693,-1.84446,-0.408182][-0.440564,-0.89559,-0.0618247][0.379741,0.146377,0][-0.769552,-1.79514,-0.0845918][-0.520763,-0.849426,-0.0853289][0.422189,0.181095,0][-0.752435,-1.75912,-0.442612][-0.626691,-0.769177,-0.124999][0.363726,0.167857,0][-0.895637,-1.71058,-0.0677216][-0.653966,-0.744559,-0.134014][0.412986,0.202169,0][-0.752435,-1.75912,-0.442612][-0.626691,-0.769177,-0.124999][0.363726,0.167857,0][-0.769552,-1.79514,-0.0845918][-0.520763,-0.849426,-0.0853289][0.422189,0.181095,0][-0.752435,-1.75912,-0.442612][-0.626691,-0.769177,-0.124999][0.363726,0.167857,0][-0.6207,-1.82619,-0.668197][-0.510553,-0.855739,-0.0839403][0.33574,0.137433,0][-0.623693,-1.84446,-0.408182][-0.440564,-0.89559,-0.0618247][0.379741,0.146377,0][-0.6207,-1.82619,-0.668197][-0.510553,-0.855739,-0.0839403][0.33574,0.137433,0][-0.456916,-1.90568,-0.425614][-0.281705,-0.9591,-0.027727][0.388887,0.118493,0][-0.623693,-1.84446,-0.408182][-0.440564,-0.89559,-0.0618247][0.379741,0.146377,0][-0.456916,-1.90568,-0.425614][-0.281705,-0.9591,-0.027727][0.388887,0.118493,0][-0.6207,-1.82619,-0.668197][-0.510553,-0.855739,-0.0839403][0.33574,0.137433,0][-0.502317,-1.88296,-0.792627][-0.401815,-0.91108,-0.0920752][0.320993,0.110625,0][-0.502317,-1.88296,-0.792627][-0.401815,-0.91108,-0.0920752][0.320993,0.110625,0][-0.235972,-1.94796,-0.43518][-0.131745,-0.991032,-0.0223377][0.402737,0.07989,0][-0.456916,-1.90568,-0.425614][-0.281705,-0.9591,-0.027727][0.388887,0.118493,0][-0.6207,-1.82619,-0.668197][-0.510553,-0.855739,-0.0839403][0.33574,0.137433,0][-0.752435,-1.75912,-0.442612][-0.626691,-0.769177,-0.124999][0.363726,0.167857,0][-0.717162,-1.73526,-0.776807][-0.692801,-0.703095,-0.160264][0.310801,0.153909,0][-0.502317,-1.88296,-0.792627][-0.401815,-0.91108,-0.0920752][0.320993,0.110625,0][-0.6207,-1.82619,-0.668197][-0.510553,-0.855739,-0.0839403][0.33574,0.137433,0][-0.717162,-1.73526,-0.776807][-0.692801,-0.703095,-0.160264][0.310801,0.153909,0][-0.752435,-1.75912,-0.442612][-0.626691,-0.769177,-0.124999][0.363726,0.167857,0][-0.895637,-1.71058,-0.0677216][-0.653966,-0.744559,-0.134014][0.412986,0.202169,0][-0.84828,-1.63996,-0.496215][-0.788443,-0.587456,-0.182355][0.345238,0.189346,0][-0.84828,-1.63996,-0.496215][-0.788443,-0.587456,-0.182355][0.345238,0.189346,0][-0.717162,-1.73526,-0.776807][-0.692801,-0.703095,-0.160264][0.310801,0.153909,0][-0.752435,-1.75912,-0.442612][-0.626691,-0.769177,-0.124999][0.363726,0.167857,0][-0.717162,-1.73526,-0.776807][-0.692801,-0.703095,-0.160264][0.310801,0.153909,0][-0.84828,-1.63996,-0.496215][-0.788443,-0.587456,-0.182355][0.345238,0.189346,0][-0.803287,-1.5444,-0.992923][-0.802863,-0.557407,-0.211441][0.265673,0.176158,0][-0.717162,-1.73526,-0.776807][-0.692801,-0.703095,-0.160264][0.310801,0.153909,0][-0.637179,-1.76415,-0.966224][-0.648699,-0.723623,-0.23571][0.283511,0.133866,0][-0.502317,-1.88296,-0.792627][-0.401815,-0.91108,-0.0920752][0.320993,0.110625,0][-0.803287,-1.5444,-0.992923][-0.802863,-0.557407,-0.211441][0.265673,0.176158,0][-0.637179,-1.76415,-0.966224][-0.648699,-0.723623,-0.23571][0.283511,0.133866,0][-0.717162,-1.73526,-0.776807][-0.692801,-0.703095,-0.160264][0.310801,0.153909,0][-0.637179,-1.76415,-0.966224][-0.648699,-0.723623,-0.23571][0.283511,0.133866,0][-0.803287,-1.5444,-0.992923][-0.802863,-0.557407,-0.211441][0.265673,0.176158,0][-0.722055,-1.59366,-1.11831][-0.702578,-0.651952,-0.285206][0.250143,0.156903,0][-0.803287,-1.5444,-0.992923][-0.802863,-0.557407,-0.211441][0.265673,0.176158,0][-0.84828,-1.63996,-0.496215][-0.788443,-0.587456,-0.182355][0.345238,0.189346,0][-0.816792,-1.5087,-0.938096][-0.901183,-0.397537,-0.172724][0.271807,0.185471,0][-0.722055,-1.59366,-1.11831][-0.702578,-0.651952,-0.285206][0.250143,0.156903,0][-0.51299,-1.77748,-1.13918][-0.553788,-0.755689,-0.349647][0.257186,0.110729,0][-0.637179,-1.76415,-0.966224][-0.648699,-0.723623,-0.23571][0.283511,0.133866,0][-0.51299,-1.77748,-1.13918][-0.553788,-0.755689,-0.349647][0.257186,0.110729,0][-0.722055,-1.59366,-1.11831][-0.702578,-0.651952,-0.285206][0.250143,0.156903,0][-0.596438,-1.66462,-1.25733][-0.575784,-0.730564,-0.367083][0.232915,0.13011,0][-0.637179,-1.76415,-0.966224][-0.648699,-0.723623,-0.23571][0.283511,0.133866,0][-0.454697,-1.8754,-1.0356][-0.444165,-0.867983,-0.222086][0.280026,0.0960814,0][-0.502317,-1.88296,-0.792627][-0.401815,-0.91108,-0.0920752][0.320993,0.110625,0][-0.454697,-1.8754,-1.0356][-0.444165,-0.867983,-0.222086][0.280026,0.0960814,0][-0.637179,-1.76415,-0.966224][-0.648699,-0.723623,-0.23571][0.283511,0.133866,0][-0.51299,-1.77748,-1.13918][-0.553788,-0.755689,-0.349647][0.257186,0.110729,0][-0.502317,-1.88296,-0.792627][-0.401815,-0.91108,-0.0920752][0.320993,0.110625,0][-0.2702,-1.94341,-0.83768][-0.152026,-0.987172,-0.0487824][0.322845,0.0651562,0][-0.235972,-1.94796,-0.43518][-0.131745,-0.991032,-0.0223377][0.402737,0.07989,0][-0.454697,-1.8754,-1.0356][-0.444165,-0.867983,-0.222086][0.280026,0.0960814,0][-0.2702,-1.94341,-0.83768][-0.152026,-0.987172,-0.0487824][0.322845,0.0651562,0][-0.502317,-1.88296,-0.792627][-0.401815,-0.91108,-0.0920752][0.320993,0.110625,0][-0.2702,-1.94341,-0.83768][-0.152026,-0.987172,-0.0487824][0.322845,0.0651562,0][-1.47811e-08,-1.96581,-0.431978][-1.30709e-08,-0.999705,-0.0243048][0.421468,0.0297039,0][-0.235972,-1.94796,-0.43518][-0.131745,-0.991032,-0.0223377][0.402737,0.07989,0][-0.2702,-1.94341,-0.83768][-0.152026,-0.987172,-0.0487824][0.322845,0.0651562,0][-1.47811e-08,-1.94962,-0.92537][-6.06656e-08,-0.997906,-0.0646839][0.31329,0.00137746,0][-1.47811e-08,-1.96581,-0.431978][-1.30709e-08,-0.999705,-0.0243048][0.421468,0.0297039,0][-0.308495,-1.90954,-1.13542][-0.290517,-0.920771,-0.260347][0.265013,0.0675775,0][-0.2702,-1.94341,-0.83768][-0.152026,-0.987172,-0.0487824][0.322845,0.0651562,0][-0.454697,-1.8754,-1.0356][-0.444165,-0.867983,-0.222086][0.280026,0.0960814,0][-0.308495,-1.90954,-1.13542][-0.290517,-0.920771,-0.260347][0.265013,0.0675775,0][-1.47811e-08,-1.94962,-0.92537][-6.06656e-08,-0.997906,-0.0646839][0.31329,0.00137746,0][-0.2702,-1.94341,-0.83768][-0.152026,-0.987172,-0.0487824][0.322845,0.0651562,0][-0.51299,-1.77748,-1.13918][-0.553788,-0.755689,-0.349647][0.257186,0.110729,0][-0.308495,-1.90954,-1.13542][-0.290517,-0.920771,-0.260347][0.265013,0.0675775,0][-0.454697,-1.8754,-1.0356][-0.444165,-0.867983,-0.222086][0.280026,0.0960814,0][-1.47811e-08,-1.94962,-0.92537][-6.06656e-08,-0.997906,-0.0646839][0.31329,0.00137746,0][-0.308495,-1.90954,-1.13542][-0.290517,-0.920771,-0.260347][0.265013,0.0675775,0][-0.125772,-1.9153,-1.26333][-0.134318,-0.933705,-0.331894][0.239268,0.0318379,0][-0.125772,-1.9153,-1.26333][-0.134318,-0.933705,-0.331894][0.239268,0.0318379,0][-1.47811e-08,-1.90403,-1.32425][5.04608e-08,-0.895422,-0.445218][0.22196,0.00137746,0][-1.47811e-08,-1.94962,-0.92537][-6.06656e-08,-0.997906,-0.0646839][0.31329,0.00137746,0][-0.308495,-1.90954,-1.13542][-0.290517,-0.920771,-0.260347][0.265013,0.0675775,0][-0.51299,-1.77748,-1.13918][-0.553788,-0.755689,-0.349647][0.257186,0.110729,0][-0.357223,-1.8086,-1.27809][-0.425388,-0.768024,-0.478732][0.234487,0.0818996,0][-0.357223,-1.8086,-1.27809][-0.425388,-0.768024,-0.478732][0.234487,0.0818996,0][-0.125772,-1.9153,-1.26333][-0.134318,-0.933705,-0.331894][0.239268,0.0318379,0][-0.308495,-1.90954,-1.13542][-0.290517,-0.920771,-0.260347][0.265013,0.0675775,0][-0.596438,-1.66462,-1.25733][-0.575784,-0.730564,-0.367083][0.232915,0.13011,0][-0.357223,-1.8086,-1.27809][-0.425388,-0.768024,-0.478732][0.234487,0.0818996,0][-0.51299,-1.77748,-1.13918][-0.553788,-0.755689,-0.349647][0.257186,0.110729,0][-0.357223,-1.8086,-1.27809][-0.425388,-0.768024,-0.478732][0.234487,0.0818996,0][-0.596438,-1.66462,-1.25733][-0.575784,-0.730564,-0.367083][0.232915,0.13011,0][-0.413045,-1.70934,-1.38821][-0.432525,-0.727011,-0.533271][0.211373,0.0985104,0][-0.125772,-1.9153,-1.26333][-0.134318,-0.933705,-0.331894][0.239268,0.0318379,0][-0.357223,-1.8086,-1.27809][-0.425388,-0.768024,-0.478732][0.234487,0.0818996,0][-0.178692,-1.81709,-1.40716][-0.225951,-0.714684,-0.661946][0.206772,0.0493716,0][-0.178692,-1.81709,-1.40716][-0.225951,-0.714684,-0.661946][0.206772,0.0493716,0][-1.47811e-08,-1.90403,-1.32425][5.04608e-08,-0.895422,-0.445218][0.22196,0.00137746,0][-0.125772,-1.9153,-1.26333][-0.134318,-0.933705,-0.331894][0.239268,0.0318379,0][-0.413045,-1.70934,-1.38821][-0.432525,-0.727011,-0.533271][0.211373,0.0985104,0][-0.178692,-1.81709,-1.40716][-0.225951,-0.714684,-0.661946][0.206772,0.0493716,0][-0.357223,-1.8086,-1.27809][-0.425388,-0.768024,-0.478732][0.234487,0.0818996,0][-1.47811e-08,-1.90403,-1.32425][5.04608e-08,-0.895422,-0.445218][0.22196,0.00137746,0][-0.178692,-1.81709,-1.40716][-0.225951,-0.714684,-0.661946][0.206772,0.0493716,0][-1.47811e-08,-1.7861,-1.45137][2.45189e-09,-0.62664,-0.779309][0.181832,0.0124891,0][-0.178692,-1.81709,-1.40716][-0.225951,-0.714684,-0.661946][0.206772,0.0493716,0][-0.413045,-1.70934,-1.38821][-0.432525,-0.727011,-0.533271][0.211373,0.0985104,0][-0.197798,-1.68448,-1.49839][-0.173672,-0.576085,-0.798726][0.178521,0.0655433,0][-0.197798,-1.68448,-1.49839][-0.173672,-0.576085,-0.798726][0.178521,0.0655433,0][-1.47811e-08,-1.7861,-1.45137][2.45189e-09,-0.62664,-0.779309][0.181832,0.0124891,0][-0.178692,-1.81709,-1.40716][-0.225951,-0.714684,-0.661946][0.206772,0.0493716,0][-1.47811e-08,-1.7861,-1.45137][2.45189e-09,-0.62664,-0.779309][0.181832,0.0124891,0][-0.197798,-1.68448,-1.49839][-0.173672,-0.576085,-0.798726][0.178521,0.0655433,0][-1.47811e-08,-1.55942,-1.56177][-4.49405e-08,-0.491242,-0.871023][0.127735,0.0399495,0][0.359311,0.38561,1.43118][0.229289,0.634661,0.737991][0.551219,0.68088,0][-1.47811e-08,0.599927,1.2593][4.36719e-08,0.804434,0.594042][0.53426,0.783672,0][-1.47811e-08,0.355986,1.51286][2.68654e-08,0.614439,0.788964][0.612238,0.74114,0][-1.47811e-08,0.355986,1.51286][2.68654e-08,0.614439,0.788964][0.612238,0.74114,0][0.407579,0.0843886,1.61396][0.260443,0.407575,0.875244][0.598891,0.629939,0][0.359311,0.38561,1.43118][0.229289,0.634661,0.737991][0.551219,0.68088,0][0.359311,0.38561,1.43118][0.229289,0.634661,0.737991][0.551219,0.68088,0][0.407579,0.0843886,1.61396][0.260443,0.407575,0.875244][0.598891,0.629939,0][0.678522,0.390126,1.27103][0.437294,0.642301,0.629463][0.502162,0.63648,0][0.407579,0.0843886,1.61396][0.260443,0.407575,0.875244][0.598891,0.629939,0][-1.47811e-08,0.355986,1.51286][2.68654e-08,0.614439,0.788964][0.612238,0.74114,0][-1.47811e-08,0.0241725,1.69945][7.33627e-09,0.371806,0.928311][0.681288,0.676314,0][0.678522,0.390126,1.27103][0.437294,0.642301,0.629463][0.502162,0.63648,0][0.779134,0.113268,1.42366][0.513373,0.434214,0.740206][0.535113,0.592236,0][0.905617,0.390666,1.05061][0.608901,0.637727,0.471745][0.460545,0.606705,0][0.678522,0.390126,1.27103][0.437294,0.642301,0.629463][0.502162,0.63648,0][0.407579,0.0843886,1.61396][0.260443,0.407575,0.875244][0.598891,0.629939,0][0.779134,0.113268,1.42366][0.513373,0.434214,0.740206][0.535113,0.592236,0][-1.47811e-08,0.0241725,1.69945][7.33627e-09,0.371806,0.928311][0.681288,0.676314,0][0.451541,-0.250587,1.70825][0.284785,0.177305,0.942051][0.632293,0.572667,0][0.407579,0.0843886,1.61396][0.260443,0.407575,0.875244][0.598891,0.629939,0][0.451541,-0.250587,1.70825][0.284785,0.177305,0.942051][0.632293,0.572667,0][0.779134,0.113268,1.42366][0.513373,0.434214,0.740206][0.535113,0.592236,0][0.407579,0.0843886,1.61396][0.260443,0.407575,0.875244][0.598891,0.629939,0][0.451541,-0.250587,1.70825][0.284785,0.177305,0.942051][0.632293,0.572667,0][-1.47811e-08,0.0241725,1.69945][7.33627e-09,0.371806,0.928311][0.681288,0.676314,0][-1.47811e-08,-0.330939,1.78386][9.73028e-09,0.140105,0.990137][0.729188,0.600947,0][-1.47811e-08,-0.330939,1.78386][9.73028e-09,0.140105,0.990137][0.729188,0.600947,0][0.484516,-0.578762,1.72183][0.294676,-0.0437811,0.954594][0.651993,0.516172,0][0.451541,-0.250587,1.70825][0.284785,0.177305,0.942051][0.632293,0.572667,0][0.484516,-0.578762,1.72183][0.294676,-0.0437811,0.954594][0.651993,0.516172,0][-1.47811e-08,-0.330939,1.78386][9.73028e-09,0.140105,0.990137][0.729188,0.600947,0][-1.47811e-08,-0.57457,1.79155][1.21618e-08,-0.0599067,0.998204][0.749209,0.548178,0][0.779134,0.113268,1.42366][0.513373,0.434214,0.740206][0.535113,0.592236,0][0.451541,-0.250587,1.70825][0.284785,0.177305,0.942051][0.632293,0.572667,0][0.861713,-0.200612,1.50245][0.566524,0.22062,0.793963][0.558226,0.545091,0][0.861713,-0.200612,1.50245][0.566524,0.22062,0.793963][0.558226,0.545091,0][0.451541,-0.250587,1.70825][0.284785,0.177305,0.942051][0.632293,0.572667,0][0.484516,-0.578762,1.72183][0.294676,-0.0437811,0.954594][0.651993,0.516172,0][0.905617,0.390666,1.05061][0.608901,0.637727,0.471745][0.460545,0.606705,0][0.779134,0.113268,1.42366][0.513373,0.434214,0.740206][0.535113,0.592236,0][1.04679,0.13659,1.14474][0.720924,0.445758,0.53063][0.482549,0.565905,0][1.15667,-0.16098,1.17923][0.791051,0.261193,0.553188][0.497902,0.522716,0][0.779134,0.113268,1.42366][0.513373,0.434214,0.740206][0.535113,0.592236,0][0.861713,-0.200612,1.50245][0.566524,0.22062,0.793963][0.558226,0.545091,0][0.779134,0.113268,1.42366][0.513373,0.434214,0.740206][0.535113,0.592236,0][1.15667,-0.16098,1.17923][0.791051,0.261193,0.553188][0.497902,0.522716,0][1.04679,0.13659,1.14474][0.720924,0.445758,0.53063][0.482549,0.565905,0][1.1999,0.171944,0.808467][0.837434,0.458868,0.296891][0.432839,0.547927,0][0.905617,0.390666,1.05061][0.608901,0.637727,0.471745][0.460545,0.606705,0][1.04679,0.13659,1.14474][0.720924,0.445758,0.53063][0.482549,0.565905,0][0.905617,0.390666,1.05061][0.608901,0.637727,0.471745][0.460545,0.606705,0][1.1999,0.171944,0.808467][0.837434,0.458868,0.296891][0.432839,0.547927,0][1.03207,0.414449,0.78357][0.707298,0.6462,0.286628][0.419373,0.588957,0][1.24519,0.237342,0.430512][0.876392,0.480386,0.034135][0.380061,0.537319,0][1.03207,0.414449,0.78357][0.707298,0.6462,0.286628][0.419373,0.588957,0][1.1999,0.171944,0.808467][0.837434,0.458868,0.296891][0.432839,0.547927,0][1.1999,0.171944,0.808467][0.837434,0.458868,0.296891][0.432839,0.547927,0][1.36483,-0.0390234,0.361063][0.954384,0.291227,-0.0658589][0.384669,0.494252,0][1.24519,0.237342,0.430512][0.876392,0.480386,0.034135][0.380061,0.537319,0][1.04679,0.13659,1.14474][0.720924,0.445758,0.53063][0.482549,0.565905,0][1.32222,-0.116834,0.791541][0.917288,0.289578,0.273364][0.442606,0.505614,0][1.1999,0.171944,0.808467][0.837434,0.458868,0.296891][0.432839,0.547927,0][1.36483,-0.0390234,0.361063][0.954384,0.291227,-0.0658589][0.384669,0.494252,0][1.1999,0.171944,0.808467][0.837434,0.458868,0.296891][0.432839,0.547927,0][1.32222,-0.116834,0.791541][0.917288,0.289578,0.273364][0.442606,0.505614,0][1.32222,-0.116834,0.791541][0.917288,0.289578,0.273364][0.442606,0.505614,0][1.04679,0.13659,1.14474][0.720924,0.445758,0.53063][0.482549,0.565905,0][1.15667,-0.16098,1.17923][0.791051,0.261193,0.553188][0.497902,0.522716,0][1.36483,-0.0390234,0.361063][0.954384,0.291227,-0.0658589][0.384669,0.494252,0][1.32222,-0.116834,0.791541][0.917288,0.289578,0.273364][0.442606,0.505614,0][1.42175,-0.448412,0.762376][0.962792,0.146007,0.227405][0.450624,0.461853,0][1.15667,-0.16098,1.17923][0.791051,0.261193,0.553188][0.497902,0.522716,0][1.42175,-0.448412,0.762376][0.962792,0.146007,0.227405][0.450624,0.461853,0][1.32222,-0.116834,0.791541][0.917288,0.289578,0.273364][0.442606,0.505614,0][0.861713,-0.200612,1.50245][0.566524,0.22062,0.793963][0.558226,0.545091,0][1.23766,-0.49657,1.17101][0.816854,0.105044,0.567199][0.509897,0.477608,0][1.15667,-0.16098,1.17923][0.791051,0.261193,0.553188][0.497902,0.522716,0][1.42175,-0.448412,0.762376][0.962792,0.146007,0.227405][0.450624,0.461853,0][1.15667,-0.16098,1.17923][0.791051,0.261193,0.553188][0.497902,0.522716,0][1.23766,-0.49657,1.17101][0.816854,0.105044,0.567199][0.509897,0.477608,0][1.23766,-0.49657,1.17101][0.816854,0.105044,0.567199][0.509897,0.477608,0][0.861713,-0.200612,1.50245][0.566524,0.22062,0.793963][0.558226,0.545091,0][0.915678,-0.539259,1.51157][0.582113,0.0194127,0.812876][0.574441,0.495799,0][0.861713,-0.200612,1.50245][0.566524,0.22062,0.793963][0.558226,0.545091,0][0.484516,-0.578762,1.72183][0.294676,-0.0437811,0.954594][0.651993,0.516172,0][0.915678,-0.539259,1.51157][0.582113,0.0194127,0.812876][0.574441,0.495799,0][1.23766,-0.49657,1.17101][0.816854,0.105044,0.567199][0.509897,0.477608,0][1.46535,-0.816143,0.735544][0.984766,-0.058797,0.163644][0.459246,0.412758,0][1.42175,-0.448412,0.762376][0.962792,0.146007,0.227405][0.450624,0.461853,0][1.42175,-0.448412,0.762376][0.962792,0.146007,0.227405][0.450624,0.461853,0][1.43239,-0.375336,0.278148][0.975651,0.13285,-0.174518][0.386647,0.446775,0][1.36483,-0.0390234,0.361063][0.954384,0.291227,-0.0658589][0.384669,0.494252,0][1.43239,-0.375336,0.278148][0.975651,0.13285,-0.174518][0.386647,0.446775,0][1.21706,0.0542312,-0.068554][0.891485,0.277345,-0.358237][0.318552,0.489322,0][1.36483,-0.0390234,0.361063][0.954384,0.291227,-0.0658589][0.384669,0.494252,0][1.21706,0.0542312,-0.068554][0.891485,0.277345,-0.358237][0.318552,0.489322,0][1.43239,-0.375336,0.278148][0.975651,0.13285,-0.174518][0.386647,0.446775,0][1.20566,-0.227049,-0.202879][0.885685,0.163753,-0.434451][0.304262,0.43326,0][1.42175,-0.448412,0.762376][0.962792,0.146007,0.227405][0.450624,0.461853,0][1.4309,-0.739928,0.269889][0.978966,-0.03347,-0.201259][0.394275,0.393978,0][1.43239,-0.375336,0.278148][0.975651,0.13285,-0.174518][0.386647,0.446775,0][1.4309,-0.739928,0.269889][0.978966,-0.03347,-0.201259][0.394275,0.393978,0][1.42175,-0.448412,0.762376][0.962792,0.146007,0.227405][0.450624,0.461853,0][1.46535,-0.816143,0.735544][0.984766,-0.058797,0.163644][0.459246,0.412758,0][1.20566,-0.227049,-0.202879][0.885685,0.163753,-0.434451][0.304262,0.43326,0][1.43239,-0.375336,0.278148][0.975651,0.13285,-0.174518][0.386647,0.446775,0][1.22606,-0.616079,-0.252238][0.931532,0.106656,-0.347667][0.316,0.377674,0][1.4309,-0.739928,0.269889][0.978966,-0.03347,-0.201259][0.394275,0.393978,0][1.22606,-0.616079,-0.252238][0.931532,0.106656,-0.347667][0.316,0.377674,0][1.43239,-0.375336,0.278148][0.975651,0.13285,-0.174518][0.386647,0.446775,0][1.22606,-0.616079,-0.252238][0.931532,0.106656,-0.347667][0.316,0.377674,0][0.975639,-0.238679,-0.478543][0.804387,0.133416,-0.578932][0.237449,0.41836,0][1.20566,-0.227049,-0.202879][0.885685,0.163753,-0.434451][0.304262,0.43326,0][1.4309,-0.739928,0.269889][0.978966,-0.03347,-0.201259][0.394275,0.393978,0][1.25823,-0.94036,-0.233114][0.956147,-0.14487,-0.254548][0.334326,0.329096,0][1.22606,-0.616079,-0.252238][0.931532,0.106656,-0.347667][0.316,0.377674,0][0.975639,-0.238679,-0.478543][0.804387,0.133416,-0.578932][0.237449,0.41836,0][1.22606,-0.616079,-0.252238][0.931532,0.106656,-0.347667][0.316,0.377674,0][1.18473,-0.661861,-0.51861][0.855755,0.229227,-0.463829][0.284581,0.353286,0][1.25823,-0.94036,-0.233114][0.956147,-0.14487,-0.254548][0.334326,0.329096,0][1.18473,-0.661861,-0.51861][0.855755,0.229227,-0.463829][0.284581,0.353286,0][1.22606,-0.616079,-0.252238][0.931532,0.106656,-0.347667][0.316,0.377674,0][1.18473,-0.661861,-0.51861][0.855755,0.229227,-0.463829][0.284581,0.353286,0][0.901694,-0.4494,-0.674353][0.546614,0.44225,-0.711075][0.232492,0.368437,0][0.975639,-0.238679,-0.478543][0.804387,0.133416,-0.578932][0.237449,0.41836,0][1.25823,-0.94036,-0.233114][0.956147,-0.14487,-0.254548][0.334326,0.329096,0][1.4309,-0.739928,0.269889][0.978966,-0.03347,-0.201259][0.394275,0.393978,0][1.35849,-1.00451,0.21565][0.953276,-0.210771,-0.216427][0.395514,0.345776,0][1.46535,-0.816143,0.735544][0.984766,-0.058797,0.163644][0.459246,0.412758,0][1.35849,-1.00451,0.21565][0.953276,-0.210771,-0.216427][0.395514,0.345776,0][1.4309,-0.739928,0.269889][0.978966,-0.03347,-0.201259][0.394275,0.393978,0][1.18473,-0.661861,-0.51861][0.855755,0.229227,-0.463829][0.284581,0.353286,0][1.25823,-0.94036,-0.233114][0.956147,-0.14487,-0.254548][0.334326,0.329096,0][1.1836,-0.943158,-0.585872][0.912345,-0.0741356,-0.402655][0.288899,0.30889,0][0.901694,-0.4494,-0.674353][0.546614,0.44225,-0.711075][0.232492,0.368437,0][1.18473,-0.661861,-0.51861][0.855755,0.229227,-0.463829][0.284581,0.353286,0][1.01528,-0.710019,-0.730053][0.632415,0.349242,-0.691434][0.250688,0.330251,0][1.1836,-0.943158,-0.585872][0.912345,-0.0741356,-0.402655][0.288899,0.30889,0][1.01528,-0.710019,-0.730053][0.632415,0.349242,-0.691434][0.250688,0.330251,0][1.18473,-0.661861,-0.51861][0.855755,0.229227,-0.463829][0.284581,0.353286,0][0.901694,-0.4494,-0.674353][0.546614,0.44225,-0.711075][0.232492,0.368437,0][1.01528,-0.710019,-0.730053][0.632415,0.349242,-0.691434][0.250688,0.330251,0][0.778056,-0.720696,-0.898002][0.48543,0.550489,-0.679205][0.206956,0.314285,0][0.778056,-0.720696,-0.898002][0.48543,0.550489,-0.679205][0.206956,0.314285,0][0.745024,-0.545056,-0.744436][0.385297,0.584805,-0.713827][0.209247,0.353356,0][0.901694,-0.4494,-0.674353][0.546614,0.44225,-0.711075][0.232492,0.368437,0][1.01528,-0.710019,-0.730053][0.632415,0.349242,-0.691434][0.250688,0.330251,0][1.1836,-0.943158,-0.585872][0.912345,-0.0741356,-0.402655][0.288899,0.30889,0][0.933364,-0.937551,-0.9106][0.736113,0.225674,-0.638129][0.236314,0.281627,0][0.933364,-0.937551,-0.9106][0.736113,0.225674,-0.638129][0.236314,0.281627,0][0.778056,-0.720696,-0.898002][0.48543,0.550489,-0.679205][0.206956,0.314285,0][1.01528,-0.710019,-0.730053][0.632415,0.349242,-0.691434][0.250688,0.330251,0][0.778056,-0.720696,-0.898002][0.48543,0.550489,-0.679205][0.206956,0.314285,0][0.488694,-0.495967,-0.846887][0.6038,0.589393,-0.536695][0.161951,0.358824,0][0.745024,-0.545056,-0.744436][0.385297,0.584805,-0.713827][0.209247,0.353356,0][0.962141,-1.21024,-0.865747][0.885088,-0.215067,-0.412753][0.263486,0.243415,0][0.933364,-0.937551,-0.9106][0.736113,0.225674,-0.638129][0.236314,0.281627,0][1.1836,-0.943158,-0.585872][0.912345,-0.0741356,-0.402655][0.288899,0.30889,0][0.488694,-0.495967,-0.846887][0.6038,0.589393,-0.536695][0.161951,0.358824,0][0.778056,-0.720696,-0.898002][0.48543,0.550489,-0.679205][0.206956,0.314285,0][0.472818,-0.655957,-1.06976][0.628582,0.567443,-0.531877][0.142721,0.311307,0][0.472818,-0.655957,-1.06976][0.628582,0.567443,-0.531877][0.142721,0.311307,0][0.371528,-0.355007,-0.945444][0.778022,0.445033,-0.443427][0.126324,0.378253,0][0.488694,-0.495967,-0.846887][0.6038,0.589393,-0.536695][0.161951,0.358824,0][0.371528,-0.355007,-0.945444][0.778022,0.445033,-0.443427][0.126324,0.378253,0][0.472818,-0.655957,-1.06976][0.628582,0.567443,-0.531877][0.142721,0.311307,0][0.321121,-0.598365,-1.24367][0.733023,0.489092,-0.472723][0.0939414,0.301963,0][0.680539,-0.861891,-1.09935][0.605945,0.510342,-0.610231][0.182719,0.273567,0][0.472818,-0.655957,-1.06976][0.628582,0.567443,-0.531877][0.142721,0.311307,0][0.778056,-0.720696,-0.898002][0.48543,0.550489,-0.679205][0.206956,0.314285,0][0.778056,-0.720696,-0.898002][0.48543,0.550489,-0.679205][0.206956,0.314285,0][0.933364,-0.937551,-0.9106][0.736113,0.225674,-0.638129][0.236314,0.281627,0][0.680539,-0.861891,-1.09935][0.605945,0.510342,-0.610231][0.182719,0.273567,0][0.421292,-0.799571,-1.30863][0.63039,0.551766,-0.546042][0.120185,0.259725,0][0.321121,-0.598365,-1.24367][0.733023,0.489092,-0.472723][0.0939414,0.301963,0][0.472818,-0.655957,-1.06976][0.628582,0.567443,-0.531877][0.142721,0.311307,0][0.472818,-0.655957,-1.06976][0.628582,0.567443,-0.531877][0.142721,0.311307,0][0.680539,-0.861891,-1.09935][0.605945,0.510342,-0.610231][0.182719,0.273567,0][0.421292,-0.799571,-1.30863][0.63039,0.551766,-0.546042][0.120185,0.259725,0][0.321121,-0.598365,-1.24367][0.733023,0.489092,-0.472723][0.0939414,0.301963,0][0.421292,-0.799571,-1.30863][0.63039,0.551766,-0.546042][0.120185,0.259725,0][0.28098,-0.770009,-1.46907][0.699774,0.454399,-0.551215][0.0783872,0.241983,0][0.796188,-1.14728,-1.14318][0.815562,0.304009,-0.492379][0.212487,0.227166,0][0.680539,-0.861891,-1.09935][0.605945,0.510342,-0.610231][0.182719,0.273567,0][0.933364,-0.937551,-0.9106][0.736113,0.225674,-0.638129][0.236314,0.281627,0][0.933364,-0.937551,-0.9106][0.736113,0.225674,-0.638129][0.236314,0.281627,0][0.962141,-1.21024,-0.865747][0.885088,-0.215067,-0.412753][0.263486,0.243415,0][0.796188,-1.14728,-1.14318][0.815562,0.304009,-0.492379][0.212487,0.227166,0][0.605218,-0.972891,-1.31434][0.630797,0.537197,-0.559924][0.160841,0.233447,0][0.421292,-0.799571,-1.30863][0.63039,0.551766,-0.546042][0.120185,0.259725,0][0.680539,-0.861891,-1.09935][0.605945,0.510342,-0.610231][0.182719,0.273567,0][0.680539,-0.861891,-1.09935][0.605945,0.510342,-0.610231][0.182719,0.273567,0][0.796188,-1.14728,-1.14318][0.815562,0.304009,-0.492379][0.212487,0.227166,0][0.605218,-0.972891,-1.31434][0.630797,0.537197,-0.559924][0.160841,0.233447,0][0.421292,-0.799571,-1.30863][0.63039,0.551766,-0.546042][0.120185,0.259725,0][0.353216,-0.969689,-1.53033][0.623456,0.461556,-0.631085][0.104519,0.204043,0][0.28098,-0.770009,-1.46907][0.699774,0.454399,-0.551215][0.0783872,0.241983,0][0.421292,-0.799571,-1.30863][0.63039,0.551766,-0.546042][0.120185,0.259725,0][0.605218,-0.972891,-1.31434][0.630797,0.537197,-0.559924][0.160841,0.233447,0][0.353216,-0.969689,-1.53033][0.623456,0.461556,-0.631085][0.104519,0.204043,0][0.228349,-1.02192,-1.70466][0.645062,0.325724,-0.69123][0.0752852,0.168251,0][0.28098,-0.770009,-1.46907][0.699774,0.454399,-0.551215][0.0783872,0.241983,0][0.353216,-0.969689,-1.53033][0.623456,0.461556,-0.631085][0.104519,0.204043,0][0.353216,-0.969689,-1.53033][0.623456,0.461556,-0.631085][0.104519,0.204043,0][0.384125,-1.11282,-1.60732][0.527449,0.354396,-0.772141][0.117642,0.174021,0][0.228349,-1.02192,-1.70466][0.645062,0.325724,-0.69123][0.0752852,0.168251,0][0.605218,-0.972891,-1.31434][0.630797,0.537197,-0.559924][0.160841,0.233447,0][0.384125,-1.11282,-1.60732][0.527449,0.354396,-0.772141][0.117642,0.174021,0][0.353216,-0.969689,-1.53033][0.623456,0.461556,-0.631085][0.104519,0.204043,0][0.228349,-1.02192,-1.70466][0.645062,0.325724,-0.69123][0.0752852,0.168251,0][0.384125,-1.11282,-1.60732][0.527449,0.354396,-0.772141][0.117642,0.174021,0][0.225049,-1.10448,-1.69185][0.470706,0.255489,-0.844489][0.0856504,0.153705,0][0.359127,-1.2402,-1.67426][0.372405,0.130446,-0.918857][0.123998,0.147431,0][0.225049,-1.10448,-1.69185][0.470706,0.255489,-0.844489][0.0856504,0.153705,0][0.384125,-1.11282,-1.60732][0.527449,0.354396,-0.772141][0.117642,0.174021,0][0.225049,-1.10448,-1.69185][0.470706,0.255489,-0.844489][0.0856504,0.153705,0][0.359127,-1.2402,-1.67426][0.372405,0.130446,-0.918857][0.123998,0.147431,0][0.169803,-1.15668,-1.70133][0.205023,0.111759,-0.972356][0.0825313,0.137317,0][0.359127,-1.2402,-1.67426][0.372405,0.130446,-0.918857][0.123998,0.147431,0][0.105346,-1.2566,-1.70082][-0.00375585,-0.113365,-0.993546][0.0848574,0.110858,0][0.169803,-1.15668,-1.70133][0.205023,0.111759,-0.972356][0.0825313,0.137317,0][0.359127,-1.2402,-1.67426][0.372405,0.130446,-0.918857][0.123998,0.147431,0][0.24526,-1.41516,-1.70142][0.106078,-0.232607,-0.966769][0.129015,0.109089,0][0.105346,-1.2566,-1.70082][-0.00375585,-0.113365,-0.993546][0.0848574,0.110858,0][-1.47811e-08,-1.35805,-1.68443][-0.131464,-0.281891,-0.950397][0.0824713,0.0731643,0][0.105346,-1.2566,-1.70082][-0.00375585,-0.113365,-0.993546][0.0848574,0.110858,0][0.24526,-1.41516,-1.70142][0.106078,-0.232607,-0.966769][0.129015,0.109089,0][-1.47811e-08,-1.35805,-1.68443][-0.131464,-0.281891,-0.950397][0.0824713,0.0731643,0][0.24526,-1.41516,-1.70142][0.106078,-0.232607,-0.966769][0.129015,0.109089,0][-1.47811e-08,-1.44702,-1.62976][-0.204229,-0.348456,-0.914806][0.10175,0.0566216,0][0.24526,-1.41516,-1.70142][0.106078,-0.232607,-0.966769][0.129015,0.109089,0][-1.47811e-08,-1.50776,-1.58923][-0.285895,-0.526462,-0.800688][0.115992,0.0469075,0][-1.47811e-08,-1.44702,-1.62976][-0.204229,-0.348456,-0.914806][0.10175,0.0566216,0][-1.47811e-08,-1.50776,-1.58923][-0.285895,-0.526462,-0.800688][0.115992,0.0469075,0][0.24526,-1.41516,-1.70142][0.106078,-0.232607,-0.966769][0.129015,0.109089,0][0.223917,-1.60238,-1.62516][-0.0210495,-0.622575,-0.782277][0.156054,0.0845145,0][-1.47811e-08,-1.50776,-1.58923][-0.285895,-0.526462,-0.800688][0.115992,0.0469075,0][0.223917,-1.60238,-1.62516][-0.0210495,-0.622575,-0.782277][0.156054,0.0845145,0][0.197798,-1.68448,-1.49839][-0.0474287,-0.818082,-0.573143][0.178521,0.0655433,0][-1.47811e-08,-1.50776,-1.58923][-0.285895,-0.526462,-0.800688][0.115992,0.0469075,0][0.197798,-1.68448,-1.49839][-0.0474287,-0.818082,-0.573143][0.178521,0.0655433,0][-1.47811e-08,-1.55942,-1.56177][-0.316691,-0.689348,-0.651541][0.127735,0.0399495,0][0.488088,-1.63633,-1.50546][0.422101,-0.683675,-0.595331][0.193414,0.116167,0][0.197798,-1.68448,-1.49839][-0.0474287,-0.818082,-0.573143][0.178521,0.0655433,0][0.223917,-1.60238,-1.62516][-0.0210495,-0.622575,-0.782277][0.156054,0.0845145,0][0.24526,-1.41516,-1.70142][0.106078,-0.232607,-0.966769][0.129015,0.109089,0][0.488088,-1.63633,-1.50546][0.422101,-0.683675,-0.595331][0.193414,0.116167,0][0.223917,-1.60238,-1.62516][-0.0210495,-0.622575,-0.782277][0.156054,0.0845145,0][0.197798,-1.68448,-1.49839][-0.0474287,-0.818082,-0.573143][0.178521,0.0655433,0][0.488088,-1.63633,-1.50546][0.422101,-0.683675,-0.595331][0.193414,0.116167,0][0.413045,-1.70934,-1.38821][0.302141,-0.862043,-0.406931][0.211373,0.0985104,0][0.359127,-1.2402,-1.67426][0.372405,0.130446,-0.918857][0.123998,0.147431,0][0.547587,-1.45927,-1.57872][0.561207,-0.245963,-0.790284][0.174229,0.140388,0][0.24526,-1.41516,-1.70142][0.106078,-0.232607,-0.966769][0.129015,0.109089,0][0.488088,-1.63633,-1.50546][0.422101,-0.683675,-0.595331][0.193414,0.116167,0][0.24526,-1.41516,-1.70142][0.106078,-0.232607,-0.966769][0.129015,0.109089,0][0.547587,-1.45927,-1.57872][0.561207,-0.245963,-0.790284][0.174229,0.140388,0][0.547587,-1.45927,-1.57872][0.561207,-0.245963,-0.790284][0.174229,0.140388,0][0.359127,-1.2402,-1.67426][0.372405,0.130446,-0.918857][0.123998,0.147431,0][0.579998,-1.26881,-1.53914][0.630866,0.149929,-0.761268][0.163608,0.169277,0][0.384125,-1.11282,-1.60732][0.527449,0.354396,-0.772141][0.117642,0.174021,0][0.579998,-1.26881,-1.53914][0.630866,0.149929,-0.761268][0.163608,0.169277,0][0.359127,-1.2402,-1.67426][0.372405,0.130446,-0.918857][0.123998,0.147431,0][0.724596,-1.45265,-1.36698][0.814453,-0.27148,-0.512802][0.206967,0.164434,0][0.488088,-1.63633,-1.50546][0.422101,-0.683675,-0.595331][0.193414,0.116167,0][0.547587,-1.45927,-1.57872][0.561207,-0.245963,-0.790284][0.174229,0.140388,0][0.579998,-1.26881,-1.53914][0.630866,0.149929,-0.761268][0.163608,0.169277,0][0.724596,-1.45265,-1.36698][0.814453,-0.27148,-0.512802][0.206967,0.164434,0][0.547587,-1.45927,-1.57872][0.561207,-0.245963,-0.790284][0.174229,0.140388,0][0.666927,-1.58747,-1.3267][0.684088,-0.628459,-0.370219][0.219341,0.144897,0][0.413045,-1.70934,-1.38821][0.302141,-0.862043,-0.406931][0.211373,0.0985104,0][0.488088,-1.63633,-1.50546][0.422101,-0.683675,-0.595331][0.193414,0.116167,0][0.488088,-1.63633,-1.50546][0.422101,-0.683675,-0.595331][0.193414,0.116167,0][0.724596,-1.45265,-1.36698][0.814453,-0.27148,-0.512802][0.206967,0.164434,0][0.666927,-1.58747,-1.3267][0.684088,-0.628459,-0.370219][0.219341,0.144897,0][0.413045,-1.70934,-1.38821][0.302141,-0.862043,-0.406931][0.211373,0.0985104,0][0.666927,-1.58747,-1.3267][0.684088,-0.628459,-0.370219][0.219341,0.144897,0][0.596438,-1.66462,-1.25733][0.564063,-0.784008,-0.259162][0.232915,0.13011,0][0.590237,-1.11321,-1.45734][0.635168,0.435565,-0.637844][0.157919,0.197819,0][0.579998,-1.26881,-1.53914][0.630866,0.149929,-0.761268][0.163608,0.169277,0][0.384125,-1.11282,-1.60732][0.527449,0.354396,-0.772141][0.117642,0.174021,0][0.384125,-1.11282,-1.60732][0.527449,0.354396,-0.772141][0.117642,0.174021,0][0.605218,-0.972891,-1.31434][0.630797,0.537197,-0.559924][0.160841,0.233447,0][0.590237,-1.11321,-1.45734][0.635168,0.435565,-0.637844][0.157919,0.197819,0][0.724596,-1.45265,-1.36698][0.814453,-0.27148,-0.512802][0.206967,0.164434,0][0.579998,-1.26881,-1.53914][0.630866,0.149929,-0.761268][0.163608,0.169277,0][0.760965,-1.29445,-1.34508][0.846597,0.0728095,-0.527231][0.199372,0.188074,0][0.590237,-1.11321,-1.45734][0.635168,0.435565,-0.637844][0.157919,0.197819,0][0.760965,-1.29445,-1.34508][0.846597,0.0728095,-0.527231][0.199372,0.188074,0][0.579998,-1.26881,-1.53914][0.630866,0.149929,-0.761268][0.163608,0.169277,0][0.815601,-1.44006,-1.16421][0.915609,-0.305222,-0.261723][0.234312,0.182464,0][0.666927,-1.58747,-1.3267][0.684088,-0.628459,-0.370219][0.219341,0.144897,0][0.724596,-1.45265,-1.36698][0.814453,-0.27148,-0.512802][0.206967,0.164434,0][0.760965,-1.29445,-1.34508][0.846597,0.0728095,-0.527231][0.199372,0.188074,0][0.815601,-1.44006,-1.16421][0.915609,-0.305222,-0.261723][0.234312,0.182464,0][0.724596,-1.45265,-1.36698][0.814453,-0.27148,-0.512802][0.206967,0.164434,0][0.770369,-1.52967,-1.14753][0.828915,-0.509427,-0.23105][0.242051,0.168287,0][0.596438,-1.66462,-1.25733][0.564063,-0.784008,-0.259162][0.232915,0.13011,0][0.666927,-1.58747,-1.3267][0.684088,-0.628459,-0.370219][0.219341,0.144897,0][0.666927,-1.58747,-1.3267][0.684088,-0.628459,-0.370219][0.219341,0.144897,0][0.815601,-1.44006,-1.16421][0.915609,-0.305222,-0.261723][0.234312,0.182464,0][0.770369,-1.52967,-1.14753][0.828915,-0.509427,-0.23105][0.242051,0.168287,0][0.596438,-1.66462,-1.25733][0.564063,-0.784008,-0.259162][0.232915,0.13011,0][0.770369,-1.52967,-1.14753][0.828915,-0.509427,-0.23105][0.242051,0.168287,0][0.722055,-1.59366,-1.11831][0.755116,-0.620074,-0.212856][0.250143,0.156903,0][0.770369,-1.52967,-1.14753][0.828915,-0.509427,-0.23105][0.242051,0.168287,0][0.803287,-1.5444,-0.992923][0.852774,-0.470656,-0.226404][0.265673,0.176158,0][0.722055,-1.59366,-1.11831][0.755116,-0.620074,-0.212856][0.250143,0.156903,0][0.770369,-1.52967,-1.14753][0.828915,-0.509427,-0.23105][0.242051,0.168287,0][0.816792,-1.5087,-0.938096][0.901183,-0.397538,-0.172724][0.271807,0.185471,0][0.803287,-1.5444,-0.992923][0.852774,-0.470656,-0.226404][0.265673,0.176158,0][0.815601,-1.44006,-1.16421][0.915609,-0.305222,-0.261723][0.234312,0.182464,0][0.816792,-1.5087,-0.938096][0.901183,-0.397538,-0.172724][0.271807,0.185471,0][0.770369,-1.52967,-1.14753][0.828915,-0.509427,-0.23105][0.242051,0.168287,0][0.760965,-1.29445,-1.34508][0.846597,0.0728095,-0.527231][0.199372,0.188074,0][0.590237,-1.11321,-1.45734][0.635168,0.435565,-0.637844][0.157919,0.197819,0][0.774467,-1.17235,-1.26681][0.828981,0.33095,-0.450846][0.198905,0.210921,0][0.605218,-0.972891,-1.31434][0.630797,0.537197,-0.559924][0.160841,0.233447,0][0.774467,-1.17235,-1.26681][0.828981,0.33095,-0.450846][0.198905,0.210921,0][0.590237,-1.11321,-1.45734][0.635168,0.435565,-0.637844][0.157919,0.197819,0][0.774467,-1.17235,-1.26681][0.828981,0.33095,-0.450846][0.198905,0.210921,0][0.605218,-0.972891,-1.31434][0.630797,0.537197,-0.559924][0.160841,0.233447,0][0.796188,-1.14728,-1.14318][0.815562,0.304009,-0.492379][0.212487,0.227166,0][0.83008,-1.33827,-1.14761][0.945674,-0.142196,-0.292372][0.229797,0.198701,0][0.760965,-1.29445,-1.34508][0.846597,0.0728095,-0.527231][0.199372,0.188074,0][0.774467,-1.17235,-1.26681][0.828981,0.33095,-0.450846][0.198905,0.210921,0][0.760965,-1.29445,-1.34508][0.846597,0.0728095,-0.527231][0.199372,0.188074,0][0.83008,-1.33827,-1.14761][0.945674,-0.142196,-0.292372][0.229797,0.198701,0][0.815601,-1.44006,-1.16421][0.915609,-0.305222,-0.261723][0.234312,0.182464,0][0.837154,-1.25546,-1.12051][0.934914,0.0293586,-0.353658][0.2272,0.21327,0][0.774467,-1.17235,-1.26681][0.828981,0.33095,-0.450846][0.198905,0.210921,0][0.796188,-1.14728,-1.14318][0.815562,0.304009,-0.492379][0.212487,0.227166,0][0.774467,-1.17235,-1.26681][0.828981,0.33095,-0.450846][0.198905,0.210921,0][0.837154,-1.25546,-1.12051][0.934914,0.0293586,-0.353658][0.2272,0.21327,0][0.83008,-1.33827,-1.14761][0.945674,-0.142196,-0.292372][0.229797,0.198701,0][0.796188,-1.14728,-1.14318][0.815562,0.304009,-0.492379][0.212487,0.227166,0][0.962141,-1.21024,-0.865747][0.885088,-0.215067,-0.412753][0.263486,0.243415,0][0.837154,-1.25546,-1.12051][0.934914,0.0293586,-0.353658][0.2272,0.21327,0][0.83008,-1.33827,-1.14761][0.945674,-0.142196,-0.292372][0.229797,0.198701,0][0.842258,-1.4457,-0.895462][0.911475,-0.359412,-0.20009][0.2744,0.198879,0][0.815601,-1.44006,-1.16421][0.915609,-0.305222,-0.261723][0.234312,0.182464,0][0.816792,-1.5087,-0.938096][0.901183,-0.397538,-0.172724][0.271807,0.185471,0][0.815601,-1.44006,-1.16421][0.915609,-0.305222,-0.261723][0.234312,0.182464,0][0.842258,-1.4457,-0.895462][0.911475,-0.359412,-0.20009][0.2744,0.198879,0][0.837154,-1.25546,-1.12051][0.934914,0.0293586,-0.353658][0.2272,0.21327,0][0.887251,-1.35138,-0.874064][0.890517,-0.373456,-0.259828][0.271338,0.216887,0][0.83008,-1.33827,-1.14761][0.945674,-0.142196,-0.292372][0.229797,0.198701,0][0.837154,-1.25546,-1.12051][0.934914,0.0293586,-0.353658][0.2272,0.21327,0][0.962141,-1.21024,-0.865747][0.885088,-0.215067,-0.412753][0.263486,0.243415,0][0.887251,-1.35138,-0.874064][0.890517,-0.373456,-0.259828][0.271338,0.216887,0][0.842258,-1.4457,-0.895462][0.911475,-0.359412,-0.20009][0.2744,0.198879,0][0.83008,-1.33827,-1.14761][0.945674,-0.142196,-0.292372][0.229797,0.198701,0][0.887251,-1.35138,-0.874064][0.890517,-0.373456,-0.259828][0.271338,0.216887,0][0.962141,-1.21024,-0.865747][0.885088,-0.215067,-0.412753][0.263486,0.243415,0][1.03394,-1.36145,-0.433871][0.841091,-0.466002,-0.274605][0.332946,0.243873,0][0.887251,-1.35138,-0.874064][0.890517,-0.373456,-0.259828][0.271338,0.216887,0][0.887251,-1.35138,-0.874064][0.890517,-0.373456,-0.259828][0.271338,0.216887,0][0.951077,-1.45941,-0.482227][0.848743,-0.460604,-0.259767][0.33374,0.222488,0][0.842258,-1.4457,-0.895462][0.911475,-0.359412,-0.20009][0.2744,0.198879,0][0.887251,-1.35138,-0.874064][0.890517,-0.373456,-0.259828][0.271338,0.216887,0][1.03394,-1.36145,-0.433871][0.841091,-0.466002,-0.274605][0.332946,0.243873,0][0.951077,-1.45941,-0.482227][0.848743,-0.460604,-0.259767][0.33374,0.222488,0][0.904002,-1.54393,-0.497125][0.8552,-0.466622,-0.225605][0.3378,0.206661,0][0.816792,-1.5087,-0.938096][0.901183,-0.397538,-0.172724][0.271807,0.185471,0][0.842258,-1.4457,-0.895462][0.911475,-0.359412,-0.20009][0.2744,0.198879,0][0.842258,-1.4457,-0.895462][0.911475,-0.359412,-0.20009][0.2744,0.198879,0][0.951077,-1.45941,-0.482227][0.848743,-0.460604,-0.259767][0.33374,0.222488,0][0.904002,-1.54393,-0.497125][0.8552,-0.466622,-0.225605][0.3378,0.206661,0][0.816792,-1.5087,-0.938096][0.901183,-0.397538,-0.172724][0.271807,0.185471,0][0.904002,-1.54393,-0.497125][0.8552,-0.466622,-0.225605][0.3378,0.206661,0][0.84828,-1.63996,-0.496215][0.788443,-0.587456,-0.182355][0.345238,0.189346,0][0.84828,-1.63996,-0.496215][0.788443,-0.587456,-0.182355][0.345238,0.189346,0][0.803287,-1.5444,-0.992923][0.802863,-0.557408,-0.211441][0.265673,0.176158,0][0.816792,-1.5087,-0.938096][0.901183,-0.397538,-0.172724][0.271807,0.185471,0][0.962141,-1.21024,-0.865747][0.885088,-0.215067,-0.412753][0.263486,0.243415,0][1.16577,-1.19043,-0.332791][0.886943,-0.382463,-0.258946][0.334868,0.281221,0][1.03394,-1.36145,-0.433871][0.841091,-0.466002,-0.274605][0.332946,0.243873,0][1.1836,-0.943158,-0.585872][0.912345,-0.0741356,-0.402655][0.288899,0.30889,0][1.16577,-1.19043,-0.332791][0.886943,-0.382463,-0.258946][0.334868,0.281221,0][0.962141,-1.21024,-0.865747][0.885088,-0.215067,-0.412753][0.263486,0.243415,0][1.25823,-0.94036,-0.233114][0.956147,-0.14487,-0.254548][0.334326,0.329096,0][1.16577,-1.19043,-0.332791][0.886943,-0.382463,-0.258946][0.334868,0.281221,0][1.1836,-0.943158,-0.585872][0.912345,-0.0741356,-0.402655][0.288899,0.30889,0][1.27226,-1.22037,0.15885][0.903044,-0.376169,-0.207384][0.400101,0.304866,0][1.16577,-1.19043,-0.332791][0.886943,-0.382463,-0.258946][0.334868,0.281221,0][1.25823,-0.94036,-0.233114][0.956147,-0.14487,-0.254548][0.334326,0.329096,0][1.25823,-0.94036,-0.233114][0.956147,-0.14487,-0.254548][0.334326,0.329096,0][1.35849,-1.00451,0.21565][0.953276,-0.210771,-0.216427][0.395514,0.345776,0][1.27226,-1.22037,0.15885][0.903044,-0.376169,-0.207384][0.400101,0.304866,0][1.16577,-1.19043,-0.332791][0.886943,-0.382463,-0.258946][0.334868,0.281221,0][1.18833,-1.38396,0.107156][0.843997,-0.496881,-0.201938][0.405168,0.273822,0][1.03394,-1.36145,-0.433871][0.841091,-0.466002,-0.274605][0.332946,0.243873,0][1.18833,-1.38396,0.107156][0.843997,-0.496881,-0.201938][0.405168,0.273822,0][1.16577,-1.19043,-0.332791][0.886943,-0.382463,-0.258946][0.334868,0.281221,0][1.27226,-1.22037,0.15885][0.903044,-0.376169,-0.207384][0.400101,0.304866,0][1.09875,-1.51167,0.0363004][0.794401,-0.574144,-0.198207][0.406586,0.247152,0][1.03394,-1.36145,-0.433871][0.841091,-0.466002,-0.274605][0.332946,0.243873,0][1.18833,-1.38396,0.107156][0.843997,-0.496881,-0.201938][0.405168,0.273822,0][1.03394,-1.36145,-0.433871][0.841091,-0.466002,-0.274605][0.332946,0.243873,0][1.09875,-1.51167,0.0363004][0.794401,-0.574144,-0.198207][0.406586,0.247152,0][0.951077,-1.45941,-0.482227][0.848743,-0.460604,-0.259767][0.33374,0.222488,0][1.27226,-1.22037,0.15885][0.903044,-0.376169,-0.207384][0.400101,0.304866,0][1.2097,-1.47892,0.527401][0.78756,-0.615777,-0.0238206][0.470685,0.28986,0][1.18833,-1.38396,0.107156][0.843997,-0.496881,-0.201938][0.405168,0.273822,0][1.35849,-1.00451,0.21565][0.953276,-0.210771,-0.216427][0.395514,0.345776,0][1.32014,-1.32755,0.617067][0.876356,-0.481479,0.0133529][0.469354,0.323371,0][1.27226,-1.22037,0.15885][0.903044,-0.376169,-0.207384][0.400101,0.304866,0][1.2097,-1.47892,0.527401][0.78756,-0.615777,-0.0238206][0.470685,0.28986,0][1.27226,-1.22037,0.15885][0.903044,-0.376169,-0.207384][0.400101,0.304866,0][1.32014,-1.32755,0.617067][0.876356,-0.481479,0.0133529][0.469354,0.323371,0][1.32014,-1.32755,0.617067][0.876356,-0.481479,0.0133529][0.469354,0.323371,0][1.35849,-1.00451,0.21565][0.953276,-0.210771,-0.216427][0.395514,0.345776,0][1.41505,-1.11639,0.689721][0.952141,-0.293518,0.0852963][0.465868,0.36441,0][1.35849,-1.00451,0.21565][0.953276,-0.210771,-0.216427][0.395514,0.345776,0][1.46535,-0.816143,0.735544][0.984766,-0.058797,0.163644][0.459246,0.412758,0][1.41505,-1.11639,0.689721][0.952141,-0.293518,0.0852963][0.465868,0.36441,0][1.00163,-1.61748,-0.0253659][0.741596,-0.647342,-0.176022][0.408506,0.223635,0][0.951077,-1.45941,-0.482227][0.848743,-0.460604,-0.259767][0.33374,0.222488,0][1.09875,-1.51167,0.0363004][0.794401,-0.574144,-0.198207][0.406586,0.247152,0][0.951077,-1.45941,-0.482227][0.848743,-0.460604,-0.259767][0.33374,0.222488,0][1.00163,-1.61748,-0.0253659][0.741596,-0.647342,-0.176022][0.408506,0.223635,0][0.904002,-1.54393,-0.497125][0.8552,-0.466622,-0.225605][0.3378,0.206661,0][1.18833,-1.38396,0.107156][0.843997,-0.496881,-0.201938][0.405168,0.273822,0][1.09499,-1.59426,0.43441][0.699173,-0.71432,-0.0300641][0.470762,0.261565,0][1.09875,-1.51167,0.0363004][0.794401,-0.574144,-0.198207][0.406586,0.247152,0][1.09499,-1.59426,0.43441][0.699173,-0.71432,-0.0300641][0.470762,0.261565,0][1.18833,-1.38396,0.107156][0.843997,-0.496881,-0.201938][0.405168,0.273822,0][1.2097,-1.47892,0.527401][0.78756,-0.615777,-0.0238206][0.470685,0.28986,0][1.09875,-1.51167,0.0363004][0.794401,-0.574144,-0.198207][0.406586,0.247152,0][0.976042,-1.68893,0.34492][0.60998,-0.79203,-0.0247582][0.470552,0.236092,0][1.00163,-1.61748,-0.0253659][0.741596,-0.647342,-0.176022][0.408506,0.223635,0][0.976042,-1.68893,0.34492][0.60998,-0.79203,-0.0247582][0.470552,0.236092,0][1.09875,-1.51167,0.0363004][0.794401,-0.574144,-0.198207][0.406586,0.247152,0][1.09499,-1.59426,0.43441][0.699173,-0.71432,-0.0300641][0.470762,0.261565,0][0.895637,-1.71058,-0.0677216][0.653966,-0.744559,-0.134014][0.412986,0.202169,0][0.904002,-1.54393,-0.497125][0.8552,-0.466622,-0.225605][0.3378,0.206661,0][1.00163,-1.61748,-0.0253659][0.741596,-0.647342,-0.176022][0.408506,0.223635,0][0.904002,-1.54393,-0.497125][0.8552,-0.466622,-0.225605][0.3378,0.206661,0][0.895637,-1.71058,-0.0677216][0.653966,-0.744559,-0.134014][0.412986,0.202169,0][0.84828,-1.63996,-0.496215][0.788443,-0.587456,-0.182355][0.345238,0.189346,0][1.00163,-1.61748,-0.0253659][0.741596,-0.647342,-0.176022][0.408506,0.223635,0][0.976042,-1.68893,0.34492][0.60998,-0.79203,-0.0247582][0.470552,0.236092,0][0.852552,-1.76752,0.266665][0.520489,-0.853709,-0.0165011][0.47125,0.212868,0][0.852552,-1.76752,0.266665][0.520489,-0.853709,-0.0165011][0.47125,0.212868,0][0.895637,-1.71058,-0.0677216][0.653966,-0.744559,-0.134014][0.412986,0.202169,0][1.00163,-1.61748,-0.0253659][0.741596,-0.647342,-0.176022][0.408506,0.223635,0][1.09499,-1.59426,0.43441][0.699173,-0.71432,-0.0300641][0.470762,0.261565,0][0.849773,-1.75012,0.631103][0.462656,-0.876274,0.134513][0.527605,0.246975,0][0.976042,-1.68893,0.34492][0.60998,-0.79203,-0.0247582][0.470552,0.236092,0][0.976042,-1.68893,0.34492][0.60998,-0.79203,-0.0247582][0.470552,0.236092,0][0.732701,-1.81586,0.519156][0.397076,-0.912822,0.0953235][0.523141,0.220991,0][0.852552,-1.76752,0.266665][0.520489,-0.853709,-0.0165011][0.47125,0.212868,0][0.976042,-1.68893,0.34492][0.60998,-0.79203,-0.0247582][0.470552,0.236092,0][0.849773,-1.75012,0.631103][0.462656,-0.876274,0.134513][0.527605,0.246975,0][0.732701,-1.81586,0.519156][0.397076,-0.912822,0.0953235][0.523141,0.220991,0][1.09499,-1.59426,0.43441][0.699173,-0.71432,-0.0300641][0.470762,0.261565,0][0.968642,-1.66537,0.745485][0.535941,-0.822352,0.191064][0.530798,0.275177,0][0.849773,-1.75012,0.631103][0.462656,-0.876274,0.134513][0.527605,0.246975,0][1.2097,-1.47892,0.527401][0.78756,-0.615777,-0.0238206][0.470685,0.28986,0][0.968642,-1.66537,0.745485][0.535941,-0.822352,0.191064][0.530798,0.275177,0][1.09499,-1.59426,0.43441][0.699173,-0.71432,-0.0300641][0.470762,0.261565,0][0.895637,-1.71058,-0.0677216][0.653966,-0.744559,-0.134014][0.412986,0.202169,0][0.852552,-1.76752,0.266665][0.520489,-0.853709,-0.0165011][0.47125,0.212868,0][0.726645,-1.83094,0.210176][0.427449,-0.903974,-0.0109042][0.47455,0.192255,0][1.2097,-1.47892,0.527401][0.78756,-0.615777,-0.0238206][0.470685,0.28986,0][1.0793,-1.56146,0.852556][0.618179,-0.737579,0.271721][0.532215,0.304319,0][0.968642,-1.66537,0.745485][0.535941,-0.822352,0.191064][0.530798,0.275177,0][1.0793,-1.56146,0.852556][0.618179,-0.737579,0.271721][0.532215,0.304319,0][1.2097,-1.47892,0.527401][0.78756,-0.615777,-0.0238206][0.470685,0.28986,0][1.32014,-1.32755,0.617067][0.876356,-0.481479,0.0133529][0.469354,0.323371,0][1.32014,-1.32755,0.617067][0.876356,-0.481479,0.0133529][0.469354,0.323371,0][1.18581,-1.41576,0.958017][0.714254,-0.582778,0.38757][0.531476,0.338103,0][1.0793,-1.56146,0.852556][0.618179,-0.737579,0.271721][0.532215,0.304319,0][1.18581,-1.41576,0.958017][0.714254,-0.582778,0.38757][0.531476,0.338103,0][1.32014,-1.32755,0.617067][0.876356,-0.481479,0.0133529][0.469354,0.323371,0][1.41505,-1.11639,0.689721][0.952141,-0.293518,0.0852963][0.465868,0.36441,0][1.0793,-1.56146,0.852556][0.618179,-0.737579,0.271721][0.532215,0.304319,0][0.731707,-1.70196,0.992884][0.367526,-0.841175,0.396673][0.589199,0.286509,0][0.968642,-1.66537,0.745485][0.535941,-0.822352,0.191064][0.530798,0.275177,0][1.18581,-1.41576,0.958017][0.714254,-0.582778,0.38757][0.531476,0.338103,0][0.802291,-1.60563,1.10593][0.407616,-0.753806,0.515388][0.593008,0.314551,0][1.0793,-1.56146,0.852556][0.618179,-0.737579,0.271721][0.532215,0.304319,0][0.731707,-1.70196,0.992884][0.367526,-0.841175,0.396673][0.589199,0.286509,0][1.0793,-1.56146,0.852556][0.618179,-0.737579,0.271721][0.532215,0.304319,0][0.802291,-1.60563,1.10593][0.407616,-0.753806,0.515388][0.593008,0.314551,0][1.41505,-1.11639,0.689721][0.952141,-0.293518,0.0852963][0.465868,0.36441,0][1.26886,-1.18975,1.05814][0.791201,-0.343999,0.505635][0.527754,0.379996,0][1.18581,-1.41576,0.958017][0.714254,-0.582778,0.38757][0.531476,0.338103,0][1.46535,-0.816143,0.735544][0.984766,-0.058797,0.163644][0.459246,0.412758,0][1.26886,-1.18975,1.05814][0.791201,-0.343999,0.505635][0.527754,0.379996,0][1.41505,-1.11639,0.689721][0.952141,-0.293518,0.0852963][0.465868,0.36441,0][0.635596,-1.7907,0.853996][0.324863,-0.90071,0.288419][0.582838,0.254266,0][0.968642,-1.66537,0.745485][0.535941,-0.822352,0.191064][0.530798,0.275177,0][0.731707,-1.70196,0.992884][0.367526,-0.841175,0.396673][0.589199,0.286509,0][0.968642,-1.66537,0.745485][0.535941,-0.822352,0.191064][0.530798,0.275177,0][0.635596,-1.7907,0.853996][0.324863,-0.90071,0.288419][0.582838,0.254266,0][0.849773,-1.75012,0.631103][0.462656,-0.876274,0.134513][0.527605,0.246975,0][1.26886,-1.18975,1.05814][0.791201,-0.343999,0.505635][0.527754,0.379996,0][1.46535,-0.816143,0.735544][0.984766,-0.058797,0.163644][0.459246,0.412758,0][1.28961,-0.865464,1.13281][0.819602,-0.0884496,0.566064][0.520189,0.428614,0][1.46535,-0.816143,0.735544][0.984766,-0.058797,0.163644][0.459246,0.412758,0][1.23766,-0.49657,1.17101][0.816854,0.105044,0.567199][0.509897,0.477608,0][1.28961,-0.865464,1.13281][0.819602,-0.0884496,0.566064][0.520189,0.428614,0][0.915678,-0.539259,1.51157][0.582113,0.0194127,0.812876][0.574441,0.495799,0][1.28961,-0.865464,1.13281][0.819602,-0.0884496,0.566064][0.520189,0.428614,0][1.23766,-0.49657,1.17101][0.816854,0.105044,0.567199][0.509897,0.477608,0][1.28961,-0.865464,1.13281][0.819602,-0.0884496,0.566064][0.520189,0.428614,0][0.915678,-0.539259,1.51157][0.582113,0.0194127,0.812876][0.574441,0.495799,0][0.940564,-0.90612,1.45133][0.561283,-0.178079,0.808238][0.586069,0.442317,0][1.28961,-0.865464,1.13281][0.819602,-0.0884496,0.566064][0.520189,0.428614,0][0.940564,-0.90612,1.45133][0.561283,-0.178079,0.808238][0.586069,0.442317,0][1.26886,-1.18975,1.05814][0.791201,-0.343999,0.505635][0.527754,0.379996,0][0.484516,-0.578762,1.72183][0.294676,-0.0437811,0.954594][0.651993,0.516172,0][0.940564,-0.90612,1.45133][0.561283,-0.178079,0.808238][0.586069,0.442317,0][0.915678,-0.539259,1.51157][0.582113,0.0194127,0.812876][0.574441,0.495799,0][0.544089,-1.85343,0.713818][0.284224,-0.937774,0.199491][0.573273,0.224523,0][0.849773,-1.75012,0.631103][0.462656,-0.876274,0.134513][0.527605,0.246975,0][0.635596,-1.7907,0.853996][0.324863,-0.90071,0.288419][0.582838,0.254266,0][0.849773,-1.75012,0.631103][0.462656,-0.876274,0.134513][0.527605,0.246975,0][0.544089,-1.85343,0.713818][0.284224,-0.937774,0.199491][0.573273,0.224523,0][0.732701,-1.81586,0.519156][0.397076,-0.912822,0.0953235][0.523141,0.220991,0][0.940564,-0.90612,1.45133][0.561283,-0.178079,0.808238][0.586069,0.442317,0][0.484516,-0.578762,1.72183][0.294676,-0.0437811,0.954594][0.651993,0.516172,0][0.498071,-0.957609,1.65579][0.288708,-0.250406,0.924091][0.665151,0.44978,0][-1.47811e-08,-0.57457,1.79155][1.21618e-08,-0.0599067,0.998204][0.749209,0.548178,0][0.498071,-0.957609,1.65579][0.288708,-0.250406,0.924091][0.665151,0.44978,0][0.484516,-0.578762,1.72183][0.294676,-0.0437811,0.954594][0.651993,0.516172,0][0.498071,-0.957609,1.65579][0.288708,-0.250406,0.924091][0.665151,0.44978,0][-1.47811e-08,-0.57457,1.79155][1.21618e-08,-0.0599067,0.998204][0.749209,0.548178,0][-1.47811e-08,-1.01197,1.71713][9.7503e-09,-0.280279,0.959919][0.766352,0.447795,0][0.498071,-0.957609,1.65579][0.288708,-0.250406,0.924091][0.665151,0.44978,0][0.926547,-1.23933,1.34542][0.517009,-0.395929,0.758909][0.592704,0.389869,0][0.940564,-0.90612,1.45133][0.561283,-0.178079,0.808238][0.586069,0.442317,0][0.940564,-0.90612,1.45133][0.561283,-0.178079,0.808238][0.586069,0.442317,0][0.926547,-1.23933,1.34542][0.517009,-0.395929,0.758909][0.592704,0.389869,0][1.26886,-1.18975,1.05814][0.791201,-0.343999,0.505635][0.527754,0.379996,0][0.926547,-1.23933,1.34542][0.517009,-0.395929,0.758909][0.592704,0.389869,0][1.18581,-1.41576,0.958017][0.714254,-0.582778,0.38757][0.531476,0.338103,0][1.26886,-1.18975,1.05814][0.791201,-0.343999,0.505635][0.527754,0.379996,0][-1.47811e-08,-1.01197,1.71713][9.7503e-09,-0.280279,0.959919][0.766352,0.447795,0][0.475926,-1.28018,1.52716][0.270215,-0.442079,0.855307][0.668294,0.389539,0][0.498071,-0.957609,1.65579][0.288708,-0.250406,0.924091][0.665151,0.44978,0][0.926547,-1.23933,1.34542][0.517009,-0.395929,0.758909][0.592704,0.389869,0][0.498071,-0.957609,1.65579][0.288708,-0.250406,0.924091][0.665151,0.44978,0][0.475926,-1.28018,1.52716][0.270215,-0.442079,0.855307][0.668294,0.389539,0][0.475926,-1.28018,1.52716][0.270215,-0.442079,0.855307][0.668294,0.389539,0][-1.47811e-08,-1.01197,1.71713][9.7503e-09,-0.280279,0.959919][0.766352,0.447795,0][-1.47811e-08,-1.32408,1.58835][-2.43241e-09,-0.465185,0.885213][0.760515,0.372747,0][1.18581,-1.41576,0.958017][0.714254,-0.582778,0.38757][0.531476,0.338103,0][0.926547,-1.23933,1.34542][0.517009,-0.395929,0.758909][0.592704,0.389869,0][0.871602,-1.46934,1.22242][0.460518,-0.607351,0.647339][0.594589,0.3469,0][0.475926,-1.28018,1.52716][0.270215,-0.442079,0.855307][0.668294,0.389539,0][0.871602,-1.46934,1.22242][0.460518,-0.607351,0.647339][0.594589,0.3469,0][0.926547,-1.23933,1.34542][0.517009,-0.395929,0.758909][0.592704,0.389869,0][0.802291,-1.60563,1.10593][0.407616,-0.753806,0.515388][0.593008,0.314551,0][1.18581,-1.41576,0.958017][0.714254,-0.582778,0.38757][0.531476,0.338103,0][0.871602,-1.46934,1.22242][0.460518,-0.607351,0.647339][0.594589,0.3469,0][-1.47811e-08,-1.32408,1.58835][-2.43241e-09,-0.465185,0.885213][0.760515,0.372747,0][0.441995,-1.49496,1.39297][0.246473,-0.604018,0.7579][0.66527,0.34459,0][0.475926,-1.28018,1.52716][0.270215,-0.442079,0.855307][0.668294,0.389539,0][0.871602,-1.46934,1.22242][0.460518,-0.607351,0.647339][0.594589,0.3469,0][0.475926,-1.28018,1.52716][0.270215,-0.442079,0.855307][0.668294,0.389539,0][0.441995,-1.49496,1.39297][0.246473,-0.604018,0.7579][0.66527,0.34459,0][0.802291,-1.60563,1.10593][0.407616,-0.753806,0.515388][0.593008,0.314551,0][0.871602,-1.46934,1.22242][0.460518,-0.607351,0.647339][0.594589,0.3469,0][0.441995,-1.49496,1.39297][0.246473,-0.604018,0.7579][0.66527,0.34459,0][0.441995,-1.49496,1.39297][0.246473,-0.604018,0.7579][0.66527,0.34459,0][-1.47811e-08,-1.32408,1.58835][-2.43241e-09,-0.465185,0.885213][0.760515,0.372747,0][-1.47811e-08,-1.4984,1.47697][-9.69588e-09,-0.60241,0.798187][0.749526,0.329428,0][-1.47811e-08,-1.4984,1.47697][-9.69588e-09,-0.60241,0.798187][0.749526,0.329428,0][0.408074,-1.6294,1.27521][0.225781,-0.726649,0.648849][0.659984,0.31165,0][0.441995,-1.49496,1.39297][0.246473,-0.604018,0.7579][0.66527,0.34459,0][0.408074,-1.6294,1.27521][0.225781,-0.726649,0.648849][0.659984,0.31165,0][0.802291,-1.60563,1.10593][0.407616,-0.753806,0.515388][0.593008,0.314551,0][0.441995,-1.49496,1.39297][0.246473,-0.604018,0.7579][0.66527,0.34459,0][0.408074,-1.6294,1.27521][0.225781,-0.726649,0.648849][0.659984,0.31165,0][-1.47811e-08,-1.4984,1.47697][-9.69588e-09,-0.60241,0.798187][0.749526,0.329428,0][-1.47811e-08,-1.59736,1.39357][-8.66083e-17,-0.707211,0.707003][0.740953,0.303109,0][-1.47811e-08,-1.69862,1.28373][-9.65999e-09,-0.796295,0.604909][0.728002,0.27283,0][0.408074,-1.6294,1.27521][0.225781,-0.726649,0.648849][0.659984,0.31165,0][-1.47811e-08,-1.59736,1.39357][-8.66083e-17,-0.707211,0.707003][0.740953,0.303109,0][0.378055,-1.72646,1.15933][0.21114,-0.817614,0.535656][0.65217,0.283391,0][0.802291,-1.60563,1.10593][0.407616,-0.753806,0.515388][0.593008,0.314551,0][0.408074,-1.6294,1.27521][0.225781,-0.726649,0.648849][0.659984,0.31165,0][0.408074,-1.6294,1.27521][0.225781,-0.726649,0.648849][0.659984,0.31165,0][-1.47811e-08,-1.69862,1.28373][-9.65999e-09,-0.796295,0.604909][0.728002,0.27283,0][0.378055,-1.72646,1.15933][0.21114,-0.817614,0.535656][0.65217,0.283391,0][0.802291,-1.60563,1.10593][0.407616,-0.753806,0.515388][0.593008,0.314551,0][0.378055,-1.72646,1.15933][0.21114,-0.817614,0.535656][0.65217,0.283391,0][0.731707,-1.70196,0.992884][0.367526,-0.841175,0.396673][0.589199,0.286509,0][-1.47811e-08,-1.77927,1.16797][-7.22781e-09,-0.870939,0.491392][0.713109,0.245057,0][0.378055,-1.72646,1.15933][0.21114,-0.817614,0.535656][0.65217,0.283391,0][-1.47811e-08,-1.69862,1.28373][-9.65999e-09,-0.796295,0.604909][0.728002,0.27283,0][0.339694,-1.8068,1.0314][0.191619,-0.888138,0.417723][0.642206,0.254532,0][0.731707,-1.70196,0.992884][0.367526,-0.841175,0.396673][0.589199,0.286509,0][0.378055,-1.72646,1.15933][0.21114,-0.817614,0.535656][0.65217,0.283391,0][0.378055,-1.72646,1.15933][0.21114,-0.817614,0.535656][0.65217,0.283391,0][-1.47811e-08,-1.77927,1.16797][-7.22781e-09,-0.870939,0.491392][0.713109,0.245057,0][0.339694,-1.8068,1.0314][0.191619,-0.888138,0.417723][0.642206,0.254532,0][0.731707,-1.70196,0.992884][0.367526,-0.841175,0.396673][0.589199,0.286509,0][0.339694,-1.8068,1.0314][0.191619,-0.888138,0.417723][0.642206,0.254532,0][0.635596,-1.7907,0.853996][0.324863,-0.90071,0.288419][0.582838,0.254266,0][-1.47811e-08,-1.84741,1.03476][7.20923e-09,-0.928644,0.370972][0.694463,0.216654,0][0.339694,-1.8068,1.0314][0.191619,-0.888138,0.417723][0.642206,0.254532,0][-1.47811e-08,-1.77927,1.16797][-7.22781e-09,-0.870939,0.491392][0.713109,0.245057,0][0.298148,-1.87021,0.887859][0.16772,-0.938697,0.301196][0.628397,0.224825,0][0.635596,-1.7907,0.853996][0.324863,-0.90071,0.288419][0.582838,0.254266,0][0.339694,-1.8068,1.0314][0.191619,-0.888138,0.417723][0.642206,0.254532,0][0.339694,-1.8068,1.0314][0.191619,-0.888138,0.417723][0.642206,0.254532,0][-1.47811e-08,-1.84741,1.03476][7.20923e-09,-0.928644,0.370972][0.694463,0.216654,0][0.298148,-1.87021,0.887859][0.16772,-0.938697,0.301196][0.628397,0.224825,0][0.635596,-1.7907,0.853996][0.324863,-0.90071,0.288419][0.582838,0.254266,0][0.298148,-1.87021,0.887859][0.16772,-0.938697,0.301196][0.628397,0.224825,0][0.544089,-1.85343,0.713818][0.284224,-0.937774,0.199491][0.573273,0.224523,0][-1.47811e-08,-1.90615,0.862808][-1.18574e-16,-0.968228,0.250069][0.668021,0.183855,0][0.298148,-1.87021,0.887859][0.16772,-0.938697,0.301196][0.628397,0.224825,0][-1.47811e-08,-1.84741,1.03476][7.20923e-09,-0.928644,0.370972][0.694463,0.216654,0][0.298148,-1.87021,0.887859][0.16772,-0.938697,0.301196][0.628397,0.224825,0][-1.47811e-08,-1.90615,0.862808][-1.18574e-16,-0.968228,0.250069][0.668021,0.183855,0][0.25825,-1.91794,0.719669][0.143261,-0.970288,0.194979][0.608107,0.19369,0][0.25825,-1.91794,0.719669][0.143261,-0.970288,0.194979][0.608107,0.19369,0][0.544089,-1.85343,0.713818][0.284224,-0.937774,0.199491][0.573273,0.224523,0][0.298148,-1.87021,0.887859][0.16772,-0.938697,0.301196][0.628397,0.224825,0][-1.47811e-08,-1.94784,0.659436][7.15966e-09,-0.989855,0.142084][0.633505,0.149531,0][0.25825,-1.91794,0.719669][0.143261,-0.970288,0.194979][0.608107,0.19369,0][-1.47811e-08,-1.90615,0.862808][-1.18574e-16,-0.968228,0.250069][0.668021,0.183855,0][0.544089,-1.85343,0.713818][0.284224,-0.937774,0.199491][0.573273,0.224523,0][0.25825,-1.91794,0.719669][0.143261,-0.970288,0.194979][0.608107,0.19369,0][0.472099,-1.89503,0.573127][0.248479,-0.959624,0.131833][0.559428,0.19835,0][0.25825,-1.91794,0.719669][0.143261,-0.970288,0.194979][0.608107,0.19369,0][-1.47811e-08,-1.94784,0.659436][7.15966e-09,-0.989855,0.142084][0.633505,0.149531,0][0.23425,-1.94782,0.527838][0.125886,-0.98658,0.103988][0.579126,0.164173,0][0.23425,-1.94782,0.527838][0.125886,-0.98658,0.103988][0.579126,0.164173,0][0.472099,-1.89503,0.573127][0.248479,-0.959624,0.131833][0.559428,0.19835,0][0.25825,-1.91794,0.719669][0.143261,-0.970288,0.194979][0.608107,0.19369,0][0.472099,-1.89503,0.573127][0.248479,-0.959624,0.131833][0.559428,0.19835,0][0.732701,-1.81586,0.519156][0.397076,-0.912822,0.0953235][0.523141,0.220991,0][0.544089,-1.85343,0.713818][0.284224,-0.937774,0.199491][0.573273,0.224523,0][-1.47811e-08,-1.97307,0.40332][1.90634e-08,-0.998659,0.0517621][0.586495,0.112702,0][0.23425,-1.94782,0.527838][0.125886,-0.98658,0.103988][0.579126,0.164173,0][-1.47811e-08,-1.94784,0.659436][7.15966e-09,-0.989855,0.142084][0.633505,0.149531,0][0.732701,-1.81586,0.519156][0.397076,-0.912822,0.0953235][0.523141,0.220991,0][0.472099,-1.89503,0.573127][0.248479,-0.959624,0.131833][0.559428,0.19835,0][0.630801,-1.86248,0.421196][0.34172,-0.937299,0.068544][0.518172,0.199131,0][0.852552,-1.76752,0.266665][0.520489,-0.853709,-0.0165011][0.47125,0.212868,0][0.732701,-1.81586,0.519156][0.397076,-0.912822,0.0953235][0.523141,0.220991,0][0.630801,-1.86248,0.421196][0.34172,-0.937299,0.068544][0.518172,0.199131,0][0.472099,-1.89503,0.573127][0.248479,-0.959624,0.131833][0.559428,0.19835,0][0.23425,-1.94782,0.527838][0.125886,-0.98658,0.103988][0.579126,0.164173,0][0.431781,-1.91939,0.422351][0.222956,-0.972227,0.0711757][0.538906,0.176156,0][0.431781,-1.91939,0.422351][0.222956,-0.972227,0.0711757][0.538906,0.176156,0][0.630801,-1.86248,0.421196][0.34172,-0.937299,0.068544][0.518172,0.199131,0][0.472099,-1.89503,0.573127][0.248479,-0.959624,0.131833][0.559428,0.19835,0][0.23425,-1.94782,0.527838][0.125886,-0.98658,0.103988][0.579126,0.164173,0][-1.47811e-08,-1.97307,0.40332][1.90634e-08,-0.998659,0.0517621][0.586495,0.112702,0][0.233471,-1.96191,0.292388][0.120293,-0.992361,0.0273741][0.537621,0.136882,0][0.233471,-1.96191,0.292388][0.120293,-0.992361,0.0273741][0.537621,0.136882,0][0.431781,-1.91939,0.422351][0.222956,-0.972227,0.0711757][0.538906,0.176156,0][0.23425,-1.94782,0.527838][0.125886,-0.98658,0.103988][0.579126,0.164173,0][-1.47811e-08,-1.97307,0.40332][1.90634e-08,-0.998659,0.0517621][0.586495,0.112702,0][-1.47811e-08,-1.97641,0.00112304][2.7352e-08,-0.99994,-0.0109256][0.509656,0.0677454,0][0.233471,-1.96191,0.292388][0.120293,-0.992361,0.0273741][0.537621,0.136882,0][0.852552,-1.76752,0.266665][0.520489,-0.853709,-0.0165011][0.47125,0.212868,0][0.630801,-1.86248,0.421196][0.34172,-0.937299,0.068544][0.518172,0.199131,0][0.726645,-1.83094,0.210176][0.427449,-0.903974,-0.0109042][0.47455,0.192255,0][0.630801,-1.86248,0.421196][0.34172,-0.937299,0.068544][0.518172,0.199131,0][0.431781,-1.91939,0.422351][0.222956,-0.972227,0.0711757][0.538906,0.176156,0][0.558099,-1.89022,0.349593][0.295063,-0.95443,0.0447447][0.513775,0.183658,0][0.726645,-1.83094,0.210176][0.427449,-0.903974,-0.0109042][0.47455,0.192255,0][0.630801,-1.86248,0.421196][0.34172,-0.937299,0.068544][0.518172,0.199131,0][0.558099,-1.89022,0.349593][0.295063,-0.95443,0.0447447][0.513775,0.183658,0][0.431781,-1.91939,0.422351][0.222956,-0.972227,0.0711757][0.538906,0.176156,0][0.233471,-1.96191,0.292388][0.120293,-0.992361,0.0273741][0.537621,0.136882,0][0.439968,-1.92597,0.221228][0.225332,-0.974252,0.00758533][0.50388,0.157349,0][0.439968,-1.92597,0.221228][0.225332,-0.974252,0.00758533][0.50388,0.157349,0][0.558099,-1.89022,0.349593][0.295063,-0.95443,0.0447447][0.513775,0.183658,0][0.431781,-1.91939,0.422351][0.222956,-0.972227,0.0711757][0.538906,0.176156,0][0.235895,-1.95998,-0.0419466][0.125579,-0.991931,-0.017428][0.476792,0.107016,0][0.233471,-1.96191,0.292388][0.120293,-0.992361,0.0273741][0.537621,0.136882,0][-1.47811e-08,-1.97641,0.00112304][2.7352e-08,-0.99994,-0.0109256][0.509656,0.0677454,0][0.235895,-1.95998,-0.0419466][0.125579,-0.991931,-0.017428][0.476792,0.107016,0][0.439968,-1.92597,0.221228][0.225332,-0.974252,0.00758533][0.50388,0.157349,0][0.233471,-1.96191,0.292388][0.120293,-0.992361,0.0273741][0.537621,0.136882,0][-1.47811e-08,-1.96581,-0.431978][-1.30709e-08,-0.999705,-0.0243048][0.421468,0.0297039,0][0.235895,-1.95998,-0.0419466][0.125579,-0.991931,-0.017428][0.476792,0.107016,0][-1.47811e-08,-1.97641,0.00112304][2.7352e-08,-0.99994,-0.0109256][0.509656,0.0677454,0][0.558099,-1.89022,0.349593][0.295063,-0.95443,0.0447447][0.513775,0.183658,0][0.439968,-1.92597,0.221228][0.225332,-0.974252,0.00758533][0.50388,0.157349,0][0.597847,-1.88141,0.187278][0.327033,-0.944987,-0.00704995][0.483025,0.174344,0][0.726645,-1.83094,0.210176][0.427449,-0.903974,-0.0109042][0.47455,0.192255,0][0.558099,-1.89022,0.349593][0.295063,-0.95443,0.0447447][0.513775,0.183658,0][0.597847,-1.88141,0.187278][0.327033,-0.944987,-0.00704995][0.483025,0.174344,0][0.451069,-1.91695,-0.0719332][0.244779,-0.969183,-0.0277064][0.45192,0.136822,0][0.439968,-1.92597,0.221228][0.225332,-0.974252,0.00758533][0.50388,0.157349,0][0.235895,-1.95998,-0.0419466][0.125579,-0.991931,-0.017428][0.476792,0.107016,0][0.451069,-1.91695,-0.0719332][0.244779,-0.969183,-0.0277064][0.45192,0.136822,0][0.597847,-1.88141,0.187278][0.327033,-0.944987,-0.00704995][0.483025,0.174344,0][0.439968,-1.92597,0.221228][0.225332,-0.974252,0.00758533][0.50388,0.157349,0][0.235972,-1.94796,-0.43518][0.131745,-0.991032,-0.0223377][0.402737,0.07989,0][0.235895,-1.95998,-0.0419466][0.125579,-0.991931,-0.017428][0.476792,0.107016,0][-1.47811e-08,-1.96581,-0.431978][-1.30709e-08,-0.999705,-0.0243048][0.421468,0.0297039,0][0.235972,-1.94796,-0.43518][0.131745,-0.991032,-0.0223377][0.402737,0.07989,0][0.451069,-1.91695,-0.0719332][0.244779,-0.969183,-0.0277064][0.45192,0.136822,0][0.235895,-1.95998,-0.0419466][0.125579,-0.991931,-0.017428][0.476792,0.107016,0][0.624087,-1.8624,-0.0848215][0.373185,-0.926538,-0.0475427][0.434822,0.160213,0][0.726645,-1.83094,0.210176][0.427449,-0.903974,-0.0109042][0.47455,0.192255,0][0.597847,-1.88141,0.187278][0.327033,-0.944987,-0.00704995][0.483025,0.174344,0][0.597847,-1.88141,0.187278][0.327033,-0.944987,-0.00704995][0.483025,0.174344,0][0.451069,-1.91695,-0.0719332][0.244779,-0.969183,-0.0277064][0.45192,0.136822,0][0.624087,-1.8624,-0.0848215][0.373185,-0.926538,-0.0475427][0.434822,0.160213,0][0.726645,-1.83094,0.210176][0.427449,-0.903974,-0.0109042][0.47455,0.192255,0][0.624087,-1.8624,-0.0848215][0.373185,-0.926538,-0.0475427][0.434822,0.160213,0][0.769552,-1.79514,-0.0845918][0.520763,-0.849426,-0.0853289][0.422189,0.181095,0][0.895637,-1.71058,-0.0677216][0.653966,-0.744559,-0.134014][0.412986,0.202169,0][0.726645,-1.83094,0.210176][0.427449,-0.903974,-0.0109042][0.47455,0.192255,0][0.769552,-1.79514,-0.0845918][0.520763,-0.849426,-0.0853289][0.422189,0.181095,0][0.451069,-1.91695,-0.0719332][0.244779,-0.969183,-0.0277064][0.45192,0.136822,0][0.623693,-1.84446,-0.408182][0.440564,-0.89559,-0.0618247][0.379741,0.146377,0][0.624087,-1.8624,-0.0848215][0.373185,-0.926538,-0.0475427][0.434822,0.160213,0][0.623693,-1.84446,-0.408182][0.440564,-0.89559,-0.0618247][0.379741,0.146377,0][0.769552,-1.79514,-0.0845918][0.520763,-0.849426,-0.0853289][0.422189,0.181095,0][0.624087,-1.8624,-0.0848215][0.373185,-0.926538,-0.0475427][0.434822,0.160213,0][0.752435,-1.75912,-0.442612][0.626691,-0.769177,-0.124999][0.363726,0.167857,0][0.895637,-1.71058,-0.0677216][0.653966,-0.744559,-0.134014][0.412986,0.202169,0][0.769552,-1.79514,-0.0845918][0.520763,-0.849426,-0.0853289][0.422189,0.181095,0][0.769552,-1.79514,-0.0845918][0.520763,-0.849426,-0.0853289][0.422189,0.181095,0][0.623693,-1.84446,-0.408182][0.440564,-0.89559,-0.0618247][0.379741,0.146377,0][0.752435,-1.75912,-0.442612][0.626691,-0.769177,-0.124999][0.363726,0.167857,0][0.895637,-1.71058,-0.0677216][0.653966,-0.744559,-0.134014][0.412986,0.202169,0][0.752435,-1.75912,-0.442612][0.626691,-0.769177,-0.124999][0.363726,0.167857,0][0.84828,-1.63996,-0.496215][0.788443,-0.587456,-0.182355][0.345238,0.189346,0][0.623693,-1.84446,-0.408182][0.440564,-0.89559,-0.0618247][0.379741,0.146377,0][0.451069,-1.91695,-0.0719332][0.244779,-0.969183,-0.0277064][0.45192,0.136822,0][0.456916,-1.90568,-0.425614][0.281705,-0.9591,-0.027727][0.388887,0.118493,0][0.451069,-1.91695,-0.0719332][0.244779,-0.969183,-0.0277064][0.45192,0.136822,0][0.235972,-1.94796,-0.43518][0.131745,-0.991032,-0.0223377][0.402737,0.07989,0][0.456916,-1.90568,-0.425614][0.281705,-0.9591,-0.027727][0.388887,0.118493,0][0.6207,-1.82619,-0.668197][0.510553,-0.85574,-0.0839404][0.33574,0.137433,0][0.752435,-1.75912,-0.442612][0.626691,-0.769177,-0.124999][0.363726,0.167857,0][0.623693,-1.84446,-0.408182][0.440564,-0.89559,-0.0618247][0.379741,0.146377,0][0.456916,-1.90568,-0.425614][0.281705,-0.9591,-0.027727][0.388887,0.118493,0][0.6207,-1.82619,-0.668197][0.510553,-0.85574,-0.0839404][0.33574,0.137433,0][0.623693,-1.84446,-0.408182][0.440564,-0.89559,-0.0618247][0.379741,0.146377,0][0.717162,-1.73526,-0.776807][0.692801,-0.703095,-0.160264][0.310801,0.153909,0][0.84828,-1.63996,-0.496215][0.788443,-0.587456,-0.182355][0.345238,0.189346,0][0.752435,-1.75912,-0.442612][0.626691,-0.769177,-0.124999][0.363726,0.167857,0][0.752435,-1.75912,-0.442612][0.626691,-0.769177,-0.124999][0.363726,0.167857,0][0.6207,-1.82619,-0.668197][0.510553,-0.85574,-0.0839404][0.33574,0.137433,0][0.717162,-1.73526,-0.776807][0.692801,-0.703095,-0.160264][0.310801,0.153909,0][0.84828,-1.63996,-0.496215][0.788443,-0.587456,-0.182355][0.345238,0.189346,0][0.717162,-1.73526,-0.776807][0.692801,-0.703095,-0.160264][0.310801,0.153909,0][0.803287,-1.5444,-0.992923][0.802863,-0.557408,-0.211441][0.265673,0.176158,0][0.456916,-1.90568,-0.425614][0.281705,-0.9591,-0.027727][0.388887,0.118493,0][0.502317,-1.88296,-0.792627][0.401814,-0.91108,-0.0920752][0.320993,0.110625,0][0.6207,-1.82619,-0.668197][0.510553,-0.85574,-0.0839404][0.33574,0.137433,0][0.235972,-1.94796,-0.43518][0.131745,-0.991032,-0.0223377][0.402737,0.07989,0][0.502317,-1.88296,-0.792627][0.401814,-0.91108,-0.0920752][0.320993,0.110625,0][0.456916,-1.90568,-0.425614][0.281705,-0.9591,-0.027727][0.388887,0.118493,0][0.502317,-1.88296,-0.792627][0.401814,-0.91108,-0.0920752][0.320993,0.110625,0][0.717162,-1.73526,-0.776807][0.692801,-0.703095,-0.160264][0.310801,0.153909,0][0.6207,-1.82619,-0.668197][0.510553,-0.85574,-0.0839404][0.33574,0.137433,0][0.803287,-1.5444,-0.992923][0.802863,-0.557408,-0.211441][0.265673,0.176158,0][0.717162,-1.73526,-0.776807][0.692801,-0.703095,-0.160264][0.310801,0.153909,0][0.637179,-1.76415,-0.966224][0.648699,-0.723623,-0.23571][0.283511,0.133866,0][0.717162,-1.73526,-0.776807][0.692801,-0.703095,-0.160264][0.310801,0.153909,0][0.502317,-1.88296,-0.792627][0.401814,-0.91108,-0.0920752][0.320993,0.110625,0][0.637179,-1.76415,-0.966224][0.648699,-0.723623,-0.23571][0.283511,0.133866,0][0.637179,-1.76415,-0.966224][0.648699,-0.723623,-0.23571][0.283511,0.133866,0][0.722055,-1.59366,-1.11831][0.702578,-0.651952,-0.285206][0.250143,0.156903,0][0.803287,-1.5444,-0.992923][0.802863,-0.557408,-0.211441][0.265673,0.176158,0][0.502317,-1.88296,-0.792627][0.401814,-0.91108,-0.0920752][0.320993,0.110625,0][0.235972,-1.94796,-0.43518][0.131745,-0.991032,-0.0223377][0.402737,0.07989,0][0.2702,-1.94341,-0.83768][0.152026,-0.987172,-0.0487824][0.322845,0.0651562,0][-1.47811e-08,-1.96581,-0.431978][-1.30709e-08,-0.999705,-0.0243048][0.421468,0.0297039,0][0.2702,-1.94341,-0.83768][0.152026,-0.987172,-0.0487824][0.322845,0.0651562,0][0.235972,-1.94796,-0.43518][0.131745,-0.991032,-0.0223377][0.402737,0.07989,0][0.2702,-1.94341,-0.83768][0.152026,-0.987172,-0.0487824][0.322845,0.0651562,0][-1.47811e-08,-1.96581,-0.431978][-1.30709e-08,-0.999705,-0.0243048][0.421468,0.0297039,0][-1.47811e-08,-1.94962,-0.92537][-6.06656e-08,-0.997906,-0.0646839][0.31329,0.00137746,0][0.454697,-1.8754,-1.0356][0.444165,-0.867983,-0.222086][0.280026,0.0960814,0][0.502317,-1.88296,-0.792627][0.401814,-0.91108,-0.0920752][0.320993,0.110625,0][0.2702,-1.94341,-0.83768][0.152026,-0.987172,-0.0487824][0.322845,0.0651562,0][0.454697,-1.8754,-1.0356][0.444165,-0.867983,-0.222086][0.280026,0.0960814,0][0.637179,-1.76415,-0.966224][0.648699,-0.723623,-0.23571][0.283511,0.133866,0][0.502317,-1.88296,-0.792627][0.401814,-0.91108,-0.0920752][0.320993,0.110625,0][0.51299,-1.77748,-1.13918][0.553789,-0.755689,-0.349647][0.257186,0.110729,0][0.722055,-1.59366,-1.11831][0.702578,-0.651952,-0.285206][0.250143,0.156903,0][0.637179,-1.76415,-0.966224][0.648699,-0.723623,-0.23571][0.283511,0.133866,0][0.637179,-1.76415,-0.966224][0.648699,-0.723623,-0.23571][0.283511,0.133866,0][0.454697,-1.8754,-1.0356][0.444165,-0.867983,-0.222086][0.280026,0.0960814,0][0.51299,-1.77748,-1.13918][0.553789,-0.755689,-0.349647][0.257186,0.110729,0][0.722055,-1.59366,-1.11831][0.702578,-0.651952,-0.285206][0.250143,0.156903,0][0.51299,-1.77748,-1.13918][0.553789,-0.755689,-0.349647][0.257186,0.110729,0][0.596438,-1.66462,-1.25733][0.575784,-0.730564,-0.367083][0.232915,0.13011,0][0.454697,-1.8754,-1.0356][0.444165,-0.867983,-0.222086][0.280026,0.0960814,0][0.2702,-1.94341,-0.83768][0.152026,-0.987172,-0.0487824][0.322845,0.0651562,0][0.308495,-1.90954,-1.13542][0.290517,-0.920771,-0.260347][0.265013,0.0675775,0][-1.47811e-08,-1.94962,-0.92537][-6.06656e-08,-0.997906,-0.0646839][0.31329,0.00137746,0][0.308495,-1.90954,-1.13542][0.290517,-0.920771,-0.260347][0.265013,0.0675775,0][0.2702,-1.94341,-0.83768][0.152026,-0.987172,-0.0487824][0.322845,0.0651562,0][0.308495,-1.90954,-1.13542][0.290517,-0.920771,-0.260347][0.265013,0.0675775,0][0.51299,-1.77748,-1.13918][0.553789,-0.755689,-0.349647][0.257186,0.110729,0][0.454697,-1.8754,-1.0356][0.444165,-0.867983,-0.222086][0.280026,0.0960814,0][0.357223,-1.8086,-1.27809][0.425388,-0.768024,-0.478732][0.234487,0.0818996,0][0.596438,-1.66462,-1.25733][0.575784,-0.730564,-0.367083][0.232915,0.13011,0][0.51299,-1.77748,-1.13918][0.553789,-0.755689,-0.349647][0.257186,0.110729,0][0.51299,-1.77748,-1.13918][0.553789,-0.755689,-0.349647][0.257186,0.110729,0][0.308495,-1.90954,-1.13542][0.290517,-0.920771,-0.260347][0.265013,0.0675775,0][0.357223,-1.8086,-1.27809][0.425388,-0.768024,-0.478732][0.234487,0.0818996,0][0.596438,-1.66462,-1.25733][0.575784,-0.730564,-0.367083][0.232915,0.13011,0][0.357223,-1.8086,-1.27809][0.425388,-0.768024,-0.478732][0.234487,0.0818996,0][0.413045,-1.70934,-1.38821][0.432525,-0.727011,-0.533271][0.211373,0.0985104,0][0.308495,-1.90954,-1.13542][0.290517,-0.920771,-0.260347][0.265013,0.0675775,0][-1.47811e-08,-1.94962,-0.92537][-6.06656e-08,-0.997906,-0.0646839][0.31329,0.00137746,0][0.125772,-1.9153,-1.26333][0.134318,-0.933705,-0.331894][0.239268,0.0318379,0][0.125772,-1.9153,-1.26333][0.134318,-0.933705,-0.331894][0.239268,0.0318379,0][0.357223,-1.8086,-1.27809][0.425388,-0.768024,-0.478732][0.234487,0.0818996,0][0.308495,-1.90954,-1.13542][0.290517,-0.920771,-0.260347][0.265013,0.0675775,0][0.125772,-1.9153,-1.26333][0.134318,-0.933705,-0.331894][0.239268,0.0318379,0][-1.47811e-08,-1.94962,-0.92537][-6.06656e-08,-0.997906,-0.0646839][0.31329,0.00137746,0][-1.47811e-08,-1.90403,-1.32425][5.04608e-08,-0.895422,-0.445218][0.22196,0.00137746,0][0.178692,-1.81709,-1.40716][0.225951,-0.714684,-0.661946][0.206772,0.0493716,0][0.413045,-1.70934,-1.38821][0.432525,-0.727011,-0.533271][0.211373,0.0985104,0][0.357223,-1.8086,-1.27809][0.425388,-0.768024,-0.478732][0.234487,0.0818996,0][0.357223,-1.8086,-1.27809][0.425388,-0.768024,-0.478732][0.234487,0.0818996,0][0.125772,-1.9153,-1.26333][0.134318,-0.933705,-0.331894][0.239268,0.0318379,0][0.178692,-1.81709,-1.40716][0.225951,-0.714684,-0.661946][0.206772,0.0493716,0][-1.47811e-08,-1.90403,-1.32425][5.04608e-08,-0.895422,-0.445218][0.22196,0.00137746,0][0.178692,-1.81709,-1.40716][0.225951,-0.714684,-0.661946][0.206772,0.0493716,0][0.125772,-1.9153,-1.26333][0.134318,-0.933705,-0.331894][0.239268,0.0318379,0][0.413045,-1.70934,-1.38821][0.432525,-0.727011,-0.533271][0.211373,0.0985104,0][0.178692,-1.81709,-1.40716][0.225951,-0.714684,-0.661946][0.206772,0.0493716,0][0.197798,-1.68448,-1.49839][0.173672,-0.576085,-0.798726][0.178521,0.0655433,0][0.178692,-1.81709,-1.40716][0.225951,-0.714684,-0.661946][0.206772,0.0493716,0][-1.47811e-08,-1.90403,-1.32425][5.04608e-08,-0.895422,-0.445218][0.22196,0.00137746,0][-1.47811e-08,-1.7861,-1.45137][2.45189e-09,-0.62664,-0.779309][0.181832,0.0124891,0][-1.47811e-08,-1.7861,-1.45137][2.45189e-09,-0.62664,-0.779309][0.181832,0.0124891,0][0.197798,-1.68448,-1.49839][0.173672,-0.576085,-0.798726][0.178521,0.0655433,0][0.178692,-1.81709,-1.40716][0.225951,-0.714684,-0.661946][0.206772,0.0493716,0][0.197798,-1.68448,-1.49839][0.173672,-0.576085,-0.798726][0.178521,0.0655433,0][-1.47811e-08,-1.7861,-1.45137][2.45189e-09,-0.62664,-0.779309][0.181832,0.0124891,0][-1.47811e-08,-1.55942,-1.56177][-4.49405e-08,-0.491242,-0.871023][0.127735,0.0399495,0][-1.4579,0.450355,0.600849][-0.693134,-0.212183,0.688871][0.881785,0.905678,0][-1.2843,0.147013,0.640511][-0.484095,-0.556093,0.675583][0.911802,0.925397,0][-1.24367,0.261439,0.708147][-0.417055,-0.230291,0.879222][0.906065,0.931651,0][-1.4579,0.450355,0.600849][-0.693134,-0.212183,0.688871][0.881785,0.905678,0][-1.24367,0.261439,0.708147][-0.417055,-0.230291,0.879222][0.906065,0.931651,0][-1.34383,0.532936,0.693035][-0.469366,-0.0728524,0.879993][0.879223,0.920172,0][-1.59083,0.899622,0.548483][-0.697762,-0.0645486,0.713416][0.845707,0.880795,0][-1.4579,0.450355,0.600849][-0.693134,-0.212183,0.688871][0.881785,0.905678,0][-1.34383,0.532936,0.693035][-0.469366,-0.0728524,0.879993][0.879223,0.920172,0][-1.50094,0.400024,0.517841][-0.777256,-0.301033,0.552496][0.886907,0.898988,0][-1.2843,0.147013,0.640511][-0.484095,-0.556093,0.675583][0.911802,0.925397,0][-1.4579,0.450355,0.600849][-0.693134,-0.212183,0.688871][0.881785,0.905678,0][-1.63807,0.833351,0.473215][-0.800395,-0.141955,0.582423][0.854236,0.872829,0][-1.50094,0.400024,0.517841][-0.777256,-0.301033,0.552496][0.886907,0.898988,0][-1.4579,0.450355,0.600849][-0.693134,-0.212183,0.688871][0.881785,0.905678,0][-1.4579,0.450355,0.600849][-0.693134,-0.212183,0.688871][0.881785,0.905678,0][-1.59083,0.899622,0.548483][-0.697762,-0.0645486,0.713416][0.845707,0.880795,0][-1.63807,0.833351,0.473215][-0.800395,-0.141955,0.582423][0.854236,0.872829,0][-1.50094,0.400024,0.517841][-0.777256,-0.301033,0.552496][0.886907,0.898988,0][-1.3065,0.100806,0.555922][-0.543244,-0.646218,0.535994][0.915697,0.919211,0][-1.2843,0.147013,0.640511][-0.484095,-0.556093,0.675583][0.911802,0.925397,0][-1.76052,1.21612,0.359448][-0.842998,-0.0809063,0.531798][0.814825,0.840392,0][-1.63807,0.833351,0.473215][-0.800395,-0.141955,0.582423][0.854236,0.872829,0][-1.59083,0.899622,0.548483][-0.697762,-0.0645486,0.713416][0.845707,0.880795,0][-1.03516,0.0830826,0.631508][0.0769681,-0.875522,0.477009][0.945235,0.935348,0][-1.2843,0.147013,0.640511][-0.484095,-0.556093,0.675583][0.911802,0.925397,0][-1.3065,0.100806,0.555922][-0.543244,-0.646218,0.535994][0.915697,0.919211,0][-1.59083,0.899622,0.548483][-0.697762,-0.0645486,0.713416][0.845707,0.880795,0][-1.34383,0.532936,0.693035][-0.469366,-0.0728524,0.879993][0.879223,0.920172,0][-1.46733,0.982545,0.633862][-0.479462,0.0540136,0.875899][0.83796,0.898604,0][-1.59083,0.899622,0.548483][-0.697762,-0.0645486,0.713416][0.845707,0.880795,0][-1.72506,1.29825,0.422335][-0.754406,0.0062165,0.656378][0.803582,0.848924,0][-1.76052,1.21612,0.359448][-0.842998,-0.0809063,0.531798][0.814825,0.840392,0][-1.72506,1.29825,0.422335][-0.754406,0.0062165,0.656378][0.803582,0.848924,0][-1.59083,0.899622,0.548483][-0.697762,-0.0645486,0.713416][0.845707,0.880795,0][-1.46733,0.982545,0.633862][-0.479462,0.0540136,0.875899][0.83796,0.898604,0][-1.86105,1.48468,0.187089][-0.929283,-0.0820679,0.360137][0.777338,0.807186,0][-1.76052,1.21612,0.359448][-0.842998,-0.0809063,0.531798][0.814825,0.840392,0][-1.72506,1.29825,0.422335][-0.754406,0.0062165,0.656378][0.803582,0.848924,0][-1.46733,0.982545,0.633862][-0.479462,0.0540136,0.875899][0.83796,0.898604,0][-1.61898,1.38914,0.494712][-0.527804,0.153239,0.835429][0.792036,0.866776,0][-1.72506,1.29825,0.422335][-0.754406,0.0062165,0.656378][0.803582,0.848924,0][-1.72506,1.29825,0.422335][-0.754406,0.0062165,0.656378][0.803582,0.848924,0][-1.84406,1.58275,0.253297][-0.86369,0.0161067,0.503766][0.764971,0.817248,0][-1.86105,1.48468,0.187089][-0.929283,-0.0820679,0.360137][0.777338,0.807186,0][-1.84406,1.58275,0.253297][-0.86369,0.0161067,0.503766][0.764971,0.817248,0][-1.72506,1.29825,0.422335][-0.754406,0.0062165,0.656378][0.803582,0.848924,0][-1.61898,1.38914,0.494712][-0.527804,0.153239,0.835429][0.792036,0.866776,0][-1.91179,1.6215,-0.00690189][-0.992396,0.108454,-0.0582138][0.750275,0.778502,0][-1.86105,1.48468,0.187089][-0.929283,-0.0820679,0.360137][0.777338,0.807186,0][-1.84406,1.58275,0.253297][-0.86369,0.0161067,0.503766][0.764971,0.817248,0][-1.61898,1.38914,0.494712][-0.527804,0.153239,0.835429][0.792036,0.866776,0][-1.76683,1.67954,0.325773][-0.640597,0.194761,0.742768][0.752697,0.834399,0][-1.84406,1.58275,0.253297][-0.86369,0.0161067,0.503766][0.764971,0.817248,0][-1.90968,1.73739,0.0910821][-0.966638,0.233005,0.106394][0.738429,0.792954,0][-1.84406,1.58275,0.253297][-0.86369,0.0161067,0.503766][0.764971,0.817248,0][-1.76683,1.67954,0.325773][-0.640597,0.194761,0.742768][0.752697,0.834399,0][-1.84406,1.58275,0.253297][-0.86369,0.0161067,0.503766][0.764971,0.817248,0][-1.90968,1.73739,0.0910821][-0.966638,0.233005,0.106394][0.738429,0.792954,0][-1.91179,1.6215,-0.00690189][-0.992396,0.108454,-0.0582138][0.750275,0.778502,0][-1.76683,1.67954,0.325773][-0.640597,0.194761,0.742768][0.752697,0.834399,0][-1.85507,1.83599,0.189284][-0.771745,0.507929,0.382647][0.728117,0.812423,0][-1.90968,1.73739,0.0910821][-0.966638,0.233005,0.106394][0.738429,0.792954,0][-1.80618,1.89444,0.0957282][-0.450336,0.870093,-0.200338][0.711603,0.802794,0][-1.90968,1.73739,0.0910821][-0.966638,0.233005,0.106394][0.738429,0.792954,0][-1.85507,1.83599,0.189284][-0.771745,0.507929,0.382647][0.728117,0.812423,0][-1.90968,1.73739,0.0910821][-0.966638,0.233005,0.106394][0.738429,0.792954,0][-1.80618,1.89444,0.0957282][-0.450336,0.870093,-0.200338][0.711603,0.802794,0][-1.85579,1.7959,-0.0309978][-0.611717,0.634639,-0.472267][0.719411,0.774229,0][-1.85579,1.7959,-0.0309978][-0.611717,0.634639,-0.472267][0.719411,0.774229,0][-1.91179,1.6215,-0.00690189][-0.992396,0.108454,-0.0582138][0.750275,0.778502,0][-1.90968,1.73739,0.0910821][-0.966638,0.233005,0.106394][0.738429,0.792954,0][-1.91179,1.6215,-0.00690189][-0.992396,0.108454,-0.0582138][0.750275,0.778502,0][-1.85579,1.7959,-0.0309978][-0.611717,0.634639,-0.472267][0.719411,0.774229,0][-1.85308,1.6725,-0.15297][-0.535555,0.583689,-0.610318][0.729946,0.75292,0][-1.03516,0.0830826,0.631508][0.0769681,-0.875522,0.477009][0.945235,0.935348,0][-0.779123,0.224132,0.638553][0.642609,-0.680894,0.351334][0.975703,0.94942,0][-0.789675,0.267122,0.728446][0.539773,-0.50457,0.673835][0.966666,0.964385,0][-1.03516,0.0830826,0.631508][0.0769681,-0.875522,0.477009][0.945235,0.935348,0][-0.789675,0.267122,0.728446][0.539773,-0.50457,0.673835][0.966666,0.964385,0][-1.03814,0.127174,0.718469][0.0434653,-0.681882,0.73017][0.93934,0.944576,0][-1.2843,0.147013,0.640511][-0.484095,-0.556093,0.675583][0.911802,0.925397,0][-1.03516,0.0830826,0.631508][0.0769681,-0.875522,0.477009][0.945235,0.935348,0][-1.03814,0.127174,0.718469][0.0434653,-0.681882,0.73017][0.93934,0.944576,0][-1.03814,0.127174,0.718469][0.0434653,-0.681882,0.73017][0.93934,0.944576,0][-1.24367,0.261439,0.708147][-0.417055,-0.230291,0.879222][0.906065,0.931651,0][-1.2843,0.147013,0.640511][-0.484095,-0.556093,0.675583][0.911802,0.925397,0][-0.789675,0.267122,0.728446][0.539773,-0.50457,0.673835][0.966666,0.964385,0][-1.05424,0.289989,0.779925][-0.11235,-0.222744,0.968381][0.92164,0.950735,0][-1.03814,0.127174,0.718469][0.0434653,-0.681882,0.73017][0.93934,0.944576,0][-1.24367,0.261439,0.708147][-0.417055,-0.230291,0.879222][0.906065,0.931651,0][-1.03814,0.127174,0.718469][0.0434653,-0.681882,0.73017][0.93934,0.944576,0][-1.05424,0.289989,0.779925][-0.11235,-0.222744,0.968381][0.92164,0.950735,0][-1.05424,0.289989,0.779925][-0.11235,-0.222744,0.968381][0.92164,0.950735,0][-0.789675,0.267122,0.728446][0.539773,-0.50457,0.673835][0.966666,0.964385,0][-0.81011,0.420702,0.787481][0.397469,-0.11051,0.910937][0.941473,0.977743,0][-1.05424,0.289989,0.779925][-0.11235,-0.222744,0.968381][0.92164,0.950735,0][-1.34383,0.532936,0.693035][-0.469366,-0.0728524,0.879993][0.879223,0.920172,0][-1.24367,0.261439,0.708147][-0.417055,-0.230291,0.879222][0.906065,0.931651,0][-1.34383,0.532936,0.693035][-0.469366,-0.0728524,0.879993][0.879223,0.920172,0][-1.05424,0.289989,0.779925][-0.11235,-0.222744,0.968381][0.92164,0.950735,0][-1.11303,0.638824,0.786478][-0.188172,0.0258297,0.981796][0.882969,0.948704,0][-0.81011,0.420702,0.787481][0.397469,-0.11051,0.910937][0.941473,0.977743,0][-1.11303,0.638824,0.786478][-0.188172,0.0258297,0.981796][0.882969,0.948704,0][-1.05424,0.289989,0.779925][-0.11235,-0.222744,0.968381][0.92164,0.950735,0][-1.11303,0.638824,0.786478][-0.188172,0.0258297,0.981796][0.882969,0.948704,0][-1.46733,0.982545,0.633862][-0.479462,0.0540136,0.875899][0.83796,0.898604,0][-1.34383,0.532936,0.693035][-0.469366,-0.0728524,0.879993][0.879223,0.920172,0][-1.11303,0.638824,0.786478][-0.188172,0.0258297,0.981796][0.882969,0.948704,0][-0.81011,0.420702,0.787481][0.397469,-0.11051,0.910937][0.941473,0.977743,0][-0.856543,0.754481,0.787067][0.333183,0.159425,0.929286][0.889949,0.985845,0][-1.46733,0.982545,0.633862][-0.479462,0.0540136,0.875899][0.83796,0.898604,0][-1.11303,0.638824,0.786478][-0.188172,0.0258297,0.981796][0.882969,0.948704,0][-1.22693,1.08742,0.718517][-0.207548,0.184144,0.960737][0.831515,0.932817,0][-0.856543,0.754481,0.787067][0.333183,0.159425,0.929286][0.889949,0.985845,0][-1.22693,1.08742,0.718517][-0.207548,0.184144,0.960737][0.831515,0.932817,0][-1.11303,0.638824,0.786478][-0.188172,0.0258297,0.981796][0.882969,0.948704,0][-1.22693,1.08742,0.718517][-0.207548,0.184144,0.960737][0.831515,0.932817,0][-0.856543,0.754481,0.787067][0.333183,0.159425,0.929286][0.889949,0.985845,0][-0.971583,1.17414,0.707835][0.31712,0.391272,0.863911][0.825852,0.976873,0][-1.18331,1.55623,0.548456][0.28319,0.605376,0.743857][0.767396,0.94202,0][-1.22693,1.08742,0.718517][-0.207548,0.184144,0.960737][0.831515,0.932817,0][-0.971583,1.17414,0.707835][0.31712,0.391272,0.863911][0.825852,0.976873,0][-1.22693,1.08742,0.718517][-0.207548,0.184144,0.960737][0.831515,0.932817,0][-1.18331,1.55623,0.548456][0.28319,0.605376,0.743857][0.767396,0.94202,0][-1.40573,1.48811,0.566229][-0.233426,0.331057,0.914283][0.779945,0.900019,0][-1.43773,1.82469,0.370771][0.200704,0.782027,0.590044][0.726705,0.892684,0][-1.40573,1.48811,0.566229][-0.233426,0.331057,0.914283][0.779945,0.900019,0][-1.18331,1.55623,0.548456][0.28319,0.605376,0.743857][0.767396,0.94202,0][-1.40573,1.48811,0.566229][-0.233426,0.331057,0.914283][0.779945,0.900019,0][-1.43773,1.82469,0.370771][0.200704,0.782027,0.590044][0.726705,0.892684,0][-1.60176,1.76927,0.391516][-0.282261,0.467095,0.837945][0.74027,0.862243,0][-1.61898,1.38914,0.494712][-0.527804,0.153239,0.835429][0.792036,0.866776,0][-1.22693,1.08742,0.718517][-0.207548,0.184144,0.960737][0.831515,0.932817,0][-1.40573,1.48811,0.566229][-0.233426,0.331057,0.914283][0.779945,0.900019,0][-1.60176,1.76927,0.391516][-0.282261,0.467095,0.837945][0.74027,0.862243,0][-1.61898,1.38914,0.494712][-0.527804,0.153239,0.835429][0.792036,0.866776,0][-1.40573,1.48811,0.566229][-0.233426,0.331057,0.914283][0.779945,0.900019,0][-1.61898,1.38914,0.494712][-0.527804,0.153239,0.835429][0.792036,0.866776,0][-1.46733,0.982545,0.633862][-0.479462,0.0540136,0.875899][0.83796,0.898604,0][-1.22693,1.08742,0.718517][-0.207548,0.184144,0.960737][0.831515,0.932817,0][-1.61898,1.38914,0.494712][-0.527804,0.153239,0.835429][0.792036,0.866776,0][-1.60176,1.76927,0.391516][-0.282261,0.467095,0.837945][0.74027,0.862243,0][-1.76683,1.67954,0.325773][-0.640597,0.194761,0.742768][0.752697,0.834399,0][1.2843,0.147013,0.640511][0.484095,-0.556093,0.675583][0.911802,0.925397,0][1.4579,0.450355,0.600849][0.693134,-0.212183,0.688871][0.881785,0.905678,0][1.24367,0.261439,0.708147][0.417055,-0.230291,0.879222][0.906065,0.931651,0][1.24367,0.261439,0.708147][0.417055,-0.230291,0.879222][0.906065,0.931651,0][1.4579,0.450355,0.600849][0.693134,-0.212183,0.688871][0.881785,0.905678,0][1.34383,0.532936,0.693035][0.469366,-0.0728523,0.879993][0.879223,0.920172,0][1.59083,0.899622,0.548483][0.697762,-0.0645486,0.713416][0.845707,0.880795,0][1.34383,0.532936,0.693035][0.469366,-0.0728523,0.879993][0.879223,0.920172,0][1.4579,0.450355,0.600849][0.693134,-0.212183,0.688871][0.881785,0.905678,0][1.4579,0.450355,0.600849][0.693134,-0.212183,0.688871][0.881785,0.905678,0][1.2843,0.147013,0.640511][0.484095,-0.556093,0.675583][0.911802,0.925397,0][1.50094,0.400024,0.517841][0.777256,-0.301033,0.552496][0.886907,0.898988,0][1.63807,0.833351,0.473215][0.800394,-0.141955,0.582424][0.854236,0.872829,0][1.4579,0.450355,0.600849][0.693134,-0.212183,0.688871][0.881785,0.905678,0][1.50094,0.400024,0.517841][0.777256,-0.301033,0.552496][0.886907,0.898988,0][1.59083,0.899622,0.548483][0.697762,-0.0645486,0.713416][0.845707,0.880795,0][1.4579,0.450355,0.600849][0.693134,-0.212183,0.688871][0.881785,0.905678,0][1.63807,0.833351,0.473215][0.800394,-0.141955,0.582424][0.854236,0.872829,0][1.50094,0.400024,0.517841][0.777256,-0.301033,0.552496][0.886907,0.898988,0][1.2843,0.147013,0.640511][0.484095,-0.556093,0.675583][0.911802,0.925397,0][1.3065,0.100806,0.555922][0.543244,-0.646217,0.535994][0.915697,0.919211,0][1.76052,1.21612,0.359448][0.842997,-0.080906,0.531798][0.814825,0.840392,0][1.59083,0.899622,0.548483][0.697762,-0.0645486,0.713416][0.845707,0.880795,0][1.63807,0.833351,0.473215][0.800394,-0.141955,0.582424][0.854236,0.872829,0][1.2843,0.147013,0.640511][0.484095,-0.556093,0.675583][0.911802,0.925397,0][1.03516,0.0830826,0.631508][-0.0769685,-0.875522,0.477009][0.945235,0.935348,0][1.3065,0.100806,0.555922][0.543244,-0.646217,0.535994][0.915697,0.919211,0][1.34383,0.532936,0.693035][0.469366,-0.0728523,0.879993][0.879223,0.920172,0][1.59083,0.899622,0.548483][0.697762,-0.0645486,0.713416][0.845707,0.880795,0][1.46733,0.982545,0.633862][0.479462,0.0540136,0.875899][0.83796,0.898604,0][1.59083,0.899622,0.548483][0.697762,-0.0645486,0.713416][0.845707,0.880795,0][1.76052,1.21612,0.359448][0.842997,-0.080906,0.531798][0.814825,0.840392,0][1.72506,1.29825,0.422335][0.754406,0.00621655,0.656378][0.803582,0.848924,0][1.72506,1.29825,0.422335][0.754406,0.00621655,0.656378][0.803582,0.848924,0][1.46733,0.982545,0.633862][0.479462,0.0540136,0.875899][0.83796,0.898604,0][1.59083,0.899622,0.548483][0.697762,-0.0645486,0.713416][0.845707,0.880795,0][1.86105,1.48468,0.187089][0.929282,-0.0820682,0.360138][0.777338,0.807186,0][1.72506,1.29825,0.422335][0.754406,0.00621655,0.656378][0.803582,0.848924,0][1.76052,1.21612,0.359448][0.842997,-0.080906,0.531798][0.814825,0.840392,0][1.46733,0.982545,0.633862][0.479462,0.0540136,0.875899][0.83796,0.898604,0][1.72506,1.29825,0.422335][0.754406,0.00621655,0.656378][0.803582,0.848924,0][1.61898,1.38914,0.494712][0.527804,0.153239,0.835429][0.792036,0.866776,0][1.72506,1.29825,0.422335][0.754406,0.00621655,0.656378][0.803582,0.848924,0][1.86105,1.48468,0.187089][0.929282,-0.0820682,0.360138][0.777338,0.807186,0][1.84406,1.58275,0.253297][0.86369,0.0161064,0.503766][0.764971,0.817248,0][1.84406,1.58275,0.253297][0.86369,0.0161064,0.503766][0.764971,0.817248,0][1.61898,1.38914,0.494712][0.527804,0.153239,0.835429][0.792036,0.866776,0][1.72506,1.29825,0.422335][0.754406,0.00621655,0.656378][0.803582,0.848924,0][1.91179,1.6215,-0.00690189][0.992396,0.108454,-0.0582133][0.750275,0.778502,0][1.84406,1.58275,0.253297][0.86369,0.0161064,0.503766][0.764971,0.817248,0][1.86105,1.48468,0.187089][0.929282,-0.0820682,0.360138][0.777338,0.807186,0][1.61898,1.38914,0.494712][0.527804,0.153239,0.835429][0.792036,0.866776,0][1.84406,1.58275,0.253297][0.86369,0.0161064,0.503766][0.764971,0.817248,0][1.76683,1.67954,0.325773][0.640597,0.194761,0.742767][0.752697,0.834399,0][1.90968,1.73739,0.0910821][0.966638,0.233005,0.106394][0.738429,0.792954,0][1.76683,1.67954,0.325773][0.640597,0.194761,0.742767][0.752697,0.834399,0][1.84406,1.58275,0.253297][0.86369,0.0161064,0.503766][0.764971,0.817248,0][1.84406,1.58275,0.253297][0.86369,0.0161064,0.503766][0.764971,0.817248,0][1.91179,1.6215,-0.00690189][0.992396,0.108454,-0.0582133][0.750275,0.778502,0][1.90968,1.73739,0.0910821][0.966638,0.233005,0.106394][0.738429,0.792954,0][1.76683,1.67954,0.325773][0.640597,0.194761,0.742767][0.752697,0.834399,0][1.90968,1.73739,0.0910821][0.966638,0.233005,0.106394][0.738429,0.792954,0][1.85507,1.83599,0.189284][0.771745,0.507929,0.382647][0.728117,0.812423,0][1.90968,1.73739,0.0910821][0.966638,0.233005,0.106394][0.738429,0.792954,0][1.80618,1.89444,0.0957282][0.450336,0.870093,-0.200338][0.711603,0.802794,0][1.85507,1.83599,0.189284][0.771745,0.507929,0.382647][0.728117,0.812423,0][1.80618,1.89444,0.0957282][0.450336,0.870093,-0.200338][0.711603,0.802794,0][1.90968,1.73739,0.0910821][0.966638,0.233005,0.106394][0.738429,0.792954,0][1.85579,1.7959,-0.0309978][0.611717,0.634639,-0.472267][0.719411,0.774229,0][1.91179,1.6215,-0.00690189][0.992396,0.108454,-0.0582133][0.750275,0.778502,0][1.85579,1.7959,-0.0309978][0.611717,0.634639,-0.472267][0.719411,0.774229,0][1.90968,1.73739,0.0910821][0.966638,0.233005,0.106394][0.738429,0.792954,0][1.85579,1.7959,-0.0309978][0.611717,0.634639,-0.472267][0.719411,0.774229,0][1.91179,1.6215,-0.00690189][0.992396,0.108454,-0.0582133][0.750275,0.778502,0][1.85308,1.6725,-0.15297][0.535555,0.583689,-0.610318][0.729946,0.75292,0][1.03516,0.0830826,0.631508][-0.0769685,-0.875522,0.477009][0.945235,0.935348,0][0.789675,0.267122,0.728446][-0.539773,-0.50457,0.673836][0.966666,0.964385,0][0.779123,0.224132,0.638553][-0.642609,-0.680894,0.351335][0.975703,0.94942,0][0.789675,0.267122,0.728446][-0.539773,-0.50457,0.673836][0.966666,0.964385,0][1.03516,0.0830826,0.631508][-0.0769685,-0.875522,0.477009][0.945235,0.935348,0][1.03814,0.127174,0.718469][-0.0434652,-0.681882,0.73017][0.93934,0.944576,0][1.03516,0.0830826,0.631508][-0.0769685,-0.875522,0.477009][0.945235,0.935348,0][1.2843,0.147013,0.640511][0.484095,-0.556093,0.675583][0.911802,0.925397,0][1.03814,0.127174,0.718469][-0.0434652,-0.681882,0.73017][0.93934,0.944576,0][1.24367,0.261439,0.708147][0.417055,-0.230291,0.879222][0.906065,0.931651,0][1.03814,0.127174,0.718469][-0.0434652,-0.681882,0.73017][0.93934,0.944576,0][1.2843,0.147013,0.640511][0.484095,-0.556093,0.675583][0.911802,0.925397,0][1.05424,0.289989,0.779925][0.11235,-0.222744,0.968381][0.92164,0.950735,0][0.789675,0.267122,0.728446][-0.539773,-0.50457,0.673836][0.966666,0.964385,0][1.03814,0.127174,0.718469][-0.0434652,-0.681882,0.73017][0.93934,0.944576,0][1.03814,0.127174,0.718469][-0.0434652,-0.681882,0.73017][0.93934,0.944576,0][1.24367,0.261439,0.708147][0.417055,-0.230291,0.879222][0.906065,0.931651,0][1.05424,0.289989,0.779925][0.11235,-0.222744,0.968381][0.92164,0.950735,0][0.789675,0.267122,0.728446][-0.539773,-0.50457,0.673836][0.966666,0.964385,0][1.05424,0.289989,0.779925][0.11235,-0.222744,0.968381][0.92164,0.950735,0][0.81011,0.420702,0.787481][-0.397469,-0.11051,0.910937][0.941473,0.977743,0][1.34383,0.532936,0.693035][0.469366,-0.0728523,0.879993][0.879223,0.920172,0][1.05424,0.289989,0.779925][0.11235,-0.222744,0.968381][0.92164,0.950735,0][1.24367,0.261439,0.708147][0.417055,-0.230291,0.879222][0.906065,0.931651,0][1.11303,0.638824,0.786478][0.188172,0.0258297,0.981796][0.882969,0.948704,0][0.81011,0.420702,0.787481][-0.397469,-0.11051,0.910937][0.941473,0.977743,0][1.05424,0.289989,0.779925][0.11235,-0.222744,0.968381][0.92164,0.950735,0][1.05424,0.289989,0.779925][0.11235,-0.222744,0.968381][0.92164,0.950735,0][1.34383,0.532936,0.693035][0.469366,-0.0728523,0.879993][0.879223,0.920172,0][1.11303,0.638824,0.786478][0.188172,0.0258297,0.981796][0.882969,0.948704,0][1.46733,0.982545,0.633862][0.479462,0.0540136,0.875899][0.83796,0.898604,0][1.11303,0.638824,0.786478][0.188172,0.0258297,0.981796][0.882969,0.948704,0][1.34383,0.532936,0.693035][0.469366,-0.0728523,0.879993][0.879223,0.920172,0][0.81011,0.420702,0.787481][-0.397469,-0.11051,0.910937][0.941473,0.977743,0][1.11303,0.638824,0.786478][0.188172,0.0258297,0.981796][0.882969,0.948704,0][0.856543,0.754481,0.787067][-0.333183,0.159425,0.929286][0.889949,0.985845,0][1.11303,0.638824,0.786478][0.188172,0.0258297,0.981796][0.882969,0.948704,0][1.46733,0.982545,0.633862][0.479462,0.0540136,0.875899][0.83796,0.898604,0][1.22693,1.08742,0.718517][0.207548,0.184144,0.960737][0.831515,0.932817,0][1.22693,1.08742,0.718517][0.207548,0.184144,0.960737][0.831515,0.932817,0][0.856543,0.754481,0.787067][-0.333183,0.159425,0.929286][0.889949,0.985845,0][1.11303,0.638824,0.786478][0.188172,0.0258297,0.981796][0.882969,0.948704,0][0.856543,0.754481,0.787067][-0.333183,0.159425,0.929286][0.889949,0.985845,0][1.22693,1.08742,0.718517][0.207548,0.184144,0.960737][0.831515,0.932817,0][0.971583,1.17414,0.707835][-0.31712,0.391272,0.863911][0.825852,0.976873,0][1.22693,1.08742,0.718517][0.207548,0.184144,0.960737][0.831515,0.932817,0][1.18331,1.55623,0.548456][-0.28319,0.605376,0.743857][0.767396,0.94202,0][0.971583,1.17414,0.707835][-0.31712,0.391272,0.863911][0.825852,0.976873,0][1.18331,1.55623,0.548456][-0.28319,0.605376,0.743857][0.767396,0.94202,0][1.22693,1.08742,0.718517][0.207548,0.184144,0.960737][0.831515,0.932817,0][1.40573,1.48811,0.566229][0.233426,0.331057,0.914283][0.779945,0.900019,0][1.40573,1.48811,0.566229][0.233426,0.331057,0.914283][0.779945,0.900019,0][1.43773,1.82469,0.370771][-0.200704,0.782027,0.590044][0.726705,0.892684,0][1.18331,1.55623,0.548456][-0.28319,0.605376,0.743857][0.767396,0.94202,0][1.43773,1.82469,0.370771][-0.200704,0.782027,0.590044][0.726705,0.892684,0][1.40573,1.48811,0.566229][0.233426,0.331057,0.914283][0.779945,0.900019,0][1.60176,1.76927,0.391516][0.282261,0.467095,0.837945][0.74027,0.862243,0][1.40573,1.48811,0.566229][0.233426,0.331057,0.914283][0.779945,0.900019,0][1.22693,1.08742,0.718517][0.207548,0.184144,0.960737][0.831515,0.932817,0][1.61898,1.38914,0.494712][0.527804,0.153239,0.835429][0.792036,0.866776,0][1.61898,1.38914,0.494712][0.527804,0.153239,0.835429][0.792036,0.866776,0][1.60176,1.76927,0.391516][0.282261,0.467095,0.837945][0.74027,0.862243,0][1.40573,1.48811,0.566229][0.233426,0.331057,0.914283][0.779945,0.900019,0][1.46733,0.982545,0.633862][0.479462,0.0540136,0.875899][0.83796,0.898604,0][1.61898,1.38914,0.494712][0.527804,0.153239,0.835429][0.792036,0.866776,0][1.22693,1.08742,0.718517][0.207548,0.184144,0.960737][0.831515,0.932817,0][1.60176,1.76927,0.391516][0.282261,0.467095,0.837945][0.74027,0.862243,0][1.61898,1.38914,0.494712][0.527804,0.153239,0.835429][0.792036,0.866776,0][1.76683,1.67954,0.325773][0.640597,0.194761,0.742767][0.752697,0.834399,0][-0.530851,0.708173,0.845819][-0.310335,0.897294,0.313934][0.417931,0.687108,0][-0.780039,0.559214,0.918365][-0.497217,0.776766,0.386535][0.434676,0.637192,0][-0.587793,0.585834,1.06773][-0.361835,0.800737,0.477385][0.461926,0.669303,0][-0.587793,0.585834,1.06773][-0.361835,0.800737,0.477385][0.461926,0.669303,0][-0.780039,0.559214,0.918365][-0.497217,0.776766,0.386535][0.434676,0.637192,0][-0.905617,0.390666,1.05061][-0.608901,0.637727,0.471745][0.460545,0.606705,0][-0.780039,0.559214,0.918365][-0.497217,0.776766,0.386535][0.434676,0.637192,0][-1.03207,0.414449,0.78357][-0.707298,0.6462,0.286628][0.419373,0.588957,0][-0.905617,0.390666,1.05061][-0.608901,0.637727,0.471745][0.460545,0.606705,0][-1.03207,0.414449,0.78357][-0.707298,0.6462,0.286628][0.419373,0.588957,0][-1.24519,0.237342,0.430512][-0.876392,0.480387,0.0341349][0.380061,0.537319,0][-1.1999,0.171944,0.808467][-0.837434,0.458868,0.296891][0.432839,0.547927,0][-1.1999,0.171944,0.808467][-0.837434,0.458868,0.296891][0.432839,0.547927,0][-0.905617,0.390666,1.05061][-0.608901,0.637727,0.471745][0.460545,0.606705,0][-1.03207,0.414449,0.78357][-0.707298,0.6462,0.286628][0.419373,0.588957,0][-1.36483,-0.0390234,0.361063][-0.954384,0.291227,-0.0658591][0.384669,0.494252,0][-1.1999,0.171944,0.808467][-0.837434,0.458868,0.296891][0.432839,0.547927,0][-1.24519,0.237342,0.430512][-0.876392,0.480387,0.0341349][0.380061,0.537319,0][-0.905617,0.390666,1.05061][-0.608901,0.637727,0.471745][0.460545,0.606705,0][-1.1999,0.171944,0.808467][-0.837434,0.458868,0.296891][0.432839,0.547927,0][-1.04679,0.13659,1.14474][-0.720924,0.445758,0.530631][0.482549,0.565905,0][-0.905617,0.390666,1.05061][-0.608901,0.637727,0.471745][0.460545,0.606705,0][-1.04679,0.13659,1.14474][-0.720924,0.445758,0.530631][0.482549,0.565905,0][-0.779134,0.113268,1.42366][-0.513373,0.434214,0.740207][0.535113,0.592236,0][-1.1999,0.171944,0.808467][-0.837434,0.458868,0.296891][0.432839,0.547927,0][-1.36483,-0.0390234,0.361063][-0.954384,0.291227,-0.0658591][0.384669,0.494252,0][-1.32222,-0.116834,0.791541][-0.917288,0.289578,0.273364][0.442606,0.505614,0][-1.32222,-0.116834,0.791541][-0.917288,0.289578,0.273364][0.442606,0.505614,0][-1.04679,0.13659,1.14474][-0.720924,0.445758,0.530631][0.482549,0.565905,0][-1.1999,0.171944,0.808467][-0.837434,0.458868,0.296891][0.432839,0.547927,0][-1.15667,-0.16098,1.17923][-0.791051,0.261193,0.553188][0.497902,0.522716,0][-0.779134,0.113268,1.42366][-0.513373,0.434214,0.740207][0.535113,0.592236,0][-1.04679,0.13659,1.14474][-0.720924,0.445758,0.530631][0.482549,0.565905,0][-1.04679,0.13659,1.14474][-0.720924,0.445758,0.530631][0.482549,0.565905,0][-1.32222,-0.116834,0.791541][-0.917288,0.289578,0.273364][0.442606,0.505614,0][-1.15667,-0.16098,1.17923][-0.791051,0.261193,0.553188][0.497902,0.522716,0][-0.779134,0.113268,1.42366][-0.513373,0.434214,0.740207][0.535113,0.592236,0][-1.15667,-0.16098,1.17923][-0.791051,0.261193,0.553188][0.497902,0.522716,0][-0.861713,-0.200612,1.50245][-0.566524,0.22062,0.793963][0.558226,0.545091,0][-1.36483,-0.0390234,0.361063][-0.954384,0.291227,-0.0658591][0.384669,0.494252,0][-1.42175,-0.448412,0.762376][-0.962792,0.146007,0.227406][0.450624,0.461853,0][-1.32222,-0.116834,0.791541][-0.917288,0.289578,0.273364][0.442606,0.505614,0][-1.42175,-0.448412,0.762376][-0.962792,0.146007,0.227406][0.450624,0.461853,0][-1.15667,-0.16098,1.17923][-0.791051,0.261193,0.553188][0.497902,0.522716,0][-1.32222,-0.116834,0.791541][-0.917288,0.289578,0.273364][0.442606,0.505614,0][-1.23766,-0.49657,1.17101][-0.816854,0.105044,0.567199][0.509897,0.477608,0][-0.861713,-0.200612,1.50245][-0.566524,0.22062,0.793963][0.558226,0.545091,0][-1.15667,-0.16098,1.17923][-0.791051,0.261193,0.553188][0.497902,0.522716,0][-1.15667,-0.16098,1.17923][-0.791051,0.261193,0.553188][0.497902,0.522716,0][-1.42175,-0.448412,0.762376][-0.962792,0.146007,0.227406][0.450624,0.461853,0][-1.23766,-0.49657,1.17101][-0.816854,0.105044,0.567199][0.509897,0.477608,0][-0.861713,-0.200612,1.50245][-0.566524,0.22062,0.793963][0.558226,0.545091,0][-1.23766,-0.49657,1.17101][-0.816854,0.105044,0.567199][0.509897,0.477608,0][-0.915678,-0.539259,1.51157][-0.582113,0.0194126,0.812876][0.574441,0.495799,0][-1.42175,-0.448412,0.762376][-0.962792,0.146007,0.227406][0.450624,0.461853,0][-1.36483,-0.0390234,0.361063][-0.954384,0.291227,-0.0658591][0.384669,0.494252,0][-1.43239,-0.375336,0.278148][-0.975651,0.13285,-0.174518][0.386647,0.446775,0][-1.36483,-0.0390234,0.361063][-0.954384,0.291227,-0.0658591][0.384669,0.494252,0][-1.21706,0.0542312,-0.068554][-0.891485,0.277345,-0.358237][0.318552,0.489322,0][-1.43239,-0.375336,0.278148][-0.975651,0.13285,-0.174518][0.386647,0.446775,0][-1.46535,-0.816143,0.735544][-0.984766,-0.058797,0.163643][0.459246,0.412758,0][-1.23766,-0.49657,1.17101][-0.816854,0.105044,0.567199][0.509897,0.477608,0][-1.42175,-0.448412,0.762376][-0.962792,0.146007,0.227406][0.450624,0.461853,0][-0.915678,-0.539259,1.51157][-0.582113,0.0194126,0.812876][0.574441,0.495799,0][-1.23766,-0.49657,1.17101][-0.816854,0.105044,0.567199][0.509897,0.477608,0][-1.28961,-0.865464,1.13281][-0.819602,-0.0884495,0.566064][0.520189,0.428614,0][-1.23766,-0.49657,1.17101][-0.816854,0.105044,0.567199][0.509897,0.477608,0][-1.46535,-0.816143,0.735544][-0.984766,-0.058797,0.163643][0.459246,0.412758,0][-1.28961,-0.865464,1.13281][-0.819602,-0.0884495,0.566064][0.520189,0.428614,0][-0.915678,-0.539259,1.51157][-0.582113,0.0194126,0.812876][0.574441,0.495799,0][-1.28961,-0.865464,1.13281][-0.819602,-0.0884495,0.566064][0.520189,0.428614,0][-0.940564,-0.90612,1.45133][-0.561283,-0.178079,0.808238][0.586069,0.442317,0][-1.28961,-0.865464,1.13281][-0.819602,-0.0884495,0.566064][0.520189,0.428614,0][-1.26886,-1.18975,1.05814][-0.791201,-0.343999,0.505635][0.527754,0.379996,0][-0.940564,-0.90612,1.45133][-0.561283,-0.178079,0.808238][0.586069,0.442317,0][-1.46535,-0.816143,0.735544][-0.984766,-0.058797,0.163643][0.459246,0.412758,0][-1.26886,-1.18975,1.05814][-0.791201,-0.343999,0.505635][0.527754,0.379996,0][-1.28961,-0.865464,1.13281][-0.819602,-0.0884495,0.566064][0.520189,0.428614,0][-0.940564,-0.90612,1.45133][-0.561283,-0.178079,0.808238][0.586069,0.442317,0][-1.26886,-1.18975,1.05814][-0.791201,-0.343999,0.505635][0.527754,0.379996,0][-0.926547,-1.23933,1.34542][-0.517009,-0.395928,0.758909][0.592704,0.389869,0][-1.18581,-1.41576,0.958017][-0.714254,-0.582778,0.38757][0.531476,0.338103,0][-0.926547,-1.23933,1.34542][-0.517009,-0.395928,0.758909][0.592704,0.389869,0][-1.26886,-1.18975,1.05814][-0.791201,-0.343999,0.505635][0.527754,0.379996,0][-1.26886,-1.18975,1.05814][-0.791201,-0.343999,0.505635][0.527754,0.379996,0][-1.46535,-0.816143,0.735544][-0.984766,-0.058797,0.163643][0.459246,0.412758,0][-1.41505,-1.11639,0.689721][-0.952141,-0.293518,0.0852962][0.465868,0.36441,0][-1.41505,-1.11639,0.689721][-0.952141,-0.293518,0.0852962][0.465868,0.36441,0][-1.18581,-1.41576,0.958017][-0.714254,-0.582778,0.38757][0.531476,0.338103,0][-1.26886,-1.18975,1.05814][-0.791201,-0.343999,0.505635][0.527754,0.379996,0][-1.42175,-0.448412,0.762376][-0.962792,0.146007,0.227406][0.450624,0.461853,0][-1.4309,-0.739928,0.269889][-0.978966,-0.03347,-0.201259][0.394275,0.393978,0][-1.46535,-0.816143,0.735544][-0.984766,-0.058797,0.163643][0.459246,0.412758,0][-1.42175,-0.448412,0.762376][-0.962792,0.146007,0.227406][0.450624,0.461853,0][-1.43239,-0.375336,0.278148][-0.975651,0.13285,-0.174518][0.386647,0.446775,0][-1.4309,-0.739928,0.269889][-0.978966,-0.03347,-0.201259][0.394275,0.393978,0][-1.46535,-0.816143,0.735544][-0.984766,-0.058797,0.163643][0.459246,0.412758,0][-1.35849,-1.00451,0.21565][-0.953276,-0.210771,-0.216427][0.395514,0.345776,0][-1.41505,-1.11639,0.689721][-0.952141,-0.293518,0.0852962][0.465868,0.36441,0][-1.35849,-1.00451,0.21565][-0.953276,-0.210771,-0.216427][0.395514,0.345776,0][-1.46535,-0.816143,0.735544][-0.984766,-0.058797,0.163643][0.459246,0.412758,0][-1.4309,-0.739928,0.269889][-0.978966,-0.03347,-0.201259][0.394275,0.393978,0][-1.18581,-1.41576,0.958017][-0.714254,-0.582778,0.38757][0.531476,0.338103,0][-1.41505,-1.11639,0.689721][-0.952141,-0.293518,0.0852962][0.465868,0.36441,0][-1.32014,-1.32755,0.617067][-0.876356,-0.481479,0.0133528][0.469354,0.323371,0][-1.41505,-1.11639,0.689721][-0.952141,-0.293518,0.0852962][0.465868,0.36441,0][-1.35849,-1.00451,0.21565][-0.953276,-0.210771,-0.216427][0.395514,0.345776,0][-1.32014,-1.32755,0.617067][-0.876356,-0.481479,0.0133528][0.469354,0.323371,0][-1.18581,-1.41576,0.958017][-0.714254,-0.582778,0.38757][0.531476,0.338103,0][-1.32014,-1.32755,0.617067][-0.876356,-0.481479,0.0133528][0.469354,0.323371,0][-1.0793,-1.56146,0.852556][-0.618179,-0.737579,0.271721][0.532215,0.304319,0][-1.0793,-1.56146,0.852556][-0.618179,-0.737579,0.271721][0.532215,0.304319,0][-1.32014,-1.32755,0.617067][-0.876356,-0.481479,0.0133528][0.469354,0.323371,0][-1.2097,-1.47892,0.527401][-0.78756,-0.615777,-0.0238207][0.470685,0.28986,0][-1.2097,-1.47892,0.527401][-0.78756,-0.615777,-0.0238207][0.470685,0.28986,0][-0.968642,-1.66537,0.745485][-0.53594,-0.822352,0.191064][0.530798,0.275177,0][-1.0793,-1.56146,0.852556][-0.618179,-0.737579,0.271721][0.532215,0.304319,0][-1.35849,-1.00451,0.21565][-0.953276,-0.210771,-0.216427][0.395514,0.345776,0][-1.27226,-1.22037,0.15885][-0.903044,-0.376169,-0.207384][0.400101,0.304866,0][-1.32014,-1.32755,0.617067][-0.876356,-0.481479,0.0133528][0.469354,0.323371,0][-1.32014,-1.32755,0.617067][-0.876356,-0.481479,0.0133528][0.469354,0.323371,0][-1.27226,-1.22037,0.15885][-0.903044,-0.376169,-0.207384][0.400101,0.304866,0][-1.2097,-1.47892,0.527401][-0.78756,-0.615777,-0.0238207][0.470685,0.28986,0][-1.4309,-0.739928,0.269889][-0.978966,-0.03347,-0.201259][0.394275,0.393978,0][-1.25823,-0.94036,-0.233114][-0.956147,-0.14487,-0.254548][0.334326,0.329096,0][-1.35849,-1.00451,0.21565][-0.953276,-0.210771,-0.216427][0.395514,0.345776,0][-1.25823,-0.94036,-0.233114][-0.956147,-0.14487,-0.254548][0.334326,0.329096,0][-1.27226,-1.22037,0.15885][-0.903044,-0.376169,-0.207384][0.400101,0.304866,0][-1.35849,-1.00451,0.21565][-0.953276,-0.210771,-0.216427][0.395514,0.345776,0][-1.43239,-0.375336,0.278148][-0.975651,0.13285,-0.174518][0.386647,0.446775,0][-1.22606,-0.616079,-0.252238][-0.937044,0.0977053,-0.335265][0.316,0.377674,0][-1.4309,-0.739928,0.269889][-0.978966,-0.03347,-0.201259][0.394275,0.393978,0][-1.4309,-0.739928,0.269889][-0.978966,-0.03347,-0.201259][0.394275,0.393978,0][-1.22606,-0.616079,-0.252238][-0.937044,0.0977053,-0.335265][0.316,0.377674,0][-1.25823,-0.94036,-0.233114][-0.956147,-0.14487,-0.254548][0.334326,0.329096,0][-1.43239,-0.375336,0.278148][-0.975651,0.13285,-0.174518][0.386647,0.446775,0][-1.20566,-0.227049,-0.202879][-0.891287,0.167959,-0.421185][0.304262,0.43326,0][-1.22606,-0.616079,-0.252238][-0.937044,0.0977053,-0.335265][0.316,0.377674,0][-1.21706,0.0542312,-0.068554][-0.891485,0.277345,-0.358237][0.318552,0.489322,0][-1.20566,-0.227049,-0.202879][-0.891287,0.167959,-0.421185][0.304262,0.43326,0][-1.43239,-0.375336,0.278148][-0.975651,0.13285,-0.174518][0.386647,0.446775,0][-1.21706,0.0542312,-0.068554][-0.891485,0.277345,-0.358237][0.318552,0.489322,0][-1.03179,-0.0355204,-0.433324][-0.818612,0.148245,-0.554886][0.252102,0.456059,0][-1.20566,-0.227049,-0.202879][-0.891287,0.167959,-0.421185][0.304262,0.43326,0][-1.03179,-0.0355204,-0.433324][-0.818612,0.148245,-0.554886][0.252102,0.456059,0][-0.998498,-0.214751,-0.479539][-0.811639,0.145685,-0.565701][0.237449,0.41836,0][-1.20566,-0.227049,-0.202879][-0.891287,0.167959,-0.421185][0.304262,0.43326,0][-0.998498,-0.214751,-0.479539][-0.811639,0.145685,-0.565701][0.237449,0.41836,0][-1.22606,-0.616079,-0.252238][-0.937044,0.0977053,-0.335265][0.316,0.377674,0][-1.20566,-0.227049,-0.202879][-0.891287,0.167959,-0.421185][0.304262,0.43326,0][-0.998498,-0.214751,-0.479539][-0.811639,0.145685,-0.565701][0.237449,0.41836,0][-1.03179,-0.0355204,-0.433324][-0.818612,0.148245,-0.554886][0.252102,0.456059,0][-0.956418,-0.157683,-0.546685][-0.798151,0.0423158,-0.600969][0.230477,0.434689,0][-1.22606,-0.616079,-0.252238][-0.937044,0.0977053,-0.335265][0.316,0.377674,0][-0.998498,-0.214751,-0.479539][-0.811639,0.145685,-0.565701][0.237449,0.41836,0][-1.18473,-0.661861,-0.51861][-0.859294,0.214206,-0.464468][0.284581,0.353286,0][-1.18473,-0.661861,-0.51861][-0.859294,0.214206,-0.464468][0.284581,0.353286,0][-1.25823,-0.94036,-0.233114][-0.956147,-0.14487,-0.254548][0.334326,0.329096,0][-1.22606,-0.616079,-0.252238][-0.937044,0.0977053,-0.335265][0.316,0.377674,0][-0.901694,-0.4494,-0.674353][-0.539495,0.41948,-0.730056][0.232492,0.368437,0][-1.18473,-0.661861,-0.51861][-0.859294,0.214206,-0.464468][0.284581,0.353286,0][-0.998498,-0.214751,-0.479539][-0.811639,0.145685,-0.565701][0.237449,0.41836,0][-1.25823,-0.94036,-0.233114][-0.956147,-0.14487,-0.254548][0.334326,0.329096,0][-1.18473,-0.661861,-0.51861][-0.859294,0.214206,-0.464468][0.284581,0.353286,0][-1.1836,-0.943158,-0.585872][-0.912345,-0.0741355,-0.402655][0.288899,0.30889,0][-1.18473,-0.661861,-0.51861][-0.859294,0.214206,-0.464468][0.284581,0.353286,0][-0.901694,-0.4494,-0.674353][-0.539495,0.41948,-0.730056][0.232492,0.368437,0][-1.01528,-0.710019,-0.730053][-0.629551,0.340237,-0.698502][0.250688,0.330251,0][-1.01528,-0.710019,-0.730053][-0.629551,0.340237,-0.698502][0.250688,0.330251,0][-1.1836,-0.943158,-0.585872][-0.912345,-0.0741355,-0.402655][0.288899,0.30889,0][-1.18473,-0.661861,-0.51861][-0.859294,0.214206,-0.464468][0.284581,0.353286,0][-0.901694,-0.4494,-0.674353][-0.539495,0.41948,-0.730056][0.232492,0.368437,0][-0.778056,-0.720696,-0.898002][-0.48543,0.550489,-0.679205][0.206956,0.314285,0][-1.01528,-0.710019,-0.730053][-0.629551,0.340237,-0.698502][0.250688,0.330251,0][-0.778056,-0.720696,-0.898002][-0.48543,0.550489,-0.679205][0.206956,0.314285,0][-0.901694,-0.4494,-0.674353][-0.539495,0.41948,-0.730056][0.232492,0.368437,0][-0.745024,-0.545056,-0.744436][-0.385298,0.584805,-0.713827][0.209247,0.353356,0][-1.1836,-0.943158,-0.585872][-0.912345,-0.0741355,-0.402655][0.288899,0.30889,0][-1.01528,-0.710019,-0.730053][-0.629551,0.340237,-0.698502][0.250688,0.330251,0][-0.933363,-0.937551,-0.9106][-0.736113,0.225674,-0.638129][0.236314,0.281627,0][-0.778056,-0.720696,-0.898002][-0.48543,0.550489,-0.679205][0.206956,0.314285,0][-0.933363,-0.937551,-0.9106][-0.736113,0.225674,-0.638129][0.236314,0.281627,0][-1.01528,-0.710019,-0.730053][-0.629551,0.340237,-0.698502][0.250688,0.330251,0][-0.488694,-0.495967,-0.846887][-0.6038,0.589393,-0.536695][0.161951,0.358824,0][-0.778056,-0.720696,-0.898002][-0.48543,0.550489,-0.679205][0.206956,0.314285,0][-0.745024,-0.545056,-0.744436][-0.385298,0.584805,-0.713827][0.209247,0.353356,0][-0.933363,-0.937551,-0.9106][-0.736113,0.225674,-0.638129][0.236314,0.281627,0][-0.962141,-1.21024,-0.865747][-0.885088,-0.215067,-0.412753][0.263486,0.243415,0][-1.1836,-0.943158,-0.585872][-0.912345,-0.0741355,-0.402655][0.288899,0.30889,0][-1.25823,-0.94036,-0.233114][-0.956147,-0.14487,-0.254548][0.334326,0.329096,0][-1.1836,-0.943158,-0.585872][-0.912345,-0.0741355,-0.402655][0.288899,0.30889,0][-1.16577,-1.19043,-0.332791][-0.886943,-0.382463,-0.258946][0.334868,0.281221,0][-1.1836,-0.943158,-0.585872][-0.912345,-0.0741355,-0.402655][0.288899,0.30889,0][-0.962141,-1.21024,-0.865747][-0.885088,-0.215067,-0.412753][0.263486,0.243415,0][-1.16577,-1.19043,-0.332791][-0.886943,-0.382463,-0.258946][0.334868,0.281221,0][-1.27226,-1.22037,0.15885][-0.903044,-0.376169,-0.207384][0.400101,0.304866,0][-1.25823,-0.94036,-0.233114][-0.956147,-0.14487,-0.254548][0.334326,0.329096,0][-1.16577,-1.19043,-0.332791][-0.886943,-0.382463,-0.258946][0.334868,0.281221,0][-0.778056,-0.720696,-0.898002][-0.48543,0.550489,-0.679205][0.206956,0.314285,0][-0.488694,-0.495967,-0.846887][-0.6038,0.589393,-0.536695][0.161951,0.358824,0][-0.472818,-0.655957,-1.06976][-0.628582,0.567443,-0.531877][0.142721,0.311307,0][-0.371528,-0.355007,-0.945444][-0.778022,0.445033,-0.443427][0.126324,0.378253,0][-0.472818,-0.655957,-1.06976][-0.628582,0.567443,-0.531877][0.142721,0.311307,0][-0.488694,-0.495967,-0.846887][-0.6038,0.589393,-0.536695][0.161951,0.358824,0][-0.472818,-0.655957,-1.06976][-0.628582,0.567443,-0.531877][0.142721,0.311307,0][-0.371528,-0.355007,-0.945444][-0.778022,0.445033,-0.443427][0.126324,0.378253,0][-0.321121,-0.598365,-1.24367][-0.733022,0.489092,-0.472723][0.0939414,0.301963,0][-0.472818,-0.655957,-1.06976][-0.628582,0.567443,-0.531877][0.142721,0.311307,0][-0.680539,-0.861891,-1.09935][-0.605945,0.510342,-0.610231][0.182719,0.273567,0][-0.778056,-0.720696,-0.898002][-0.48543,0.550489,-0.679205][0.206956,0.314285,0][-0.933363,-0.937551,-0.9106][-0.736113,0.225674,-0.638129][0.236314,0.281627,0][-0.778056,-0.720696,-0.898002][-0.48543,0.550489,-0.679205][0.206956,0.314285,0][-0.680539,-0.861891,-1.09935][-0.605945,0.510342,-0.610231][0.182719,0.273567,0][-0.321121,-0.598365,-1.24367][-0.733022,0.489092,-0.472723][0.0939414,0.301963,0][-0.421292,-0.799571,-1.30863][-0.63039,0.551767,-0.546042][0.120185,0.259725,0][-0.472818,-0.655957,-1.06976][-0.628582,0.567443,-0.531877][0.142721,0.311307,0][-0.680539,-0.861891,-1.09935][-0.605945,0.510342,-0.610231][0.182719,0.273567,0][-0.472818,-0.655957,-1.06976][-0.628582,0.567443,-0.531877][0.142721,0.311307,0][-0.421292,-0.799571,-1.30863][-0.63039,0.551767,-0.546042][0.120185,0.259725,0][-0.421292,-0.799571,-1.30863][-0.63039,0.551767,-0.546042][0.120185,0.259725,0][-0.321121,-0.598365,-1.24367][-0.733022,0.489092,-0.472723][0.0939414,0.301963,0][-0.28098,-0.770009,-1.46907][-0.699774,0.454399,-0.551215][0.0783872,0.241983,0][-0.680539,-0.861891,-1.09935][-0.605945,0.510342,-0.610231][0.182719,0.273567,0][-0.796188,-1.14728,-1.14318][-0.815562,0.304009,-0.492379][0.212487,0.227166,0][-0.933363,-0.937551,-0.9106][-0.736113,0.225674,-0.638129][0.236314,0.281627,0][-0.962141,-1.21024,-0.865747][-0.885088,-0.215067,-0.412753][0.263486,0.243415,0][-0.933363,-0.937551,-0.9106][-0.736113,0.225674,-0.638129][0.236314,0.281627,0][-0.796188,-1.14728,-1.14318][-0.815562,0.304009,-0.492379][0.212487,0.227166,0][-0.421292,-0.799571,-1.30863][-0.63039,0.551767,-0.546042][0.120185,0.259725,0][-0.605218,-0.972891,-1.31434][-0.630797,0.537197,-0.559924][0.160841,0.233447,0][-0.680539,-0.861891,-1.09935][-0.605945,0.510342,-0.610231][0.182719,0.273567,0][-0.796188,-1.14728,-1.14318][-0.815562,0.304009,-0.492379][0.212487,0.227166,0][-0.680539,-0.861891,-1.09935][-0.605945,0.510342,-0.610231][0.182719,0.273567,0][-0.605218,-0.972891,-1.31434][-0.630797,0.537197,-0.559924][0.160841,0.233447,0][-0.28098,-0.770009,-1.46907][-0.699774,0.454399,-0.551215][0.0783872,0.241983,0][-0.353216,-0.969689,-1.53033][-0.623456,0.461556,-0.631085][0.104519,0.204043,0][-0.421292,-0.799571,-1.30863][-0.63039,0.551767,-0.546042][0.120185,0.259725,0][-0.605218,-0.972891,-1.31434][-0.630797,0.537197,-0.559924][0.160841,0.233447,0][-0.421292,-0.799571,-1.30863][-0.63039,0.551767,-0.546042][0.120185,0.259725,0][-0.353216,-0.969689,-1.53033][-0.623456,0.461556,-0.631085][0.104519,0.204043,0][-0.353216,-0.969689,-1.53033][-0.623456,0.461556,-0.631085][0.104519,0.204043,0][-0.28098,-0.770009,-1.46907][-0.699774,0.454399,-0.551215][0.0783872,0.241983,0][-0.228349,-1.02192,-1.70466][-0.645062,0.325723,-0.69123][0.0752852,0.168251,0][-0.228349,-1.02192,-1.70466][-0.645062,0.325723,-0.69123][0.0752852,0.168251,0][-0.384125,-1.11282,-1.60732][-0.527449,0.354395,-0.772141][0.117642,0.174021,0][-0.353216,-0.969689,-1.53033][-0.623456,0.461556,-0.631085][0.104519,0.204043,0][-0.384125,-1.11282,-1.60732][-0.527449,0.354395,-0.772141][0.117642,0.174021,0][-0.605218,-0.972891,-1.31434][-0.630797,0.537197,-0.559924][0.160841,0.233447,0][-0.353216,-0.969689,-1.53033][-0.623456,0.461556,-0.631085][0.104519,0.204043,0][-0.228349,-1.02192,-1.70466][-0.645062,0.325723,-0.69123][0.0752852,0.168251,0][-0.225049,-1.10448,-1.69185][-0.470707,0.255487,-0.844489][0.0856504,0.153705,0][-0.384125,-1.11282,-1.60732][-0.527449,0.354395,-0.772141][0.117642,0.174021,0][-0.225049,-1.10448,-1.69185][-0.470707,0.255487,-0.844489][0.0856504,0.153705,0][-0.359127,-1.2402,-1.67426][-0.372405,0.130446,-0.918857][0.123998,0.147431,0][-0.384125,-1.11282,-1.60732][-0.527449,0.354395,-0.772141][0.117642,0.174021,0][-0.359127,-1.2402,-1.67426][-0.372405,0.130446,-0.918857][0.123998,0.147431,0][-0.225049,-1.10448,-1.69185][-0.470707,0.255487,-0.844489][0.0856504,0.153705,0][-0.169803,-1.15668,-1.70133][-0.205023,0.111758,-0.972356][0.0825313,0.137317,0][-0.105346,-1.2566,-1.70082][0.00375587,-0.113365,-0.993546][0.0848574,0.110858,0][-0.359127,-1.2402,-1.67426][-0.372405,0.130446,-0.918857][0.123998,0.147431,0][-0.169803,-1.15668,-1.70133][-0.205023,0.111758,-0.972356][0.0825313,0.137317,0][-0.359127,-1.2402,-1.67426][-0.372405,0.130446,-0.918857][0.123998,0.147431,0][-0.105346,-1.2566,-1.70082][0.00375587,-0.113365,-0.993546][0.0848574,0.110858,0][-0.24526,-1.41516,-1.70142][-0.106078,-0.232607,-0.966769][0.129015,0.109089,0][-1.47811e-08,-1.35805,-1.68443][0.131464,-0.281891,-0.950397][0.0824713,0.0731643,0][-0.24526,-1.41516,-1.70142][-0.106078,-0.232607,-0.966769][0.129015,0.109089,0][-0.105346,-1.2566,-1.70082][0.00375587,-0.113365,-0.993546][0.0848574,0.110858,0][-1.47811e-08,-1.44702,-1.62976][0.204229,-0.348456,-0.914806][0.10175,0.0566216,0][-0.24526,-1.41516,-1.70142][-0.106078,-0.232607,-0.966769][0.129015,0.109089,0][-1.47811e-08,-1.35805,-1.68443][0.131464,-0.281891,-0.950397][0.0824713,0.0731643,0][-1.47811e-08,-1.50776,-1.58923][0.285895,-0.526462,-0.800688][0.115992,0.0469075,0][-0.24526,-1.41516,-1.70142][-0.106078,-0.232607,-0.966769][0.129015,0.109089,0][-1.47811e-08,-1.44702,-1.62976][0.204229,-0.348456,-0.914806][0.10175,0.0566216,0][-0.24526,-1.41516,-1.70142][-0.106078,-0.232607,-0.966769][0.129015,0.109089,0][-1.47811e-08,-1.50776,-1.58923][0.285895,-0.526462,-0.800688][0.115992,0.0469075,0][-0.223917,-1.60238,-1.62516][0.0210494,-0.622575,-0.782277][0.156054,0.0845145,0][-0.223917,-1.60238,-1.62516][0.0210494,-0.622575,-0.782277][0.156054,0.0845145,0][-1.47811e-08,-1.50776,-1.58923][0.285895,-0.526462,-0.800688][0.115992,0.0469075,0][-0.197798,-1.68448,-1.49839][0.0474287,-0.818082,-0.573143][0.178521,0.0655433,0][-1.47811e-08,-1.55942,-1.56177][0.316691,-0.689349,-0.651541][0.127735,0.0399495,0][-0.197798,-1.68448,-1.49839][0.0474287,-0.818082,-0.573143][0.178521,0.0655433,0][-1.47811e-08,-1.50776,-1.58923][0.285895,-0.526462,-0.800688][0.115992,0.0469075,0][-0.488088,-1.63633,-1.50546][-0.422102,-0.683675,-0.595331][0.193414,0.116167,0][-0.223917,-1.60238,-1.62516][0.0210494,-0.622575,-0.782277][0.156054,0.0845145,0][-0.197798,-1.68448,-1.49839][0.0474287,-0.818082,-0.573143][0.178521,0.0655433,0][-0.488088,-1.63633,-1.50546][-0.422102,-0.683675,-0.595331][0.193414,0.116167,0][-0.24526,-1.41516,-1.70142][-0.106078,-0.232607,-0.966769][0.129015,0.109089,0][-0.223917,-1.60238,-1.62516][0.0210494,-0.622575,-0.782277][0.156054,0.0845145,0][-0.413045,-1.70934,-1.38821][-0.302141,-0.862043,-0.406931][0.211373,0.0985104,0][-0.488088,-1.63633,-1.50546][-0.422102,-0.683675,-0.595331][0.193414,0.116167,0][-0.197798,-1.68448,-1.49839][0.0474287,-0.818082,-0.573143][0.178521,0.0655433,0][-0.359127,-1.2402,-1.67426][-0.372405,0.130446,-0.918857][0.123998,0.147431,0][-0.24526,-1.41516,-1.70142][-0.106078,-0.232607,-0.966769][0.129015,0.109089,0][-0.547587,-1.45927,-1.57872][-0.561207,-0.245963,-0.790284][0.174229,0.140388,0][-0.24526,-1.41516,-1.70142][-0.106078,-0.232607,-0.966769][0.129015,0.109089,0][-0.488088,-1.63633,-1.50546][-0.422102,-0.683675,-0.595331][0.193414,0.116167,0][-0.547587,-1.45927,-1.57872][-0.561207,-0.245963,-0.790284][0.174229,0.140388,0][-0.413045,-1.70934,-1.38821][-0.302141,-0.862043,-0.406931][0.211373,0.0985104,0][-0.666927,-1.58747,-1.3267][-0.684088,-0.628459,-0.370219][0.219341,0.144897,0][-0.488088,-1.63633,-1.50546][-0.422102,-0.683675,-0.595331][0.193414,0.116167,0][-0.666927,-1.58747,-1.3267][-0.684088,-0.628459,-0.370219][0.219341,0.144897,0][-0.413045,-1.70934,-1.38821][-0.302141,-0.862043,-0.406931][0.211373,0.0985104,0][-0.596438,-1.66462,-1.25733][-0.564063,-0.784008,-0.259162][0.232915,0.13011,0][-0.488088,-1.63633,-1.50546][-0.422102,-0.683675,-0.595331][0.193414,0.116167,0][-0.724596,-1.45265,-1.36698][-0.814453,-0.27148,-0.512802][0.206967,0.164434,0][-0.547587,-1.45927,-1.57872][-0.561207,-0.245963,-0.790284][0.174229,0.140388,0][-0.724596,-1.45265,-1.36698][-0.814453,-0.27148,-0.512802][0.206967,0.164434,0][-0.488088,-1.63633,-1.50546][-0.422102,-0.683675,-0.595331][0.193414,0.116167,0][-0.666927,-1.58747,-1.3267][-0.684088,-0.628459,-0.370219][0.219341,0.144897,0][-0.579998,-1.26881,-1.53914][-0.630867,0.149928,-0.761268][0.163608,0.169277,0][-0.359127,-1.2402,-1.67426][-0.372405,0.130446,-0.918857][0.123998,0.147431,0][-0.547587,-1.45927,-1.57872][-0.561207,-0.245963,-0.790284][0.174229,0.140388,0][-0.724596,-1.45265,-1.36698][-0.814453,-0.27148,-0.512802][0.206967,0.164434,0][-0.579998,-1.26881,-1.53914][-0.630867,0.149928,-0.761268][0.163608,0.169277,0][-0.547587,-1.45927,-1.57872][-0.561207,-0.245963,-0.790284][0.174229,0.140388,0][-0.384125,-1.11282,-1.60732][-0.527449,0.354395,-0.772141][0.117642,0.174021,0][-0.359127,-1.2402,-1.67426][-0.372405,0.130446,-0.918857][0.123998,0.147431,0][-0.579998,-1.26881,-1.53914][-0.630867,0.149928,-0.761268][0.163608,0.169277,0][-0.596438,-1.66462,-1.25733][-0.564063,-0.784008,-0.259162][0.232915,0.13011,0][-0.770369,-1.52967,-1.14753][-0.828915,-0.509427,-0.23105][0.242051,0.168287,0][-0.666927,-1.58747,-1.3267][-0.684088,-0.628459,-0.370219][0.219341,0.144897,0][-0.770369,-1.52967,-1.14753][-0.828915,-0.509427,-0.23105][0.242051,0.168287,0][-0.596438,-1.66462,-1.25733][-0.564063,-0.784008,-0.259162][0.232915,0.13011,0][-0.722055,-1.59366,-1.11831][-0.755116,-0.620074,-0.212857][0.250143,0.156903,0][-0.722055,-1.59366,-1.11831][-0.755116,-0.620074,-0.212857][0.250143,0.156903,0][-0.803287,-1.5444,-0.992923][-0.852774,-0.470656,-0.226405][0.265673,0.176158,0][-0.770369,-1.52967,-1.14753][-0.828915,-0.509427,-0.23105][0.242051,0.168287,0][-0.816792,-1.5087,-0.938096][-0.901183,-0.397537,-0.172724][0.271807,0.185471,0][-0.770369,-1.52967,-1.14753][-0.828915,-0.509427,-0.23105][0.242051,0.168287,0][-0.803287,-1.5444,-0.992923][-0.852774,-0.470656,-0.226405][0.265673,0.176158,0][-0.815601,-1.44006,-1.16421][-0.915609,-0.305222,-0.261723][0.234312,0.182464,0][-0.666927,-1.58747,-1.3267][-0.684088,-0.628459,-0.370219][0.219341,0.144897,0][-0.770369,-1.52967,-1.14753][-0.828915,-0.509427,-0.23105][0.242051,0.168287,0][-0.770369,-1.52967,-1.14753][-0.828915,-0.509427,-0.23105][0.242051,0.168287,0][-0.816792,-1.5087,-0.938096][-0.901183,-0.397537,-0.172724][0.271807,0.185471,0][-0.815601,-1.44006,-1.16421][-0.915609,-0.305222,-0.261723][0.234312,0.182464,0][-0.666927,-1.58747,-1.3267][-0.684088,-0.628459,-0.370219][0.219341,0.144897,0][-0.815601,-1.44006,-1.16421][-0.915609,-0.305222,-0.261723][0.234312,0.182464,0][-0.724596,-1.45265,-1.36698][-0.814453,-0.27148,-0.512802][0.206967,0.164434,0][-0.590237,-1.11321,-1.45734][-0.635168,0.435564,-0.637844][0.157919,0.197819,0][-0.384125,-1.11282,-1.60732][-0.527449,0.354395,-0.772141][0.117642,0.174021,0][-0.579998,-1.26881,-1.53914][-0.630867,0.149928,-0.761268][0.163608,0.169277,0][-0.605218,-0.972891,-1.31434][-0.630797,0.537197,-0.559924][0.160841,0.233447,0][-0.384125,-1.11282,-1.60732][-0.527449,0.354395,-0.772141][0.117642,0.174021,0][-0.590237,-1.11321,-1.45734][-0.635168,0.435564,-0.637844][0.157919,0.197819,0][-0.579998,-1.26881,-1.53914][-0.630867,0.149928,-0.761268][0.163608,0.169277,0][-0.724596,-1.45265,-1.36698][-0.814453,-0.27148,-0.512802][0.206967,0.164434,0][-0.760965,-1.29445,-1.34508][-0.846597,0.0728094,-0.527231][0.199372,0.188074,0][-0.815601,-1.44006,-1.16421][-0.915609,-0.305222,-0.261723][0.234312,0.182464,0][-0.760965,-1.29445,-1.34508][-0.846597,0.0728094,-0.527231][0.199372,0.188074,0][-0.724596,-1.45265,-1.36698][-0.814453,-0.27148,-0.512802][0.206967,0.164434,0][-0.760965,-1.29445,-1.34508][-0.846597,0.0728094,-0.527231][0.199372,0.188074,0][-0.590237,-1.11321,-1.45734][-0.635168,0.435564,-0.637844][0.157919,0.197819,0][-0.579998,-1.26881,-1.53914][-0.630867,0.149928,-0.761268][0.163608,0.169277,0][-0.774467,-1.17235,-1.26681][-0.828981,0.33095,-0.450846][0.198905,0.210921,0][-0.605218,-0.972891,-1.31434][-0.630797,0.537197,-0.559924][0.160841,0.233447,0][-0.590237,-1.11321,-1.45734][-0.635168,0.435564,-0.637844][0.157919,0.197819,0][-0.590237,-1.11321,-1.45734][-0.635168,0.435564,-0.637844][0.157919,0.197819,0][-0.760965,-1.29445,-1.34508][-0.846597,0.0728094,-0.527231][0.199372,0.188074,0][-0.774467,-1.17235,-1.26681][-0.828981,0.33095,-0.450846][0.198905,0.210921,0][-0.605218,-0.972891,-1.31434][-0.630797,0.537197,-0.559924][0.160841,0.233447,0][-0.774467,-1.17235,-1.26681][-0.828981,0.33095,-0.450846][0.198905,0.210921,0][-0.796188,-1.14728,-1.14318][-0.815562,0.304009,-0.492379][0.212487,0.227166,0][-0.760965,-1.29445,-1.34508][-0.846597,0.0728094,-0.527231][0.199372,0.188074,0][-0.815601,-1.44006,-1.16421][-0.915609,-0.305222,-0.261723][0.234312,0.182464,0][-0.83008,-1.33827,-1.14761][-0.945674,-0.142196,-0.292371][0.229797,0.198701,0][-0.83008,-1.33827,-1.14761][-0.945674,-0.142196,-0.292371][0.229797,0.198701,0][-0.774467,-1.17235,-1.26681][-0.828981,0.33095,-0.450846][0.198905,0.210921,0][-0.760965,-1.29445,-1.34508][-0.846597,0.0728094,-0.527231][0.199372,0.188074,0][-0.837154,-1.25546,-1.12051][-0.934914,0.0293587,-0.353658][0.2272,0.21327,0][-0.796188,-1.14728,-1.14318][-0.815562,0.304009,-0.492379][0.212487,0.227166,0][-0.774467,-1.17235,-1.26681][-0.828981,0.33095,-0.450846][0.198905,0.210921,0][-0.774467,-1.17235,-1.26681][-0.828981,0.33095,-0.450846][0.198905,0.210921,0][-0.83008,-1.33827,-1.14761][-0.945674,-0.142196,-0.292371][0.229797,0.198701,0][-0.837154,-1.25546,-1.12051][-0.934914,0.0293587,-0.353658][0.2272,0.21327,0][-0.837154,-1.25546,-1.12051][-0.934914,0.0293587,-0.353658][0.2272,0.21327,0][-0.962141,-1.21024,-0.865747][-0.885088,-0.215067,-0.412753][0.263486,0.243415,0][-0.796188,-1.14728,-1.14318][-0.815562,0.304009,-0.492379][0.212487,0.227166,0][-0.815601,-1.44006,-1.16421][-0.915609,-0.305222,-0.261723][0.234312,0.182464,0][-0.842258,-1.4457,-0.895462][-0.911475,-0.359412,-0.20009][0.2744,0.198879,0][-0.83008,-1.33827,-1.14761][-0.945674,-0.142196,-0.292371][0.229797,0.198701,0][-0.842258,-1.4457,-0.895462][-0.911475,-0.359412,-0.20009][0.2744,0.198879,0][-0.815601,-1.44006,-1.16421][-0.915609,-0.305222,-0.261723][0.234312,0.182464,0][-0.816792,-1.5087,-0.938096][-0.901183,-0.397537,-0.172724][0.271807,0.185471,0][-0.83008,-1.33827,-1.14761][-0.945674,-0.142196,-0.292371][0.229797,0.198701,0][-0.887251,-1.35138,-0.874064][-0.890517,-0.373456,-0.259828][0.271338,0.216887,0][-0.837154,-1.25546,-1.12051][-0.934914,0.0293587,-0.353658][0.2272,0.21327,0][-0.887251,-1.35138,-0.874064][-0.890517,-0.373456,-0.259828][0.271338,0.216887,0][-0.83008,-1.33827,-1.14761][-0.945674,-0.142196,-0.292371][0.229797,0.198701,0][-0.842258,-1.4457,-0.895462][-0.911475,-0.359412,-0.20009][0.2744,0.198879,0][-0.962141,-1.21024,-0.865747][-0.885088,-0.215067,-0.412753][0.263486,0.243415,0][-0.837154,-1.25546,-1.12051][-0.934914,0.0293587,-0.353658][0.2272,0.21327,0][-0.887251,-1.35138,-0.874064][-0.890517,-0.373456,-0.259828][0.271338,0.216887,0][-0.904002,-1.54393,-0.497125][-0.8552,-0.466622,-0.225605][0.3378,0.206661,0][-0.842258,-1.4457,-0.895462][-0.911475,-0.359412,-0.20009][0.2744,0.198879,0][-0.816792,-1.5087,-0.938096][-0.901183,-0.397537,-0.172724][0.271807,0.185471,0][-0.816792,-1.5087,-0.938096][-0.901183,-0.397537,-0.172724][0.271807,0.185471,0][-0.84828,-1.63996,-0.496215][-0.788443,-0.587456,-0.182355][0.345238,0.189346,0][-0.904002,-1.54393,-0.497125][-0.8552,-0.466622,-0.225605][0.3378,0.206661,0][-0.895637,-1.71058,-0.0677216][-0.653966,-0.744559,-0.134014][0.412986,0.202169,0][-0.904002,-1.54393,-0.497125][-0.8552,-0.466622,-0.225605][0.3378,0.206661,0][-0.84828,-1.63996,-0.496215][-0.788443,-0.587456,-0.182355][0.345238,0.189346,0][-0.842258,-1.4457,-0.895462][-0.911475,-0.359412,-0.20009][0.2744,0.198879,0][-0.904002,-1.54393,-0.497125][-0.8552,-0.466622,-0.225605][0.3378,0.206661,0][-0.951077,-1.45941,-0.482227][-0.848743,-0.460604,-0.259767][0.33374,0.222488,0][-0.951077,-1.45941,-0.482227][-0.848743,-0.460604,-0.259767][0.33374,0.222488,0][-0.887251,-1.35138,-0.874064][-0.890517,-0.373456,-0.259828][0.271338,0.216887,0][-0.842258,-1.4457,-0.895462][-0.911475,-0.359412,-0.20009][0.2744,0.198879,0][-0.904002,-1.54393,-0.497125][-0.8552,-0.466622,-0.225605][0.3378,0.206661,0][-0.895637,-1.71058,-0.0677216][-0.653966,-0.744559,-0.134014][0.412986,0.202169,0][-1.00163,-1.61748,-0.0253659][-0.741596,-0.647342,-0.176022][0.408506,0.223635,0][-1.00163,-1.61748,-0.0253659][-0.741596,-0.647342,-0.176022][0.408506,0.223635,0][-0.951077,-1.45941,-0.482227][-0.848743,-0.460604,-0.259767][0.33374,0.222488,0][-0.904002,-1.54393,-0.497125][-0.8552,-0.466622,-0.225605][0.3378,0.206661,0][-0.895637,-1.71058,-0.0677216][-0.653966,-0.744559,-0.134014][0.412986,0.202169,0][-0.852552,-1.76752,0.266665][-0.520489,-0.853709,-0.0165011][0.47125,0.212868,0][-1.00163,-1.61748,-0.0253659][-0.741596,-0.647342,-0.176022][0.408506,0.223635,0][-0.976042,-1.68893,0.34492][-0.60998,-0.79203,-0.0247582][0.470552,0.236092,0][-1.00163,-1.61748,-0.0253659][-0.741596,-0.647342,-0.176022][0.408506,0.223635,0][-0.852552,-1.76752,0.266665][-0.520489,-0.853709,-0.0165011][0.47125,0.212868,0][-1.03394,-1.36145,-0.433871][-0.841091,-0.466002,-0.274605][0.332946,0.243873,0][-0.962141,-1.21024,-0.865747][-0.885088,-0.215067,-0.412753][0.263486,0.243415,0][-0.887251,-1.35138,-0.874064][-0.890517,-0.373456,-0.259828][0.271338,0.216887,0][-1.03394,-1.36145,-0.433871][-0.841091,-0.466002,-0.274605][0.332946,0.243873,0][-0.887251,-1.35138,-0.874064][-0.890517,-0.373456,-0.259828][0.271338,0.216887,0][-0.951077,-1.45941,-0.482227][-0.848743,-0.460604,-0.259767][0.33374,0.222488,0][-1.16577,-1.19043,-0.332791][-0.886943,-0.382463,-0.258946][0.334868,0.281221,0][-0.962141,-1.21024,-0.865747][-0.885088,-0.215067,-0.412753][0.263486,0.243415,0][-1.03394,-1.36145,-0.433871][-0.841091,-0.466002,-0.274605][0.332946,0.243873,0][-0.951077,-1.45941,-0.482227][-0.848743,-0.460604,-0.259767][0.33374,0.222488,0][-1.00163,-1.61748,-0.0253659][-0.741596,-0.647342,-0.176022][0.408506,0.223635,0][-1.09875,-1.51167,0.0363004][-0.794401,-0.574144,-0.198207][0.406586,0.247152,0][-1.09875,-1.51167,0.0363004][-0.794401,-0.574144,-0.198207][0.406586,0.247152,0][-1.00163,-1.61748,-0.0253659][-0.741596,-0.647342,-0.176022][0.408506,0.223635,0][-0.976042,-1.68893,0.34492][-0.60998,-0.79203,-0.0247582][0.470552,0.236092,0][-1.09875,-1.51167,0.0363004][-0.794401,-0.574144,-0.198207][0.406586,0.247152,0][-1.03394,-1.36145,-0.433871][-0.841091,-0.466002,-0.274605][0.332946,0.243873,0][-0.951077,-1.45941,-0.482227][-0.848743,-0.460604,-0.259767][0.33374,0.222488,0][-1.18833,-1.38396,0.107156][-0.843997,-0.496881,-0.201938][0.405168,0.273822,0][-1.16577,-1.19043,-0.332791][-0.886943,-0.382463,-0.258946][0.334868,0.281221,0][-1.03394,-1.36145,-0.433871][-0.841091,-0.466002,-0.274605][0.332946,0.243873,0][-1.03394,-1.36145,-0.433871][-0.841091,-0.466002,-0.274605][0.332946,0.243873,0][-1.09875,-1.51167,0.0363004][-0.794401,-0.574144,-0.198207][0.406586,0.247152,0][-1.18833,-1.38396,0.107156][-0.843997,-0.496881,-0.201938][0.405168,0.273822,0][-1.16577,-1.19043,-0.332791][-0.886943,-0.382463,-0.258946][0.334868,0.281221,0][-1.18833,-1.38396,0.107156][-0.843997,-0.496881,-0.201938][0.405168,0.273822,0][-1.27226,-1.22037,0.15885][-0.903044,-0.376169,-0.207384][0.400101,0.304866,0][-1.27226,-1.22037,0.15885][-0.903044,-0.376169,-0.207384][0.400101,0.304866,0][-1.18833,-1.38396,0.107156][-0.843997,-0.496881,-0.201938][0.405168,0.273822,0][-1.2097,-1.47892,0.527401][-0.78756,-0.615777,-0.0238207][0.470685,0.28986,0][-1.18833,-1.38396,0.107156][-0.843997,-0.496881,-0.201938][0.405168,0.273822,0][-1.09875,-1.51167,0.0363004][-0.794401,-0.574144,-0.198207][0.406586,0.247152,0][-1.09499,-1.59426,0.43441][-0.699173,-0.71432,-0.0300642][0.470762,0.261565,0][-1.09499,-1.59426,0.43441][-0.699173,-0.71432,-0.0300642][0.470762,0.261565,0][-1.09875,-1.51167,0.0363004][-0.794401,-0.574144,-0.198207][0.406586,0.247152,0][-0.976042,-1.68893,0.34492][-0.60998,-0.79203,-0.0247582][0.470552,0.236092,0][-1.2097,-1.47892,0.527401][-0.78756,-0.615777,-0.0238207][0.470685,0.28986,0][-1.18833,-1.38396,0.107156][-0.843997,-0.496881,-0.201938][0.405168,0.273822,0][-1.09499,-1.59426,0.43441][-0.699173,-0.71432,-0.0300642][0.470762,0.261565,0][-0.849773,-1.75012,0.631103][-0.462655,-0.876274,0.134513][0.527605,0.246975,0][-1.09499,-1.59426,0.43441][-0.699173,-0.71432,-0.0300642][0.470762,0.261565,0][-0.976042,-1.68893,0.34492][-0.60998,-0.79203,-0.0247582][0.470552,0.236092,0][-0.968642,-1.66537,0.745485][-0.53594,-0.822352,0.191064][0.530798,0.275177,0][-1.2097,-1.47892,0.527401][-0.78756,-0.615777,-0.0238207][0.470685,0.28986,0][-1.09499,-1.59426,0.43441][-0.699173,-0.71432,-0.0300642][0.470762,0.261565,0][-1.09499,-1.59426,0.43441][-0.699173,-0.71432,-0.0300642][0.470762,0.261565,0][-0.849773,-1.75012,0.631103][-0.462655,-0.876274,0.134513][0.527605,0.246975,0][-0.968642,-1.66537,0.745485][-0.53594,-0.822352,0.191064][0.530798,0.275177,0][-0.72088,-0.293766,-0.781133][-0.480964,-0.073593,-0.873646][0.842652,0.151112,0][-0.905532,-0.138197,-0.6134][-0.819699,0.21682,-0.530172][0.827879,0.232891,0][-0.846558,-0.0733035,-0.661229][-0.70562,0.356476,-0.612393][0.797652,0.221249,0][-0.905532,-0.138197,-0.6134][-0.819699,0.21682,-0.530172][0.827879,0.232891,0][-0.849187,0.0182143,-0.536521][-0.718623,0.553869,-0.420488][0.767186,0.267601,0][-0.846558,-0.0733035,-0.661229][-0.70562,0.356476,-0.612393][0.797652,0.221249,0][-0.849187,0.0182143,-0.536521][-0.718623,0.553869,-0.420488][0.767186,0.267601,0][-0.905532,-0.138197,-0.6134][-0.819699,0.21682,-0.530172][0.827879,0.232891,0][-0.933024,-0.0746711,-0.471957][-0.886721,0.332796,-0.320894][0.816605,0.287709,0][-0.73457,0.065736,-0.61503][-0.490036,0.67899,-0.546659][0.728227,0.230215,0][-0.846558,-0.0733035,-0.661229][-0.70562,0.356476,-0.612393][0.797652,0.221249,0][-0.849187,0.0182143,-0.536521][-0.718623,0.553869,-0.420488][0.767186,0.267601,0][-0.905532,-0.138197,-0.6134][-0.819699,0.21682,-0.530172][0.827879,0.232891,0][-0.972434,-0.20297,-0.433632][-0.961376,0.082922,-0.262452][0.870492,0.287718,0][-0.933024,-0.0746711,-0.471957][-0.886721,0.332796,-0.320894][0.816605,0.287709,0][-0.846558,-0.0733035,-0.661229][-0.70562,0.356476,-0.612393][0.797652,0.221249,0][-0.73457,0.065736,-0.61503][-0.490036,0.67899,-0.546659][0.728227,0.230215,0][-0.765824,-0.0407975,-0.720575][-0.548637,0.435262,-0.713824][0.775047,0.198152,0][-0.846558,-0.0733035,-0.661229][-0.70562,0.356476,-0.612393][0.797652,0.221249,0][-0.765824,-0.0407975,-0.720575][-0.548637,0.435262,-0.713824][0.775047,0.198152,0][-0.72088,-0.293766,-0.781133][-0.480964,-0.073593,-0.873646][0.842652,0.151112,0][-0.611417,0.0692675,-0.684498][-0.230196,0.688599,-0.687634][0.706863,0.180295,0][-0.765824,-0.0407975,-0.720575][-0.548637,0.435262,-0.713824][0.775047,0.198152,0][-0.73457,0.065736,-0.61503][-0.490036,0.67899,-0.546659][0.728227,0.230215,0][-0.611417,0.0692675,-0.684498][-0.230196,0.688599,-0.687634][0.706863,0.180295,0][-0.675294,-0.0431197,-0.775722][-0.351258,0.441467,-0.825666][0.761661,0.168836,0][-0.765824,-0.0407975,-0.720575][-0.548637,0.435262,-0.713824][0.775047,0.198152,0][-0.675294,-0.0431197,-0.775722][-0.351258,0.441467,-0.825666][0.761661,0.168836,0][-0.72088,-0.293766,-0.781133][-0.480964,-0.073593,-0.873646][0.842652,0.151112,0][-0.765824,-0.0407975,-0.720575][-0.548637,0.435262,-0.713824][0.775047,0.198152,0][-0.611417,0.0692675,-0.684498][-0.230196,0.688599,-0.687634][0.706863,0.180295,0][-0.589127,-0.0788901,-0.816484][-0.159965,0.37241,-0.914178][0.760413,0.136462,0][-0.675294,-0.0431197,-0.775722][-0.351258,0.441467,-0.825666][0.761661,0.168836,0][-0.72088,-0.293766,-0.781133][-0.480964,-0.073593,-0.873646][0.842652,0.151112,0][-0.675294,-0.0431197,-0.775722][-0.351258,0.441467,-0.825666][0.761661,0.168836,0][-0.589127,-0.0788901,-0.816484][-0.159965,0.37241,-0.914178][0.760413,0.136462,0][-0.589127,-0.0788901,-0.816484][-0.159965,0.37241,-0.914178][0.760413,0.136462,0][-0.611417,0.0692675,-0.684498][-0.230196,0.688599,-0.687634][0.706863,0.180295,0][-0.492411,0.0220973,-0.74096][0.0235133,0.5864,-0.80968][0.706019,0.127056,0][-0.972434,-0.20297,-0.433632][-0.961376,0.082922,-0.262452][0.870492,0.287718,0][-0.905532,-0.138197,-0.6134][-0.819699,0.21682,-0.530172][0.827879,0.232891,0][-0.93247,-0.231258,-0.590568][-0.867825,0.0436987,-0.494945][0.860242,0.232316,0][-0.72088,-0.293766,-0.781133][-0.480964,-0.073593,-0.873646][0.842652,0.151112,0][-0.93247,-0.231258,-0.590568][-0.867825,0.0436987,-0.494945][0.860242,0.232316,0][-0.905532,-0.138197,-0.6134][-0.819699,0.21682,-0.530172][0.827879,0.232891,0][-0.93247,-0.231258,-0.590568][-0.867825,0.0436987,-0.494945][0.860242,0.232316,0][-0.968641,-0.349141,-0.429294][-0.954183,-0.143936,-0.262331][0.920698,0.267102,0][-0.972434,-0.20297,-0.433632][-0.961376,0.082922,-0.262452][0.870492,0.287718,0][-0.589127,-0.0788901,-0.816484][-0.159965,0.37241,-0.914178][0.760413,0.136462,0][-0.492411,0.0220973,-0.74096][0.0235133,0.5864,-0.80968][0.706019,0.127056,0][-0.520724,-0.145143,-0.844452][-0.017964,0.234969,-0.971837][0.772523,0.106362,0][-0.72088,-0.293766,-0.781133][-0.480964,-0.073593,-0.873646][0.842652,0.151112,0][-0.589127,-0.0788901,-0.816484][-0.159965,0.37241,-0.914178][0.760413,0.136462,0][-0.520724,-0.145143,-0.844452][-0.017964,0.234969,-0.971837][0.772523,0.106362,0][-0.520724,-0.145143,-0.844452][-0.017964,0.234969,-0.971837][0.772523,0.106362,0][-0.492411,0.0220973,-0.74096][0.0235133,0.5864,-0.80968][0.706019,0.127056,0][-0.39575,-0.0715998,-0.780507][0.226928,0.390325,-0.892272][0.724694,0.0771953,0][-0.968641,-0.349141,-0.429294][-0.954183,-0.143936,-0.262331][0.920698,0.267102,0][-0.93247,-0.231258,-0.590568][-0.867825,0.0436987,-0.494945][0.860242,0.232316,0][-0.927069,-0.335353,-0.591619][-0.861581,-0.108868,-0.495809][0.89,0.219486,0][-0.72088,-0.293766,-0.781133][-0.480964,-0.073593,-0.873646][0.842652,0.151112,0][-0.927069,-0.335353,-0.591619][-0.861581,-0.108868,-0.495809][0.89,0.219486,0][-0.93247,-0.231258,-0.590568][-0.867825,0.0436987,-0.494945][0.860242,0.232316,0][-0.927069,-0.335353,-0.591619][-0.861581,-0.108868,-0.495809][0.89,0.219486,0][-0.923144,-0.491617,-0.461108][-0.866119,-0.382774,-0.321438][0.959463,0.228646,0][-0.968641,-0.349141,-0.429294][-0.954183,-0.143936,-0.262331][0.920698,0.267102,0][-0.923144,-0.491617,-0.461108][-0.866119,-0.382774,-0.321438][0.959463,0.228646,0][-0.927069,-0.335353,-0.591619][-0.861581,-0.108868,-0.495809][0.89,0.219486,0][-0.889046,-0.434024,-0.617649][-0.792602,-0.276341,-0.543524][0.912644,0.196222,0][-0.72088,-0.293766,-0.781133][-0.480964,-0.073593,-0.873646][0.842652,0.151112,0][-0.889046,-0.434024,-0.617649][-0.792602,-0.276341,-0.543524][0.912644,0.196222,0][-0.927069,-0.335353,-0.591619][-0.861581,-0.108868,-0.495809][0.89,0.219486,0][-0.820124,-0.510529,-0.656498][-0.630413,-0.462412,-0.623501][0.924631,0.165992,0][-0.923144,-0.491617,-0.461108][-0.866119,-0.382774,-0.321438][0.959463,0.228646,0][-0.889046,-0.434024,-0.617649][-0.792602,-0.276341,-0.543524][0.912644,0.196222,0][-0.72088,-0.293766,-0.781133][-0.480964,-0.073593,-0.873646][0.842652,0.151112,0][-0.820124,-0.510529,-0.656498][-0.630413,-0.462412,-0.623501][0.924631,0.165992,0][-0.889046,-0.434024,-0.617649][-0.792602,-0.276341,-0.543524][0.912644,0.196222,0][-0.923144,-0.491617,-0.461108][-0.866119,-0.382774,-0.321438][0.959463,0.228646,0][-0.820124,-0.510529,-0.656498][-0.630413,-0.462412,-0.623501][0.924631,0.165992,0][-0.832219,-0.598092,-0.508051][-0.662052,-0.624354,-0.414571][0.980665,0.177935,0][-0.820124,-0.510529,-0.656498][-0.630413,-0.462412,-0.623501][0.924631,0.165992,0][-0.703399,-0.647292,-0.567328][-0.378693,-0.773139,-0.50877][0.980665,0.122466,0][-0.832219,-0.598092,-0.508051][-0.662052,-0.624354,-0.414571][0.980665,0.177935,0][-0.703399,-0.647292,-0.567328][-0.378693,-0.773139,-0.50877][0.980665,0.122466,0][-0.820124,-0.510529,-0.656498][-0.630413,-0.462412,-0.623501][0.924631,0.165992,0][-0.728978,-0.549972,-0.69762][-0.42053,-0.57796,-0.699369][0.923953,0.133457,0][-0.728978,-0.549972,-0.69762][-0.42053,-0.57796,-0.699369][0.923953,0.133457,0][-0.820124,-0.510529,-0.656498][-0.630413,-0.462412,-0.623501][0.924631,0.165992,0][-0.72088,-0.293766,-0.781133][-0.480964,-0.073593,-0.873646][0.842652,0.151112,0][-0.728978,-0.549972,-0.69762][-0.42053,-0.57796,-0.699369][0.923953,0.133457,0][-0.563352,-0.637071,-0.63704][-0.100387,-0.782469,-0.614545][0.958657,0.0706119,0][-0.703399,-0.647292,-0.567328][-0.378693,-0.773139,-0.50877][0.980665,0.122466,0][-0.563352,-0.637071,-0.63704][-0.100387,-0.782469,-0.614545][0.958657,0.0706119,0][-0.728978,-0.549972,-0.69762][-0.42053,-0.57796,-0.699369][0.923953,0.133457,0][-0.636333,-0.544267,-0.743706][-0.238271,-0.57797,-0.780498][0.910501,0.103905,0][-0.636333,-0.544267,-0.743706][-0.238271,-0.57797,-0.780498][0.910501,0.103905,0][-0.728978,-0.549972,-0.69762][-0.42053,-0.57796,-0.699369][0.923953,0.133457,0][-0.72088,-0.293766,-0.781133][-0.480964,-0.073593,-0.873646][0.842652,0.151112,0][-0.563352,-0.637071,-0.63704][-0.100387,-0.782469,-0.614545][0.958657,0.0706119,0][-0.636333,-0.544267,-0.743706][-0.238271,-0.57797,-0.780498][0.910501,0.103905,0][-0.553069,-0.500363,-0.789014][-0.0823342,-0.500664,-0.861717][0.88757,0.0808732,0][-0.553069,-0.500363,-0.789014][-0.0823342,-0.500664,-0.861717][0.88757,0.0808732,0][-0.636333,-0.544267,-0.743706][-0.238271,-0.57797,-0.780498][0.910501,0.103905,0][-0.72088,-0.293766,-0.781133][-0.480964,-0.073593,-0.873646][0.842652,0.151112,0][-0.563352,-0.637071,-0.63704][-0.100387,-0.782469,-0.614545][0.958657,0.0706119,0][-0.553069,-0.500363,-0.789014][-0.0823342,-0.500664,-0.861717][0.88757,0.0808732,0][-0.442029,-0.574031,-0.70202][0.131434,-0.667344,-0.73306][0.917805,0.0321237,0][-0.494006,-0.425829,-0.826423][0.0339255,-0.354725,-0.934355][0.857322,0.0686051,0][-0.442029,-0.574031,-0.70202][0.131434,-0.667344,-0.73306][0.917805,0.0321237,0][-0.553069,-0.500363,-0.789014][-0.0823342,-0.500664,-0.861717][0.88757,0.0808732,0][-0.494006,-0.425829,-0.826423][0.0339255,-0.354725,-0.934355][0.857322,0.0686051,0][-0.553069,-0.500363,-0.789014][-0.0823342,-0.500664,-0.861717][0.88757,0.0808732,0][-0.72088,-0.293766,-0.781133][-0.480964,-0.073593,-0.873646][0.842652,0.151112,0][-0.442029,-0.574031,-0.70202][0.131434,-0.667344,-0.73306][0.917805,0.0321237,0][-0.494006,-0.425829,-0.826423][0.0339255,-0.354725,-0.934355][0.857322,0.0686051,0][-0.357819,-0.468258,-0.755087][0.299111,-0.453099,-0.839782][0.866573,0.012923,0][-0.468559,-0.33253,-0.849981][0.0880003,-0.159159,-0.983323][0.824826,0.0703636,0][-0.357819,-0.468258,-0.755087][0.299111,-0.453099,-0.839782][0.866573,0.012923,0][-0.494006,-0.425829,-0.826423][0.0339255,-0.354725,-0.934355][0.857322,0.0686051,0][-0.468559,-0.33253,-0.849981][0.0880003,-0.159159,-0.983323][0.824826,0.0703636,0][-0.494006,-0.425829,-0.826423][0.0339255,-0.354725,-0.934355][0.857322,0.0686051,0][-0.72088,-0.293766,-0.781133][-0.480964,-0.073593,-0.873646][0.842652,0.151112,0][-0.322315,-0.336605,-0.788294][0.378408,-0.172595,-0.909405][0.811635,0.0142926,0][-0.357819,-0.468258,-0.755087][0.299111,-0.453099,-0.839782][0.866573,0.012923,0][-0.468559,-0.33253,-0.849981][0.0880003,-0.159159,-0.983323][0.824826,0.0703636,0][-0.72088,-0.293766,-0.781133][-0.480964,-0.073593,-0.873646][0.842652,0.151112,0][-0.478415,-0.23421,-0.856212][0.0691333,0.048367,-0.996434][0.795066,0.0830902,0][-0.468559,-0.33253,-0.849981][0.0880003,-0.159159,-0.983323][0.824826,0.0703636,0][-0.478415,-0.23421,-0.856212][0.0691333,0.048367,-0.996434][0.795066,0.0830902,0][-0.322315,-0.336605,-0.788294][0.378408,-0.172595,-0.909405][0.811635,0.0142926,0][-0.468559,-0.33253,-0.849981][0.0880003,-0.159159,-0.983323][0.824826,0.0703636,0][-0.72088,-0.293766,-0.781133][-0.480964,-0.073593,-0.873646][0.842652,0.151112,0][-0.520724,-0.145143,-0.844452][-0.017964,0.234969,-0.971837][0.772523,0.106362,0][-0.478415,-0.23421,-0.856212][0.0691333,0.048367,-0.996434][0.795066,0.0830902,0][-0.322315,-0.336605,-0.788294][0.378408,-0.172595,-0.909405][0.811635,0.0142926,0][-0.478415,-0.23421,-0.856212][0.0691333,0.048367,-0.996434][0.795066,0.0830902,0][-0.336074,-0.197558,-0.797123][0.35293,0.124503,-0.927329][0.761455,0.0373479,0][-0.39575,-0.0715998,-0.780507][0.226928,0.390325,-0.892272][0.724694,0.0771953,0][-0.478415,-0.23421,-0.856212][0.0691333,0.048367,-0.996434][0.795066,0.0830902,0][-0.520724,-0.145143,-0.844452][-0.017964,0.234969,-0.971837][0.772523,0.106362,0][-0.478415,-0.23421,-0.856212][0.0691333,0.048367,-0.996434][0.795066,0.0830902,0][-0.39575,-0.0715998,-0.780507][0.226928,0.390325,-0.892272][0.724694,0.0771953,0][-0.336074,-0.197558,-0.797123][0.35293,0.124503,-0.927329][0.761455,0.0373479,0][0.72088,-0.293766,-0.781133][0.480964,-0.073593,-0.873646][0.842652,0.151112,0][0.846558,-0.0733035,-0.661229][0.70562,0.356476,-0.612393][0.797652,0.221249,0][0.905532,-0.138197,-0.6134][0.819699,0.216819,-0.530172][0.827879,0.232891,0][0.849187,0.0182143,-0.536521][0.718623,0.553869,-0.420489][0.767186,0.267601,0][0.905532,-0.138197,-0.6134][0.819699,0.216819,-0.530172][0.827879,0.232891,0][0.846558,-0.0733035,-0.661229][0.70562,0.356476,-0.612393][0.797652,0.221249,0][0.905532,-0.138197,-0.6134][0.819699,0.216819,-0.530172][0.827879,0.232891,0][0.849187,0.0182143,-0.536521][0.718623,0.553869,-0.420489][0.767186,0.267601,0][0.933024,-0.0746711,-0.471957][0.886721,0.332796,-0.320894][0.816605,0.287709,0][0.846558,-0.0733035,-0.661229][0.70562,0.356476,-0.612393][0.797652,0.221249,0][0.73457,0.065736,-0.61503][0.490036,0.67899,-0.546659][0.728227,0.230215,0][0.849187,0.0182143,-0.536521][0.718623,0.553869,-0.420489][0.767186,0.267601,0][0.972434,-0.20297,-0.433632][0.961376,0.082922,-0.262451][0.870492,0.287718,0][0.905532,-0.138197,-0.6134][0.819699,0.216819,-0.530172][0.827879,0.232891,0][0.933024,-0.0746711,-0.471957][0.886721,0.332796,-0.320894][0.816605,0.287709,0][0.73457,0.065736,-0.61503][0.490036,0.67899,-0.546659][0.728227,0.230215,0][0.846558,-0.0733035,-0.661229][0.70562,0.356476,-0.612393][0.797652,0.221249,0][0.765824,-0.0407975,-0.720575][0.548637,0.435262,-0.713824][0.775047,0.198152,0][0.846558,-0.0733035,-0.661229][0.70562,0.356476,-0.612393][0.797652,0.221249,0][0.72088,-0.293766,-0.781133][0.480964,-0.073593,-0.873646][0.842652,0.151112,0][0.765824,-0.0407975,-0.720575][0.548637,0.435262,-0.713824][0.775047,0.198152,0][0.765824,-0.0407975,-0.720575][0.548637,0.435262,-0.713824][0.775047,0.198152,0][0.611417,0.0692675,-0.684498][0.230196,0.6886,-0.687634][0.706863,0.180295,0][0.73457,0.065736,-0.61503][0.490036,0.67899,-0.546659][0.728227,0.230215,0][0.611417,0.0692675,-0.684498][0.230196,0.6886,-0.687634][0.706863,0.180295,0][0.765824,-0.0407975,-0.720575][0.548637,0.435262,-0.713824][0.775047,0.198152,0][0.675294,-0.0431197,-0.775722][0.351258,0.441467,-0.825666][0.761661,0.168836,0][0.675294,-0.0431197,-0.775722][0.351258,0.441467,-0.825666][0.761661,0.168836,0][0.765824,-0.0407975,-0.720575][0.548637,0.435262,-0.713824][0.775047,0.198152,0][0.72088,-0.293766,-0.781133][0.480964,-0.073593,-0.873646][0.842652,0.151112,0][0.589127,-0.0788901,-0.816484][0.159965,0.37241,-0.914178][0.760413,0.136462,0][0.611417,0.0692675,-0.684498][0.230196,0.6886,-0.687634][0.706863,0.180295,0][0.675294,-0.0431197,-0.775722][0.351258,0.441467,-0.825666][0.761661,0.168836,0][0.72088,-0.293766,-0.781133][0.480964,-0.073593,-0.873646][0.842652,0.151112,0][0.589127,-0.0788901,-0.816484][0.159965,0.37241,-0.914178][0.760413,0.136462,0][0.675294,-0.0431197,-0.775722][0.351258,0.441467,-0.825666][0.761661,0.168836,0][0.611417,0.0692675,-0.684498][0.230196,0.6886,-0.687634][0.706863,0.180295,0][0.589127,-0.0788901,-0.816484][0.159965,0.37241,-0.914178][0.760413,0.136462,0][0.492411,0.0220973,-0.74096][-0.0235133,0.586401,-0.80968][0.706019,0.127056,0][0.905532,-0.138197,-0.6134][0.819699,0.216819,-0.530172][0.827879,0.232891,0][0.972434,-0.20297,-0.433632][0.961376,0.082922,-0.262451][0.870492,0.287718,0][0.93247,-0.231258,-0.590568][0.867825,0.0436991,-0.494945][0.860242,0.232316,0][0.72088,-0.293766,-0.781133][0.480964,-0.073593,-0.873646][0.842652,0.151112,0][0.905532,-0.138197,-0.6134][0.819699,0.216819,-0.530172][0.827879,0.232891,0][0.93247,-0.231258,-0.590568][0.867825,0.0436991,-0.494945][0.860242,0.232316,0][0.968641,-0.349141,-0.429294][0.954183,-0.143936,-0.26233][0.920698,0.267102,0][0.93247,-0.231258,-0.590568][0.867825,0.0436991,-0.494945][0.860242,0.232316,0][0.972434,-0.20297,-0.433632][0.961376,0.082922,-0.262451][0.870492,0.287718,0][0.520724,-0.145143,-0.844452][0.0179639,0.234969,-0.971837][0.772523,0.106362,0][0.492411,0.0220973,-0.74096][-0.0235133,0.586401,-0.80968][0.706019,0.127056,0][0.589127,-0.0788901,-0.816484][0.159965,0.37241,-0.914178][0.760413,0.136462,0][0.72088,-0.293766,-0.781133][0.480964,-0.073593,-0.873646][0.842652,0.151112,0][0.520724,-0.145143,-0.844452][0.0179639,0.234969,-0.971837][0.772523,0.106362,0][0.589127,-0.0788901,-0.816484][0.159965,0.37241,-0.914178][0.760413,0.136462,0][0.520724,-0.145143,-0.844452][0.0179639,0.234969,-0.971837][0.772523,0.106362,0][0.39575,-0.0715998,-0.780507][-0.226928,0.390324,-0.892273][0.724694,0.0771953,0][0.492411,0.0220973,-0.74096][-0.0235133,0.586401,-0.80968][0.706019,0.127056,0][0.93247,-0.231258,-0.590568][0.867825,0.0436991,-0.494945][0.860242,0.232316,0][0.968641,-0.349141,-0.429294][0.954183,-0.143936,-0.26233][0.920698,0.267102,0][0.927069,-0.335353,-0.591619][0.861581,-0.108867,-0.495808][0.89,0.219486,0][0.72088,-0.293766,-0.781133][0.480964,-0.073593,-0.873646][0.842652,0.151112,0][0.93247,-0.231258,-0.590568][0.867825,0.0436991,-0.494945][0.860242,0.232316,0][0.927069,-0.335353,-0.591619][0.861581,-0.108867,-0.495808][0.89,0.219486,0][0.923144,-0.491617,-0.461108][0.866119,-0.382774,-0.321437][0.959463,0.228646,0][0.927069,-0.335353,-0.591619][0.861581,-0.108867,-0.495808][0.89,0.219486,0][0.968641,-0.349141,-0.429294][0.954183,-0.143936,-0.26233][0.920698,0.267102,0][0.927069,-0.335353,-0.591619][0.861581,-0.108867,-0.495808][0.89,0.219486,0][0.923144,-0.491617,-0.461108][0.866119,-0.382774,-0.321437][0.959463,0.228646,0][0.889046,-0.434024,-0.617649][0.792602,-0.276342,-0.543523][0.912644,0.196222,0][0.72088,-0.293766,-0.781133][0.480964,-0.073593,-0.873646][0.842652,0.151112,0][0.927069,-0.335353,-0.591619][0.861581,-0.108867,-0.495808][0.89,0.219486,0][0.889046,-0.434024,-0.617649][0.792602,-0.276342,-0.543523][0.912644,0.196222,0][0.923144,-0.491617,-0.461108][0.866119,-0.382774,-0.321437][0.959463,0.228646,0][0.820124,-0.510529,-0.656498][0.630413,-0.462412,-0.623501][0.924631,0.165992,0][0.889046,-0.434024,-0.617649][0.792602,-0.276342,-0.543523][0.912644,0.196222,0][0.72088,-0.293766,-0.781133][0.480964,-0.073593,-0.873646][0.842652,0.151112,0][0.889046,-0.434024,-0.617649][0.792602,-0.276342,-0.543523][0.912644,0.196222,0][0.820124,-0.510529,-0.656498][0.630413,-0.462412,-0.623501][0.924631,0.165992,0][0.923144,-0.491617,-0.461108][0.866119,-0.382774,-0.321437][0.959463,0.228646,0][0.832219,-0.598092,-0.508051][0.662052,-0.624354,-0.414571][0.980665,0.177935,0][0.820124,-0.510529,-0.656498][0.630413,-0.462412,-0.623501][0.924631,0.165992,0][0.703399,-0.647292,-0.567328][0.378693,-0.77314,-0.50877][0.980665,0.122466,0][0.820124,-0.510529,-0.656498][0.630413,-0.462412,-0.623501][0.924631,0.165992,0][0.832219,-0.598092,-0.508051][0.662052,-0.624354,-0.414571][0.980665,0.177935,0][0.820124,-0.510529,-0.656498][0.630413,-0.462412,-0.623501][0.924631,0.165992,0][0.703399,-0.647292,-0.567328][0.378693,-0.77314,-0.50877][0.980665,0.122466,0][0.728978,-0.549972,-0.69762][0.42053,-0.57796,-0.699369][0.923953,0.133457,0][0.728978,-0.549972,-0.69762][0.42053,-0.57796,-0.699369][0.923953,0.133457,0][0.72088,-0.293766,-0.781133][0.480964,-0.073593,-0.873646][0.842652,0.151112,0][0.820124,-0.510529,-0.656498][0.630413,-0.462412,-0.623501][0.924631,0.165992,0][0.563352,-0.637071,-0.63704][0.100387,-0.782469,-0.614544][0.958657,0.0706119,0][0.728978,-0.549972,-0.69762][0.42053,-0.57796,-0.699369][0.923953,0.133457,0][0.703399,-0.647292,-0.567328][0.378693,-0.77314,-0.50877][0.980665,0.122466,0][0.728978,-0.549972,-0.69762][0.42053,-0.57796,-0.699369][0.923953,0.133457,0][0.563352,-0.637071,-0.63704][0.100387,-0.782469,-0.614544][0.958657,0.0706119,0][0.636333,-0.544267,-0.743706][0.238271,-0.57797,-0.780498][0.910501,0.103905,0][0.636333,-0.544267,-0.743706][0.238271,-0.57797,-0.780498][0.910501,0.103905,0][0.72088,-0.293766,-0.781133][0.480964,-0.073593,-0.873646][0.842652,0.151112,0][0.728978,-0.549972,-0.69762][0.42053,-0.57796,-0.699369][0.923953,0.133457,0][0.563352,-0.637071,-0.63704][0.100387,-0.782469,-0.614544][0.958657,0.0706119,0][0.553069,-0.500363,-0.789014][0.0823341,-0.500664,-0.861717][0.88757,0.0808732,0][0.636333,-0.544267,-0.743706][0.238271,-0.57797,-0.780498][0.910501,0.103905,0][0.553069,-0.500363,-0.789014][0.0823341,-0.500664,-0.861717][0.88757,0.0808732,0][0.72088,-0.293766,-0.781133][0.480964,-0.073593,-0.873646][0.842652,0.151112,0][0.636333,-0.544267,-0.743706][0.238271,-0.57797,-0.780498][0.910501,0.103905,0][0.553069,-0.500363,-0.789014][0.0823341,-0.500664,-0.861717][0.88757,0.0808732,0][0.563352,-0.637071,-0.63704][0.100387,-0.782469,-0.614544][0.958657,0.0706119,0][0.442029,-0.574031,-0.70202][-0.131434,-0.667344,-0.73306][0.917805,0.0321237,0][0.442029,-0.574031,-0.70202][-0.131434,-0.667344,-0.73306][0.917805,0.0321237,0][0.494006,-0.425829,-0.826423][-0.0339255,-0.354725,-0.934355][0.857322,0.0686051,0][0.553069,-0.500363,-0.789014][0.0823341,-0.500664,-0.861717][0.88757,0.0808732,0][0.494006,-0.425829,-0.826423][-0.0339255,-0.354725,-0.934355][0.857322,0.0686051,0][0.72088,-0.293766,-0.781133][0.480964,-0.073593,-0.873646][0.842652,0.151112,0][0.553069,-0.500363,-0.789014][0.0823341,-0.500664,-0.861717][0.88757,0.0808732,0][0.442029,-0.574031,-0.70202][-0.131434,-0.667344,-0.73306][0.917805,0.0321237,0][0.357819,-0.468258,-0.755087][-0.29911,-0.453099,-0.839783][0.866573,0.012923,0][0.494006,-0.425829,-0.826423][-0.0339255,-0.354725,-0.934355][0.857322,0.0686051,0][0.468559,-0.33253,-0.849981][-0.0880002,-0.159159,-0.983323][0.824826,0.0703636,0][0.494006,-0.425829,-0.826423][-0.0339255,-0.354725,-0.934355][0.857322,0.0686051,0][0.357819,-0.468258,-0.755087][-0.29911,-0.453099,-0.839783][0.866573,0.012923,0][0.468559,-0.33253,-0.849981][-0.0880002,-0.159159,-0.983323][0.824826,0.0703636,0][0.72088,-0.293766,-0.781133][0.480964,-0.073593,-0.873646][0.842652,0.151112,0][0.494006,-0.425829,-0.826423][-0.0339255,-0.354725,-0.934355][0.857322,0.0686051,0][0.322315,-0.336605,-0.788294][-0.378408,-0.172594,-0.909406][0.811635,0.0142926,0][0.468559,-0.33253,-0.849981][-0.0880002,-0.159159,-0.983323][0.824826,0.0703636,0][0.357819,-0.468258,-0.755087][-0.29911,-0.453099,-0.839783][0.866573,0.012923,0][0.72088,-0.293766,-0.781133][0.480964,-0.073593,-0.873646][0.842652,0.151112,0][0.468559,-0.33253,-0.849981][-0.0880002,-0.159159,-0.983323][0.824826,0.0703636,0][0.478415,-0.23421,-0.856212][-0.0691335,0.0483666,-0.996434][0.795066,0.0830902,0][0.322315,-0.336605,-0.788294][-0.378408,-0.172594,-0.909406][0.811635,0.0142926,0][0.478415,-0.23421,-0.856212][-0.0691335,0.0483666,-0.996434][0.795066,0.0830902,0][0.468559,-0.33253,-0.849981][-0.0880002,-0.159159,-0.983323][0.824826,0.0703636,0][0.72088,-0.293766,-0.781133][0.480964,-0.073593,-0.873646][0.842652,0.151112,0][0.478415,-0.23421,-0.856212][-0.0691335,0.0483666,-0.996434][0.795066,0.0830902,0][0.520724,-0.145143,-0.844452][0.0179639,0.234969,-0.971837][0.772523,0.106362,0][0.478415,-0.23421,-0.856212][-0.0691335,0.0483666,-0.996434][0.795066,0.0830902,0][0.322315,-0.336605,-0.788294][-0.378408,-0.172594,-0.909406][0.811635,0.0142926,0][0.336074,-0.197558,-0.797123][-0.35293,0.124502,-0.927329][0.761455,0.0373479,0][0.520724,-0.145143,-0.844452][0.0179639,0.234969,-0.971837][0.772523,0.106362,0][0.478415,-0.23421,-0.856212][-0.0691335,0.0483666,-0.996434][0.795066,0.0830902,0][0.39575,-0.0715998,-0.780507][-0.226928,0.390324,-0.892273][0.724694,0.0771953,0][0.478415,-0.23421,-0.856212][-0.0691335,0.0483666,-0.996434][0.795066,0.0830902,0][0.336074,-0.197558,-0.797123][-0.35293,0.124502,-0.927329][0.761455,0.0373479,0][0.39575,-0.0715998,-0.780507][-0.226928,0.390324,-0.892273][0.724694,0.0771953,0][-1.55886,1.91584,0.154989][0.272138,0.954525,-0.12175][0.724071,0.672271,0][-1.33876,1.81451,0.231156][0.51866,0.853671,0.0472981][0.754049,0.644955,0][-1.32491,1.76024,0.0553781][0.519769,0.777975,-0.35298][0.768022,0.670282,0][-1.32491,1.76024,0.0553781][0.519769,0.777975,-0.35298][0.768022,0.670282,0][-1.61714,1.87685,0.0310175][0.131133,0.879485,-0.457504][0.727317,0.695481,0][-1.55886,1.91584,0.154989][0.272138,0.954525,-0.12175][0.724071,0.672271,0][-1.43773,1.82469,0.370771][0.200704,0.782027,0.590044][0.734053,0.619037,0][-1.33876,1.81451,0.231156][0.51866,0.853671,0.0472981][0.754049,0.644955,0][-1.55886,1.91584,0.154989][0.272138,0.954525,-0.12175][0.724071,0.672271,0][-1.55886,1.91584,0.154989][0.272138,0.954525,-0.12175][0.724071,0.672271,0][-1.66317,1.92994,0.228894][-0.0758171,0.964004,0.25485][0.701631,0.667844,0][-1.43773,1.82469,0.370771][0.200704,0.782027,0.590044][0.734053,0.619037,0][-1.61714,1.87685,0.0310175][0.131133,0.879485,-0.457504][0.727317,0.695481,0][-1.66317,1.92994,0.228894][-0.0758171,0.964004,0.25485][0.701631,0.667844,0][-1.55886,1.91584,0.154989][0.272138,0.954525,-0.12175][0.724071,0.672271,0][-1.66317,1.92994,0.228894][-0.0758171,0.964004,0.25485][0.701631,0.667844,0][-1.61714,1.87685,0.0310175][0.131133,0.879485,-0.457504][0.727317,0.695481,0][-1.80618,1.89444,0.0957282][-0.450336,0.870093,-0.200338][0.691007,0.709354,0][1.55886,1.91584,0.154989][-0.272138,0.954525,-0.12175][0.724071,0.672271,0][1.32491,1.76024,0.0553781][-0.519769,0.777975,-0.35298][0.768022,0.670282,0][1.33876,1.81451,0.231156][-0.51866,0.853671,0.0472981][0.754049,0.644955,0][1.32491,1.76024,0.0553781][-0.519769,0.777975,-0.35298][0.768022,0.670282,0][1.55886,1.91584,0.154989][-0.272138,0.954525,-0.12175][0.724071,0.672271,0][1.61714,1.87685,0.0310175][-0.131133,0.879485,-0.457504][0.727317,0.695481,0][1.43773,1.82469,0.370771][-0.200704,0.782027,0.590044][0.734053,0.619037,0][1.55886,1.91584,0.154989][-0.272138,0.954525,-0.12175][0.724071,0.672271,0][1.33876,1.81451,0.231156][-0.51866,0.853671,0.0472981][0.754049,0.644955,0][1.55886,1.91584,0.154989][-0.272138,0.954525,-0.12175][0.724071,0.672271,0][1.43773,1.82469,0.370771][-0.200704,0.782027,0.590044][0.734053,0.619037,0][1.66317,1.92994,0.228894][0.0758174,0.964004,0.25485][0.701631,0.667844,0][1.66317,1.92994,0.228894][0.0758174,0.964004,0.25485][0.701631,0.667844,0][1.61714,1.87685,0.0310175][-0.131133,0.879485,-0.457504][0.727317,0.695481,0][1.55886,1.91584,0.154989][-0.272138,0.954525,-0.12175][0.724071,0.672271,0][1.61714,1.87685,0.0310175][-0.131133,0.879485,-0.457504][0.727317,0.695481,0][1.66317,1.92994,0.228894][0.0758174,0.964004,0.25485][0.701631,0.667844,0][1.80618,1.89444,0.0957282][0.450336,0.870093,-0.200338][0.691007,0.709354,0][0.513749,-0.299992,-0.398661][0.699,-0.678598,-0.225618][0.192243,0.398425,0][0.468253,-0.18788,-0.886769][0.788087,-0.575039,-0.219654][0.137447,0.418132,0][0.620662,-0.1127,-0.815867][0.419768,-0.876153,-0.236961][0.164014,0.439447,0][0.620662,-0.1127,-0.815867][0.419768,-0.876153,-0.236961][0.164014,0.439447,0][0.625359,-0.240642,-0.324574][0.327021,-0.913537,-0.241883][0.199078,0.401912,0][0.513749,-0.299992,-0.398661][0.699,-0.678598,-0.225618][0.192243,0.398425,0][0.477895,-0.392219,-0.465739][0.9617,0.19726,-0.190319][0.187809,0.391954,0][0.468253,-0.18788,-0.886769][0.788087,-0.575039,-0.219654][0.137447,0.418132,0][0.513749,-0.299992,-0.398661][0.699,-0.678598,-0.225618][0.192243,0.398425,0][0.625359,-0.240642,-0.324574][0.327021,-0.913537,-0.241883][0.199078,0.401912,0][0.620662,-0.1127,-0.815867][0.419768,-0.876153,-0.236961][0.164014,0.439447,0][0.83449,-0.100672,-0.696423][0.103813,-0.955164,-0.27728][0.20182,0.446284,0][0.468253,-0.18788,-0.886769][0.788087,-0.575039,-0.219654][0.137447,0.418132,0][0.477895,-0.392219,-0.465739][0.9617,0.19726,-0.190319][0.187809,0.391954,0][0.371528,-0.355007,-0.945444][0.979118,0.039342,-0.199452][0.126324,0.378253,0][0.83449,-0.100672,-0.696423][0.103813,-0.955164,-0.27728][0.20182,0.446284,0][0.716667,-0.232852,-0.271461][0.0234104,-0.952986,-0.302108][0.203998,0.401752,0][0.625359,-0.240642,-0.324574][0.327021,-0.913537,-0.241883][0.199078,0.401912,0][0.477895,-0.392219,-0.465739][0.9617,0.19726,-0.190319][0.187809,0.391954,0][0.488694,-0.495967,-0.846887][0.62109,0.769502,-0.14871][0.161951,0.358824,0][0.371528,-0.355007,-0.945444][0.979118,0.039342,-0.199452][0.126324,0.378253,0][0.956418,-0.157683,-0.546685][-0.262424,-0.876575,-0.403422][0.230477,0.434689,0][0.716667,-0.232852,-0.271461][0.0234104,-0.952986,-0.302108][0.203998,0.401752,0][0.83449,-0.100672,-0.696423][0.103813,-0.955164,-0.27728][0.20182,0.446284,0][0.488694,-0.495967,-0.846887][0.62109,0.769502,-0.14871][0.161951,0.358824,0][0.477895,-0.392219,-0.465739][0.9617,0.19726,-0.190319][0.187809,0.391954,0][0.54389,-0.442186,-0.350349][0.360562,0.921122,-0.14673][0.195635,0.391438,0][0.956418,-0.157683,-0.546685][-0.262424,-0.876575,-0.403422][0.230477,0.434689,0][0.788292,-0.27262,-0.199169][-0.465031,-0.750906,-0.46892][0.206453,0.39974,0][0.716667,-0.232852,-0.271461][0.0234104,-0.952986,-0.302108][0.203998,0.401752,0][0.788292,-0.27262,-0.199169][-0.465031,-0.750906,-0.46892][0.206453,0.39974,0][0.956418,-0.157683,-0.546685][-0.262424,-0.876575,-0.403422][0.230477,0.434689,0][0.975639,-0.238679,-0.478543][-0.656466,-0.557685,-0.507976][0.237449,0.41836,0][0.975639,-0.238679,-0.478543][-0.656466,-0.557685,-0.507976][0.237449,0.41836,0][0.824852,-0.337419,-0.179335][-0.656466,-0.557685,-0.507976][0.207037,0.398597,0][0.788292,-0.27262,-0.199169][-0.465031,-0.750906,-0.46892][0.206453,0.39974,0][0.54389,-0.442186,-0.350349][0.360562,0.921122,-0.14673][0.195635,0.391438,0][0.745024,-0.545056,-0.744436][-0.0365266,0.980135,-0.194939][0.209247,0.353356,0][0.488694,-0.495967,-0.846887][0.62109,0.769502,-0.14871][0.161951,0.358824,0][0.745024,-0.545056,-0.744436][-0.0365266,0.980135,-0.194939][0.209247,0.353356,0][0.54389,-0.442186,-0.350349][0.360562,0.921122,-0.14673][0.195635,0.391438,0][0.643708,-0.45124,-0.299873][-0.119436,0.970418,-0.20982][0.20063,0.392274,0][0.643708,-0.45124,-0.299873][-0.119436,0.970418,-0.20982][0.20063,0.392274,0][0.901694,-0.4494,-0.674353][-0.50612,0.823762,-0.255459][0.232492,0.368437,0][0.745024,-0.545056,-0.744436][-0.0365266,0.980135,-0.194939][0.209247,0.353356,0][0.901694,-0.4494,-0.674353][-0.50612,0.823762,-0.255459][0.232492,0.368437,0][0.643708,-0.45124,-0.299873][-0.119436,0.970418,-0.20982][0.20063,0.392274,0][0.746646,-0.411142,-0.255838][-0.584953,0.768828,-0.258329][0.205072,0.394928,0][0.746646,-0.411142,-0.255838][-0.584953,0.768828,-0.258329][0.205072,0.394928,0][0.975639,-0.238679,-0.478543][-0.728256,0.635379,-0.25678][0.237449,0.41836,0][0.901694,-0.4494,-0.674353][-0.50612,0.823762,-0.255459][0.232492,0.368437,0][0.975639,-0.238679,-0.478543][-0.728256,0.635379,-0.25678][0.237449,0.41836,0][0.746646,-0.411142,-0.255838][-0.584953,0.768828,-0.258329][0.205072,0.394928,0][0.824852,-0.337419,-0.179335][-0.728256,0.635379,-0.25678][0.207037,0.398597,0][-0.468253,-0.18788,-0.886769][-0.788087,-0.575039,-0.219654][0.137447,0.418132,0][-0.513749,-0.299992,-0.398661][-0.699,-0.678598,-0.225618][0.192243,0.398425,0][-0.620662,-0.1127,-0.815867][-0.419768,-0.876153,-0.236961][0.164014,0.439447,0][-0.625359,-0.240642,-0.324574][-0.327022,-0.913537,-0.241883][0.199078,0.401912,0][-0.620662,-0.1127,-0.815867][-0.419768,-0.876153,-0.236961][0.164014,0.439447,0][-0.513749,-0.299992,-0.398661][-0.699,-0.678598,-0.225618][0.192243,0.398425,0][-0.513749,-0.299992,-0.398661][-0.699,-0.678598,-0.225618][0.192243,0.398425,0][-0.468253,-0.18788,-0.886769][-0.788087,-0.575039,-0.219654][0.137447,0.418132,0][-0.477895,-0.392219,-0.465739][-0.9617,0.19726,-0.19032][0.187809,0.391954,0][-0.620662,-0.1127,-0.815867][-0.419768,-0.876153,-0.236961][0.164014,0.439447,0][-0.625359,-0.240642,-0.324574][-0.327022,-0.913537,-0.241883][0.199078,0.401912,0][-0.834489,-0.100672,-0.696423][-0.103813,-0.955164,-0.277281][0.20182,0.446284,0][-0.371528,-0.355007,-0.945444][-0.979118,0.0393419,-0.199452][0.126324,0.378253,0][-0.477895,-0.392219,-0.465739][-0.9617,0.19726,-0.19032][0.187809,0.391954,0][-0.468253,-0.18788,-0.886769][-0.788087,-0.575039,-0.219654][0.137447,0.418132,0][-0.716667,-0.232852,-0.271461][-0.0234103,-0.952986,-0.302108][0.203998,0.401752,0][-0.834489,-0.100672,-0.696423][-0.103813,-0.955164,-0.277281][0.20182,0.446284,0][-0.625359,-0.240642,-0.324574][-0.327022,-0.913537,-0.241883][0.199078,0.401912,0][-0.488694,-0.495967,-0.846887][-0.62109,0.769502,-0.14871][0.161951,0.358824,0][-0.477895,-0.392219,-0.465739][-0.9617,0.19726,-0.19032][0.187809,0.391954,0][-0.371528,-0.355007,-0.945444][-0.979118,0.0393419,-0.199452][0.126324,0.378253,0][-0.834489,-0.100672,-0.696423][-0.103813,-0.955164,-0.277281][0.20182,0.446284,0][-0.716667,-0.232852,-0.271461][-0.0234103,-0.952986,-0.302108][0.203998,0.401752,0][-0.956418,-0.157683,-0.546685][0.224777,-0.887059,-0.40324][0.230477,0.434689,0][-0.477895,-0.392219,-0.465739][-0.9617,0.19726,-0.19032][0.187809,0.391954,0][-0.488694,-0.495967,-0.846887][-0.62109,0.769502,-0.14871][0.161951,0.358824,0][-0.54389,-0.442186,-0.350349][-0.360562,0.921122,-0.14673][0.195635,0.391438,0][-0.788292,-0.27262,-0.199169][0.352341,-0.814184,-0.461477][0.206453,0.39974,0][-0.956418,-0.157683,-0.546685][0.224777,-0.887059,-0.40324][0.230477,0.434689,0][-0.716667,-0.232852,-0.271461][-0.0234103,-0.952986,-0.302108][0.203998,0.401752,0][-0.956418,-0.157683,-0.546685][0.224777,-0.887059,-0.40324][0.230477,0.434689,0][-0.788292,-0.27262,-0.199169][0.352341,-0.814184,-0.461477][0.206453,0.39974,0][-0.998498,-0.214751,-0.479539][0.500716,-0.693155,-0.518478][0.237449,0.41836,0][-0.824852,-0.337419,-0.179335][0.500716,-0.693155,-0.518478][0.207037,0.398597,0][-0.998498,-0.214751,-0.479539][0.500716,-0.693155,-0.518478][0.237449,0.41836,0][-0.788292,-0.27262,-0.199169][0.352341,-0.814184,-0.461477][0.206453,0.39974,0][-0.745024,-0.545056,-0.744436][0.0365265,0.980135,-0.19494][0.209247,0.353356,0][-0.54389,-0.442186,-0.350349][-0.360562,0.921122,-0.14673][0.195635,0.391438,0][-0.488694,-0.495967,-0.846887][-0.62109,0.769502,-0.14871][0.161951,0.358824,0][-0.54389,-0.442186,-0.350349][-0.360562,0.921122,-0.14673][0.195635,0.391438,0][-0.745024,-0.545056,-0.744436][0.0365265,0.980135,-0.19494][0.209247,0.353356,0][-0.643708,-0.45124,-0.299873][0.119436,0.970418,-0.20982][0.20063,0.392274,0][-0.901694,-0.4494,-0.674353][0.512096,0.819955,-0.255795][0.232492,0.368437,0][-0.643708,-0.45124,-0.299873][0.119436,0.970418,-0.20982][0.20063,0.392274,0][-0.745024,-0.545056,-0.744436][0.0365265,0.980135,-0.19494][0.209247,0.353356,0][-0.643708,-0.45124,-0.299873][0.119436,0.970418,-0.20982][0.20063,0.392274,0][-0.901694,-0.4494,-0.674353][0.512096,0.819955,-0.255795][0.232492,0.368437,0][-0.746646,-0.411142,-0.255838][0.583301,0.770073,-0.258357][0.205072,0.394928,0][-0.998498,-0.214751,-0.479539][0.725831,0.638056,-0.25701][0.237449,0.41836,0][-0.746646,-0.411142,-0.255838][0.583301,0.770073,-0.258357][0.205072,0.394928,0][-0.901694,-0.4494,-0.674353][0.512096,0.819955,-0.255795][0.232492,0.368437,0][-0.746646,-0.411142,-0.255838][0.583301,0.770073,-0.258357][0.205072,0.394928,0][-0.998498,-0.214751,-0.479539][0.725831,0.638056,-0.25701][0.237449,0.41836,0][-0.824852,-0.337419,-0.179335][0.725831,0.638056,-0.25701][0.207037,0.398597,0][0.788292,-0.27262,-0.199169][0.589084,-0.0284232,-0.807572][0.206453,0.39974,0][0.746646,-0.411142,-0.255838][0.589084,-0.0284232,-0.807572][0.205072,0.394928,0][0.716667,-0.232852,-0.271461][0.589084,-0.0284232,-0.807572][0.203998,0.401752,0][0.746646,-0.411142,-0.255838][0.589084,-0.0284232,-0.807572][0.205072,0.394928,0][0.788292,-0.27262,-0.199169][0.589084,-0.0284232,-0.807572][0.206453,0.39974,0][0.824852,-0.337419,-0.179335][0.589084,-0.0284232,-0.807572][0.207037,0.398597,0][0.746646,-0.411142,-0.255838][0.589084,-0.0284232,-0.807572][0.205072,0.394928,0][0.625359,-0.240642,-0.324574][0.589084,-0.0284232,-0.807572][0.199078,0.401912,0][0.716667,-0.232852,-0.271461][0.589084,-0.0284232,-0.807572][0.203998,0.401752,0][0.643708,-0.45124,-0.299873][0.589084,-0.0284232,-0.807572][0.20063,0.392274,0][0.625359,-0.240642,-0.324574][0.589084,-0.0284232,-0.807572][0.199078,0.401912,0][0.746646,-0.411142,-0.255838][0.589084,-0.0284232,-0.807572][0.205072,0.394928,0][0.625359,-0.240642,-0.324574][0.589084,-0.0284232,-0.807572][0.199078,0.401912,0][0.643708,-0.45124,-0.299873][0.589084,-0.0284232,-0.807572][0.20063,0.392274,0][0.513749,-0.299992,-0.398661][0.589084,-0.0284232,-0.807572][0.192243,0.398425,0][0.513749,-0.299992,-0.398661][0.589084,-0.0284232,-0.807572][0.192243,0.398425,0][0.643708,-0.45124,-0.299873][0.589084,-0.0284232,-0.807572][0.20063,0.392274,0][0.54389,-0.442186,-0.350349][0.589084,-0.0284232,-0.807572][0.195635,0.391438,0][0.513749,-0.299992,-0.398661][0.589084,-0.0284232,-0.807572][0.192243,0.398425,0][0.54389,-0.442186,-0.350349][0.589084,-0.0284232,-0.807572][0.195635,0.391438,0][0.477895,-0.392219,-0.465739][0.589084,-0.0284232,-0.807572][0.187809,0.391954,0][-0.643708,-0.45124,-0.299873][-0.589084,-0.0284231,-0.807572][0.20063,0.392274,0][-0.513749,-0.299992,-0.398661][-0.589084,-0.0284231,-0.807572][0.192243,0.398425,0][-0.54389,-0.442186,-0.350349][-0.589084,-0.0284231,-0.807572][0.195635,0.391438,0][-0.54389,-0.442186,-0.350349][-0.589084,-0.0284231,-0.807572][0.195635,0.391438,0][-0.513749,-0.299992,-0.398661][-0.589084,-0.0284231,-0.807572][0.192243,0.398425,0][-0.477895,-0.392219,-0.465739][-0.589084,-0.0284231,-0.807572][0.187809,0.391954,0][-0.643708,-0.45124,-0.299873][-0.589084,-0.0284231,-0.807572][0.20063,0.392274,0][-0.625359,-0.240642,-0.324574][-0.589084,-0.0284231,-0.807572][0.199078,0.401912,0][-0.513749,-0.299992,-0.398661][-0.589084,-0.0284231,-0.807572][0.192243,0.398425,0][-0.746646,-0.411142,-0.255838][-0.589084,-0.0284231,-0.807572][0.205072,0.394928,0][-0.625359,-0.240642,-0.324574][-0.589084,-0.0284231,-0.807572][0.199078,0.401912,0][-0.643708,-0.45124,-0.299873][-0.589084,-0.0284231,-0.807572][0.20063,0.392274,0][-0.625359,-0.240642,-0.324574][-0.589084,-0.0284231,-0.807572][0.199078,0.401912,0][-0.746646,-0.411142,-0.255838][-0.589084,-0.0284231,-0.807572][0.205072,0.394928,0][-0.716667,-0.232852,-0.271461][-0.589084,-0.0284231,-0.807572][0.203998,0.401752,0][-0.716667,-0.232852,-0.271461][-0.589084,-0.0284231,-0.807572][0.203998,0.401752,0][-0.746646,-0.411142,-0.255838][-0.589084,-0.0284231,-0.807572][0.205072,0.394928,0][-0.788292,-0.27262,-0.199169][-0.589084,-0.0284231,-0.807572][0.206453,0.39974,0][-0.788292,-0.27262,-0.199169][-0.589084,-0.0284231,-0.807572][0.206453,0.39974,0][-0.746646,-0.411142,-0.255838][-0.589084,-0.0284231,-0.807572][0.205072,0.394928,0][-0.824852,-0.337419,-0.179335][-0.589084,-0.0284231,-0.807572][0.207037,0.398597,0][-0.910328,0.530664,-0.116291][-0.630164,0.717705,-0.296297][0.278901,0.570442,0][-0.77076,0.535045,-0.327806][-0.545391,0.714434,-0.438329][0.236587,0.569939,0][-1.0097,0.356269,-0.233222][-0.753383,0.505993,-0.419982][0.273917,0.533257,0][-0.910328,0.530664,-0.116291][-0.630164,0.717705,-0.296297][0.278901,0.570442,0][-0.66609,0.652849,-0.215584][-0.437121,0.838492,-0.325357][0.241554,0.603852,0][-0.77076,0.535045,-0.327806][-0.545391,0.714434,-0.438329][0.236587,0.569939,0][-0.910328,0.530664,-0.116291][-0.630164,0.717705,-0.296297][0.278901,0.570442,0][-1.0097,0.356269,-0.233222][-0.753383,0.505993,-0.419982][0.273917,0.533257,0][-1.16559,0.31048,0.0519316][-0.838378,0.493219,-0.232073][0.323887,0.532718,0][-0.66609,0.652849,-0.215584][-0.437121,0.838492,-0.325357][0.241554,0.603852,0][-0.910328,0.530664,-0.116291][-0.630164,0.717705,-0.296297][0.278901,0.570442,0][-0.768819,0.659186,-0.0169986][-0.492462,0.846957,-0.200363][0.280685,0.606555,0][-0.768819,0.659186,-0.0169986][-0.492462,0.846957,-0.200363][0.280685,0.606555,0][-0.54334,0.728457,-0.138113][-0.323081,0.913671,-0.246625][0.24118,0.634427,0][-0.66609,0.652849,-0.215584][-0.437121,0.838492,-0.325357][0.241554,0.603852,0][-0.54334,0.728457,-0.138113][-0.323081,0.913671,-0.246625][0.24118,0.634427,0][-0.768819,0.659186,-0.0169986][-0.492462,0.846957,-0.200363][0.280685,0.606555,0][-0.607394,0.746691,0.0542046][-0.355465,0.924078,-0.140443][0.278657,0.641638,0][-1.02164,0.50812,0.154458][-0.697098,0.707325,-0.117247][0.325027,0.573066,0][-0.768819,0.659186,-0.0169986][-0.492462,0.846957,-0.200363][0.280685,0.606555,0][-0.910328,0.530664,-0.116291][-0.630164,0.717705,-0.296297][0.278901,0.570442,0][-1.02164,0.50812,0.154458][-0.697098,0.707325,-0.117247][0.325027,0.573066,0][-0.910328,0.530664,-0.116291][-0.630164,0.717705,-0.296297][0.278901,0.570442,0][-1.16559,0.31048,0.0519316][-0.838378,0.493219,-0.232073][0.323887,0.532718,0][-1.21706,0.0542312,-0.068554][-0.891485,0.277345,-0.358237][0.318552,0.489322,0][-1.16559,0.31048,0.0519316][-0.838378,0.493219,-0.232073][0.323887,0.532718,0][-1.0097,0.356269,-0.233222][-0.753383,0.505993,-0.419982][0.273917,0.533257,0][-0.768819,0.659186,-0.0169986][-0.492462,0.846957,-0.200363][0.280685,0.606555,0][-1.02164,0.50812,0.154458][-0.697098,0.707325,-0.117247][0.325027,0.573066,0][-0.849031,0.649066,0.231428][-0.539886,0.840101,-0.0524708][0.324098,0.610829,0][-0.849031,0.649066,0.231428][-0.539886,0.840101,-0.0524708][0.324098,0.610829,0][-0.607394,0.746691,0.0542046][-0.355465,0.924078,-0.140443][0.278657,0.641638,0][-0.768819,0.659186,-0.0169986][-0.492462,0.846957,-0.200363][0.280685,0.606555,0][-1.02164,0.50812,0.154458][-0.697098,0.707325,-0.117247][0.325027,0.573066,0][-1.16559,0.31048,0.0519316][-0.838378,0.493219,-0.232073][0.323887,0.532718,0][-1.24519,0.237342,0.430512][-0.876392,0.480387,0.0341349][0.380061,0.537319,0][-0.607394,0.746691,0.0542046][-0.355465,0.924078,-0.140443][0.278657,0.641638,0][-0.849031,0.649066,0.231428][-0.539886,0.840101,-0.0524708][0.324098,0.610829,0][-0.664725,0.744786,0.290677][-0.389973,0.920748,-0.0119897][0.32201,0.647991,0][-0.664725,0.744786,0.290677][-0.389973,0.920748,-0.0119897][0.32201,0.647991,0][-0.423983,0.807851,0.0964504][-0.231507,0.966242,-0.11305][0.270818,0.679607,0][-0.607394,0.746691,0.0542046][-0.355465,0.924078,-0.140443][0.278657,0.641638,0][-0.462387,0.812565,0.335269][-0.256021,0.96661,0.0108656][0.317912,0.689075,0][-0.423983,0.807851,0.0964504][-0.231507,0.966242,-0.11305][0.270818,0.679607,0][-0.664725,0.744786,0.290677][-0.389973,0.920748,-0.0119897][0.32201,0.647991,0][-1.16559,0.31048,0.0519316][-0.838378,0.493219,-0.232073][0.323887,0.532718,0][-1.21706,0.0542312,-0.068554][-0.891485,0.277345,-0.358237][0.318552,0.489322,0][-1.36483,-0.0390234,0.361063][-0.954384,0.291227,-0.0658591][0.384669,0.494252,0][-1.24519,0.237342,0.430512][-0.876392,0.480387,0.0341349][0.380061,0.537319,0][-1.16559,0.31048,0.0519316][-0.838378,0.493219,-0.232073][0.323887,0.532718,0][-1.36483,-0.0390234,0.361063][-0.954384,0.291227,-0.0658591][0.384669,0.494252,0][-1.07115,0.464272,0.472304][-0.729714,0.678003,0.0884865][0.373476,0.57885,0][-0.849031,0.649066,0.231428][-0.539886,0.840101,-0.0524708][0.324098,0.610829,0][-1.02164,0.50812,0.154458][-0.697098,0.707325,-0.117247][0.325027,0.573066,0][-1.07115,0.464272,0.472304][-0.729714,0.678003,0.0884865][0.373476,0.57885,0][-1.02164,0.50812,0.154458][-0.697098,0.707325,-0.117247][0.325027,0.573066,0][-1.24519,0.237342,0.430512][-0.876392,0.480387,0.0341349][0.380061,0.537319,0][-0.885991,0.614618,0.503888][-0.569333,0.814831,0.109136][0.368446,0.615799,0][-0.664725,0.744786,0.290677][-0.389973,0.920748,-0.0119897][0.32201,0.647991,0][-0.849031,0.649066,0.231428][-0.539886,0.840101,-0.0524708][0.324098,0.610829,0][-0.849031,0.649066,0.231428][-0.539886,0.840101,-0.0524708][0.324098,0.610829,0][-1.07115,0.464272,0.472304][-0.729714,0.678003,0.0884865][0.373476,0.57885,0][-0.885991,0.614618,0.503888][-0.569333,0.814831,0.109136][0.368446,0.615799,0][-0.702793,0.711914,0.542894][-0.41841,0.898858,0.130333][0.366718,0.651283,0][-0.462387,0.812565,0.335269][-0.256021,0.96661,0.0108656][0.317912,0.689075,0][-0.664725,0.744786,0.290677][-0.389973,0.920748,-0.0119897][0.32201,0.647991,0][-0.664725,0.744786,0.290677][-0.389973,0.920748,-0.0119897][0.32201,0.647991,0][-0.885991,0.614618,0.503888][-0.569333,0.814831,0.109136][0.368446,0.615799,0][-0.702793,0.711914,0.542894][-0.41841,0.898858,0.130333][0.366718,0.651283,0][-0.702793,0.711914,0.542894][-0.41841,0.898858,0.130333][0.366718,0.651283,0][-0.494967,0.783015,0.591347][-0.28079,0.94701,0.155979][0.367908,0.692586,0][-0.462387,0.812565,0.335269][-0.256021,0.96661,0.0108656][0.317912,0.689075,0][-1.24519,0.237342,0.430512][-0.876392,0.480387,0.0341349][0.380061,0.537319,0][-1.03207,0.414449,0.78357][-0.707298,0.6462,0.286628][0.419373,0.588957,0][-1.07115,0.464272,0.472304][-0.729714,0.678003,0.0884865][0.373476,0.57885,0][-1.03207,0.414449,0.78357][-0.707298,0.6462,0.286628][0.419373,0.588957,0][-0.885991,0.614618,0.503888][-0.569333,0.814831,0.109136][0.368446,0.615799,0][-1.07115,0.464272,0.472304][-0.729714,0.678003,0.0884865][0.373476,0.57885,0][-0.866334,0.569116,0.750258][-0.570533,0.780021,0.257021][0.407748,0.622729,0][-0.702793,0.711914,0.542894][-0.41841,0.898858,0.130333][0.366718,0.651283,0][-0.885991,0.614618,0.503888][-0.569333,0.814831,0.109136][0.368446,0.615799,0][-0.885991,0.614618,0.503888][-0.569333,0.814831,0.109136][0.368446,0.615799,0][-1.03207,0.414449,0.78357][-0.707298,0.6462,0.286628][0.419373,0.588957,0][-0.866334,0.569116,0.750258][-0.570533,0.780021,0.257021][0.407748,0.622729,0][-0.726458,0.647943,0.769161][-0.435327,0.860024,0.266176][0.406887,0.649522,0][-0.494967,0.783015,0.591347][-0.28079,0.94701,0.155979][0.367908,0.692586,0][-0.702793,0.711914,0.542894][-0.41841,0.898858,0.130333][0.366718,0.651283,0][-0.866334,0.569116,0.750258][-0.570533,0.780021,0.257021][0.407748,0.622729,0][-0.726458,0.647943,0.769161][-0.435327,0.860024,0.266176][0.406887,0.649522,0][-0.702793,0.711914,0.542894][-0.41841,0.898858,0.130333][0.366718,0.651283,0][-0.530851,0.708173,0.845819][-0.310335,0.897294,0.313934][0.417931,0.687108,0][-0.494967,0.783015,0.591347][-0.28079,0.94701,0.155979][0.367908,0.692586,0][-0.726458,0.647943,0.769161][-0.435327,0.860024,0.266176][0.406887,0.649522,0][-0.866334,0.569116,0.750258][-0.570533,0.780021,0.257021][0.407748,0.622729,0][-0.780039,0.559214,0.918365][-0.497217,0.776766,0.386535][0.434676,0.637192,0][-0.726458,0.647943,0.769161][-0.435327,0.860024,0.266176][0.406887,0.649522,0][-0.780039,0.559214,0.918365][-0.497217,0.776766,0.386535][0.434676,0.637192,0][-0.530851,0.708173,0.845819][-0.310335,0.897294,0.313934][0.417931,0.687108,0][-0.726458,0.647943,0.769161][-0.435327,0.860024,0.266176][0.406887,0.649522,0][-1.03207,0.414449,0.78357][-0.707298,0.6462,0.286628][0.419373,0.588957,0][-0.780039,0.559214,0.918365][-0.497217,0.776766,0.386535][0.434676,0.637192,0][-0.866334,0.569116,0.750258][-0.570533,0.780021,0.257021][0.407748,0.622729,0][1.16559,0.31048,0.0519316][0.838378,0.493219,-0.232073][0.323887,0.532718,0][0.910328,0.530664,-0.116291][0.630164,0.717705,-0.296297][0.278901,0.570442,0][1.02164,0.50812,0.154458][0.697098,0.707325,-0.117247][0.325027,0.573066,0][0.910328,0.530664,-0.116291][0.630164,0.717705,-0.296297][0.278901,0.570442,0][1.16559,0.31048,0.0519316][0.838378,0.493219,-0.232073][0.323887,0.532718,0][1.0097,0.356269,-0.233222][0.753383,0.505993,-0.419982][0.273917,0.533257,0][1.21706,0.0542312,-0.068554][0.891485,0.277345,-0.358237][0.318552,0.489322,0][1.0097,0.356269,-0.233222][0.753383,0.505993,-0.419982][0.273917,0.533257,0][1.16559,0.31048,0.0519316][0.838378,0.493219,-0.232073][0.323887,0.532718,0][1.02164,0.50812,0.154458][0.697098,0.707325,-0.117247][0.325027,0.573066,0][1.24519,0.237342,0.430512][0.876392,0.480386,0.034135][0.380061,0.537319,0][1.16559,0.31048,0.0519316][0.838378,0.493219,-0.232073][0.323887,0.532718,0][1.16559,0.31048,0.0519316][0.838378,0.493219,-0.232073][0.323887,0.532718,0][1.36483,-0.0390234,0.361063][0.954384,0.291227,-0.0658589][0.384669,0.494252,0][1.21706,0.0542312,-0.068554][0.891485,0.277345,-0.358237][0.318552,0.489322,0][1.36483,-0.0390234,0.361063][0.954384,0.291227,-0.0658589][0.384669,0.494252,0][1.16559,0.31048,0.0519316][0.838378,0.493219,-0.232073][0.323887,0.532718,0][1.24519,0.237342,0.430512][0.876392,0.480386,0.034135][0.380061,0.537319,0][1.24519,0.237342,0.430512][0.876392,0.480386,0.034135][0.380061,0.537319,0][1.02164,0.50812,0.154458][0.697098,0.707325,-0.117247][0.325027,0.573066,0][1.07115,0.464272,0.472304][0.729714,0.678003,0.0884865][0.373476,0.57885,0][1.07115,0.464272,0.472304][0.729714,0.678003,0.0884865][0.373476,0.57885,0][1.02164,0.50812,0.154458][0.697098,0.707325,-0.117247][0.325027,0.573066,0][0.849031,0.649066,0.231428][0.539886,0.840101,-0.0524708][0.324098,0.610829,0][1.03207,0.414449,0.78357][0.707298,0.6462,0.286628][0.419373,0.588957,0][1.24519,0.237342,0.430512][0.876392,0.480386,0.034135][0.380061,0.537319,0][1.07115,0.464272,0.472304][0.729714,0.678003,0.0884865][0.373476,0.57885,0][1.07115,0.464272,0.472304][0.729714,0.678003,0.0884865][0.373476,0.57885,0][0.849031,0.649066,0.231428][0.539886,0.840101,-0.0524708][0.324098,0.610829,0][0.885991,0.614618,0.503888][0.569333,0.814831,0.109136][0.368446,0.615799,0][0.664724,0.744786,0.290677][0.389973,0.920748,-0.0119897][0.32201,0.647991,0][0.885991,0.614618,0.503888][0.569333,0.814831,0.109136][0.368446,0.615799,0][0.849031,0.649066,0.231428][0.539886,0.840101,-0.0524708][0.324098,0.610829,0][0.885991,0.614618,0.503888][0.569333,0.814831,0.109136][0.368446,0.615799,0][1.03207,0.414449,0.78357][0.707298,0.6462,0.286628][0.419373,0.588957,0][1.07115,0.464272,0.472304][0.729714,0.678003,0.0884865][0.373476,0.57885,0][0.885991,0.614618,0.503888][0.569333,0.814831,0.109136][0.368446,0.615799,0][0.664724,0.744786,0.290677][0.389973,0.920748,-0.0119897][0.32201,0.647991,0][0.702793,0.711914,0.542894][0.41841,0.898859,0.130333][0.366718,0.651283,0][0.462387,0.812565,0.335269][0.256021,0.96661,0.0108656][0.317912,0.689075,0][0.702793,0.711914,0.542894][0.41841,0.898859,0.130333][0.366718,0.651283,0][0.664724,0.744786,0.290677][0.389973,0.920748,-0.0119897][0.32201,0.647991,0][0.702793,0.711914,0.542894][0.41841,0.898859,0.130333][0.366718,0.651283,0][0.866334,0.569116,0.750258][0.570533,0.780021,0.257021][0.407748,0.622729,0][0.885991,0.614618,0.503888][0.569333,0.814831,0.109136][0.368446,0.615799,0][1.03207,0.414449,0.78357][0.707298,0.6462,0.286628][0.419373,0.588957,0][0.885991,0.614618,0.503888][0.569333,0.814831,0.109136][0.368446,0.615799,0][0.866334,0.569116,0.750258][0.570533,0.780021,0.257021][0.407748,0.622729,0][0.702793,0.711914,0.542894][0.41841,0.898859,0.130333][0.366718,0.651283,0][0.462387,0.812565,0.335269][0.256021,0.96661,0.0108656][0.317912,0.689075,0][0.494967,0.783015,0.591347][0.28079,0.94701,0.155979][0.367908,0.692586,0][0.235022,0.856018,0.363347][0.12968,0.991334,0.0209597][0.310257,0.73824,0][0.494967,0.783015,0.591347][0.28079,0.94701,0.155979][0.367908,0.692586,0][0.462387,0.812565,0.335269][0.256021,0.96661,0.0108656][0.317912,0.689075,0][0.866334,0.569116,0.750258][0.570533,0.780021,0.257021][0.407748,0.622729,0][0.702793,0.711914,0.542894][0.41841,0.898859,0.130333][0.366718,0.651283,0][0.726458,0.647943,0.769161][0.435327,0.860024,0.266176][0.406887,0.649522,0][0.726458,0.647943,0.769161][0.435327,0.860024,0.266176][0.406887,0.649522,0][0.702793,0.711914,0.542894][0.41841,0.898859,0.130333][0.366718,0.651283,0][0.494967,0.783015,0.591347][0.28079,0.94701,0.155979][0.367908,0.692586,0][0.494967,0.783015,0.591347][0.28079,0.94701,0.155979][0.367908,0.692586,0][0.235022,0.856018,0.363347][0.12968,0.991334,0.0209597][0.310257,0.73824,0][0.254056,0.830518,0.627767][0.140693,0.974236,0.176264][0.368448,0.743697,0][0.235022,0.856018,0.363347][0.12968,0.991334,0.0209597][0.310257,0.73824,0][-1.47811e-08,0.851168,0.618582][-5.99517e-08,0.984588,0.174889][0.36001,0.807812,0][0.254056,0.830518,0.627767][0.140693,0.974236,0.176264][0.368448,0.743697,0][0.726458,0.647943,0.769161][0.435327,0.860024,0.266176][0.406887,0.649522,0][0.494967,0.783015,0.591347][0.28079,0.94701,0.155979][0.367908,0.692586,0][0.530851,0.708173,0.845819][0.310335,0.897294,0.313934][0.417931,0.687108,0][0.254056,0.830518,0.627767][0.140693,0.974236,0.176264][0.368448,0.743697,0][0.530851,0.708173,0.845819][0.310335,0.897294,0.313934][0.417931,0.687108,0][0.494967,0.783015,0.591347][0.28079,0.94701,0.155979][0.367908,0.692586,0][0.866334,0.569116,0.750258][0.570533,0.780021,0.257021][0.407748,0.622729,0][0.726458,0.647943,0.769161][0.435327,0.860024,0.266176][0.406887,0.649522,0][0.780039,0.559214,0.918365][0.497217,0.776766,0.386535][0.434676,0.637192,0][0.530851,0.708173,0.845819][0.310335,0.897294,0.313934][0.417931,0.687108,0][0.780039,0.559214,0.918365][0.497217,0.776766,0.386535][0.434676,0.637192,0][0.726458,0.647943,0.769161][0.435327,0.860024,0.266176][0.406887,0.649522,0][0.780039,0.559214,0.918365][0.497217,0.776766,0.386535][0.434676,0.637192,0][1.03207,0.414449,0.78357][0.707298,0.6462,0.286628][0.419373,0.588957,0][0.866334,0.569116,0.750258][0.570533,0.780021,0.257021][0.407748,0.622729,0][-1.47811e-08,0.851168,0.618582][-5.99517e-08,0.984588,0.174889][0.36001,0.807812,0][0.278626,0.746403,0.928767][0.162133,0.921003,0.354212][0.435659,0.73832,0][0.254056,0.830518,0.627767][0.140693,0.974236,0.176264][0.368448,0.743697,0][0.530851,0.708173,0.845819][0.310335,0.897294,0.313934][0.417931,0.687108,0][0.254056,0.830518,0.627767][0.140693,0.974236,0.176264][0.368448,0.743697,0][0.278626,0.746403,0.928767][0.162133,0.921003,0.354212][0.435659,0.73832,0][0.278626,0.746403,0.928767][0.162133,0.921003,0.354212][0.435659,0.73832,0][-1.47811e-08,0.851168,0.618582][-5.99517e-08,0.984588,0.174889][0.36001,0.807812,0][-1.47811e-08,0.742959,1.00468][2.65351e-08,0.920764,0.39012][0.462407,0.803999,0][0.780039,0.559214,0.918365][0.497217,0.776766,0.386535][0.434676,0.637192,0][0.530851,0.708173,0.845819][0.310335,0.897294,0.313934][0.417931,0.687108,0][0.587793,0.585834,1.06773][0.361835,0.800737,0.477385][0.461926,0.669303,0][0.278626,0.746403,0.928767][0.162133,0.921003,0.354212][0.435659,0.73832,0][0.587793,0.585834,1.06773][0.361835,0.800737,0.477385][0.461926,0.669303,0][0.530851,0.708173,0.845819][0.310335,0.897294,0.313934][0.417931,0.687108,0][1.03207,0.414449,0.78357][0.707298,0.6462,0.286628][0.419373,0.588957,0][0.780039,0.559214,0.918365][0.497217,0.776766,0.386535][0.434676,0.637192,0][0.905617,0.390666,1.05061][0.608901,0.637727,0.471745][0.460545,0.606705,0][0.587793,0.585834,1.06773][0.361835,0.800737,0.477385][0.461926,0.669303,0][0.905617,0.390666,1.05061][0.608901,0.637727,0.471745][0.460545,0.606705,0][0.780039,0.559214,0.918365][0.497217,0.776766,0.386535][0.434676,0.637192,0][-1.47811e-08,0.742959,1.00468][2.65351e-08,0.920764,0.39012][0.462407,0.803999,0][0.313177,0.606075,1.19134][0.196298,0.809937,0.552693][0.495151,0.717571,0][0.278626,0.746403,0.928767][0.162133,0.921003,0.354212][0.435659,0.73832,0][0.587793,0.585834,1.06773][0.361835,0.800737,0.477385][0.461926,0.669303,0][0.278626,0.746403,0.928767][0.162133,0.921003,0.354212][0.435659,0.73832,0][0.313177,0.606075,1.19134][0.196298,0.809937,0.552693][0.495151,0.717571,0][0.313177,0.606075,1.19134][0.196298,0.809937,0.552693][0.495151,0.717571,0][-1.47811e-08,0.742959,1.00468][2.65351e-08,0.920764,0.39012][0.462407,0.803999,0][-1.47811e-08,0.599927,1.2593][4.36719e-08,0.804434,0.594042][0.53426,0.783672,0][0.678522,0.390126,1.27103][0.437294,0.642301,0.629463][0.502162,0.63648,0][0.587793,0.585834,1.06773][0.361835,0.800737,0.477385][0.461926,0.669303,0][0.313177,0.606075,1.19134][0.196298,0.809937,0.552693][0.495151,0.717571,0][0.905617,0.390666,1.05061][0.608901,0.637727,0.471745][0.460545,0.606705,0][0.587793,0.585834,1.06773][0.361835,0.800737,0.477385][0.461926,0.669303,0][0.678522,0.390126,1.27103][0.437294,0.642301,0.629463][0.502162,0.63648,0][-1.47811e-08,0.599927,1.2593][4.36719e-08,0.804434,0.594042][0.53426,0.783672,0][0.359311,0.38561,1.43118][0.229289,0.634661,0.737991][0.551219,0.68088,0][0.313177,0.606075,1.19134][0.196298,0.809937,0.552693][0.495151,0.717571,0][0.678522,0.390126,1.27103][0.437294,0.642301,0.629463][0.502162,0.63648,0][0.313177,0.606075,1.19134][0.196298,0.809937,0.552693][0.495151,0.717571,0][0.359311,0.38561,1.43118][0.229289,0.634661,0.737991][0.551219,0.68088,0][-0.198874,-0.380442,-1.22727][-0.556913,0.370502,-0.743355][0.0581327,0.347793,0][-1.47811e-08,-0.373693,-1.30416][-5.96208e-08,0.46664,-0.884448][0.00214795,0.340133,0][-0.160862,-0.566743,-1.35901][-0.432358,0.561767,-0.705326][0.0485396,0.293074,0][-1.47811e-08,-0.373693,-1.30416][-5.96208e-08,0.46664,-0.884448][0.00214795,0.340133,0][-1.47811e-08,-0.548167,-1.4059][-1.46663e-08,0.593278,-0.804998][0.0036523,0.289258,0][-0.160862,-0.566743,-1.35901][-0.432358,0.561767,-0.705326][0.0485396,0.293074,0][-0.198874,-0.380442,-1.22727][-0.556913,0.370502,-0.743355][0.0581327,0.347793,0][-1.47811e-08,-0.193099,-1.22079][-6.9569e-08,0.371133,-0.92858][0.00137787,0.390477,0][-1.47811e-08,-0.373693,-1.30416][-5.96208e-08,0.46664,-0.884448][0.00214795,0.340133,0][-1.47811e-08,-0.548167,-1.4059][-1.46663e-08,0.593278,-0.804998][0.0036523,0.289258,0][-1.47811e-08,-0.750877,-1.57485][8.51648e-17,0.695423,-0.7186][0.00686065,0.223748,0][-0.160862,-0.566743,-1.35901][-0.432358,0.561767,-0.705326][0.0485396,0.293074,0][-0.321121,-0.598365,-1.24367][-0.624535,0.502246,-0.598085][0.0939414,0.301963,0][-0.198874,-0.380442,-1.22727][-0.556913,0.370502,-0.743355][0.0581327,0.347793,0][-0.160862,-0.566743,-1.35901][-0.432358,0.561767,-0.705326][0.0485396,0.293074,0][-0.198874,-0.380442,-1.22727][-0.556913,0.370502,-0.743355][0.0581327,0.347793,0][-0.321121,-0.598365,-1.24367][-0.624535,0.502246,-0.598085][0.0939414,0.301963,0][-0.371528,-0.355007,-0.945444][-0.782924,0.0892268,-0.615685][0.126324,0.378253,0][-0.160862,-0.566743,-1.35901][-0.432358,0.561767,-0.705326][0.0485396,0.293074,0][-0.28098,-0.770009,-1.46907][-0.488424,0.602023,-0.631672][0.0783872,0.241983,0][-0.321121,-0.598365,-1.24367][-0.624535,0.502246,-0.598085][0.0939414,0.301963,0][-1.47811e-08,-0.193099,-1.22079][-6.9569e-08,0.371133,-0.92858][0.00137787,0.390477,0][-0.198874,-0.380442,-1.22727][-0.556913,0.370502,-0.743355][0.0581327,0.347793,0][-0.226424,-0.194065,-1.13889][-0.553049,0.172136,-0.815172][0.0637455,0.397181,0][-0.371528,-0.355007,-0.945444][-0.782924,0.0892268,-0.615685][0.126324,0.378253,0][-0.226424,-0.194065,-1.13889][-0.553049,0.172136,-0.815172][0.0637455,0.397181,0][-0.198874,-0.380442,-1.22727][-0.556913,0.370502,-0.743355][0.0581327,0.347793,0][-0.226424,-0.194065,-1.13889][-0.553049,0.172136,-0.815172][0.0637455,0.397181,0][-1.47811e-08,0.0208886,-1.1351][-2.96281e-08,0.364018,-0.931392][0.00296612,0.449494,0][-1.47811e-08,-0.193099,-1.22079][-6.9569e-08,0.371133,-0.92858][0.00137787,0.390477,0][-0.226424,-0.194065,-1.13889][-0.553049,0.172136,-0.815172][0.0637455,0.397181,0][-0.371528,-0.355007,-0.945444][-0.782924,0.0892268,-0.615685][0.126324,0.378253,0][-0.468253,-0.18788,-0.886769][-0.635688,-0.0666131,-0.769067][0.137447,0.418132,0][-1.47811e-08,0.0208886,-1.1351][-2.96281e-08,0.364018,-0.931392][0.00296612,0.449494,0][-0.226424,-0.194065,-1.13889][-0.553049,0.172136,-0.815172][0.0637455,0.397181,0][-0.236617,0.0234783,-1.06823][-0.418182,0.261868,-0.869798][0.0664279,0.451109,0][-0.468253,-0.18788,-0.886769][-0.635688,-0.0666131,-0.769067][0.137447,0.418132,0][-0.236617,0.0234783,-1.06823][-0.418182,0.261868,-0.869798][0.0664279,0.451109,0][-0.226424,-0.194065,-1.13889][-0.553049,0.172136,-0.815172][0.0637455,0.397181,0][-0.28098,-0.770009,-1.46907][-0.488424,0.602023,-0.631672][0.0783872,0.241983,0][-0.160862,-0.566743,-1.35901][-0.432358,0.561767,-0.705326][0.0485396,0.293074,0][-0.139135,-0.756403,-1.53898][-0.365266,0.637251,-0.678595][0.0443292,0.23187,0][-0.160862,-0.566743,-1.35901][-0.432358,0.561767,-0.705326][0.0485396,0.293074,0][-1.47811e-08,-0.750877,-1.57485][8.51648e-17,0.695423,-0.7186][0.00686065,0.223748,0][-0.139135,-0.756403,-1.53898][-0.365266,0.637251,-0.678595][0.0443292,0.23187,0][-0.12683,-0.970127,-1.76932][-0.347231,0.656674,-0.669485][0.0485206,0.164015,0][-0.28098,-0.770009,-1.46907][-0.488424,0.602023,-0.631672][0.0783872,0.241983,0][-0.139135,-0.756403,-1.53898][-0.365266,0.637251,-0.678595][0.0443292,0.23187,0][-1.47811e-08,-0.750877,-1.57485][8.51648e-17,0.695423,-0.7186][0.00686065,0.223748,0][-0.12683,-0.970127,-1.76932][-0.347231,0.656674,-0.669485][0.0485206,0.164015,0][-0.139135,-0.756403,-1.53898][-0.365266,0.637251,-0.678595][0.0443292,0.23187,0][-0.28098,-0.770009,-1.46907][-0.488424,0.602023,-0.631672][0.0783872,0.241983,0][-0.12683,-0.970127,-1.76932][-0.347231,0.656674,-0.669485][0.0485206,0.164015,0][-0.228349,-1.02192,-1.70466][-0.50924,0.572223,-0.642834][0.0752852,0.168251,0][-0.12683,-0.970127,-1.76932][-0.347231,0.656674,-0.669485][0.0485206,0.164015,0][-1.47811e-08,-0.750877,-1.57485][8.51648e-17,0.695423,-0.7186][0.00686065,0.223748,0][-1.47811e-08,-0.957088,-1.79155][1.00268e-08,0.726091,-0.687598][0.0184571,0.152767,0][-0.236617,0.0234783,-1.06823][-0.418182,0.261868,-0.869798][0.0664279,0.451109,0][-1.47811e-08,0.22771,-1.04074][2.96014e-08,0.47817,-0.878267][0.0101236,0.50819,0][-1.47811e-08,0.0208886,-1.1351][-2.96281e-08,0.364018,-0.931392][0.00296612,0.449494,0][-0.236617,0.0234783,-1.06823][-0.418182,0.261868,-0.869798][0.0664279,0.451109,0][-0.468253,-0.18788,-0.886769][-0.635688,-0.0666131,-0.769067][0.137447,0.418132,0][-0.464295,0.0148637,-0.936608][-0.535636,0.119426,-0.835962][0.123686,0.457812,0][-0.464295,0.0148637,-0.936608][-0.535636,0.119426,-0.835962][0.123686,0.457812,0][-0.468253,-0.18788,-0.886769][-0.635688,-0.0666131,-0.769067][0.137447,0.418132,0][-0.620662,-0.1127,-0.815867][-0.527585,-0.149269,-0.836285][0.164014,0.439447,0][-1.47811e-08,0.22771,-1.04074][2.96014e-08,0.47817,-0.878267][0.0101236,0.50819,0][-0.236617,0.0234783,-1.06823][-0.418182,0.261868,-0.869798][0.0664279,0.451109,0][-0.243363,0.234815,-0.97971][-0.332788,0.451218,-0.828043][0.0739331,0.503679,0][-0.469723,0.225933,-0.860773][-0.46344,0.435157,-0.771921][0.128965,0.502653,0][-0.236617,0.0234783,-1.06823][-0.418182,0.261868,-0.869798][0.0664279,0.451109,0][-0.464295,0.0148637,-0.936608][-0.535636,0.119426,-0.835962][0.123686,0.457812,0][-0.469723,0.225933,-0.860773][-0.46344,0.435157,-0.771921][0.128965,0.502653,0][-0.243363,0.234815,-0.97971][-0.332788,0.451218,-0.828043][0.0739331,0.503679,0][-0.236617,0.0234783,-1.06823][-0.418182,0.261868,-0.869798][0.0664279,0.451109,0][-0.464295,0.0148637,-0.936608][-0.535636,0.119426,-0.835962][0.123686,0.457812,0][-0.620662,-0.1127,-0.815867][-0.527585,-0.149269,-0.836285][0.164014,0.439447,0][-0.682792,0.037738,-0.816383][-0.569017,0.137321,-0.810779][0.169975,0.467552,0][-0.682792,0.037738,-0.816383][-0.569017,0.137321,-0.810779][0.169975,0.467552,0][-0.469723,0.225933,-0.860773][-0.46344,0.435157,-0.771921][0.128965,0.502653,0][-0.464295,0.0148637,-0.936608][-0.535636,0.119426,-0.835962][0.123686,0.457812,0][-0.834489,-0.100672,-0.696423][-0.682433,0.00241939,-0.730944][0.20182,0.446284,0][-0.682792,0.037738,-0.816383][-0.569017,0.137321,-0.810779][0.169975,0.467552,0][-0.620662,-0.1127,-0.815867][-0.527585,-0.149269,-0.836285][0.164014,0.439447,0][-0.239924,0.417772,-0.849604][-0.289098,0.639158,-0.712671][0.0885325,0.552434,0][-1.47811e-08,0.22771,-1.04074][2.96014e-08,0.47817,-0.878267][0.0101236,0.50819,0][-0.243363,0.234815,-0.97971][-0.332788,0.451218,-0.828043][0.0739331,0.503679,0][-1.47811e-08,0.420537,-0.911334][2.47393e-08,0.657481,-0.753471][0.026844,0.567099,0][-1.47811e-08,0.22771,-1.04074][2.96014e-08,0.47817,-0.878267][0.0101236,0.50819,0][-0.239924,0.417772,-0.849604][-0.289098,0.639158,-0.712671][0.0885325,0.552434,0][-0.239924,0.417772,-0.849604][-0.289098,0.639158,-0.712671][0.0885325,0.552434,0][-1.47811e-08,0.558308,-0.751444][-7.29452e-08,0.806806,-0.590816][0.0516565,0.617213,0][-1.47811e-08,0.420537,-0.911334][2.47393e-08,0.657481,-0.753471][0.026844,0.567099,0][-0.456036,0.4005,-0.738338][-0.428009,0.60648,-0.670067][0.140312,0.544027,0][-0.239924,0.417772,-0.849604][-0.289098,0.639158,-0.712671][0.0885325,0.552434,0][-0.243363,0.234815,-0.97971][-0.332788,0.451218,-0.828043][0.0739331,0.503679,0][-0.456036,0.4005,-0.738338][-0.428009,0.60648,-0.670067][0.140312,0.544027,0][-0.243363,0.234815,-0.97971][-0.332788,0.451218,-0.828043][0.0739331,0.503679,0][-0.469723,0.225933,-0.860773][-0.46344,0.435157,-0.771921][0.128965,0.502653,0][-1.47811e-08,0.558308,-0.751444][-7.29452e-08,0.806806,-0.590816][0.0516565,0.617213,0][-0.239924,0.417772,-0.849604][-0.289098,0.639158,-0.712671][0.0885325,0.552434,0][-0.229484,0.561989,-0.688963][-0.229478,0.78715,-0.572481][0.109513,0.596731,0][-0.456036,0.4005,-0.738338][-0.428009,0.60648,-0.670067][0.140312,0.544027,0][-0.229484,0.561989,-0.688963][-0.229478,0.78715,-0.572481][0.109513,0.596731,0][-0.239924,0.417772,-0.849604][-0.289098,0.639158,-0.712671][0.0885325,0.552434,0][-0.229484,0.561989,-0.688963][-0.229478,0.78715,-0.572481][0.109513,0.596731,0][-1.47811e-08,0.672814,-0.546162][-1.55685e-07,0.894874,-0.446318][0.0884698,0.667528,0][-1.47811e-08,0.558308,-0.751444][-7.29452e-08,0.806806,-0.590816][0.0516565,0.617213,0][-0.682792,0.037738,-0.816383][-0.569017,0.137321,-0.810779][0.169975,0.467552,0][-0.834489,-0.100672,-0.696423][-0.682433,0.00241939,-0.730944][0.20182,0.446284,0][-0.867099,0.0304787,-0.641231][-0.724631,0.188534,-0.662846][0.210816,0.468322,0][-0.956418,-0.157683,-0.546685][-0.798151,0.0423158,-0.600969][0.230477,0.434689,0][-0.867099,0.0304787,-0.641231][-0.724631,0.188534,-0.662846][0.210816,0.468322,0][-0.834489,-0.100672,-0.696423][-0.682433,0.00241939,-0.730944][0.20182,0.446284,0][-1.03179,-0.0355204,-0.433324][-0.818612,0.148245,-0.554886][0.252102,0.456059,0][-0.867099,0.0304787,-0.641231][-0.724631,0.188534,-0.662846][0.210816,0.468322,0][-0.956418,-0.157683,-0.546685][-0.798151,0.0423158,-0.600969][0.230477,0.434689,0][-0.86574,0.202618,-0.55173][-0.701122,0.386951,-0.598913][0.220277,0.500558,0][-0.682792,0.037738,-0.816383][-0.569017,0.137321,-0.810779][0.169975,0.467552,0][-0.867099,0.0304787,-0.641231][-0.724631,0.188534,-0.662846][0.210816,0.468322,0][-1.03179,-0.0355204,-0.433324][-0.818612,0.148245,-0.554886][0.252102,0.456059,0][-0.86574,0.202618,-0.55173][-0.701122,0.386951,-0.598913][0.220277,0.500558,0][-0.867099,0.0304787,-0.641231][-0.724631,0.188534,-0.662846][0.210816,0.468322,0][-0.682792,0.037738,-0.816383][-0.569017,0.137321,-0.810779][0.169975,0.467552,0][-0.86574,0.202618,-0.55173][-0.701122,0.386951,-0.598913][0.220277,0.500558,0][-0.674891,0.22014,-0.72237][-0.557085,0.440257,-0.704152][0.17627,0.502919,0][-0.469723,0.225933,-0.860773][-0.46344,0.435157,-0.771921][0.128965,0.502653,0][-0.682792,0.037738,-0.816383][-0.569017,0.137321,-0.810779][0.169975,0.467552,0][-0.674891,0.22014,-0.72237][-0.557085,0.440257,-0.704152][0.17627,0.502919,0][-1.47811e-08,0.672814,-0.546162][-1.55685e-07,0.894874,-0.446318][0.0884698,0.667528,0][-0.229484,0.561989,-0.688963][-0.229478,0.78715,-0.572481][0.109513,0.596731,0][-0.212015,0.672403,-0.504326][-0.161127,0.881961,-0.442925][0.1365,0.638122,0][-0.212015,0.672403,-0.504326][-0.161127,0.881961,-0.442925][0.1365,0.638122,0][-1.47811e-08,0.757078,-0.340598][-6.92051e-08,0.943594,-0.331106][0.129818,0.709308,0][-1.47811e-08,0.672814,-0.546162][-1.55685e-07,0.894874,-0.446318][0.0884698,0.667528,0][-0.435811,0.54429,-0.597132][-0.360292,0.742137,-0.565175][0.156441,0.581797,0][-0.212015,0.672403,-0.504326][-0.161127,0.881961,-0.442925][0.1365,0.638122,0][-0.229484,0.561989,-0.688963][-0.229478,0.78715,-0.572481][0.109513,0.596731,0][-0.229484,0.561989,-0.688963][-0.229478,0.78715,-0.572481][0.109513,0.596731,0][-0.456036,0.4005,-0.738338][-0.428009,0.60648,-0.670067][0.140312,0.544027,0][-0.435811,0.54429,-0.597132][-0.360292,0.742137,-0.565175][0.156441,0.581797,0][-1.47811e-08,0.757078,-0.340598][-6.92051e-08,0.943594,-0.331106][0.129818,0.709308,0][-0.212015,0.672403,-0.504326][-0.161127,0.881961,-0.442925][0.1365,0.638122,0][-0.199022,0.75345,-0.313079][-0.118497,0.937698,-0.32662][0.168933,0.673629,0][-0.469723,0.225933,-0.860773][-0.46344,0.435157,-0.771921][0.128965,0.502653,0][-0.651035,0.389194,-0.606582][-0.517597,0.579422,-0.629574][0.185679,0.538916,0][-0.456036,0.4005,-0.738338][-0.428009,0.60648,-0.670067][0.140312,0.544027,0][-0.435811,0.54429,-0.597132][-0.360292,0.742137,-0.565175][0.156441,0.581797,0][-0.456036,0.4005,-0.738338][-0.428009,0.60648,-0.670067][0.140312,0.544027,0][-0.651035,0.389194,-0.606582][-0.517597,0.579422,-0.629574][0.185679,0.538916,0][-0.651035,0.389194,-0.606582][-0.517597,0.579422,-0.629574][0.185679,0.538916,0][-0.469723,0.225933,-0.860773][-0.46344,0.435157,-0.771921][0.128965,0.502653,0][-0.674891,0.22014,-0.72237][-0.557085,0.440257,-0.704152][0.17627,0.502919,0][-0.199022,0.75345,-0.313079][-0.118497,0.937698,-0.32662][0.168933,0.673629,0][-1.47811e-08,0.823996,-0.101771][-2.62273e-08,0.977134,-0.212624][0.18245,0.748708,0][-1.47811e-08,0.757078,-0.340598][-6.92051e-08,0.943594,-0.331106][0.129818,0.709308,0][-0.674891,0.22014,-0.72237][-0.557085,0.440257,-0.704152][0.17627,0.502919,0][-0.836399,0.380839,-0.446739][-0.64019,0.540764,-0.545648][0.228852,0.535633,0][-0.651035,0.389194,-0.606582][-0.517597,0.579422,-0.629574][0.185679,0.538916,0][-0.836399,0.380839,-0.446739][-0.64019,0.540764,-0.545648][0.228852,0.535633,0][-0.674891,0.22014,-0.72237][-0.557085,0.440257,-0.704152][0.17627,0.502919,0][-0.86574,0.202618,-0.55173][-0.701122,0.386951,-0.598913][0.220277,0.500558,0][-0.435811,0.54429,-0.597132][-0.360292,0.742137,-0.565175][0.156441,0.581797,0][-0.651035,0.389194,-0.606582][-0.517597,0.579422,-0.629574][0.185679,0.538916,0][-0.614576,0.53392,-0.482717][-0.450406,0.715978,-0.533395][0.197161,0.572782,0][-0.651035,0.389194,-0.606582][-0.517597,0.579422,-0.629574][0.185679,0.538916,0][-0.836399,0.380839,-0.446739][-0.64019,0.540764,-0.545648][0.228852,0.535633,0][-0.614576,0.53392,-0.482717][-0.450406,0.715978,-0.533395][0.197161,0.572782,0][-0.212015,0.672403,-0.504326][-0.161127,0.881961,-0.442925][0.1365,0.638122,0][-0.435811,0.54429,-0.597132][-0.360292,0.742137,-0.565175][0.156441,0.581797,0][-0.399961,0.657622,-0.440463][-0.275217,0.852107,-0.445162][0.175292,0.61763,0][-0.399961,0.657622,-0.440463][-0.275217,0.852107,-0.445162][0.175292,0.61763,0][-0.199022,0.75345,-0.313079][-0.118497,0.937698,-0.32662][0.168933,0.673629,0][-0.212015,0.672403,-0.504326][-0.161127,0.881961,-0.442925][0.1365,0.638122,0][-0.435811,0.54429,-0.597132][-0.360292,0.742137,-0.565175][0.156441,0.581797,0][-0.614576,0.53392,-0.482717][-0.450406,0.715978,-0.533395][0.197161,0.572782,0][-0.399961,0.657622,-0.440463][-0.275217,0.852107,-0.445162][0.175292,0.61763,0][-1.03908,0.151132,-0.330035][-0.811715,0.309132,-0.495537][0.265732,0.494816,0][-0.836399,0.380839,-0.446739][-0.64019,0.540764,-0.545648][0.228852,0.535633,0][-0.86574,0.202618,-0.55173][-0.701122,0.386951,-0.598913][0.220277,0.500558,0][-1.03908,0.151132,-0.330035][-0.811715,0.309132,-0.495537][0.265732,0.494816,0][-0.86574,0.202618,-0.55173][-0.701122,0.386951,-0.598913][0.220277,0.500558,0][-1.03179,-0.0355204,-0.433324][-0.818612,0.148245,-0.554886][0.252102,0.456059,0][-0.836399,0.380839,-0.446739][-0.64019,0.540764,-0.545648][0.228852,0.535633,0][-0.77076,0.535045,-0.327806][-0.545391,0.714434,-0.438329][0.236587,0.569939,0][-0.614576,0.53392,-0.482717][-0.450406,0.715978,-0.533395][0.197161,0.572782,0][-0.836399,0.380839,-0.446739][-0.64019,0.540764,-0.545648][0.228852,0.535633,0][-1.03908,0.151132,-0.330035][-0.811715,0.309132,-0.495537][0.265732,0.494816,0][-1.0097,0.356269,-0.233222][-0.753383,0.505993,-0.419982][0.273917,0.533257,0][-1.0097,0.356269,-0.233222][-0.753383,0.505993,-0.419982][0.273917,0.533257,0][-0.77076,0.535045,-0.327806][-0.545391,0.714434,-0.438329][0.236587,0.569939,0][-0.836399,0.380839,-0.446739][-0.64019,0.540764,-0.545648][0.228852,0.535633,0][-1.03179,-0.0355204,-0.433324][-0.818612,0.148245,-0.554886][0.252102,0.456059,0][-1.21706,0.0542312,-0.068554][-0.891485,0.277345,-0.358237][0.318552,0.489322,0][-1.03908,0.151132,-0.330035][-0.811715,0.309132,-0.495537][0.265732,0.494816,0][-1.0097,0.356269,-0.233222][-0.753383,0.505993,-0.419982][0.273917,0.533257,0][-1.03908,0.151132,-0.330035][-0.811715,0.309132,-0.495537][0.265732,0.494816,0][-1.21706,0.0542312,-0.068554][-0.891485,0.277345,-0.358237][0.318552,0.489322,0][-0.399961,0.657622,-0.440463][-0.275217,0.852107,-0.445162][0.175292,0.61763,0][-0.614576,0.53392,-0.482717][-0.450406,0.715978,-0.533395][0.197161,0.572782,0][-0.549342,0.6454,-0.354306][-0.365947,0.831681,-0.4176][0.207898,0.605432,0][-0.77076,0.535045,-0.327806][-0.545391,0.714434,-0.438329][0.236587,0.569939,0][-0.549342,0.6454,-0.354306][-0.365947,0.831681,-0.4176][0.207898,0.605432,0][-0.614576,0.53392,-0.482717][-0.450406,0.715978,-0.533395][0.197161,0.572782,0][-0.549342,0.6454,-0.354306][-0.365947,0.831681,-0.4176][0.207898,0.605432,0][-0.374971,0.731033,-0.284721][-0.217871,0.919083,-0.328358][0.197875,0.645903,0][-0.399961,0.657622,-0.440463][-0.275217,0.852107,-0.445162][0.175292,0.61763,0][-0.199022,0.75345,-0.313079][-0.118497,0.937698,-0.32662][0.168933,0.673629,0][-0.399961,0.657622,-0.440463][-0.275217,0.852107,-0.445162][0.175292,0.61763,0][-0.374971,0.731033,-0.284721][-0.217871,0.919083,-0.328358][0.197875,0.645903,0][-0.549342,0.6454,-0.354306][-0.365947,0.831681,-0.4176][0.207898,0.605432,0][-0.77076,0.535045,-0.327806][-0.545391,0.714434,-0.438329][0.236587,0.569939,0][-0.66609,0.652849,-0.215584][-0.437121,0.838492,-0.325357][0.241554,0.603852,0][-0.374971,0.731033,-0.284721][-0.217871,0.919083,-0.328358][0.197875,0.645903,0][-0.202161,0.811551,-0.104879][-0.108545,0.970599,-0.214837][0.209876,0.702237,0][-0.199022,0.75345,-0.313079][-0.118497,0.937698,-0.32662][0.168933,0.673629,0][-1.47811e-08,0.823996,-0.101771][-2.62273e-08,0.977134,-0.212624][0.18245,0.748708,0][-0.199022,0.75345,-0.313079][-0.118497,0.937698,-0.32662][0.168933,0.673629,0][-0.202161,0.811551,-0.104879][-0.108545,0.970599,-0.214837][0.209876,0.702237,0][-0.374971,0.731033,-0.284721][-0.217871,0.919083,-0.328358][0.197875,0.645903,0][-0.549342,0.6454,-0.354306][-0.365947,0.831681,-0.4176][0.207898,0.605432,0][-0.492745,0.705846,-0.261361][-0.298016,0.89652,-0.327778][0.215734,0.628375,0][-0.549342,0.6454,-0.354306][-0.365947,0.831681,-0.4176][0.207898,0.605432,0][-0.66609,0.652849,-0.215584][-0.437121,0.838492,-0.325357][0.241554,0.603852,0][-0.492745,0.705846,-0.261361][-0.298016,0.89652,-0.327778][0.215734,0.628375,0][0.160862,-0.566743,-1.35901][0.432358,0.561766,-0.705326][0.0485396,0.293074,0][-1.47811e-08,-0.373693,-1.30416][-5.96208e-08,0.46664,-0.884448][0.00214795,0.340133,0][0.198873,-0.380442,-1.22727][0.556912,0.370503,-0.743355][0.0581327,0.347793,0][-1.47811e-08,-0.373693,-1.30416][-5.96208e-08,0.46664,-0.884448][0.00214795,0.340133,0][0.160862,-0.566743,-1.35901][0.432358,0.561766,-0.705326][0.0485396,0.293074,0][-1.47811e-08,-0.548167,-1.4059][-1.46663e-08,0.593278,-0.804998][0.0036523,0.289258,0][-1.47811e-08,-0.193099,-1.22079][-6.9569e-08,0.371133,-0.92858][0.00137787,0.390477,0][0.198873,-0.380442,-1.22727][0.556912,0.370503,-0.743355][0.0581327,0.347793,0][-1.47811e-08,-0.373693,-1.30416][-5.96208e-08,0.46664,-0.884448][0.00214795,0.340133,0][-1.47811e-08,-0.548167,-1.4059][-1.46663e-08,0.593278,-0.804998][0.0036523,0.289258,0][0.160862,-0.566743,-1.35901][0.432358,0.561766,-0.705326][0.0485396,0.293074,0][-1.47811e-08,-0.750877,-1.57485][8.51648e-17,0.695423,-0.7186][0.00686065,0.223748,0][0.198873,-0.380442,-1.22727][0.556912,0.370503,-0.743355][0.0581327,0.347793,0][-1.47811e-08,-0.193099,-1.22079][-6.9569e-08,0.371133,-0.92858][0.00137787,0.390477,0][0.226424,-0.194065,-1.13889][0.553049,0.172136,-0.815173][0.0637455,0.397181,0][-1.47811e-08,0.0208886,-1.1351][-2.96281e-08,0.364018,-0.931392][0.00296612,0.449494,0][0.226424,-0.194065,-1.13889][0.553049,0.172136,-0.815173][0.0637455,0.397181,0][-1.47811e-08,-0.193099,-1.22079][-6.9569e-08,0.371133,-0.92858][0.00137787,0.390477,0][0.198873,-0.380442,-1.22727][0.556912,0.370503,-0.743355][0.0581327,0.347793,0][0.321121,-0.598365,-1.24367][0.624535,0.502246,-0.598085][0.0939414,0.301963,0][0.160862,-0.566743,-1.35901][0.432358,0.561766,-0.705326][0.0485396,0.293074,0][0.321121,-0.598365,-1.24367][0.624535,0.502246,-0.598085][0.0939414,0.301963,0][0.198873,-0.380442,-1.22727][0.556912,0.370503,-0.743355][0.0581327,0.347793,0][0.371528,-0.355007,-0.945444][0.782924,0.0892268,-0.615685][0.126324,0.378253,0][0.226424,-0.194065,-1.13889][0.553049,0.172136,-0.815173][0.0637455,0.397181,0][0.371528,-0.355007,-0.945444][0.782924,0.0892268,-0.615685][0.126324,0.378253,0][0.198873,-0.380442,-1.22727][0.556912,0.370503,-0.743355][0.0581327,0.347793,0][0.28098,-0.770009,-1.46907][0.488424,0.602023,-0.631672][0.0783872,0.241983,0][0.160862,-0.566743,-1.35901][0.432358,0.561766,-0.705326][0.0485396,0.293074,0][0.321121,-0.598365,-1.24367][0.624535,0.502246,-0.598085][0.0939414,0.301963,0][0.371528,-0.355007,-0.945444][0.782924,0.0892268,-0.615685][0.126324,0.378253,0][0.226424,-0.194065,-1.13889][0.553049,0.172136,-0.815173][0.0637455,0.397181,0][0.468253,-0.18788,-0.886769][0.635688,-0.066613,-0.769067][0.137447,0.418132,0][0.160862,-0.566743,-1.35901][0.432358,0.561766,-0.705326][0.0485396,0.293074,0][0.28098,-0.770009,-1.46907][0.488424,0.602023,-0.631672][0.0783872,0.241983,0][0.139135,-0.756403,-1.53898][0.365266,0.637251,-0.678595][0.0443292,0.23187,0][0.160862,-0.566743,-1.35901][0.432358,0.561766,-0.705326][0.0485396,0.293074,0][0.139135,-0.756403,-1.53898][0.365266,0.637251,-0.678595][0.0443292,0.23187,0][-1.47811e-08,-0.750877,-1.57485][8.51648e-17,0.695423,-0.7186][0.00686065,0.223748,0][0.28098,-0.770009,-1.46907][0.488424,0.602023,-0.631672][0.0783872,0.241983,0][0.12683,-0.970127,-1.76932][0.347231,0.656674,-0.669485][0.0485206,0.164015,0][0.139135,-0.756403,-1.53898][0.365266,0.637251,-0.678595][0.0443292,0.23187,0][0.12683,-0.970127,-1.76932][0.347231,0.656674,-0.669485][0.0485206,0.164015,0][-1.47811e-08,-0.750877,-1.57485][8.51648e-17,0.695423,-0.7186][0.00686065,0.223748,0][0.139135,-0.756403,-1.53898][0.365266,0.637251,-0.678595][0.0443292,0.23187,0][0.12683,-0.970127,-1.76932][0.347231,0.656674,-0.669485][0.0485206,0.164015,0][0.28098,-0.770009,-1.46907][0.488424,0.602023,-0.631672][0.0783872,0.241983,0][0.228349,-1.02192,-1.70466][0.50924,0.572224,-0.642834][0.0752852,0.168251,0][-1.47811e-08,-0.750877,-1.57485][8.51648e-17,0.695423,-0.7186][0.00686065,0.223748,0][0.12683,-0.970127,-1.76932][0.347231,0.656674,-0.669485][0.0485206,0.164015,0][-1.47811e-08,-0.957088,-1.79155][1.00268e-08,0.726091,-0.687598][0.0184571,0.152767,0][0.226424,-0.194065,-1.13889][0.553049,0.172136,-0.815173][0.0637455,0.397181,0][-1.47811e-08,0.0208886,-1.1351][-2.96281e-08,0.364018,-0.931392][0.00296612,0.449494,0][0.236617,0.0234783,-1.06823][0.418182,0.261868,-0.869798][0.0664279,0.451109,0][0.236617,0.0234783,-1.06823][0.418182,0.261868,-0.869798][0.0664279,0.451109,0][0.468253,-0.18788,-0.886769][0.635688,-0.066613,-0.769067][0.137447,0.418132,0][0.226424,-0.194065,-1.13889][0.553049,0.172136,-0.815173][0.0637455,0.397181,0][-1.47811e-08,0.22771,-1.04074][2.96014e-08,0.47817,-0.878267][0.0101236,0.50819,0][0.236617,0.0234783,-1.06823][0.418182,0.261868,-0.869798][0.0664279,0.451109,0][-1.47811e-08,0.0208886,-1.1351][-2.96281e-08,0.364018,-0.931392][0.00296612,0.449494,0][0.236617,0.0234783,-1.06823][0.418182,0.261868,-0.869798][0.0664279,0.451109,0][0.464295,0.0148637,-0.936608][0.535636,0.119426,-0.835962][0.123686,0.457812,0][0.468253,-0.18788,-0.886769][0.635688,-0.066613,-0.769067][0.137447,0.418132,0][0.464295,0.0148637,-0.936608][0.535636,0.119426,-0.835962][0.123686,0.457812,0][0.620662,-0.1127,-0.815867][0.527585,-0.149269,-0.836285][0.164014,0.439447,0][0.468253,-0.18788,-0.886769][0.635688,-0.066613,-0.769067][0.137447,0.418132,0][0.236617,0.0234783,-1.06823][0.418182,0.261868,-0.869798][0.0664279,0.451109,0][-1.47811e-08,0.22771,-1.04074][2.96014e-08,0.47817,-0.878267][0.0101236,0.50819,0][0.243363,0.234815,-0.97971][0.332788,0.451218,-0.828043][0.0739331,0.503679,0][0.464295,0.0148637,-0.936608][0.535636,0.119426,-0.835962][0.123686,0.457812,0][0.682792,0.037738,-0.816383][0.569017,0.137321,-0.810779][0.169975,0.467552,0][0.620662,-0.1127,-0.815867][0.527585,-0.149269,-0.836285][0.164014,0.439447,0][0.236617,0.0234783,-1.06823][0.418182,0.261868,-0.869798][0.0664279,0.451109,0][0.469723,0.225933,-0.860773][0.46344,0.435157,-0.771921][0.128965,0.502653,0][0.464295,0.0148637,-0.936608][0.535636,0.119426,-0.835962][0.123686,0.457812,0][0.469723,0.225933,-0.860773][0.46344,0.435157,-0.771921][0.128965,0.502653,0][0.236617,0.0234783,-1.06823][0.418182,0.261868,-0.869798][0.0664279,0.451109,0][0.243363,0.234815,-0.97971][0.332788,0.451218,-0.828043][0.0739331,0.503679,0][0.469723,0.225933,-0.860773][0.46344,0.435157,-0.771921][0.128965,0.502653,0][0.682792,0.037738,-0.816383][0.569017,0.137321,-0.810779][0.169975,0.467552,0][0.464295,0.0148637,-0.936608][0.535636,0.119426,-0.835962][0.123686,0.457812,0][0.83449,-0.100672,-0.696423][0.682433,0.00241963,-0.730944][0.20182,0.446284,0][0.620662,-0.1127,-0.815867][0.527585,-0.149269,-0.836285][0.164014,0.439447,0][0.682792,0.037738,-0.816383][0.569017,0.137321,-0.810779][0.169975,0.467552,0][0.239924,0.417772,-0.849604][0.289098,0.639158,-0.712671][0.0885325,0.552434,0][0.243363,0.234815,-0.97971][0.332788,0.451218,-0.828043][0.0739331,0.503679,0][-1.47811e-08,0.22771,-1.04074][2.96014e-08,0.47817,-0.878267][0.0101236,0.50819,0][-1.47811e-08,0.420537,-0.911334][2.47393e-08,0.657481,-0.753471][0.026844,0.567099,0][0.239924,0.417772,-0.849604][0.289098,0.639158,-0.712671][0.0885325,0.552434,0][-1.47811e-08,0.22771,-1.04074][2.96014e-08,0.47817,-0.878267][0.0101236,0.50819,0][-1.47811e-08,0.558308,-0.751444][-7.29452e-08,0.806806,-0.590816][0.0516565,0.617213,0][0.239924,0.417772,-0.849604][0.289098,0.639158,-0.712671][0.0885325,0.552434,0][-1.47811e-08,0.420537,-0.911334][2.47393e-08,0.657481,-0.753471][0.026844,0.567099,0][0.456036,0.4005,-0.738338][0.428009,0.60648,-0.670067][0.140312,0.544027,0][0.243363,0.234815,-0.97971][0.332788,0.451218,-0.828043][0.0739331,0.503679,0][0.239924,0.417772,-0.849604][0.289098,0.639158,-0.712671][0.0885325,0.552434,0][0.243363,0.234815,-0.97971][0.332788,0.451218,-0.828043][0.0739331,0.503679,0][0.456036,0.4005,-0.738338][0.428009,0.60648,-0.670067][0.140312,0.544027,0][0.469723,0.225933,-0.860773][0.46344,0.435157,-0.771921][0.128965,0.502653,0][0.239924,0.417772,-0.849604][0.289098,0.639158,-0.712671][0.0885325,0.552434,0][-1.47811e-08,0.558308,-0.751444][-7.29452e-08,0.806806,-0.590816][0.0516565,0.617213,0][0.229483,0.561989,-0.688963][0.229478,0.78715,-0.572481][0.109513,0.596731,0][0.229483,0.561989,-0.688963][0.229478,0.78715,-0.572481][0.109513,0.596731,0][0.456036,0.4005,-0.738338][0.428009,0.60648,-0.670067][0.140312,0.544027,0][0.239924,0.417772,-0.849604][0.289098,0.639158,-0.712671][0.0885325,0.552434,0][-1.47811e-08,0.672814,-0.546162][-1.55685e-07,0.894874,-0.446318][0.0884698,0.667528,0][0.229483,0.561989,-0.688963][0.229478,0.78715,-0.572481][0.109513,0.596731,0][-1.47811e-08,0.558308,-0.751444][-7.29452e-08,0.806806,-0.590816][0.0516565,0.617213,0][0.229483,0.561989,-0.688963][0.229478,0.78715,-0.572481][0.109513,0.596731,0][-1.47811e-08,0.672814,-0.546162][-1.55685e-07,0.894874,-0.446318][0.0884698,0.667528,0][0.212015,0.672403,-0.504326][0.161127,0.881961,-0.442925][0.1365,0.638122,0][-1.47811e-08,0.757078,-0.340598][-6.92051e-08,0.943594,-0.331106][0.129818,0.709308,0][0.212015,0.672403,-0.504326][0.161127,0.881961,-0.442925][0.1365,0.638122,0][-1.47811e-08,0.672814,-0.546162][-1.55685e-07,0.894874,-0.446318][0.0884698,0.667528,0][0.456036,0.4005,-0.738338][0.428009,0.60648,-0.670067][0.140312,0.544027,0][0.229483,0.561989,-0.688963][0.229478,0.78715,-0.572481][0.109513,0.596731,0][0.435811,0.54429,-0.597132][0.360292,0.742137,-0.565175][0.156441,0.581797,0][0.212015,0.672403,-0.504326][0.161127,0.881961,-0.442925][0.1365,0.638122,0][0.435811,0.54429,-0.597132][0.360292,0.742137,-0.565175][0.156441,0.581797,0][0.229483,0.561989,-0.688963][0.229478,0.78715,-0.572481][0.109513,0.596731,0][0.651035,0.389194,-0.606582][0.517597,0.579422,-0.629574][0.185679,0.538916,0][0.469723,0.225933,-0.860773][0.46344,0.435157,-0.771921][0.128965,0.502653,0][0.456036,0.4005,-0.738338][0.428009,0.60648,-0.670067][0.140312,0.544027,0][0.435811,0.54429,-0.597132][0.360292,0.742137,-0.565175][0.156441,0.581797,0][0.651035,0.389194,-0.606582][0.517597,0.579422,-0.629574][0.185679,0.538916,0][0.456036,0.4005,-0.738338][0.428009,0.60648,-0.670067][0.140312,0.544027,0][0.469723,0.225933,-0.860773][0.46344,0.435157,-0.771921][0.128965,0.502653,0][0.651035,0.389194,-0.606582][0.517597,0.579422,-0.629574][0.185679,0.538916,0][0.674891,0.22014,-0.72237][0.557085,0.440257,-0.704152][0.17627,0.502919,0][0.469723,0.225933,-0.860773][0.46344,0.435157,-0.771921][0.128965,0.502653,0][0.674891,0.22014,-0.72237][0.557085,0.440257,-0.704152][0.17627,0.502919,0][0.682792,0.037738,-0.816383][0.569017,0.137321,-0.810779][0.169975,0.467552,0][0.212015,0.672403,-0.504326][0.161127,0.881961,-0.442925][0.1365,0.638122,0][-1.47811e-08,0.757078,-0.340598][-6.92051e-08,0.943594,-0.331106][0.129818,0.709308,0][0.199022,0.75345,-0.313079][0.118497,0.937698,-0.32662][0.168933,0.673629,0][-1.47811e-08,0.823996,-0.101771][-2.62273e-08,0.977134,-0.212624][0.18245,0.748708,0][0.199022,0.75345,-0.313079][0.118497,0.937698,-0.32662][0.168933,0.673629,0][-1.47811e-08,0.757078,-0.340598][-6.92051e-08,0.943594,-0.331106][0.129818,0.709308,0][0.435811,0.54429,-0.597132][0.360292,0.742137,-0.565175][0.156441,0.581797,0][0.212015,0.672403,-0.504326][0.161127,0.881961,-0.442925][0.1365,0.638122,0][0.399961,0.657622,-0.440463][0.275217,0.852107,-0.445162][0.175292,0.61763,0][0.199022,0.75345,-0.313079][0.118497,0.937698,-0.32662][0.168933,0.673629,0][0.399961,0.657622,-0.440463][0.275217,0.852107,-0.445162][0.175292,0.61763,0][0.212015,0.672403,-0.504326][0.161127,0.881961,-0.442925][0.1365,0.638122,0][0.651035,0.389194,-0.606582][0.517597,0.579422,-0.629574][0.185679,0.538916,0][0.435811,0.54429,-0.597132][0.360292,0.742137,-0.565175][0.156441,0.581797,0][0.614576,0.53392,-0.482717][0.450405,0.715979,-0.533395][0.197161,0.572782,0][0.435811,0.54429,-0.597132][0.360292,0.742137,-0.565175][0.156441,0.581797,0][0.399961,0.657622,-0.440463][0.275217,0.852107,-0.445162][0.175292,0.61763,0][0.614576,0.53392,-0.482717][0.450405,0.715979,-0.533395][0.197161,0.572782,0][0.836399,0.380839,-0.446739][0.64019,0.540764,-0.545648][0.228852,0.535633,0][0.674891,0.22014,-0.72237][0.557085,0.440257,-0.704152][0.17627,0.502919,0][0.651035,0.389194,-0.606582][0.517597,0.579422,-0.629574][0.185679,0.538916,0][0.614576,0.53392,-0.482717][0.450405,0.715979,-0.533395][0.197161,0.572782,0][0.836399,0.380839,-0.446739][0.64019,0.540764,-0.545648][0.228852,0.535633,0][0.651035,0.389194,-0.606582][0.517597,0.579422,-0.629574][0.185679,0.538916,0][0.86574,0.202618,-0.55173][0.701122,0.386951,-0.598913][0.220277,0.500558,0][0.682792,0.037738,-0.816383][0.569017,0.137321,-0.810779][0.169975,0.467552,0][0.674891,0.22014,-0.72237][0.557085,0.440257,-0.704152][0.17627,0.502919,0][0.674891,0.22014,-0.72237][0.557085,0.440257,-0.704152][0.17627,0.502919,0][0.836399,0.380839,-0.446739][0.64019,0.540764,-0.545648][0.228852,0.535633,0][0.86574,0.202618,-0.55173][0.701122,0.386951,-0.598913][0.220277,0.500558,0][0.682792,0.037738,-0.816383][0.569017,0.137321,-0.810779][0.169975,0.467552,0][0.86574,0.202618,-0.55173][0.701122,0.386951,-0.598913][0.220277,0.500558,0][0.867099,0.0304787,-0.641231][0.724631,0.188534,-0.662846][0.210816,0.468322,0][0.682792,0.037738,-0.816383][0.569017,0.137321,-0.810779][0.169975,0.467552,0][0.867099,0.0304787,-0.641231][0.724631,0.188534,-0.662846][0.210816,0.468322,0][0.83449,-0.100672,-0.696423][0.682433,0.00241963,-0.730944][0.20182,0.446284,0][0.956418,-0.157683,-0.546685][0.79581,0.0012136,-0.605546][0.230477,0.434689,0][0.83449,-0.100672,-0.696423][0.682433,0.00241963,-0.730944][0.20182,0.446284,0][0.867099,0.0304787,-0.641231][0.724631,0.188534,-0.662846][0.210816,0.468322,0][1.03179,-0.0355204,-0.433324][0.81911,0.122803,-0.560338][0.252102,0.456059,0][0.956418,-0.157683,-0.546685][0.79581,0.0012136,-0.605546][0.230477,0.434689,0][0.867099,0.0304787,-0.641231][0.724631,0.188534,-0.662846][0.210816,0.468322,0][1.03179,-0.0355204,-0.433324][0.81911,0.122803,-0.560338][0.252102,0.456059,0][0.867099,0.0304787,-0.641231][0.724631,0.188534,-0.662846][0.210816,0.468322,0][0.86574,0.202618,-0.55173][0.701122,0.386951,-0.598913][0.220277,0.500558,0][1.03179,-0.0355204,-0.433324][0.81911,0.122803,-0.560338][0.252102,0.456059,0][0.975639,-0.238679,-0.478543][0.804387,0.133416,-0.578932][0.237449,0.41836,0][0.956418,-0.157683,-0.546685][0.79581,0.0012136,-0.605546][0.230477,0.434689,0][1.03908,0.151132,-0.330035][0.811715,0.309132,-0.495537][0.265732,0.494816,0][0.86574,0.202618,-0.55173][0.701122,0.386951,-0.598913][0.220277,0.500558,0][0.836399,0.380839,-0.446739][0.64019,0.540764,-0.545648][0.228852,0.535633,0][1.03908,0.151132,-0.330035][0.811715,0.309132,-0.495537][0.265732,0.494816,0][1.03179,-0.0355204,-0.433324][0.81911,0.122803,-0.560338][0.252102,0.456059,0][0.86574,0.202618,-0.55173][0.701122,0.386951,-0.598913][0.220277,0.500558,0][1.21706,0.0542312,-0.068554][0.891485,0.277345,-0.358237][0.318552,0.489322,0][1.03179,-0.0355204,-0.433324][0.81911,0.122803,-0.560338][0.252102,0.456059,0][1.03908,0.151132,-0.330035][0.811715,0.309132,-0.495537][0.265732,0.494816,0][1.0097,0.356269,-0.233222][0.753383,0.505993,-0.419982][0.273917,0.533257,0][1.03908,0.151132,-0.330035][0.811715,0.309132,-0.495537][0.265732,0.494816,0][0.836399,0.380839,-0.446739][0.64019,0.540764,-0.545648][0.228852,0.535633,0][1.0097,0.356269,-0.233222][0.753383,0.505993,-0.419982][0.273917,0.533257,0][1.21706,0.0542312,-0.068554][0.891485,0.277345,-0.358237][0.318552,0.489322,0][1.03908,0.151132,-0.330035][0.811715,0.309132,-0.495537][0.265732,0.494816,0][1.0097,0.356269,-0.233222][0.753383,0.505993,-0.419982][0.273917,0.533257,0][0.836399,0.380839,-0.446739][0.64019,0.540764,-0.545648][0.228852,0.535633,0][0.77076,0.535045,-0.327806][0.545391,0.714434,-0.438329][0.236587,0.569939,0][0.836399,0.380839,-0.446739][0.64019,0.540764,-0.545648][0.228852,0.535633,0][0.614576,0.53392,-0.482717][0.450405,0.715979,-0.533395][0.197161,0.572782,0][0.77076,0.535045,-0.327806][0.545391,0.714434,-0.438329][0.236587,0.569939,0][0.975639,-0.238679,-0.478543][0.804387,0.133416,-0.578932][0.237449,0.41836,0][1.03179,-0.0355204,-0.433324][0.81911,0.122803,-0.560338][0.252102,0.456059,0][1.20566,-0.227049,-0.202879][0.885685,0.163753,-0.434451][0.304262,0.43326,0][1.03179,-0.0355204,-0.433324][0.81911,0.122803,-0.560338][0.252102,0.456059,0][1.21706,0.0542312,-0.068554][0.891485,0.277345,-0.358237][0.318552,0.489322,0][1.20566,-0.227049,-0.202879][0.885685,0.163753,-0.434451][0.304262,0.43326,0][0.549343,0.6454,-0.354306][0.365947,0.831681,-0.4176][0.207898,0.605432,0][0.77076,0.535045,-0.327806][0.545391,0.714434,-0.438329][0.236587,0.569939,0][0.614576,0.53392,-0.482717][0.450405,0.715979,-0.533395][0.197161,0.572782,0][0.399961,0.657622,-0.440463][0.275217,0.852107,-0.445162][0.175292,0.61763,0][0.549343,0.6454,-0.354306][0.365947,0.831681,-0.4176][0.207898,0.605432,0][0.614576,0.53392,-0.482717][0.450405,0.715979,-0.533395][0.197161,0.572782,0][0.910328,0.530664,-0.116291][0.630164,0.717705,-0.296297][0.278901,0.570442,0][1.0097,0.356269,-0.233222][0.753383,0.505993,-0.419982][0.273917,0.533257,0][0.77076,0.535045,-0.327806][0.545391,0.714434,-0.438329][0.236587,0.569939,0][0.374971,0.731033,-0.284721][0.217871,0.919083,-0.328358][0.197875,0.645903,0][0.549343,0.6454,-0.354306][0.365947,0.831681,-0.4176][0.207898,0.605432,0][0.399961,0.657622,-0.440463][0.275217,0.852107,-0.445162][0.175292,0.61763,0][0.399961,0.657622,-0.440463][0.275217,0.852107,-0.445162][0.175292,0.61763,0][0.199022,0.75345,-0.313079][0.118497,0.937698,-0.32662][0.168933,0.673629,0][0.374971,0.731033,-0.284721][0.217871,0.919083,-0.328358][0.197875,0.645903,0][0.77076,0.535045,-0.327806][0.545391,0.714434,-0.438329][0.236587,0.569939,0][0.549343,0.6454,-0.354306][0.365947,0.831681,-0.4176][0.207898,0.605432,0][0.66609,0.652849,-0.215584][0.43712,0.838492,-0.325357][0.241554,0.603852,0][0.910328,0.530664,-0.116291][0.630164,0.717705,-0.296297][0.278901,0.570442,0][0.77076,0.535045,-0.327806][0.545391,0.714434,-0.438329][0.236587,0.569939,0][0.66609,0.652849,-0.215584][0.43712,0.838492,-0.325357][0.241554,0.603852,0][0.549343,0.6454,-0.354306][0.365947,0.831681,-0.4176][0.207898,0.605432,0][0.374971,0.731033,-0.284721][0.217871,0.919083,-0.328358][0.197875,0.645903,0][0.492745,0.705846,-0.261361][0.298016,0.89652,-0.327778][0.215734,0.628375,0][0.66609,0.652849,-0.215584][0.43712,0.838492,-0.325357][0.241554,0.603852,0][0.549343,0.6454,-0.354306][0.365947,0.831681,-0.4176][0.207898,0.605432,0][0.492745,0.705846,-0.261361][0.298016,0.89652,-0.327778][0.215734,0.628375,0][0.202161,0.811551,-0.104879][0.108545,0.970599,-0.214837][0.209876,0.702237,0][0.374971,0.731033,-0.284721][0.217871,0.919083,-0.328358][0.197875,0.645903,0][0.199022,0.75345,-0.313079][0.118497,0.937698,-0.32662][0.168933,0.673629,0][0.199022,0.75345,-0.313079][0.118497,0.937698,-0.32662][0.168933,0.673629,0][-1.47811e-08,0.823996,-0.101771][-2.62273e-08,0.977134,-0.212624][0.18245,0.748708,0][0.202161,0.811551,-0.104879][0.108545,0.970599,-0.214837][0.209876,0.702237,0][0.389943,0.778523,-0.111486][0.212977,0.951919,-0.220205][0.229969,0.665191,0][0.492745,0.705846,-0.261361][0.298016,0.89652,-0.327778][0.215734,0.628375,0][0.374971,0.731033,-0.284721][0.217871,0.919083,-0.328358][0.197875,0.645903,0][0.202161,0.811551,-0.104879][0.108545,0.970599,-0.214837][0.209876,0.702237,0][0.389943,0.778523,-0.111486][0.212977,0.951919,-0.220205][0.229969,0.665191,0][0.374971,0.731033,-0.284721][0.217871,0.919083,-0.328358][0.197875,0.645903,0][-1.47811e-08,0.823996,-0.101771][-2.62273e-08,0.977134,-0.212624][0.18245,0.748708,0][0.216339,0.846819,0.119884][0.115936,0.987988,-0.102173][0.257096,0.724216,0][0.202161,0.811551,-0.104879][0.108545,0.970599,-0.214837][0.209876,0.702237,0][0.216339,0.846819,0.119884][0.115936,0.987988,-0.102173][0.257096,0.724216,0][0.389943,0.778523,-0.111486][0.212977,0.951919,-0.220205][0.229969,0.665191,0][0.202161,0.811551,-0.104879][0.108545,0.970599,-0.214837][0.209876,0.702237,0][0.216339,0.846819,0.119884][0.115936,0.987988,-0.102173][0.257096,0.724216,0][-1.47811e-08,0.823996,-0.101771][-2.62273e-08,0.977134,-0.212624][0.18245,0.748708,0][-1.47811e-08,0.861153,0.134579][-4.29293e-08,0.99531,-0.0967387][0.23899,0.777215,0][0.492745,0.705846,-0.261361][0.298016,0.89652,-0.327778][0.215734,0.628375,0][0.389943,0.778523,-0.111486][0.212977,0.951919,-0.220205][0.229969,0.665191,0][0.54334,0.728457,-0.138113][0.323081,0.913671,-0.246625][0.24118,0.634427,0][0.66609,0.652849,-0.215584][0.43712,0.838492,-0.325357][0.241554,0.603852,0][0.492745,0.705846,-0.261361][0.298016,0.89652,-0.327778][0.215734,0.628375,0][0.54334,0.728457,-0.138113][0.323081,0.913671,-0.246625][0.24118,0.634427,0][0.389943,0.778523,-0.111486][0.212977,0.951919,-0.220205][0.229969,0.665191,0][0.216339,0.846819,0.119884][0.115936,0.987988,-0.102173][0.257096,0.724216,0][0.423983,0.807851,0.0964504][0.231507,0.966242,-0.11305][0.270818,0.679607,0][0.423983,0.807851,0.0964504][0.231507,0.966242,-0.11305][0.270818,0.679607,0][0.54334,0.728457,-0.138113][0.323081,0.913671,-0.246625][0.24118,0.634427,0][0.389943,0.778523,-0.111486][0.212977,0.951919,-0.220205][0.229969,0.665191,0][-1.47811e-08,0.861153,0.134579][-4.29293e-08,0.99531,-0.0967387][0.23899,0.777215,0][0.235022,0.856018,0.363347][0.12968,0.991334,0.0209597][0.310257,0.73824,0][0.216339,0.846819,0.119884][0.115936,0.987988,-0.102173][0.257096,0.724216,0][0.235022,0.856018,0.363347][0.12968,0.991334,0.0209597][0.310257,0.73824,0][0.423983,0.807851,0.0964504][0.231507,0.966242,-0.11305][0.270818,0.679607,0][0.216339,0.846819,0.119884][0.115936,0.987988,-0.102173][0.257096,0.724216,0][0.235022,0.856018,0.363347][0.12968,0.991334,0.0209597][0.310257,0.73824,0][-1.47811e-08,0.861153,0.134579][-4.29293e-08,0.99531,-0.0967387][0.23899,0.777215,0][-1.47811e-08,0.871055,0.376849][-5.85084e-08,0.999694,0.0247529][0.298831,0.796146,0][-1.47811e-08,0.851168,0.618582][-5.99517e-08,0.984588,0.174889][0.36001,0.807812,0][0.235022,0.856018,0.363347][0.12968,0.991334,0.0209597][0.310257,0.73824,0][-1.47811e-08,0.871055,0.376849][-5.85084e-08,0.999694,0.0247529][0.298831,0.796146,0][0.54334,0.728457,-0.138113][0.323081,0.913671,-0.246625][0.24118,0.634427,0][0.768819,0.659186,-0.0169986][0.492462,0.846957,-0.200363][0.280685,0.606555,0][0.66609,0.652849,-0.215584][0.43712,0.838492,-0.325357][0.241554,0.603852,0][0.910328,0.530664,-0.116291][0.630164,0.717705,-0.296297][0.278901,0.570442,0][0.66609,0.652849,-0.215584][0.43712,0.838492,-0.325357][0.241554,0.603852,0][0.768819,0.659186,-0.0169986][0.492462,0.846957,-0.200363][0.280685,0.606555,0][0.54334,0.728457,-0.138113][0.323081,0.913671,-0.246625][0.24118,0.634427,0][0.423983,0.807851,0.0964504][0.231507,0.966242,-0.11305][0.270818,0.679607,0][0.607394,0.746691,0.0542046][0.355465,0.924078,-0.140443][0.278657,0.641638,0][0.768819,0.659186,-0.0169986][0.492462,0.846957,-0.200363][0.280685,0.606555,0][0.54334,0.728457,-0.138113][0.323081,0.913671,-0.246625][0.24118,0.634427,0][0.607394,0.746691,0.0542046][0.355465,0.924078,-0.140443][0.278657,0.641638,0][0.235022,0.856018,0.363347][0.12968,0.991334,0.0209597][0.310257,0.73824,0][0.462387,0.812565,0.335269][0.256021,0.96661,0.0108656][0.317912,0.689075,0][0.423983,0.807851,0.0964504][0.231507,0.966242,-0.11305][0.270818,0.679607,0][0.664724,0.744786,0.290677][0.389973,0.920748,-0.0119897][0.32201,0.647991,0][0.607394,0.746691,0.0542046][0.355465,0.924078,-0.140443][0.278657,0.641638,0][0.423983,0.807851,0.0964504][0.231507,0.966242,-0.11305][0.270818,0.679607,0][0.664724,0.744786,0.290677][0.389973,0.920748,-0.0119897][0.32201,0.647991,0][0.423983,0.807851,0.0964504][0.231507,0.966242,-0.11305][0.270818,0.679607,0][0.462387,0.812565,0.335269][0.256021,0.96661,0.0108656][0.317912,0.689075,0][0.849031,0.649066,0.231428][0.539886,0.840101,-0.0524708][0.324098,0.610829,0][0.607394,0.746691,0.0542046][0.355465,0.924078,-0.140443][0.278657,0.641638,0][0.664724,0.744786,0.290677][0.389973,0.920748,-0.0119897][0.32201,0.647991,0][0.849031,0.649066,0.231428][0.539886,0.840101,-0.0524708][0.324098,0.610829,0][0.768819,0.659186,-0.0169986][0.492462,0.846957,-0.200363][0.280685,0.606555,0][0.607394,0.746691,0.0542046][0.355465,0.924078,-0.140443][0.278657,0.641638,0][0.768819,0.659186,-0.0169986][0.492462,0.846957,-0.200363][0.280685,0.606555,0][1.02164,0.50812,0.154458][0.697098,0.707325,-0.117247][0.325027,0.573066,0][0.910328,0.530664,-0.116291][0.630164,0.717705,-0.296297][0.278901,0.570442,0][1.02164,0.50812,0.154458][0.697098,0.707325,-0.117247][0.325027,0.573066,0][0.768819,0.659186,-0.0169986][0.492462,0.846957,-0.200363][0.280685,0.606555,0][0.849031,0.649066,0.231428][0.539886,0.840101,-0.0524708][0.324098,0.610829,0][-0.865469,0.779846,0.724576][-0.354541,-0.183834,-0.916791][0.976827,0.638304,0][-0.715616,0.604758,0.596056][-0.866227,-0.171886,-0.469154][0.960861,0.607308,0][-0.814269,0.510267,0.728245][-0.396709,0.000128923,-0.917944][0.989313,0.602453,0][-0.814269,0.510267,0.728245][-0.396709,0.000128923,-0.917944][0.989313,0.602453,0][-0.715616,0.604758,0.596056][-0.866227,-0.171886,-0.469154][0.960861,0.607308,0][-0.674587,0.464709,0.552373][-0.872216,-0.0681867,-0.484345][0.961413,0.590389,0][-0.790696,0.337866,0.693315][-0.467259,0.187911,-0.86392][0.989191,0.578804,0][-0.814269,0.510267,0.728245][-0.396709,0.000128923,-0.917944][0.989313,0.602453,0][-0.674587,0.464709,0.552373][-0.872216,-0.0681867,-0.484345][0.961413,0.590389,0][-0.790696,0.337866,0.693315][-0.467259,0.187911,-0.86392][0.989191,0.578804,0][-0.674587,0.464709,0.552373][-0.872216,-0.0681867,-0.484345][0.961413,0.590389,0][-0.634335,0.376609,0.485244][-0.879643,-0.0496051,-0.473041][0.955587,0.578489,0][-0.634335,0.376609,0.485244][-0.879643,-0.0496051,-0.473041][0.955587,0.578489,0][-0.779123,0.224132,0.638553][-0.459119,0.303389,-0.834964][0.982199,0.562702,0][-0.790696,0.337866,0.693315][-0.467259,0.187911,-0.86392][0.989191,0.578804,0][-0.65332,0.620971,0.369067][-0.904402,-0.280506,-0.321517][0.935506,0.60351,0][-0.634335,0.376609,0.485244][-0.879643,-0.0496051,-0.473041][0.955587,0.578489,0][-0.674587,0.464709,0.552373][-0.872216,-0.0681867,-0.484345][0.961413,0.590389,0][-0.65332,0.620971,0.369067][-0.904402,-0.280506,-0.321517][0.935506,0.60351,0][-0.674587,0.464709,0.552373][-0.872216,-0.0681867,-0.484345][0.961413,0.590389,0][-0.715616,0.604758,0.596056][-0.866227,-0.171886,-0.469154][0.960861,0.607308,0][-0.634335,0.376609,0.485244][-0.879643,-0.0496051,-0.473041][0.955587,0.578489,0][-0.65332,0.620971,0.369067][-0.904402,-0.280506,-0.321517][0.935506,0.60351,0][-0.599281,0.564822,0.286753][-0.892032,-0.285246,-0.35059][0.929375,0.594892,0][-0.653064,0.833616,0.167582][-0.861004,-0.400981,-0.312869][0.90289,0.613041,0][-0.599281,0.564822,0.286753][-0.892032,-0.285246,-0.35059][0.929375,0.594892,0][-0.65332,0.620971,0.369067][-0.904402,-0.280506,-0.321517][0.935506,0.60351,0][-0.715616,0.604758,0.596056][-0.866227,-0.171886,-0.469154][0.960861,0.607308,0][-0.865469,0.779846,0.724576][-0.354541,-0.183834,-0.916791][0.976827,0.638304,0][-0.769964,0.839312,0.584284][-0.856425,-0.314727,-0.409247][0.946992,0.63339,0][-0.971961,1.10449,0.667582][-0.315504,-0.379136,-0.869892][0.950525,0.679463,0][-0.769964,0.839312,0.584284][-0.856425,-0.314727,-0.409247][0.946992,0.63339,0][-0.865469,0.779846,0.724576][-0.354541,-0.183834,-0.916791][0.976827,0.638304,0][-0.769964,0.839312,0.584284][-0.856425,-0.314727,-0.409247][0.946992,0.63339,0][-0.971961,1.10449,0.667582][-0.315504,-0.379136,-0.869892][0.950525,0.679463,0][-0.88003,1.13333,0.5262][-0.8024,-0.498985,-0.327365][0.920402,0.665996,0][-0.769964,0.839312,0.584284][-0.856425,-0.314727,-0.409247][0.946992,0.63339,0][-0.694677,0.687609,0.438094][-0.927039,-0.279089,-0.250415][0.939113,0.612007,0][-0.715616,0.604758,0.596056][-0.866227,-0.171886,-0.469154][0.960861,0.607308,0][-0.715616,0.604758,0.596056][-0.866227,-0.171886,-0.469154][0.960861,0.607308,0][-0.694677,0.687609,0.438094][-0.927039,-0.279089,-0.250415][0.939113,0.612007,0][-0.65332,0.620971,0.369067][-0.904402,-0.280506,-0.321517][0.935506,0.60351,0][-0.88003,1.13333,0.5262][-0.8024,-0.498985,-0.327365][0.920402,0.665996,0][-0.74615,0.884245,0.352623][-0.899599,-0.377698,-0.219238][0.918036,0.628458,0][-0.769964,0.839312,0.584284][-0.856425,-0.314727,-0.409247][0.946992,0.63339,0][-0.694677,0.687609,0.438094][-0.927039,-0.279089,-0.250415][0.939113,0.612007,0][-0.769964,0.839312,0.584284][-0.856425,-0.314727,-0.409247][0.946992,0.63339,0][-0.74615,0.884245,0.352623][-0.899599,-0.377698,-0.219238][0.918036,0.628458,0][-0.74615,0.884245,0.352623][-0.899599,-0.377698,-0.219238][0.918036,0.628458,0][-0.88003,1.13333,0.5262][-0.8024,-0.498985,-0.327365][0.920402,0.665996,0][-0.860089,1.14667,0.283888][-0.831586,-0.536691,-0.142926][0.89028,0.652529,0][-0.700544,0.85798,0.259623][-0.868475,-0.399022,-0.294163][0.910507,0.620747,0][-0.65332,0.620971,0.369067][-0.904402,-0.280506,-0.321517][0.935506,0.60351,0][-0.694677,0.687609,0.438094][-0.927039,-0.279089,-0.250415][0.939113,0.612007,0][-0.700544,0.85798,0.259623][-0.868475,-0.399022,-0.294163][0.910507,0.620747,0][-0.694677,0.687609,0.438094][-0.927039,-0.279089,-0.250415][0.939113,0.612007,0][-0.74615,0.884245,0.352623][-0.899599,-0.377698,-0.219238][0.918036,0.628458,0][-0.653064,0.833616,0.167582][-0.861004,-0.400981,-0.312869][0.90289,0.613041,0][-0.65332,0.620971,0.369067][-0.904402,-0.280506,-0.321517][0.935506,0.60351,0][-0.700544,0.85798,0.259623][-0.868475,-0.399022,-0.294163][0.910507,0.620747,0][-0.860089,1.14667,0.283888][-0.831586,-0.536691,-0.142926][0.89028,0.652529,0][-0.700544,0.85798,0.259623][-0.868475,-0.399022,-0.294163][0.910507,0.620747,0][-0.74615,0.884245,0.352623][-0.899599,-0.377698,-0.219238][0.918036,0.628458,0][-0.830855,1.14252,0.18355][-0.798502,-0.568134,-0.199043][0.880719,0.64433,0][-0.653064,0.833616,0.167582][-0.861004,-0.400981,-0.312869][0.90289,0.613041,0][-0.700544,0.85798,0.259623][-0.868475,-0.399022,-0.294163][0.910507,0.620747,0][-0.700544,0.85798,0.259623][-0.868475,-0.399022,-0.294163][0.910507,0.620747,0][-0.860089,1.14667,0.283888][-0.831586,-0.536691,-0.142926][0.89028,0.652529,0][-0.830855,1.14252,0.18355][-0.798502,-0.568134,-0.199043][0.880719,0.64433,0][-0.653064,0.833616,0.167582][-0.861004,-0.400981,-0.312869][0.90289,0.613041,0][-0.830855,1.14252,0.18355][-0.798502,-0.568134,-0.199043][0.880719,0.64433,0][-0.801621,1.13837,0.0832119][-0.787672,-0.584098,-0.195967][0.871158,0.636131,0][-1.07348,1.41769,0.187494][-0.694487,-0.71883,-0.0311826][0.853118,0.684215,0][-0.830855,1.14252,0.18355][-0.798502,-0.568134,-0.199043][0.880719,0.64433,0][-0.860089,1.14667,0.283888][-0.831586,-0.536691,-0.142926][0.89028,0.652529,0][-1.06012,1.41605,0.0790453][-0.65659,-0.751256,-0.0671197][0.841965,0.675282,0][-0.801621,1.13837,0.0832119][-0.787672,-0.584098,-0.195967][0.871158,0.636131,0][-0.830855,1.14252,0.18355][-0.798502,-0.568134,-0.199043][0.880719,0.64433,0][-0.830855,1.14252,0.18355][-0.798502,-0.568134,-0.199043][0.880719,0.64433,0][-1.07348,1.41769,0.187494][-0.694487,-0.71883,-0.0311826][0.853118,0.684215,0][-1.06012,1.41605,0.0790453][-0.65659,-0.751256,-0.0671197][0.841965,0.675282,0][-1.34002,1.6158,0.0891041][-0.442473,-0.89547,0.0484819][0.814343,0.717159,0][-1.06012,1.41605,0.0790453][-0.65659,-0.751256,-0.0671197][0.841965,0.675282,0][-1.07348,1.41769,0.187494][-0.694487,-0.71883,-0.0311826][0.853118,0.684215,0][-0.801621,1.13837,0.0832119][-0.787672,-0.584098,-0.195967][0.871158,0.636131,0][-1.06012,1.41605,0.0790453][-0.65659,-0.751256,-0.0671197][0.841965,0.675282,0][-1.04676,1.41442,-0.0294036][-0.633548,-0.771558,-0.0575774][0.830811,0.666349,0][-1.06012,1.41605,0.0790453][-0.65659,-0.751256,-0.0671197][0.841965,0.675282,0][-1.34002,1.6158,0.0891041][-0.442473,-0.89547,0.0484819][0.814343,0.717159,0][-1.34348,1.61112,-0.0246457][-0.419433,-0.907243,0.0314015][0.801774,0.708466,0][-1.34348,1.61112,-0.0246457][-0.419433,-0.907243,0.0314015][0.801774,0.708466,0][-1.04676,1.41442,-0.0294036][-0.633548,-0.771558,-0.0575774][0.830811,0.666349,0][-1.06012,1.41605,0.0790453][-0.65659,-0.751256,-0.0671197][0.841965,0.675282,0][-1.04676,1.41442,-0.0294036][-0.633548,-0.771558,-0.0575774][0.830811,0.666349,0][-1.34348,1.61112,-0.0246457][-0.419433,-0.907243,0.0314015][0.801774,0.708466,0][-1.34695,1.60645,-0.138396][-0.385066,-0.922166,0.0365161][0.789204,0.699773,0][0.865469,0.779846,0.724576][0.354542,-0.183834,-0.916791][0.976827,0.638304,0][0.715616,0.604758,0.596056][0.866228,-0.171886,-0.469154][0.960861,0.607308,0][0.769964,0.839312,0.584284][0.856425,-0.314727,-0.409247][0.946992,0.63339,0][0.769964,0.839312,0.584284][0.856425,-0.314727,-0.409247][0.946992,0.63339,0][0.97196,1.10449,0.667582][0.315505,-0.379136,-0.869892][0.950525,0.679463,0][0.865469,0.779846,0.724576][0.354542,-0.183834,-0.916791][0.976827,0.638304,0][0.97196,1.10449,0.667582][0.315505,-0.379136,-0.869892][0.950525,0.679463,0][0.769964,0.839312,0.584284][0.856425,-0.314727,-0.409247][0.946992,0.63339,0][0.88003,1.13333,0.5262][0.8024,-0.498985,-0.327365][0.920402,0.665996,0][0.715616,0.604758,0.596056][0.866228,-0.171886,-0.469154][0.960861,0.607308,0][0.865469,0.779846,0.724576][0.354542,-0.183834,-0.916791][0.976827,0.638304,0][0.814269,0.510267,0.728245][0.396709,0.000128903,-0.917944][0.989313,0.602453,0][0.74615,0.884245,0.352623][0.899599,-0.377698,-0.219238][0.918036,0.628458,0][0.88003,1.13333,0.5262][0.8024,-0.498985,-0.327365][0.920402,0.665996,0][0.769964,0.839312,0.584284][0.856425,-0.314727,-0.409247][0.946992,0.63339,0][0.88003,1.13333,0.5262][0.8024,-0.498985,-0.327365][0.920402,0.665996,0][0.74615,0.884245,0.352623][0.899599,-0.377698,-0.219238][0.918036,0.628458,0][0.860089,1.14667,0.283888][0.831586,-0.536691,-0.142926][0.89028,0.652529,0][0.694677,0.687609,0.438094][0.927039,-0.279089,-0.250414][0.939113,0.612007,0][0.769964,0.839312,0.584284][0.856425,-0.314727,-0.409247][0.946992,0.63339,0][0.715616,0.604758,0.596056][0.866228,-0.171886,-0.469154][0.960861,0.607308,0][0.769964,0.839312,0.584284][0.856425,-0.314727,-0.409247][0.946992,0.63339,0][0.694677,0.687609,0.438094][0.927039,-0.279089,-0.250414][0.939113,0.612007,0][0.74615,0.884245,0.352623][0.899599,-0.377698,-0.219238][0.918036,0.628458,0][0.814269,0.510267,0.728245][0.396709,0.000128903,-0.917944][0.989313,0.602453,0][0.674587,0.464709,0.552373][0.872216,-0.0681865,-0.484345][0.961413,0.590389,0][0.715616,0.604758,0.596056][0.866228,-0.171886,-0.469154][0.960861,0.607308,0][0.790697,0.337866,0.693315][0.467259,0.187911,-0.86392][0.989191,0.578804,0][0.674587,0.464709,0.552373][0.872216,-0.0681865,-0.484345][0.961413,0.590389,0][0.814269,0.510267,0.728245][0.396709,0.000128903,-0.917944][0.989313,0.602453,0][0.790697,0.337866,0.693315][0.467259,0.187911,-0.86392][0.989191,0.578804,0][0.634335,0.376609,0.485244][0.879643,-0.0496052,-0.473041][0.955587,0.578489,0][0.674587,0.464709,0.552373][0.872216,-0.0681865,-0.484345][0.961413,0.590389,0][0.779123,0.224132,0.638553][0.459119,0.303389,-0.834964][0.982199,0.562702,0][0.634335,0.376609,0.485244][0.879643,-0.0496052,-0.473041][0.955587,0.578489,0][0.790697,0.337866,0.693315][0.467259,0.187911,-0.86392][0.989191,0.578804,0][0.674587,0.464709,0.552373][0.872216,-0.0681865,-0.484345][0.961413,0.590389,0][0.65332,0.620971,0.369067][0.904402,-0.280506,-0.321517][0.935506,0.60351,0][0.715616,0.604758,0.596056][0.866228,-0.171886,-0.469154][0.960861,0.607308,0][0.634335,0.376609,0.485244][0.879643,-0.0496052,-0.473041][0.955587,0.578489,0][0.65332,0.620971,0.369067][0.904402,-0.280506,-0.321517][0.935506,0.60351,0][0.674587,0.464709,0.552373][0.872216,-0.0681865,-0.484345][0.961413,0.590389,0][0.715616,0.604758,0.596056][0.866228,-0.171886,-0.469154][0.960861,0.607308,0][0.65332,0.620971,0.369067][0.904402,-0.280506,-0.321517][0.935506,0.60351,0][0.694677,0.687609,0.438094][0.927039,-0.279089,-0.250414][0.939113,0.612007,0][0.65332,0.620971,0.369067][0.904402,-0.280506,-0.321517][0.935506,0.60351,0][0.634335,0.376609,0.485244][0.879643,-0.0496052,-0.473041][0.955587,0.578489,0][0.599281,0.564822,0.286753][0.892032,-0.285246,-0.35059][0.929375,0.594892,0][0.653064,0.833616,0.167582][0.861004,-0.400981,-0.312869][0.90289,0.613041,0][0.65332,0.620971,0.369067][0.904402,-0.280506,-0.321517][0.935506,0.60351,0][0.599281,0.564822,0.286753][0.892032,-0.285246,-0.35059][0.929375,0.594892,0][0.700544,0.85798,0.259623][0.868475,-0.399022,-0.294164][0.910507,0.620747,0][0.694677,0.687609,0.438094][0.927039,-0.279089,-0.250414][0.939113,0.612007,0][0.65332,0.620971,0.369067][0.904402,-0.280506,-0.321517][0.935506,0.60351,0][0.65332,0.620971,0.369067][0.904402,-0.280506,-0.321517][0.935506,0.60351,0][0.653064,0.833616,0.167582][0.861004,-0.400981,-0.312869][0.90289,0.613041,0][0.700544,0.85798,0.259623][0.868475,-0.399022,-0.294164][0.910507,0.620747,0][0.694677,0.687609,0.438094][0.927039,-0.279089,-0.250414][0.939113,0.612007,0][0.700544,0.85798,0.259623][0.868475,-0.399022,-0.294164][0.910507,0.620747,0][0.74615,0.884245,0.352623][0.899599,-0.377698,-0.219238][0.918036,0.628458,0][0.700544,0.85798,0.259623][0.868475,-0.399022,-0.294164][0.910507,0.620747,0][0.860089,1.14667,0.283888][0.831586,-0.536691,-0.142926][0.89028,0.652529,0][0.74615,0.884245,0.352623][0.899599,-0.377698,-0.219238][0.918036,0.628458,0][0.653064,0.833616,0.167582][0.861004,-0.400981,-0.312869][0.90289,0.613041,0][0.830855,1.14252,0.18355][0.798502,-0.568134,-0.199044][0.880719,0.64433,0][0.700544,0.85798,0.259623][0.868475,-0.399022,-0.294164][0.910507,0.620747,0][0.860089,1.14667,0.283888][0.831586,-0.536691,-0.142926][0.89028,0.652529,0][0.700544,0.85798,0.259623][0.868475,-0.399022,-0.294164][0.910507,0.620747,0][0.830855,1.14252,0.18355][0.798502,-0.568134,-0.199044][0.880719,0.64433,0][0.830855,1.14252,0.18355][0.798502,-0.568134,-0.199044][0.880719,0.64433,0][0.653064,0.833616,0.167582][0.861004,-0.400981,-0.312869][0.90289,0.613041,0][0.801621,1.13837,0.0832119][0.787672,-0.584098,-0.195967][0.871158,0.636131,0][0.830855,1.14252,0.18355][0.798502,-0.568134,-0.199044][0.880719,0.64433,0][1.07348,1.41769,0.187494][0.694487,-0.71883,-0.0311829][0.853118,0.684215,0][0.860089,1.14667,0.283888][0.831586,-0.536691,-0.142926][0.89028,0.652529,0][1.07348,1.41769,0.187494][0.694487,-0.71883,-0.0311829][0.853118,0.684215,0][0.830855,1.14252,0.18355][0.798502,-0.568134,-0.199044][0.880719,0.64433,0][1.06012,1.41605,0.0790453][0.65659,-0.751256,-0.06712][0.841965,0.675282,0][0.801621,1.13837,0.0832119][0.787672,-0.584098,-0.195967][0.871158,0.636131,0][1.06012,1.41605,0.0790453][0.65659,-0.751256,-0.06712][0.841965,0.675282,0][0.830855,1.14252,0.18355][0.798502,-0.568134,-0.199044][0.880719,0.64433,0][1.06012,1.41605,0.0790453][0.65659,-0.751256,-0.06712][0.841965,0.675282,0][1.34002,1.6158,0.0891041][0.442473,-0.89547,0.0484818][0.814343,0.717159,0][1.07348,1.41769,0.187494][0.694487,-0.71883,-0.0311829][0.853118,0.684215,0][1.06012,1.41605,0.0790453][0.65659,-0.751256,-0.06712][0.841965,0.675282,0][0.801621,1.13837,0.0832119][0.787672,-0.584098,-0.195967][0.871158,0.636131,0][1.04676,1.41442,-0.0294036][0.633549,-0.771557,-0.0575774][0.830811,0.666349,0][1.34002,1.6158,0.0891041][0.442473,-0.89547,0.0484818][0.814343,0.717159,0][1.06012,1.41605,0.0790453][0.65659,-0.751256,-0.06712][0.841965,0.675282,0][1.34348,1.61112,-0.0246457][0.419433,-0.907243,0.0314016][0.801774,0.708466,0][1.04676,1.41442,-0.0294036][0.633549,-0.771557,-0.0575774][0.830811,0.666349,0][1.34348,1.61112,-0.0246457][0.419433,-0.907243,0.0314016][0.801774,0.708466,0][1.06012,1.41605,0.0790453][0.65659,-0.751256,-0.06712][0.841965,0.675282,0][1.34348,1.61112,-0.0246457][0.419433,-0.907243,0.0314016][0.801774,0.708466,0][1.04676,1.41442,-0.0294036][0.633549,-0.771557,-0.0575774][0.830811,0.666349,0][1.34695,1.60645,-0.138396][0.385066,-0.922166,0.0365164][0.789204,0.699773,0][-1.19516,1.43971,0.280821][0.0880962,-0.451372,-0.887977][0.452519,0.856106,0][-1.2094,1.56338,0.219446][0.000224169,-0.133269,-0.99108][0.47546,0.943766,0][-1.1631,1.52668,0.243587][0.122123,-0.429905,-0.894577][0.440762,0.922484,0][-1.19516,1.43971,0.280821][0.0880962,-0.451372,-0.887977][0.452519,0.856106,0][-1.30598,1.52579,0.224511][-0.0733339,-0.0909462,-0.993152][0.523604,0.914857,0][-1.2094,1.56338,0.219446][0.000224169,-0.133269,-0.99108][0.47546,0.943766,0][-1.23454,1.61376,0.240096][-0.168866,0.30326,-0.937826][0.49244,0.978464,0][-1.2094,1.56338,0.219446][0.000224169,-0.133269,-0.99108][0.47546,0.943766,0][-1.30598,1.52579,0.224511][-0.0733339,-0.0909462,-0.993152][0.523604,0.914857,0][-1.21561,1.38974,0.302877][-0.0816723,-0.622276,-0.778526][0.461627,0.819199,0][-1.30598,1.52579,0.224511][-0.0733339,-0.0909462,-0.993152][0.523604,0.914857,0][-1.19516,1.43971,0.280821][0.0880962,-0.451372,-0.887977][0.452519,0.856106,0][-1.36684,1.64416,0.273914][-0.249694,0.271339,-0.929531][0.581876,0.982664,0][-1.23454,1.61376,0.240096][-0.168866,0.30326,-0.937826][0.49244,0.978464,0][-1.30598,1.52579,0.224511][-0.0733339,-0.0909462,-0.993152][0.523604,0.914857,0][-1.21561,1.38974,0.302877][-0.0816723,-0.622276,-0.778526][0.461627,0.819199,0][-1.38167,1.49589,0.237012][-0.460527,-0.385606,-0.799514][0.559275,0.891548,0][-1.30598,1.52579,0.224511][-0.0733339,-0.0909462,-0.993152][0.523604,0.914857,0][-1.38167,1.49589,0.237012][-0.460527,-0.385606,-0.799514][0.559275,0.891548,0][-1.36684,1.64416,0.273914][-0.249694,0.271339,-0.929531][0.581876,0.982664,0][-1.30598,1.52579,0.224511][-0.0733339,-0.0909462,-0.993152][0.523604,0.914857,0][-1.38167,1.49589,0.237012][-0.460527,-0.385606,-0.799514][0.559275,0.891548,0][-1.48158,1.64481,0.311155][-0.583021,0.0103278,-0.812392][0.657165,0.955973,0][-1.36684,1.64416,0.273914][-0.249694,0.271339,-0.929531][0.581876,0.982664,0][-1.38167,1.49589,0.237012][-0.460527,-0.385606,-0.799514][0.559275,0.891548,0][-1.21561,1.38974,0.302877][-0.0816723,-0.622276,-0.778526][0.461627,0.819199,0][-1.28697,1.41558,0.318209][-0.379479,-0.825896,-0.417003][0.510588,0.82191,0][-1.38167,1.49589,0.237012][-0.460527,-0.385606,-0.799514][0.559275,0.891548,0][-1.45788,1.59143,0.319855][-0.847871,-0.335,-0.410961][0.639759,0.918375,0][-1.48158,1.64481,0.311155][-0.583021,0.0103278,-0.812392][0.657165,0.955973,0][-1.38167,1.49589,0.237012][-0.460527,-0.385606,-0.799514][0.559275,0.891548,0][-1.28697,1.41558,0.318209][-0.379479,-0.825896,-0.417003][0.510588,0.82191,0][-1.39474,1.48908,0.271807][-0.612524,-0.610874,-0.501644][0.572428,0.876179,0][-1.45788,1.59143,0.319855][-0.847871,-0.335,-0.410961][0.639759,0.918375,0][-1.38167,1.49589,0.237012][-0.460527,-0.385606,-0.799514][0.559275,0.891548,0][-1.39474,1.48908,0.271807][-0.612524,-0.610874,-0.501644][0.572428,0.876179,0][-1.39474,1.48908,0.271807][-0.612524,-0.610874,-0.501644][0.572428,0.876179,0][-1.28697,1.41558,0.318209][-0.379479,-0.825896,-0.417003][0.510588,0.82191,0][-1.37092,1.42473,0.342785][-0.281296,-0.750477,-0.598044][0.55927,0.816686,0][-1.39474,1.48908,0.271807][-0.612524,-0.610874,-0.501644][0.572428,0.876179,0][-1.45311,1.55861,0.328398][-0.659329,-0.0170071,-0.751662][0.633569,0.898186,0][-1.45788,1.59143,0.319855][-0.847871,-0.335,-0.410961][0.639759,0.918375,0][-1.39474,1.48908,0.271807][-0.612524,-0.610874,-0.501644][0.572428,0.876179,0][-1.37092,1.42473,0.342785][-0.281296,-0.750477,-0.598044][0.55927,0.816686,0][-1.4275,1.48166,0.30282][-0.500117,-0.436393,-0.74796][0.594097,0.860701,0][-1.45311,1.55861,0.328398][-0.659329,-0.0170071,-0.751662][0.633569,0.898186,0][-1.39474,1.48908,0.271807][-0.612524,-0.610874,-0.501644][0.572428,0.876179,0][-1.4275,1.48166,0.30282][-0.500117,-0.436393,-0.74796][0.594097,0.860701,0][-1.4275,1.48166,0.30282][-0.500117,-0.436393,-0.74796][0.594097,0.860701,0][-1.37092,1.42473,0.342785][-0.281296,-0.750477,-0.598044][0.55927,0.816686,0][-1.41552,1.43382,0.354544][-0.203815,-0.708751,-0.675375][0.585403,0.815717,0][-1.45311,1.55861,0.328398][-0.659329,-0.0170071,-0.751662][0.633569,0.898186,0][-1.4275,1.48166,0.30282][-0.500117,-0.436393,-0.74796][0.594097,0.860701,0][-1.47995,1.47365,0.330048][-0.414549,-0.279582,-0.866015][0.624637,0.843207,0][-1.41552,1.43382,0.354544][-0.203815,-0.708751,-0.675375][0.585403,0.815717,0][-1.47995,1.47365,0.330048][-0.414549,-0.279582,-0.866015][0.624637,0.843207,0][-1.4275,1.48166,0.30282][-0.500117,-0.436393,-0.74796][0.594097,0.860701,0][-1.47995,1.47365,0.330048][-0.414549,-0.279582,-0.866015][0.624637,0.843207,0][-1.5192,1.52976,0.358847][-0.554164,0.0264541,-0.831987][0.664163,0.865439,0][-1.45311,1.55861,0.328398][-0.659329,-0.0170071,-0.751662][0.633569,0.898186,0][-1.47995,1.47365,0.330048][-0.414549,-0.279582,-0.866015][0.624637,0.843207,0][-1.41552,1.43382,0.354544][-0.203815,-0.708751,-0.675375][0.585403,0.815717,0][-1.48537,1.40576,0.385974][-0.0729824,-0.621251,-0.780205][0.622951,0.788343,0][-1.47995,1.47365,0.330048][-0.414549,-0.279582,-0.866015][0.624637,0.843207,0][-1.56326,1.44121,0.40048][-0.626294,-0.11503,-0.771053][0.675631,0.801272,0][-1.5192,1.52976,0.358847][-0.554164,0.0264541,-0.831987][0.664163,0.865439,0][-1.47995,1.47365,0.330048][-0.414549,-0.279582,-0.866015][0.624637,0.843207,0][-1.48537,1.40576,0.385974][-0.0729824,-0.621251,-0.780205][0.622951,0.788343,0][-1.53111,1.4191,0.378856][-0.382483,-0.380533,-0.841963][0.649876,0.796248,0][-1.56326,1.44121,0.40048][-0.626294,-0.11503,-0.771053][0.675631,0.801272,0][-1.47995,1.47365,0.330048][-0.414549,-0.279582,-0.866015][0.624637,0.843207,0][-1.53111,1.4191,0.378856][-0.382483,-0.380533,-0.841963][0.649876,0.796248,0][-1.53111,1.4191,0.378856][-0.382483,-0.380533,-0.841963][0.649876,0.796248,0][-1.48537,1.40576,0.385974][-0.0729824,-0.621251,-0.780205][0.622951,0.788343,0][-1.58183,1.34904,0.434858][-0.378518,-0.39503,-0.837064][0.673678,0.739106,0][-1.56326,1.44121,0.40048][-0.626294,-0.11503,-0.771053][0.675631,0.801272,0][-1.53111,1.4191,0.378856][-0.382483,-0.380533,-0.841963][0.649876,0.796248,0][-1.58183,1.34904,0.434858][-0.378518,-0.39503,-0.837064][0.673678,0.739106,0][1.19516,1.43971,0.280821][-0.0880963,-0.451372,-0.887977][0.452519,0.856106,0][1.2094,1.56338,0.219446][-0.000224913,-0.133269,-0.99108][0.47546,0.943766,0][1.30598,1.52579,0.224511][0.0733339,-0.0909463,-0.993152][0.523604,0.914857,0][1.19516,1.43971,0.280821][-0.0880963,-0.451372,-0.887977][0.452519,0.856106,0][1.1631,1.52668,0.243587][-0.122124,-0.429906,-0.894576][0.440762,0.922484,0][1.2094,1.56338,0.219446][-0.000224913,-0.133269,-0.99108][0.47546,0.943766,0][1.23454,1.61376,0.240096][0.168866,0.303261,-0.937826][0.49244,0.978464,0][1.30598,1.52579,0.224511][0.0733339,-0.0909463,-0.993152][0.523604,0.914857,0][1.2094,1.56338,0.219446][-0.000224913,-0.133269,-0.99108][0.47546,0.943766,0][1.19516,1.43971,0.280821][-0.0880963,-0.451372,-0.887977][0.452519,0.856106,0][1.30598,1.52579,0.224511][0.0733339,-0.0909463,-0.993152][0.523604,0.914857,0][1.21561,1.38974,0.302877][0.0816723,-0.622276,-0.778526][0.461627,0.819199,0][1.36684,1.64416,0.273914][0.249694,0.271339,-0.929531][0.581876,0.982664,0][1.30598,1.52579,0.224511][0.0733339,-0.0909463,-0.993152][0.523604,0.914857,0][1.23454,1.61376,0.240096][0.168866,0.303261,-0.937826][0.49244,0.978464,0][1.21561,1.38974,0.302877][0.0816723,-0.622276,-0.778526][0.461627,0.819199,0][1.30598,1.52579,0.224511][0.0733339,-0.0909463,-0.993152][0.523604,0.914857,0][1.38167,1.49589,0.237012][0.460527,-0.385606,-0.799514][0.559275,0.891548,0][1.36684,1.64416,0.273914][0.249694,0.271339,-0.929531][0.581876,0.982664,0][1.38167,1.49589,0.237012][0.460527,-0.385606,-0.799514][0.559275,0.891548,0][1.30598,1.52579,0.224511][0.0733339,-0.0909463,-0.993152][0.523604,0.914857,0][1.48158,1.64481,0.311155][0.583021,0.0103277,-0.812391][0.657165,0.955973,0][1.38167,1.49589,0.237012][0.460527,-0.385606,-0.799514][0.559275,0.891548,0][1.36684,1.64416,0.273914][0.249694,0.271339,-0.929531][0.581876,0.982664,0][1.21561,1.38974,0.302877][0.0816723,-0.622276,-0.778526][0.461627,0.819199,0][1.38167,1.49589,0.237012][0.460527,-0.385606,-0.799514][0.559275,0.891548,0][1.28697,1.41558,0.318209][0.379479,-0.825896,-0.417003][0.510588,0.82191,0][1.45788,1.59143,0.319855][0.847871,-0.335,-0.410961][0.639759,0.918375,0][1.38167,1.49589,0.237012][0.460527,-0.385606,-0.799514][0.559275,0.891548,0][1.48158,1.64481,0.311155][0.583021,0.0103277,-0.812391][0.657165,0.955973,0][1.38167,1.49589,0.237012][0.460527,-0.385606,-0.799514][0.559275,0.891548,0][1.39474,1.48908,0.271807][0.612524,-0.610874,-0.501644][0.572428,0.876179,0][1.28697,1.41558,0.318209][0.379479,-0.825896,-0.417003][0.510588,0.82191,0][1.38167,1.49589,0.237012][0.460527,-0.385606,-0.799514][0.559275,0.891548,0][1.45788,1.59143,0.319855][0.847871,-0.335,-0.410961][0.639759,0.918375,0][1.39474,1.48908,0.271807][0.612524,-0.610874,-0.501644][0.572428,0.876179,0][1.37092,1.42473,0.342785][0.281297,-0.750477,-0.598044][0.55927,0.816686,0][1.28697,1.41558,0.318209][0.379479,-0.825896,-0.417003][0.510588,0.82191,0][1.39474,1.48908,0.271807][0.612524,-0.610874,-0.501644][0.572428,0.876179,0][1.45311,1.55861,0.328398][0.659329,-0.0170069,-0.751662][0.633569,0.898186,0][1.39474,1.48908,0.271807][0.612524,-0.610874,-0.501644][0.572428,0.876179,0][1.45788,1.59143,0.319855][0.847871,-0.335,-0.410961][0.639759,0.918375,0][1.37092,1.42473,0.342785][0.281297,-0.750477,-0.598044][0.55927,0.816686,0][1.39474,1.48908,0.271807][0.612524,-0.610874,-0.501644][0.572428,0.876179,0][1.4275,1.48166,0.30282][0.500117,-0.436393,-0.74796][0.594097,0.860701,0][1.39474,1.48908,0.271807][0.612524,-0.610874,-0.501644][0.572428,0.876179,0][1.45311,1.55861,0.328398][0.659329,-0.0170069,-0.751662][0.633569,0.898186,0][1.4275,1.48166,0.30282][0.500117,-0.436393,-0.74796][0.594097,0.860701,0][1.4275,1.48166,0.30282][0.500117,-0.436393,-0.74796][0.594097,0.860701,0][1.41552,1.43382,0.354544][0.203815,-0.708751,-0.675375][0.585403,0.815717,0][1.37092,1.42473,0.342785][0.281297,-0.750477,-0.598044][0.55927,0.816686,0][1.45311,1.55861,0.328398][0.659329,-0.0170069,-0.751662][0.633569,0.898186,0][1.47995,1.47365,0.330048][0.414549,-0.279582,-0.866016][0.624637,0.843207,0][1.4275,1.48166,0.30282][0.500117,-0.436393,-0.74796][0.594097,0.860701,0][1.4275,1.48166,0.30282][0.500117,-0.436393,-0.74796][0.594097,0.860701,0][1.47995,1.47365,0.330048][0.414549,-0.279582,-0.866016][0.624637,0.843207,0][1.41552,1.43382,0.354544][0.203815,-0.708751,-0.675375][0.585403,0.815717,0][1.47995,1.47365,0.330048][0.414549,-0.279582,-0.866016][0.624637,0.843207,0][1.45311,1.55861,0.328398][0.659329,-0.0170069,-0.751662][0.633569,0.898186,0][1.5192,1.52976,0.358847][0.554164,0.0264545,-0.831987][0.664163,0.865439,0][1.48537,1.40576,0.385974][0.0729828,-0.621251,-0.780205][0.622951,0.788343,0][1.41552,1.43382,0.354544][0.203815,-0.708751,-0.675375][0.585403,0.815717,0][1.47995,1.47365,0.330048][0.414549,-0.279582,-0.866016][0.624637,0.843207,0][1.56326,1.44121,0.40048][0.626294,-0.115029,-0.771054][0.675631,0.801272,0][1.47995,1.47365,0.330048][0.414549,-0.279582,-0.866016][0.624637,0.843207,0][1.5192,1.52976,0.358847][0.554164,0.0264545,-0.831987][0.664163,0.865439,0][1.47995,1.47365,0.330048][0.414549,-0.279582,-0.866016][0.624637,0.843207,0][1.53111,1.4191,0.378856][0.382483,-0.380533,-0.841963][0.649876,0.796248,0][1.48537,1.40576,0.385974][0.0729828,-0.621251,-0.780205][0.622951,0.788343,0][1.47995,1.47365,0.330048][0.414549,-0.279582,-0.866016][0.624637,0.843207,0][1.56326,1.44121,0.40048][0.626294,-0.115029,-0.771054][0.675631,0.801272,0][1.53111,1.4191,0.378856][0.382483,-0.380533,-0.841963][0.649876,0.796248,0][1.53111,1.4191,0.378856][0.382483,-0.380533,-0.841963][0.649876,0.796248,0][1.58183,1.34904,0.434858][0.378518,-0.39503,-0.837064][0.673678,0.739106,0][1.48537,1.40576,0.385974][0.0729828,-0.621251,-0.780205][0.622951,0.788343,0][1.56326,1.44121,0.40048][0.626294,-0.115029,-0.771054][0.675631,0.801272,0][1.58183,1.34904,0.434858][0.378518,-0.39503,-0.837064][0.673678,0.739106,0][1.53111,1.4191,0.378856][0.382483,-0.380533,-0.841963][0.649876,0.796248,0][-1.2094,1.56338,0.219446][0.684036,0.541613,-0.488621][0.47546,0.943766,0][-1.18824,1.57706,0.264239][0.684036,0.541613,-0.488621][0.449494,0.964806,0][-1.1631,1.52668,0.243587][0.684036,0.541613,-0.488621][0.440762,0.922484,0][-1.18824,1.57706,0.264239][0.684036,0.541613,-0.488621][0.449494,0.964806,0][-1.2094,1.56338,0.219446][0.684036,0.541613,-0.488621][0.47546,0.943766,0][-1.23454,1.61376,0.240096][0.684036,0.541613,-0.488621][0.49244,0.978464,0][1.18824,1.57706,0.264239][-0.684036,0.541614,-0.488619][0.449494,0.964806,0][1.2094,1.56338,0.219446][-0.684036,0.541614,-0.488619][0.47546,0.943766,0][1.1631,1.52668,0.243587][-0.684036,0.541614,-0.488619][0.440762,0.922484,0][1.2094,1.56338,0.219446][-0.684036,0.541614,-0.488619][0.47546,0.943766,0][1.18824,1.57706,0.264239][-0.684036,0.541614,-0.488619][0.449494,0.964806,0][1.23454,1.61376,0.240096][-0.684036,0.541614,-0.488619][0.49244,0.978464,0][-0.856543,0.754481,0.787067][0.333183,0.159425,0.929286][0.916724,0.528557,0][-0.642001,0.542663,0.634905][0.835794,0.00174556,0.549041][0.943074,0.560334,0][-0.684405,0.830075,0.620204][0.78615,0.269302,0.556277][0.907542,0.560167,0][-0.642001,0.542663,0.634905][0.835794,0.00174556,0.549041][0.943074,0.560334,0][-0.856543,0.754481,0.787067][0.333183,0.159425,0.929286][0.916724,0.528557,0][-0.81011,0.420702,0.787481][0.397469,-0.11051,0.910937][0.966161,0.536622,0][-0.684405,0.830075,0.620204][0.78615,0.269302,0.556277][0.907542,0.560167,0][-0.971583,1.17414,0.707835][0.31712,0.391272,0.863911][0.850214,0.536853,0][-0.856543,0.754481,0.787067][0.333183,0.159425,0.929286][0.916724,0.528557,0][-0.581645,0.642559,0.467022][0.97115,0.0802716,0.224555][0.926011,0.577347,0][-0.684405,0.830075,0.620204][0.78615,0.269302,0.556277][0.907542,0.560167,0][-0.642001,0.542663,0.634905][0.835794,0.00174556,0.549041][0.943074,0.560334,0][-0.971583,1.17414,0.707835][0.31712,0.391272,0.863911][0.850214,0.536853,0][-0.684405,0.830075,0.620204][0.78615,0.269302,0.556277][0.907542,0.560167,0][-0.811733,1.20468,0.5328][0.743578,0.506105,0.436978][0.85676,0.574169,0][-0.684405,0.830075,0.620204][0.78615,0.269302,0.556277][0.907542,0.560167,0][-0.581645,0.642559,0.467022][0.97115,0.0802716,0.224555][0.926011,0.577347,0][-0.61074,0.862974,0.40473][0.947014,0.28565,0.146862][0.901509,0.585829,0][-0.61074,0.862974,0.40473][0.947014,0.28565,0.146862][0.901509,0.585829,0][-0.811733,1.20468,0.5328][0.743578,0.506105,0.436978][0.85676,0.574169,0][-0.684405,0.830075,0.620204][0.78615,0.269302,0.556277][0.907542,0.560167,0][-1.05203,1.55831,0.38056][0.662663,0.705407,0.251552][0.802186,0.606477,0][-0.971583,1.17414,0.707835][0.31712,0.391272,0.863911][0.850214,0.536853,0][-0.811733,1.20468,0.5328][0.743578,0.506105,0.436978][0.85676,0.574169,0][-0.971583,1.17414,0.707835][0.31712,0.391272,0.863911][0.850214,0.536853,0][-1.05203,1.55831,0.38056][0.662663,0.705407,0.251552][0.802186,0.606477,0][-1.18331,1.55623,0.548456][0.28319,0.605376,0.743857][0.78589,0.570633,0][-1.33876,1.81451,0.231156][0.51866,0.853671,0.0472981][0.754049,0.644955,0][-1.18331,1.55623,0.548456][0.28319,0.605376,0.743857][0.78589,0.570633,0][-1.05203,1.55831,0.38056][0.662663,0.705407,0.251552][0.802186,0.606477,0][-1.18331,1.55623,0.548456][0.28319,0.605376,0.743857][0.78589,0.570633,0][-1.33876,1.81451,0.231156][0.51866,0.853671,0.0472981][0.754049,0.644955,0][-1.43773,1.82469,0.370771][0.200704,0.782027,0.590044][0.734053,0.619037,0][-1.05203,1.55831,0.38056][0.662663,0.705407,0.251552][0.802186,0.606477,0][-0.811733,1.20468,0.5328][0.743578,0.506105,0.436978][0.85676,0.574169,0][-0.749341,1.1947,0.310546][0.861303,0.506727,0.0372189][0.862591,0.604669,0][-0.811733,1.20468,0.5328][0.743578,0.506105,0.436978][0.85676,0.574169,0][-0.61074,0.862974,0.40473][0.947014,0.28565,0.146862][0.901509,0.585829,0][-0.749341,1.1947,0.310546][0.861303,0.506727,0.0372189][0.862591,0.604669,0][-1.33876,1.81451,0.231156][0.51866,0.853671,0.0472981][0.754049,0.644955,0][-1.05203,1.55831,0.38056][0.662663,0.705407,0.251552][0.802186,0.606477,0][-1.00852,1.51808,0.172528][0.729688,0.669214,-0.140383][0.81539,0.63614,0][-0.749341,1.1947,0.310546][0.861303,0.506727,0.0372189][0.862591,0.604669,0][-1.00852,1.51808,0.172528][0.729688,0.669214,-0.140383][0.81539,0.63614,0][-1.05203,1.55831,0.38056][0.662663,0.705407,0.251552][0.802186,0.606477,0][-1.33876,1.81451,0.231156][0.51866,0.853671,0.0472981][0.754049,0.644955,0][-1.00852,1.51808,0.172528][0.729688,0.669214,-0.140383][0.81539,0.63614,0][-1.32491,1.76024,0.0553781][0.519769,0.777975,-0.35298][0.768022,0.670282,0][-0.749341,1.1947,0.310546][0.861303,0.506727,0.0372189][0.862591,0.604669,0][-0.61074,0.862974,0.40473][0.947014,0.28565,0.146862][0.901509,0.585829,0][-0.611048,0.85404,0.261525][0.950823,0.203191,-0.233771][0.901062,0.601999,0][-1.00852,1.51808,0.172528][0.729688,0.669214,-0.140383][0.81539,0.63614,0][-0.749341,1.1947,0.310546][0.861303,0.506727,0.0372189][0.862591,0.604669,0][-0.757409,1.16939,0.167765][0.844637,0.420273,-0.3316][0.867232,0.623808,0][-0.611048,0.85404,0.261525][0.950823,0.203191,-0.233771][0.901062,0.601999,0][-0.757409,1.16939,0.167765][0.844637,0.420273,-0.3316][0.867232,0.623808,0][-0.749341,1.1947,0.310546][0.861303,0.506727,0.0372189][0.862591,0.604669,0][-1.32491,1.76024,0.0553781][0.519769,0.777975,-0.35298][0.768022,0.670282,0][-1.00852,1.51808,0.172528][0.729688,0.669214,-0.140383][0.81539,0.63614,0][-1.01576,1.4674,0.0431056][0.695095,0.557941,-0.453372][0.824332,0.654639,0][-0.757409,1.16939,0.167765][0.844637,0.420273,-0.3316][0.867232,0.623808,0][-1.01576,1.4674,0.0431056][0.695095,0.557941,-0.453372][0.824332,0.654639,0][-1.00852,1.51808,0.172528][0.729688,0.669214,-0.140383][0.81539,0.63614,0][-1.32491,1.76024,0.0553781][0.519769,0.777975,-0.35298][0.768022,0.670282,0][-1.01576,1.4674,0.0431056][0.695095,0.557941,-0.453372][0.824332,0.654639,0][-1.33427,1.68725,-0.06288][0.45652,0.66956,-0.5859][0.779103,0.687749,0][-0.757409,1.16939,0.167765][0.844637,0.420273,-0.3316][0.867232,0.623808,0][-1.04676,1.41442,-0.0294036][0.643673,0.467921,-0.605586][0.830811,0.666349,0][-1.01576,1.4674,0.0431056][0.695095,0.557941,-0.453372][0.824332,0.654639,0][-1.34695,1.60645,-0.138396][0.430645,0.591838,-0.681376][0.789204,0.699773,0][-1.01576,1.4674,0.0431056][0.695095,0.557941,-0.453372][0.824332,0.654639,0][-1.04676,1.41442,-0.0294036][0.643673,0.467921,-0.605586][0.830811,0.666349,0][-1.01576,1.4674,0.0431056][0.695095,0.557941,-0.453372][0.824332,0.654639,0][-1.34695,1.60645,-0.138396][0.430645,0.591838,-0.681376][0.789204,0.699773,0][-1.33427,1.68725,-0.06288][0.45652,0.66956,-0.5859][0.779103,0.687749,0][-1.04676,1.41442,-0.0294036][0.643673,0.467921,-0.605586][0.830811,0.666349,0][-0.757409,1.16939,0.167765][0.844637,0.420273,-0.3316][0.867232,0.623808,0][-0.801621,1.13837,0.0832119][0.776874,0.34226,-0.528512][0.871158,0.636131,0][-0.611048,0.85404,0.261525][0.950823,0.203191,-0.233771][0.901062,0.601999,0][-0.801621,1.13837,0.0832119][0.776874,0.34226,-0.528512][0.871158,0.636131,0][-0.757409,1.16939,0.167765][0.844637,0.420273,-0.3316][0.867232,0.623808,0][-0.801621,1.13837,0.0832119][0.776874,0.34226,-0.528512][0.871158,0.636131,0][-0.611048,0.85404,0.261525][0.950823,0.203191,-0.233771][0.901062,0.601999,0][-0.653064,0.833616,0.167582][0.891683,0.155746,-0.425023][0.90289,0.613041,0][-1.64359,1.67973,-0.191896][0.0713486,0.683807,-0.726166][0.753967,0.732052,0][-1.33427,1.68725,-0.06288][0.45652,0.66956,-0.5859][0.779103,0.687749,0][-1.34695,1.60645,-0.138396][0.430645,0.591838,-0.681376][0.789204,0.699773,0][-0.599281,0.564822,0.286753][0.966082,-0.109427,-0.233903][0.929375,0.594892,0][-0.653064,0.833616,0.167582][0.891683,0.155746,-0.425023][0.90289,0.613041,0][-0.611048,0.85404,0.261525][0.950823,0.203191,-0.233771][0.901062,0.601999,0][-1.61714,1.87685,0.0310175][0.131133,0.879485,-0.457504][0.727317,0.695481,0][-1.32491,1.76024,0.0553781][0.519769,0.777975,-0.35298][0.768022,0.670282,0][-1.33427,1.68725,-0.06288][0.45652,0.66956,-0.5859][0.779103,0.687749,0][-1.33427,1.68725,-0.06288][0.45652,0.66956,-0.5859][0.779103,0.687749,0][-1.64359,1.67973,-0.191896][0.0713486,0.683807,-0.726166][0.753967,0.732052,0][-1.64328,1.78817,-0.0887411][0.0677229,0.747911,-0.660335][0.738525,0.715812,0][-1.61714,1.87685,0.0310175][0.131133,0.879485,-0.457504][0.727317,0.695481,0][-1.33427,1.68725,-0.06288][0.45652,0.66956,-0.5859][0.779103,0.687749,0][-1.64328,1.78817,-0.0887411][0.0677229,0.747911,-0.660335][0.738525,0.715812,0][-1.85308,1.6725,-0.15297][-0.535555,0.583689,-0.610318][0.723116,0.76321,0][-1.64328,1.78817,-0.0887411][0.0677229,0.747911,-0.660335][0.738525,0.715812,0][-1.64359,1.67973,-0.191896][0.0713486,0.683807,-0.726166][0.753967,0.732052,0][-1.64328,1.78817,-0.0887411][0.0677229,0.747911,-0.660335][0.738525,0.715812,0][-1.85308,1.6725,-0.15297][-0.535555,0.583689,-0.610318][0.723116,0.76321,0][-1.85579,1.7959,-0.0309978][-0.611717,0.634639,-0.472267][0.7013,0.739623,0][-1.85579,1.7959,-0.0309978][-0.611717,0.634639,-0.472267][0.7013,0.739623,0][-1.61714,1.87685,0.0310175][0.131133,0.879485,-0.457504][0.727317,0.695481,0][-1.64328,1.78817,-0.0887411][0.0677229,0.747911,-0.660335][0.738525,0.715812,0][-1.61714,1.87685,0.0310175][0.131133,0.879485,-0.457504][0.727317,0.695481,0][-1.85579,1.7959,-0.0309978][-0.611717,0.634639,-0.472267][0.7013,0.739623,0][-1.80618,1.89444,0.0957282][-0.450336,0.870093,-0.200338][0.691007,0.709354,0][-0.611048,0.85404,0.261525][0.950823,0.203191,-0.233771][0.901062,0.601999,0][-0.57397,0.590879,0.380954][0.995281,-0.0852958,-0.0462619][0.928676,0.585485,0][-0.599281,0.564822,0.286753][0.966082,-0.109427,-0.233903][0.929375,0.594892,0][-0.57397,0.590879,0.380954][0.995281,-0.0852958,-0.0462619][0.928676,0.585485,0][-0.611048,0.85404,0.261525][0.950823,0.203191,-0.233771][0.901062,0.601999,0][-0.61074,0.862974,0.40473][0.947014,0.28565,0.146862][0.901509,0.585829,0][-0.634335,0.376609,0.485244][0.914091,-0.398808,0.0734089][0.955587,0.578489,0][-0.599281,0.564822,0.286753][0.966082,-0.109427,-0.233903][0.929375,0.594892,0][-0.57397,0.590879,0.380954][0.995281,-0.0852958,-0.0462619][0.928676,0.585485,0][-0.57397,0.590879,0.380954][0.995281,-0.0852958,-0.0462619][0.928676,0.585485,0][-0.61074,0.862974,0.40473][0.947014,0.28565,0.146862][0.901509,0.585829,0][-0.581645,0.642559,0.467022][0.97115,0.0802716,0.224555][0.926011,0.577347,0][-0.634335,0.376609,0.485244][0.914091,-0.398808,0.0734089][0.955587,0.578489,0][-0.57397,0.590879,0.380954][0.995281,-0.0852958,-0.0462619][0.928676,0.585485,0][-0.630134,0.413569,0.576624][0.892437,-0.309138,0.328618][0.955677,0.568013,0][-0.630134,0.413569,0.576624][0.892437,-0.309138,0.328618][0.955677,0.568013,0][-0.57397,0.590879,0.380954][0.995281,-0.0852958,-0.0462619][0.928676,0.585485,0][-0.581645,0.642559,0.467022][0.97115,0.0802716,0.224555][0.926011,0.577347,0][-0.779123,0.224132,0.638553][0.642609,-0.680894,0.351334][0.982199,0.562702,0][-0.634335,0.376609,0.485244][0.914091,-0.398808,0.0734089][0.955587,0.578489,0][-0.630134,0.413569,0.576624][0.892437,-0.309138,0.328618][0.955677,0.568013,0][-0.630134,0.413569,0.576624][0.892437,-0.309138,0.328618][0.955677,0.568013,0][-0.581645,0.642559,0.467022][0.97115,0.0802716,0.224555][0.926011,0.577347,0][-0.642001,0.542663,0.634905][0.835794,0.00174556,0.549041][0.943074,0.560334,0][-0.779123,0.224132,0.638553][0.642609,-0.680894,0.351334][0.982199,0.562702,0][-0.630134,0.413569,0.576624][0.892437,-0.309138,0.328618][0.955677,0.568013,0][-0.789675,0.267122,0.728446][0.539773,-0.50457,0.673835][0.983823,0.5491,0][-0.81011,0.420702,0.787481][0.397469,-0.11051,0.910937][0.966161,0.536622,0][-0.630134,0.413569,0.576624][0.892437,-0.309138,0.328618][0.955677,0.568013,0][-0.642001,0.542663,0.634905][0.835794,0.00174556,0.549041][0.943074,0.560334,0][-0.630134,0.413569,0.576624][0.892437,-0.309138,0.328618][0.955677,0.568013,0][-0.81011,0.420702,0.787481][0.397469,-0.11051,0.910937][0.966161,0.536622,0][-0.789675,0.267122,0.728446][0.539773,-0.50457,0.673835][0.983823,0.5491,0][0.856543,0.754481,0.787067][-0.333183,0.159425,0.929286][0.916724,0.528557,0][0.642001,0.542663,0.634905][-0.835794,0.00174563,0.549041][0.943074,0.560334,0][0.81011,0.420702,0.787481][-0.397469,-0.11051,0.910937][0.966161,0.536622,0][0.642001,0.542663,0.634905][-0.835794,0.00174563,0.549041][0.943074,0.560334,0][0.856543,0.754481,0.787067][-0.333183,0.159425,0.929286][0.916724,0.528557,0][0.684405,0.830075,0.620204][-0.78615,0.269302,0.556277][0.907542,0.560167,0][0.971583,1.17414,0.707835][-0.31712,0.391272,0.863911][0.850214,0.536853,0][0.684405,0.830075,0.620204][-0.78615,0.269302,0.556277][0.907542,0.560167,0][0.856543,0.754481,0.787067][-0.333183,0.159425,0.929286][0.916724,0.528557,0][0.684405,0.830075,0.620204][-0.78615,0.269302,0.556277][0.907542,0.560167,0][0.581645,0.642559,0.467022][-0.97115,0.0802718,0.224555][0.926011,0.577347,0][0.642001,0.542663,0.634905][-0.835794,0.00174563,0.549041][0.943074,0.560334,0][0.684405,0.830075,0.620204][-0.78615,0.269302,0.556277][0.907542,0.560167,0][0.971583,1.17414,0.707835][-0.31712,0.391272,0.863911][0.850214,0.536853,0][0.811734,1.20468,0.5328][-0.743578,0.506105,0.436978][0.85676,0.574169,0][0.581645,0.642559,0.467022][-0.97115,0.0802718,0.224555][0.926011,0.577347,0][0.684405,0.830075,0.620204][-0.78615,0.269302,0.556277][0.907542,0.560167,0][0.61074,0.862974,0.40473][-0.947014,0.28565,0.146862][0.901509,0.585829,0][0.811734,1.20468,0.5328][-0.743578,0.506105,0.436978][0.85676,0.574169,0][0.61074,0.862974,0.40473][-0.947014,0.28565,0.146862][0.901509,0.585829,0][0.684405,0.830075,0.620204][-0.78615,0.269302,0.556277][0.907542,0.560167,0][0.971583,1.17414,0.707835][-0.31712,0.391272,0.863911][0.850214,0.536853,0][1.05203,1.55831,0.38056][-0.662664,0.705407,0.251552][0.802186,0.606477,0][0.811734,1.20468,0.5328][-0.743578,0.506105,0.436978][0.85676,0.574169,0][1.05203,1.55831,0.38056][-0.662664,0.705407,0.251552][0.802186,0.606477,0][0.971583,1.17414,0.707835][-0.31712,0.391272,0.863911][0.850214,0.536853,0][1.18331,1.55623,0.548456][-0.28319,0.605376,0.743857][0.78589,0.570633,0][1.18331,1.55623,0.548456][-0.28319,0.605376,0.743857][0.78589,0.570633,0][1.33876,1.81451,0.231156][-0.51866,0.853671,0.0472981][0.754049,0.644955,0][1.05203,1.55831,0.38056][-0.662664,0.705407,0.251552][0.802186,0.606477,0][1.33876,1.81451,0.231156][-0.51866,0.853671,0.0472981][0.754049,0.644955,0][1.18331,1.55623,0.548456][-0.28319,0.605376,0.743857][0.78589,0.570633,0][1.43773,1.82469,0.370771][-0.200704,0.782027,0.590044][0.734053,0.619037,0][1.05203,1.55831,0.38056][-0.662664,0.705407,0.251552][0.802186,0.606477,0][0.749341,1.1947,0.310546][-0.861303,0.506727,0.0372189][0.862591,0.604669,0][0.811734,1.20468,0.5328][-0.743578,0.506105,0.436978][0.85676,0.574169,0][0.61074,0.862974,0.40473][-0.947014,0.28565,0.146862][0.901509,0.585829,0][0.811734,1.20468,0.5328][-0.743578,0.506105,0.436978][0.85676,0.574169,0][0.749341,1.1947,0.310546][-0.861303,0.506727,0.0372189][0.862591,0.604669,0][1.33876,1.81451,0.231156][-0.51866,0.853671,0.0472981][0.754049,0.644955,0][1.00852,1.51808,0.172528][-0.729688,0.669214,-0.140383][0.81539,0.63614,0][1.05203,1.55831,0.38056][-0.662664,0.705407,0.251552][0.802186,0.606477,0][0.749341,1.1947,0.310546][-0.861303,0.506727,0.0372189][0.862591,0.604669,0][1.05203,1.55831,0.38056][-0.662664,0.705407,0.251552][0.802186,0.606477,0][1.00852,1.51808,0.172528][-0.729688,0.669214,-0.140383][0.81539,0.63614,0][1.32491,1.76024,0.0553781][-0.519769,0.777975,-0.35298][0.768022,0.670282,0][1.00852,1.51808,0.172528][-0.729688,0.669214,-0.140383][0.81539,0.63614,0][1.33876,1.81451,0.231156][-0.51866,0.853671,0.0472981][0.754049,0.644955,0][0.749341,1.1947,0.310546][-0.861303,0.506727,0.0372189][0.862591,0.604669,0][0.611048,0.85404,0.261525][-0.950823,0.203191,-0.233771][0.901062,0.601999,0][0.61074,0.862974,0.40473][-0.947014,0.28565,0.146862][0.901509,0.585829,0][1.00852,1.51808,0.172528][-0.729688,0.669214,-0.140383][0.81539,0.63614,0][0.757409,1.16939,0.167765][-0.844637,0.420273,-0.3316][0.867232,0.623808,0][0.749341,1.1947,0.310546][-0.861303,0.506727,0.0372189][0.862591,0.604669,0][0.611048,0.85404,0.261525][-0.950823,0.203191,-0.233771][0.901062,0.601999,0][0.749341,1.1947,0.310546][-0.861303,0.506727,0.0372189][0.862591,0.604669,0][0.757409,1.16939,0.167765][-0.844637,0.420273,-0.3316][0.867232,0.623808,0][0.757409,1.16939,0.167765][-0.844637,0.420273,-0.3316][0.867232,0.623808,0][1.00852,1.51808,0.172528][-0.729688,0.669214,-0.140383][0.81539,0.63614,0][1.01576,1.4674,0.0431056][-0.695095,0.557941,-0.453371][0.824332,0.654639,0][1.00852,1.51808,0.172528][-0.729688,0.669214,-0.140383][0.81539,0.63614,0][1.32491,1.76024,0.0553781][-0.519769,0.777975,-0.35298][0.768022,0.670282,0][1.01576,1.4674,0.0431056][-0.695095,0.557941,-0.453371][0.824332,0.654639,0][1.04676,1.41442,-0.0294036][-0.643673,0.467921,-0.605586][0.830811,0.666349,0][0.757409,1.16939,0.167765][-0.844637,0.420273,-0.3316][0.867232,0.623808,0][1.01576,1.4674,0.0431056][-0.695095,0.557941,-0.453371][0.824332,0.654639,0][0.757409,1.16939,0.167765][-0.844637,0.420273,-0.3316][0.867232,0.623808,0][1.04676,1.41442,-0.0294036][-0.643673,0.467921,-0.605586][0.830811,0.666349,0][0.801621,1.13837,0.0832119][-0.776874,0.34226,-0.528512][0.871158,0.636131,0][0.801621,1.13837,0.0832119][-0.776874,0.34226,-0.528512][0.871158,0.636131,0][0.611048,0.85404,0.261525][-0.950823,0.203191,-0.233771][0.901062,0.601999,0][0.757409,1.16939,0.167765][-0.844637,0.420273,-0.3316][0.867232,0.623808,0][1.01576,1.4674,0.0431056][-0.695095,0.557941,-0.453371][0.824332,0.654639,0][1.34695,1.60645,-0.138396][-0.430645,0.591838,-0.681376][0.789204,0.699773,0][1.04676,1.41442,-0.0294036][-0.643673,0.467921,-0.605586][0.830811,0.666349,0][0.611048,0.85404,0.261525][-0.950823,0.203191,-0.233771][0.901062,0.601999,0][0.801621,1.13837,0.0832119][-0.776874,0.34226,-0.528512][0.871158,0.636131,0][0.653064,0.833616,0.167582][-0.891683,0.155746,-0.425022][0.90289,0.613041,0][0.599281,0.564822,0.286753][-0.966082,-0.109427,-0.233903][0.929375,0.594892,0][0.611048,0.85404,0.261525][-0.950823,0.203191,-0.233771][0.901062,0.601999,0][0.653064,0.833616,0.167582][-0.891683,0.155746,-0.425022][0.90289,0.613041,0][1.33427,1.68725,-0.06288][-0.45652,0.66956,-0.5859][0.779103,0.687749,0][1.01576,1.4674,0.0431056][-0.695095,0.557941,-0.453371][0.824332,0.654639,0][1.32491,1.76024,0.0553781][-0.519769,0.777975,-0.35298][0.768022,0.670282,0][1.34695,1.60645,-0.138396][-0.430645,0.591838,-0.681376][0.789204,0.699773,0][1.01576,1.4674,0.0431056][-0.695095,0.557941,-0.453371][0.824332,0.654639,0][1.33427,1.68725,-0.06288][-0.45652,0.66956,-0.5859][0.779103,0.687749,0][1.32491,1.76024,0.0553781][-0.519769,0.777975,-0.35298][0.768022,0.670282,0][1.61714,1.87685,0.0310175][-0.131133,0.879485,-0.457504][0.727317,0.695481,0][1.33427,1.68725,-0.06288][-0.45652,0.66956,-0.5859][0.779103,0.687749,0][1.33427,1.68725,-0.06288][-0.45652,0.66956,-0.5859][0.779103,0.687749,0][1.64359,1.67973,-0.191896][-0.0713487,0.683807,-0.726167][0.753967,0.732052,0][1.34695,1.60645,-0.138396][-0.430645,0.591838,-0.681376][0.789204,0.699773,0][0.611048,0.85404,0.261525][-0.950823,0.203191,-0.233771][0.901062,0.601999,0][0.599281,0.564822,0.286753][-0.966082,-0.109427,-0.233903][0.929375,0.594892,0][0.57397,0.590879,0.380954][-0.995281,-0.0852956,-0.046262][0.928676,0.585485,0][0.57397,0.590879,0.380954][-0.995281,-0.0852956,-0.046262][0.928676,0.585485,0][0.61074,0.862974,0.40473][-0.947014,0.28565,0.146862][0.901509,0.585829,0][0.611048,0.85404,0.261525][-0.950823,0.203191,-0.233771][0.901062,0.601999,0][0.634335,0.376609,0.485244][-0.914091,-0.398808,0.0734087][0.955587,0.578489,0][0.57397,0.590879,0.380954][-0.995281,-0.0852956,-0.046262][0.928676,0.585485,0][0.599281,0.564822,0.286753][-0.966082,-0.109427,-0.233903][0.929375,0.594892,0][0.61074,0.862974,0.40473][-0.947014,0.28565,0.146862][0.901509,0.585829,0][0.57397,0.590879,0.380954][-0.995281,-0.0852956,-0.046262][0.928676,0.585485,0][0.581645,0.642559,0.467022][-0.97115,0.0802718,0.224555][0.926011,0.577347,0][0.57397,0.590879,0.380954][-0.995281,-0.0852956,-0.046262][0.928676,0.585485,0][0.634335,0.376609,0.485244][-0.914091,-0.398808,0.0734087][0.955587,0.578489,0][0.630134,0.413569,0.576624][-0.892437,-0.309138,0.328618][0.955677,0.568013,0][0.630134,0.413569,0.576624][-0.892437,-0.309138,0.328618][0.955677,0.568013,0][0.581645,0.642559,0.467022][-0.97115,0.0802718,0.224555][0.926011,0.577347,0][0.57397,0.590879,0.380954][-0.995281,-0.0852956,-0.046262][0.928676,0.585485,0][0.779123,0.224132,0.638553][-0.642609,-0.680894,0.351335][0.982199,0.562702,0][0.630134,0.413569,0.576624][-0.892437,-0.309138,0.328618][0.955677,0.568013,0][0.634335,0.376609,0.485244][-0.914091,-0.398808,0.0734087][0.955587,0.578489,0][0.630134,0.413569,0.576624][-0.892437,-0.309138,0.328618][0.955677,0.568013,0][0.642001,0.542663,0.634905][-0.835794,0.00174563,0.549041][0.943074,0.560334,0][0.581645,0.642559,0.467022][-0.97115,0.0802718,0.224555][0.926011,0.577347,0][0.630134,0.413569,0.576624][-0.892437,-0.309138,0.328618][0.955677,0.568013,0][0.779123,0.224132,0.638553][-0.642609,-0.680894,0.351335][0.982199,0.562702,0][0.789675,0.267122,0.728446][-0.539773,-0.50457,0.673836][0.983823,0.5491,0][0.630134,0.413569,0.576624][-0.892437,-0.309138,0.328618][0.955677,0.568013,0][0.81011,0.420702,0.787481][-0.397469,-0.11051,0.910937][0.966161,0.536622,0][0.642001,0.542663,0.634905][-0.835794,0.00174563,0.549041][0.943074,0.560334,0][0.81011,0.420702,0.787481][-0.397469,-0.11051,0.910937][0.966161,0.536622,0][0.630134,0.413569,0.576624][-0.892437,-0.309138,0.328618][0.955677,0.568013,0][0.789675,0.267122,0.728446][-0.539773,-0.50457,0.673836][0.983823,0.5491,0][1.64359,1.67973,-0.191896][-0.0713487,0.683807,-0.726167][0.753967,0.732052,0][1.33427,1.68725,-0.06288][-0.45652,0.66956,-0.5859][0.779103,0.687749,0][1.64328,1.78817,-0.0887411][-0.0677226,0.747911,-0.660335][0.738525,0.715812,0][1.64328,1.78817,-0.0887411][-0.0677226,0.747911,-0.660335][0.738525,0.715812,0][1.85308,1.6725,-0.15297][0.535555,0.583689,-0.610318][0.723116,0.76321,0][1.64359,1.67973,-0.191896][-0.0713487,0.683807,-0.726167][0.753967,0.732052,0][1.64328,1.78817,-0.0887411][-0.0677226,0.747911,-0.660335][0.738525,0.715812,0][1.33427,1.68725,-0.06288][-0.45652,0.66956,-0.5859][0.779103,0.687749,0][1.61714,1.87685,0.0310175][-0.131133,0.879485,-0.457504][0.727317,0.695481,0][1.85308,1.6725,-0.15297][0.535555,0.583689,-0.610318][0.723116,0.76321,0][1.64328,1.78817,-0.0887411][-0.0677226,0.747911,-0.660335][0.738525,0.715812,0][1.85579,1.7959,-0.0309978][0.611717,0.634639,-0.472267][0.7013,0.739623,0][1.61714,1.87685,0.0310175][-0.131133,0.879485,-0.457504][0.727317,0.695481,0][1.85579,1.7959,-0.0309978][0.611717,0.634639,-0.472267][0.7013,0.739623,0][1.64328,1.78817,-0.0887411][-0.0677226,0.747911,-0.660335][0.738525,0.715812,0][1.85579,1.7959,-0.0309978][0.611717,0.634639,-0.472267][0.7013,0.739623,0][1.61714,1.87685,0.0310175][-0.131133,0.879485,-0.457504][0.727317,0.695481,0][1.80618,1.89444,0.0957282][0.450336,0.870093,-0.200338][0.691007,0.709354,0][-1.12337,0.770256,0.556545][-0.419648,0.0388832,-0.906854][0.675631,0.801272,0][-1.09506,0.732148,0.542935][-0.279247,-0.313642,-0.907551][0.649876,0.796248,0][-1.19597,0.684735,0.591683][-0.281807,-0.327489,-0.901851][0.673678,0.739106,0][-1.09506,0.732148,0.542935][-0.279247,-0.313642,-0.907551][0.649876,0.796248,0][-1.0582,0.701805,0.564928][-0.100197,-0.647178,-0.755726][0.622951,0.788343,0][-1.19597,0.684735,0.591683][-0.281807,-0.327489,-0.901851][0.673678,0.739106,0][-1.12337,0.770256,0.556545][-0.419648,0.0388832,-0.906854][0.675631,0.801272,0][-1.00328,0.764012,0.502725][-0.271201,-0.212802,-0.938704][0.624637,0.843207,0][-1.09506,0.732148,0.542935][-0.279247,-0.313642,-0.907551][0.649876,0.796248,0][-1.09506,0.732148,0.542935][-0.279247,-0.313642,-0.907551][0.649876,0.796248,0][-1.00328,0.764012,0.502725][-0.271201,-0.212802,-0.938704][0.624637,0.843207,0][-1.0582,0.701805,0.564928][-0.100197,-0.647178,-0.755726][0.622951,0.788343,0][-1.00328,0.764012,0.502725][-0.271201,-0.212802,-0.938704][0.624637,0.843207,0][-1.12337,0.770256,0.556545][-0.419648,0.0388832,-0.906854][0.675631,0.801272,0][-1.0249,0.841429,0.521147][-0.289874,0.134343,-0.947589][0.664163,0.865439,0][-1.00328,0.764012,0.502725][-0.271201,-0.212802,-0.938704][0.624637,0.843207,0][-0.965807,0.700988,0.550323][-0.271014,-0.66304,-0.697803][0.585403,0.815717,0][-1.0582,0.701805,0.564928][-0.100197,-0.647178,-0.755726][0.622951,0.788343,0][-1.0249,0.841429,0.521147][-0.289874,0.134343,-0.947589][0.664163,0.865439,0][-0.93618,0.84299,0.506473][-0.419065,0.143837,-0.896491][0.633569,0.898186,0][-1.00328,0.764012,0.502725][-0.271201,-0.212802,-0.938704][0.624637,0.843207,0][-1.00328,0.764012,0.502725][-0.271201,-0.212802,-0.938704][0.624637,0.843207,0][-0.938902,0.749214,0.488128][-0.423533,-0.304213,-0.853273][0.594097,0.860701,0][-0.965807,0.700988,0.550323][-0.271014,-0.66304,-0.697803][0.585403,0.815717,0][-0.93618,0.84299,0.506473][-0.419065,0.143837,-0.896491][0.633569,0.898186,0][-0.938902,0.749214,0.488128][-0.423533,-0.304213,-0.853273][0.594097,0.860701,0][-1.00328,0.764012,0.502725][-0.271201,-0.212802,-0.938704][0.624637,0.843207,0][-0.938902,0.749214,0.488128][-0.423533,-0.304213,-0.853273][0.594097,0.860701,0][-0.922126,0.673142,0.550976][-0.377232,-0.661776,-0.647881][0.55927,0.816686,0][-0.965807,0.700988,0.550323][-0.271014,-0.66304,-0.697803][0.585403,0.815717,0][-0.93618,0.84299,0.506473][-0.419065,0.143837,-0.896491][0.633569,0.898186,0][-0.893148,0.740726,0.463452][-0.648977,-0.387782,-0.654564][0.572428,0.876179,0][-0.938902,0.749214,0.488128][-0.423533,-0.304213,-0.853273][0.594097,0.860701,0][-0.922126,0.673142,0.550976][-0.377232,-0.661776,-0.647881][0.55927,0.816686,0][-0.938902,0.749214,0.488128][-0.423533,-0.304213,-0.853273][0.594097,0.860701,0][-0.893148,0.740726,0.463452][-0.648977,-0.387782,-0.654564][0.572428,0.876179,0][-0.893148,0.740726,0.463452][-0.648977,-0.387782,-0.654564][0.572428,0.876179,0][-0.93618,0.84299,0.506473][-0.419065,0.143837,-0.896491][0.633569,0.898186,0][-0.922793,0.878192,0.494634][-0.772601,-0.0263493,-0.634345][0.639759,0.918375,0][-0.893148,0.740726,0.463452][-0.648977,-0.387782,-0.654564][0.572428,0.876179,0][-0.835408,0.62877,0.549272][-0.536369,-0.672007,-0.510603][0.510588,0.82191,0][-0.922126,0.673142,0.550976][-0.377232,-0.661776,-0.647881][0.55927,0.816686,0][-0.922793,0.878192,0.494634][-0.772601,-0.0263493,-0.634345][0.639759,0.918375,0][-0.866024,0.738541,0.428697][-0.357128,-0.282503,-0.89031][0.559275,0.891548,0][-0.893148,0.740726,0.463452][-0.648977,-0.387782,-0.654564][0.572428,0.876179,0][-0.866024,0.738541,0.428697][-0.357128,-0.282503,-0.89031][0.559275,0.891548,0][-0.835408,0.62877,0.549272][-0.536369,-0.672007,-0.510603][0.510588,0.82191,0][-0.893148,0.740726,0.463452][-0.648977,-0.387782,-0.654564][0.572428,0.876179,0][-0.866024,0.738541,0.428697][-0.357128,-0.282503,-0.89031][0.559275,0.891548,0][-0.922793,0.878192,0.494634][-0.772601,-0.0263493,-0.634345][0.639759,0.918375,0][-0.918458,0.942125,0.476337][-0.322343,0.133653,-0.93714][0.657165,0.955973,0][-0.866024,0.738541,0.428697][-0.357128,-0.282503,-0.89031][0.559275,0.891548,0][-0.771935,0.57278,0.554498][-0.124402,-0.648403,-0.751064][0.461627,0.819199,0][-0.835408,0.62877,0.549272][-0.536369,-0.672007,-0.510603][0.510588,0.82191,0][-0.866024,0.738541,0.428697][-0.357128,-0.282503,-0.89031][0.559275,0.891548,0][-0.918458,0.942125,0.476337][-0.322343,0.133653,-0.93714][0.657165,0.955973,0][-0.793207,0.893478,0.469623][0.092396,0.229879,-0.968823][0.581876,0.982664,0][-0.771935,0.57278,0.554498][-0.124402,-0.648403,-0.751064][0.461627,0.819199,0][-0.866024,0.738541,0.428697][-0.357128,-0.282503,-0.89031][0.559275,0.891548,0][-0.772928,0.73986,0.436727][0.137543,-0.1849,-0.973085][0.523604,0.914857,0][-0.793207,0.893478,0.469623][0.092396,0.229879,-0.968823][0.581876,0.982664,0][-0.772928,0.73986,0.436727][0.137543,-0.1849,-0.973085][0.523604,0.914857,0][-0.866024,0.738541,0.428697][-0.357128,-0.282503,-0.89031][0.559275,0.891548,0][-0.793207,0.893478,0.469623][0.092396,0.229879,-0.968823][0.581876,0.982664,0][-0.665592,0.807395,0.472838][0.178942,0.227413,-0.957216][0.49244,0.978464,0][-0.772928,0.73986,0.436727][0.137543,-0.1849,-0.973085][0.523604,0.914857,0][-0.771935,0.57278,0.554498][-0.124402,-0.648403,-0.751064][0.461627,0.819199,0][-0.772928,0.73986,0.436727][0.137543,-0.1849,-0.973085][0.523604,0.914857,0][-0.721197,0.614802,0.534786][0.12979,-0.569783,-0.811481][0.452519,0.856106,0][-0.665592,0.807395,0.472838][0.178942,0.227413,-0.957216][0.49244,0.978464,0][-0.657841,0.742347,0.459023][0.189865,-0.239984,-0.952029][0.47546,0.943766,0][-0.772928,0.73986,0.436727][0.137543,-0.1849,-0.973085][0.523604,0.914857,0][-0.721197,0.614802,0.534786][0.12979,-0.569783,-0.811481][0.452519,0.856106,0][-0.772928,0.73986,0.436727][0.137543,-0.1849,-0.973085][0.523604,0.914857,0][-0.657841,0.742347,0.459023][0.189865,-0.239984,-0.952029][0.47546,0.943766,0][-0.721197,0.614802,0.534786][0.12979,-0.569783,-0.811481][0.452519,0.856106,0][-0.657841,0.742347,0.459023][0.189865,-0.239984,-0.952029][0.47546,0.943766,0][-0.636764,0.689397,0.500695][0.170294,-0.564402,-0.807744][0.440762,0.922484,0][1.12337,0.770256,0.556545][0.419648,0.0388847,-0.906854][0.675631,0.801272,0][1.19597,0.684735,0.591683][0.281806,-0.327489,-0.901851][0.673678,0.739106,0][1.09506,0.732148,0.542935][0.279247,-0.313642,-0.907552][0.649876,0.796248,0][1.09506,0.732148,0.542935][0.279247,-0.313642,-0.907552][0.649876,0.796248,0][1.19597,0.684735,0.591683][0.281806,-0.327489,-0.901851][0.673678,0.739106,0][1.0582,0.701805,0.564928][0.100197,-0.647178,-0.755726][0.622951,0.788343,0][1.00328,0.764012,0.502725][0.271201,-0.212802,-0.938704][0.624637,0.843207,0][1.12337,0.770256,0.556545][0.419648,0.0388847,-0.906854][0.675631,0.801272,0][1.09506,0.732148,0.542935][0.279247,-0.313642,-0.907552][0.649876,0.796248,0][1.0582,0.701805,0.564928][0.100197,-0.647178,-0.755726][0.622951,0.788343,0][1.00328,0.764012,0.502725][0.271201,-0.212802,-0.938704][0.624637,0.843207,0][1.09506,0.732148,0.542935][0.279247,-0.313642,-0.907552][0.649876,0.796248,0][1.12337,0.770256,0.556545][0.419648,0.0388847,-0.906854][0.675631,0.801272,0][1.00328,0.764012,0.502725][0.271201,-0.212802,-0.938704][0.624637,0.843207,0][1.0249,0.841429,0.521147][0.289874,0.134343,-0.947589][0.664163,0.865439,0][1.00328,0.764012,0.502725][0.271201,-0.212802,-0.938704][0.624637,0.843207,0][1.0582,0.701805,0.564928][0.100197,-0.647178,-0.755726][0.622951,0.788343,0][0.965807,0.700988,0.550323][0.271015,-0.66304,-0.697803][0.585403,0.815717,0][1.00328,0.764012,0.502725][0.271201,-0.212802,-0.938704][0.624637,0.843207,0][0.93618,0.84299,0.506473][0.419065,0.143837,-0.896491][0.633569,0.898186,0][1.0249,0.841429,0.521147][0.289874,0.134343,-0.947589][0.664163,0.865439,0][1.00328,0.764012,0.502725][0.271201,-0.212802,-0.938704][0.624637,0.843207,0][0.965807,0.700988,0.550323][0.271015,-0.66304,-0.697803][0.585403,0.815717,0][0.938902,0.749214,0.488128][0.423534,-0.304213,-0.853272][0.594097,0.860701,0][0.93618,0.84299,0.506473][0.419065,0.143837,-0.896491][0.633569,0.898186,0][1.00328,0.764012,0.502725][0.271201,-0.212802,-0.938704][0.624637,0.843207,0][0.938902,0.749214,0.488128][0.423534,-0.304213,-0.853272][0.594097,0.860701,0][0.922126,0.673142,0.550976][0.377232,-0.661776,-0.64788][0.55927,0.816686,0][0.938902,0.749214,0.488128][0.423534,-0.304213,-0.853272][0.594097,0.860701,0][0.965807,0.700988,0.550323][0.271015,-0.66304,-0.697803][0.585403,0.815717,0][0.93618,0.84299,0.506473][0.419065,0.143837,-0.896491][0.633569,0.898186,0][0.938902,0.749214,0.488128][0.423534,-0.304213,-0.853272][0.594097,0.860701,0][0.893148,0.740726,0.463452][0.648977,-0.387782,-0.654564][0.572428,0.876179,0][0.922126,0.673142,0.550976][0.377232,-0.661776,-0.64788][0.55927,0.816686,0][0.893148,0.740726,0.463452][0.648977,-0.387782,-0.654564][0.572428,0.876179,0][0.938902,0.749214,0.488128][0.423534,-0.304213,-0.853272][0.594097,0.860701,0][0.893148,0.740726,0.463452][0.648977,-0.387782,-0.654564][0.572428,0.876179,0][0.922793,0.878192,0.494634][0.772601,-0.0263493,-0.634345][0.639759,0.918375,0][0.93618,0.84299,0.506473][0.419065,0.143837,-0.896491][0.633569,0.898186,0][0.893148,0.740726,0.463452][0.648977,-0.387782,-0.654564][0.572428,0.876179,0][0.922126,0.673142,0.550976][0.377232,-0.661776,-0.64788][0.55927,0.816686,0][0.835408,0.62877,0.549272][0.536369,-0.672006,-0.510604][0.510588,0.82191,0][0.866024,0.738541,0.428697][0.357128,-0.282503,-0.89031][0.559275,0.891548,0][0.922793,0.878192,0.494634][0.772601,-0.0263493,-0.634345][0.639759,0.918375,0][0.893148,0.740726,0.463452][0.648977,-0.387782,-0.654564][0.572428,0.876179,0][0.835408,0.62877,0.549272][0.536369,-0.672006,-0.510604][0.510588,0.82191,0][0.866024,0.738541,0.428697][0.357128,-0.282503,-0.89031][0.559275,0.891548,0][0.893148,0.740726,0.463452][0.648977,-0.387782,-0.654564][0.572428,0.876179,0][0.922793,0.878192,0.494634][0.772601,-0.0263493,-0.634345][0.639759,0.918375,0][0.866024,0.738541,0.428697][0.357128,-0.282503,-0.89031][0.559275,0.891548,0][0.918458,0.942125,0.476337][0.322343,0.133653,-0.93714][0.657165,0.955973,0][0.866024,0.738541,0.428697][0.357128,-0.282503,-0.89031][0.559275,0.891548,0][0.835408,0.62877,0.549272][0.536369,-0.672006,-0.510604][0.510588,0.82191,0][0.771935,0.57278,0.554498][0.124402,-0.648403,-0.751064][0.461627,0.819199,0][0.918458,0.942125,0.476337][0.322343,0.133653,-0.93714][0.657165,0.955973,0][0.866024,0.738541,0.428697][0.357128,-0.282503,-0.89031][0.559275,0.891548,0][0.793207,0.893478,0.469623][-0.092396,0.22988,-0.968823][0.581876,0.982664,0][0.866024,0.738541,0.428697][0.357128,-0.282503,-0.89031][0.559275,0.891548,0][0.771935,0.57278,0.554498][0.124402,-0.648403,-0.751064][0.461627,0.819199,0][0.772928,0.73986,0.436727][-0.137543,-0.1849,-0.973085][0.523604,0.914857,0][0.793207,0.893478,0.469623][-0.092396,0.22988,-0.968823][0.581876,0.982664,0][0.866024,0.738541,0.428697][0.357128,-0.282503,-0.89031][0.559275,0.891548,0][0.772928,0.73986,0.436727][-0.137543,-0.1849,-0.973085][0.523604,0.914857,0][0.793207,0.893478,0.469623][-0.092396,0.22988,-0.968823][0.581876,0.982664,0][0.772928,0.73986,0.436727][-0.137543,-0.1849,-0.973085][0.523604,0.914857,0][0.665592,0.807395,0.472838][-0.178942,0.227413,-0.957216][0.49244,0.978464,0][0.772928,0.73986,0.436727][-0.137543,-0.1849,-0.973085][0.523604,0.914857,0][0.771935,0.57278,0.554498][0.124402,-0.648403,-0.751064][0.461627,0.819199,0][0.721197,0.614802,0.534786][-0.12979,-0.569783,-0.811481][0.452519,0.856106,0][0.665592,0.807395,0.472838][-0.178942,0.227413,-0.957216][0.49244,0.978464,0][0.772928,0.73986,0.436727][-0.137543,-0.1849,-0.973085][0.523604,0.914857,0][0.657841,0.742347,0.459023][-0.189865,-0.239984,-0.952029][0.47546,0.943766,0][0.772928,0.73986,0.436727][-0.137543,-0.1849,-0.973085][0.523604,0.914857,0][0.721197,0.614802,0.534786][-0.12979,-0.569783,-0.811481][0.452519,0.856106,0][0.657841,0.742347,0.459023][-0.189865,-0.239984,-0.952029][0.47546,0.943766,0][0.657841,0.742347,0.459023][-0.189865,-0.239984,-0.952029][0.47546,0.943766,0][0.721197,0.614802,0.534786][-0.12979,-0.569783,-0.811481][0.452519,0.856106,0][0.636764,0.689397,0.500695][-0.170295,-0.564402,-0.807744][0.440762,0.922484,0][-1.20915,1.0004,0.573334][-0.419508,0.0964662,-0.902611][0.675631,0.801272,0][-1.1809,0.963072,0.557344][-0.280614,-0.25577,-0.925115][0.649876,0.796248,0][-1.28186,0.913217,0.603045][-0.283471,-0.269557,-0.920317][0.673678,0.739106,0][-1.1809,0.963072,0.557344][-0.280614,-0.25577,-0.925115][0.649876,0.796248,0][-1.14407,0.931299,0.577374][-0.103069,-0.598796,-0.794242][0.622951,0.788343,0][-1.28186,0.913217,0.603045][-0.283471,-0.269557,-0.920317][0.673678,0.739106,0][-1.20915,1.0004,0.573334][-0.419508,0.0964662,-0.902611][0.675631,0.801272,0][-1.08909,0.996928,0.51919][-0.271993,-0.153147,-0.950034][0.624637,0.843207,0][-1.1809,0.963072,0.557344][-0.280614,-0.25577,-0.925115][0.649876,0.796248,0][-1.1809,0.963072,0.557344][-0.280614,-0.25577,-0.925115][0.649876,0.796248,0][-1.08909,0.996928,0.51919][-0.271993,-0.153147,-0.950034][0.624637,0.843207,0][-1.14407,0.931299,0.577374][-0.103069,-0.598796,-0.794242][0.622951,0.788343,0][-1.08909,0.996928,0.51919][-0.271993,-0.153147,-0.950034][0.624637,0.843207,0][-1.20915,1.0004,0.573334][-0.419508,0.0964662,-0.902611][0.675631,0.801272,0][-1.11058,1.07317,0.542452][-0.289492,0.193977,-0.937319][0.664163,0.865439,0][-1.08909,0.996928,0.51919][-0.271993,-0.153147,-0.950034][0.624637,0.843207,0][-1.05169,0.930982,0.562718][-0.274113,-0.617841,-0.736977][0.585403,0.815717,0][-1.14407,0.931299,0.577374][-0.103069,-0.598796,-0.794242][0.622951,0.788343,0][-1.11058,1.07317,0.542452][-0.289492,0.193977,-0.937319][0.664163,0.865439,0][-1.02186,1.07525,0.527878][-0.418294,0.200585,-0.885887][0.633569,0.898186,0][-1.08909,0.996928,0.51919][-0.271993,-0.153147,-0.950034][0.624637,0.843207,0][-1.08909,0.996928,0.51919][-0.271993,-0.153147,-0.950034][0.624637,0.843207,0][-1.02473,0.982772,0.503671][-0.425144,-0.249512,-0.870055][0.594097,0.860701,0][-1.05169,0.930982,0.562718][-0.274113,-0.617841,-0.736977][0.585403,0.815717,0][-1.02186,1.07525,0.527878][-0.418294,0.200585,-0.885887][0.633569,0.898186,0][-1.02473,0.982772,0.503671][-0.425144,-0.249512,-0.870055][0.594097,0.860701,0][-1.08909,0.996928,0.51919][-0.271993,-0.153147,-0.950034][0.624637,0.843207,0][-1.02473,0.982772,0.503671][-0.425144,-0.249512,-0.870055][0.594097,0.860701,0][-1.00805,0.902964,0.561605][-0.380198,-0.619406,-0.686867][0.55927,0.816686,0][-1.05169,0.930982,0.562718][-0.274113,-0.617841,-0.736977][0.585403,0.815717,0][-1.02186,1.07525,0.527878][-0.418294,0.200585,-0.885887][0.633569,0.898186,0][-0.979,0.975605,0.478496][-0.650636,-0.34496,-0.676517][0.572428,0.876179,0][-1.02473,0.982772,0.503671][-0.425144,-0.249512,-0.870055][0.594097,0.860701,0][-1.00805,0.902964,0.561605][-0.380198,-0.619406,-0.686867][0.55927,0.816686,0][-1.02473,0.982772,0.503671][-0.425144,-0.249512,-0.870055][0.594097,0.860701,0][-0.979,0.975605,0.478496][-0.650636,-0.34496,-0.676517][0.572428,0.876179,0][-0.979,0.975605,0.478496][-0.650636,-0.34496,-0.676517][0.572428,0.876179,0][-1.02186,1.07525,0.527878][-0.418294,0.200585,-0.885887][0.633569,0.898186,0][-1.00843,1.11105,0.518273][-0.772795,0.0147607,-0.634484][0.639759,0.918375,0][-0.979,0.975605,0.478496][-0.650636,-0.34496,-0.676517][0.572428,0.876179,0][-0.921396,0.858415,0.557086][-0.539214,-0.637729,-0.550045][0.510588,0.82191,0][-1.00805,0.902964,0.561605][-0.380198,-0.619406,-0.686867][0.55927,0.816686,0][-1.00843,1.11105,0.518273][-0.772795,0.0147607,-0.634484][0.639759,0.918375,0][-0.951892,0.975418,0.443664][-0.358292,-0.225657,-0.905928][0.559275,0.891548,0][-0.979,0.975605,0.478496][-0.650636,-0.34496,-0.676517][0.572428,0.876179,0][-0.951892,0.975418,0.443664][-0.358292,-0.225657,-0.905928][0.559275,0.891548,0][-0.921396,0.858415,0.557086][-0.539214,-0.637729,-0.550045][0.510588,0.82191,0][-0.979,0.975605,0.478496][-0.650636,-0.34496,-0.676517][0.572428,0.876179,0][-0.951892,0.975418,0.443664][-0.358292,-0.225657,-0.905928][0.559275,0.891548,0][-1.00843,1.11105,0.518273][-0.772795,0.0147607,-0.634484][0.639759,0.918375,0][-1.004,1.17595,0.504032][-0.322333,0.192602,-0.926826][0.657165,0.955973,0][-0.951892,0.975418,0.443664][-0.358292,-0.225657,-0.905928][0.559275,0.891548,0][-0.858005,0.801946,0.55876][-0.126621,-0.600067,-0.789865][0.461627,0.819199,0][-0.921396,0.858415,0.557086][-0.539214,-0.637729,-0.550045][0.510588,0.82191,0][-0.951892,0.975418,0.443664][-0.358292,-0.225657,-0.905928][0.559275,0.891548,0][-1.004,1.17595,0.504032][-0.322333,0.192602,-0.926826][0.657165,0.955973,0][-0.878824,1.12728,0.494233][0.0931709,0.290031,-0.952471][0.581876,0.982664,0][-0.858005,0.801946,0.55876][-0.126621,-0.600067,-0.789865][0.461627,0.819199,0][-0.951892,0.975418,0.443664][-0.358292,-0.225657,-0.905928][0.559275,0.891548,0][-0.858789,0.975855,0.451733][0.136782,-0.124029,-0.982806][0.523604,0.914857,0][-0.878824,1.12728,0.494233][0.0931709,0.290031,-0.952471][0.581876,0.982664,0][-0.858789,0.975855,0.451733][0.136782,-0.124029,-0.982806][0.523604,0.914857,0][-0.951892,0.975418,0.443664][-0.358292,-0.225657,-0.905928][0.559275,0.891548,0][-0.858005,0.801946,0.55876][-0.126621,-0.600067,-0.789865][0.461627,0.819199,0][-0.858789,0.975855,0.451733][0.136782,-0.124029,-0.982806][0.523604,0.914857,0][-0.807209,0.844872,0.541715][0.127534,-0.518418,-0.845564][0.452519,0.856106,0][-0.878824,1.12728,0.494233][0.0931709,0.290031,-0.952471][0.581876,0.982664,0][-0.751335,1.04063,0.491986][0.179705,0.28669,-0.941018][0.49244,0.978464,0][-0.858789,0.975855,0.451733][0.136782,-0.124029,-0.982806][0.523604,0.914857,0][-0.858789,0.975855,0.451733][0.136782,-0.124029,-0.982806][0.523604,0.914857,0][-0.722675,0.92104,0.512357][0.168083,-0.513358,-0.841553][0.440762,0.922484,0][-0.807209,0.844872,0.541715][0.127534,-0.518418,-0.845564][0.452519,0.856106,0][-0.751335,1.04063,0.491986][0.179705,0.28669,-0.941018][0.49244,0.978464,0][-0.743687,0.976504,0.474105][0.188871,-0.180931,-0.96519][0.47546,0.943766,0][-0.858789,0.975855,0.451733][0.136782,-0.124029,-0.982806][0.523604,0.914857,0][-0.722675,0.92104,0.512357][0.168083,-0.513358,-0.841553][0.440762,0.922484,0][-0.858789,0.975855,0.451733][0.136782,-0.124029,-0.982806][0.523604,0.914857,0][-0.743687,0.976504,0.474105][0.188871,-0.180931,-0.96519][0.47546,0.943766,0][1.20915,1.0004,0.573334][0.419508,0.0964662,-0.902612][0.675631,0.801272,0][1.28186,0.913217,0.603045][0.283471,-0.269557,-0.920317][0.673678,0.739106,0][1.1809,0.963072,0.557344][0.280614,-0.25577,-0.925115][0.649876,0.796248,0][1.1809,0.963072,0.557344][0.280614,-0.25577,-0.925115][0.649876,0.796248,0][1.28186,0.913217,0.603045][0.283471,-0.269557,-0.920317][0.673678,0.739106,0][1.14407,0.931299,0.577374][0.103069,-0.598796,-0.794242][0.622951,0.788343,0][1.08909,0.996928,0.51919][0.271994,-0.153147,-0.950034][0.624637,0.843207,0][1.20915,1.0004,0.573334][0.419508,0.0964662,-0.902612][0.675631,0.801272,0][1.1809,0.963072,0.557344][0.280614,-0.25577,-0.925115][0.649876,0.796248,0][1.14407,0.931299,0.577374][0.103069,-0.598796,-0.794242][0.622951,0.788343,0][1.08909,0.996928,0.51919][0.271994,-0.153147,-0.950034][0.624637,0.843207,0][1.1809,0.963072,0.557344][0.280614,-0.25577,-0.925115][0.649876,0.796248,0][1.20915,1.0004,0.573334][0.419508,0.0964662,-0.902612][0.675631,0.801272,0][1.08909,0.996928,0.51919][0.271994,-0.153147,-0.950034][0.624637,0.843207,0][1.11058,1.07317,0.542452][0.289492,0.193977,-0.937319][0.664163,0.865439,0][1.08909,0.996928,0.51919][0.271994,-0.153147,-0.950034][0.624637,0.843207,0][1.14407,0.931299,0.577374][0.103069,-0.598796,-0.794242][0.622951,0.788343,0][1.05169,0.930982,0.562718][0.274113,-0.617841,-0.736977][0.585403,0.815717,0][1.08909,0.996928,0.51919][0.271994,-0.153147,-0.950034][0.624637,0.843207,0][1.02186,1.07525,0.527878][0.418294,0.200585,-0.885887][0.633569,0.898186,0][1.11058,1.07317,0.542452][0.289492,0.193977,-0.937319][0.664163,0.865439,0][1.08909,0.996928,0.51919][0.271994,-0.153147,-0.950034][0.624637,0.843207,0][1.05169,0.930982,0.562718][0.274113,-0.617841,-0.736977][0.585403,0.815717,0][1.02473,0.982772,0.503671][0.425145,-0.249513,-0.870055][0.594097,0.860701,0][1.02186,1.07525,0.527878][0.418294,0.200585,-0.885887][0.633569,0.898186,0][1.08909,0.996928,0.51919][0.271994,-0.153147,-0.950034][0.624637,0.843207,0][1.02473,0.982772,0.503671][0.425145,-0.249513,-0.870055][0.594097,0.860701,0][1.00805,0.902964,0.561605][0.380197,-0.619405,-0.686867][0.55927,0.816686,0][1.02473,0.982772,0.503671][0.425145,-0.249513,-0.870055][0.594097,0.860701,0][1.05169,0.930982,0.562718][0.274113,-0.617841,-0.736977][0.585403,0.815717,0][1.02186,1.07525,0.527878][0.418294,0.200585,-0.885887][0.633569,0.898186,0][1.02473,0.982772,0.503671][0.425145,-0.249513,-0.870055][0.594097,0.860701,0][0.979,0.975605,0.478496][0.650636,-0.34496,-0.676517][0.572428,0.876179,0][1.02473,0.982772,0.503671][0.425145,-0.249513,-0.870055][0.594097,0.860701,0][1.00805,0.902964,0.561605][0.380197,-0.619405,-0.686867][0.55927,0.816686,0][0.979,0.975605,0.478496][0.650636,-0.34496,-0.676517][0.572428,0.876179,0][0.979,0.975605,0.478496][0.650636,-0.34496,-0.676517][0.572428,0.876179,0][1.00843,1.11105,0.518273][0.772794,0.01476,-0.634485][0.639759,0.918375,0][1.02186,1.07525,0.527878][0.418294,0.200585,-0.885887][0.633569,0.898186,0][0.921396,0.858415,0.557086][0.539214,-0.637729,-0.550046][0.510588,0.82191,0][0.979,0.975605,0.478496][0.650636,-0.34496,-0.676517][0.572428,0.876179,0][1.00805,0.902964,0.561605][0.380197,-0.619405,-0.686867][0.55927,0.816686,0][0.951892,0.975418,0.443664][0.358291,-0.225657,-0.905928][0.559275,0.891548,0][1.00843,1.11105,0.518273][0.772794,0.01476,-0.634485][0.639759,0.918375,0][0.979,0.975605,0.478496][0.650636,-0.34496,-0.676517][0.572428,0.876179,0][0.921396,0.858415,0.557086][0.539214,-0.637729,-0.550046][0.510588,0.82191,0][0.951892,0.975418,0.443664][0.358291,-0.225657,-0.905928][0.559275,0.891548,0][0.979,0.975605,0.478496][0.650636,-0.34496,-0.676517][0.572428,0.876179,0][1.00843,1.11105,0.518273][0.772794,0.01476,-0.634485][0.639759,0.918375,0][0.951892,0.975418,0.443664][0.358291,-0.225657,-0.905928][0.559275,0.891548,0][1.004,1.17595,0.504032][0.322333,0.192602,-0.926826][0.657165,0.955973,0][0.951892,0.975418,0.443664][0.358291,-0.225657,-0.905928][0.559275,0.891548,0][0.921396,0.858415,0.557086][0.539214,-0.637729,-0.550046][0.510588,0.82191,0][0.858005,0.801946,0.55876][0.126622,-0.600067,-0.789865][0.461627,0.819199,0][1.004,1.17595,0.504032][0.322333,0.192602,-0.926826][0.657165,0.955973,0][0.951892,0.975418,0.443664][0.358291,-0.225657,-0.905928][0.559275,0.891548,0][0.878824,1.12728,0.494233][-0.0931709,0.290031,-0.952471][0.581876,0.982664,0][0.951892,0.975418,0.443664][0.358291,-0.225657,-0.905928][0.559275,0.891548,0][0.858005,0.801946,0.55876][0.126622,-0.600067,-0.789865][0.461627,0.819199,0][0.85879,0.975855,0.451733][-0.136782,-0.124029,-0.982806][0.523604,0.914857,0][0.878824,1.12728,0.494233][-0.0931709,0.290031,-0.952471][0.581876,0.982664,0][0.951892,0.975418,0.443664][0.358291,-0.225657,-0.905928][0.559275,0.891548,0][0.85879,0.975855,0.451733][-0.136782,-0.124029,-0.982806][0.523604,0.914857,0][0.85879,0.975855,0.451733][-0.136782,-0.124029,-0.982806][0.523604,0.914857,0][0.858005,0.801946,0.55876][0.126622,-0.600067,-0.789865][0.461627,0.819199,0][0.807209,0.844872,0.541715][-0.127533,-0.518418,-0.845564][0.452519,0.856106,0][0.878824,1.12728,0.494233][-0.0931709,0.290031,-0.952471][0.581876,0.982664,0][0.85879,0.975855,0.451733][-0.136782,-0.124029,-0.982806][0.523604,0.914857,0][0.751335,1.04063,0.491986][-0.179704,0.286691,-0.941018][0.49244,0.978464,0][0.722675,0.92104,0.512357][-0.168083,-0.513358,-0.841553][0.440762,0.922484,0][0.85879,0.975855,0.451733][-0.136782,-0.124029,-0.982806][0.523604,0.914857,0][0.807209,0.844872,0.541715][-0.127533,-0.518418,-0.845564][0.452519,0.856106,0][0.751335,1.04063,0.491986][-0.179704,0.286691,-0.941018][0.49244,0.978464,0][0.85879,0.975855,0.451733][-0.136782,-0.124029,-0.982806][0.523604,0.914857,0][0.743687,0.976504,0.474105][-0.18887,-0.18093,-0.96519][0.47546,0.943766,0][0.85879,0.975855,0.451733][-0.136782,-0.124029,-0.982806][0.523604,0.914857,0][0.722675,0.92104,0.512357][-0.168083,-0.513358,-0.841553][0.440762,0.922484,0][0.743687,0.976504,0.474105][-0.18887,-0.18093,-0.96519][0.47546,0.943766,0][-0.887305,1.23088,0.385356][0.820307,0.494379,-0.287553][0.47546,0.943766,0][-0.87994,1.24677,0.433671][0.820307,0.494379,-0.287553][0.449494,0.964806,0][-0.852228,1.19446,0.422804][0.820307,0.494379,-0.287553][0.440762,0.922484,0][-0.87994,1.24677,0.433671][0.820307,0.494379,-0.287553][0.449494,0.964806,0][-0.887305,1.23088,0.385356][0.820307,0.494379,-0.287553][0.47546,0.943766,0][-0.915017,1.28319,0.396221][0.820307,0.494379,-0.287553][0.49244,0.978464,0][0.87994,1.24677,0.433671][-0.820307,0.494378,-0.287554][0.449494,0.964806,0][0.887305,1.23088,0.385356][-0.820307,0.494378,-0.287554][0.47546,0.943766,0][0.852228,1.19446,0.422804][-0.820307,0.494378,-0.287554][0.440762,0.922484,0][0.887305,1.23088,0.385356][-0.820307,0.494378,-0.287554][0.47546,0.943766,0][0.87994,1.24677,0.433671][-0.820307,0.494378,-0.287554][0.449494,0.964806,0][0.915017,1.28319,0.396221][-0.820307,0.494378,-0.287554][0.49244,0.978464,0][-1.4059,1.31573,0.389072][-0.409285,-0.0869595,-0.908253][0.675631,0.801272,0][-1.37234,1.28899,0.3775][-0.189714,-0.388644,-0.901645][0.649876,0.796248,0][-1.44677,1.22846,0.420435][-0.190982,-0.40072,-0.896074][0.673678,0.739106,0][-1.37234,1.28899,0.3775][-0.189714,-0.388644,-0.901645][0.649876,0.796248,0][-1.33365,1.27125,0.397224][0.0610405,-0.662638,-0.746448][0.622951,0.788343,0][-1.44677,1.22846,0.420435][-0.190982,-0.40072,-0.896074][0.673678,0.739106,0][-1.4059,1.31573,0.389072][-0.409285,-0.0869595,-0.908253][0.675631,0.801272,0][-1.3019,1.33454,0.342173][-0.204112,-0.287013,-0.935928][0.624637,0.843207,0][-1.37234,1.28899,0.3775][-0.189714,-0.388644,-0.901645][0.649876,0.796248,0][-1.33365,1.27125,0.397224][0.0610405,-0.662638,-0.746448][0.622951,0.788343,0][-1.37234,1.28899,0.3775][-0.189714,-0.388644,-0.901645][0.649876,0.796248,0][-1.3019,1.33454,0.342173][-0.204112,-0.287013,-0.935928][0.624637,0.843207,0][-1.3019,1.33454,0.342173][-0.204112,-0.287013,-0.935928][0.624637,0.843207,0][-1.4059,1.31573,0.389072][-0.409285,-0.0869595,-0.908253][0.675631,0.801272,0][-1.33949,1.3962,0.357683][-0.308432,0.039416,-0.950429][0.664163,0.865439,0][-1.3019,1.33454,0.342173][-0.204112,-0.287013,-0.935928][0.624637,0.843207,0][-1.25478,1.28957,0.384694][-0.101853,-0.722188,-0.684157][0.585403,0.815717,0][-1.33365,1.27125,0.397224][0.0610405,-0.662638,-0.746448][0.622951,0.788343,0][-1.3019,1.33454,0.342173][-0.204112,-0.287013,-0.935928][0.624637,0.843207,0][-1.33949,1.3962,0.357683][-0.308432,0.039416,-0.950429][0.664163,0.865439,0][-1.26433,1.41578,0.345061][-0.431776,0.0157479,-0.901843][0.633569,0.898186,0][-1.25478,1.28957,0.384694][-0.101853,-0.722188,-0.684157][0.585403,0.815717,0][-1.3019,1.33454,0.342173][-0.204112,-0.287013,-0.935928][0.624637,0.843207,0][-1.24341,1.33514,0.329669][-0.333811,-0.418605,-0.844595][0.594097,0.860701,0][-1.26433,1.41578,0.345061][-0.431776,0.0157479,-0.901843][0.633569,0.898186,0][-1.24341,1.33514,0.329669][-0.333811,-0.418605,-0.844595][0.594097,0.860701,0][-1.3019,1.33454,0.342173][-0.204112,-0.287013,-0.935928][0.624637,0.843207,0][-1.24341,1.33514,0.329669][-0.333811,-0.418605,-0.844595][0.594097,0.860701,0][-1.21077,1.27501,0.385644][-0.203546,-0.747384,-0.632445][0.55927,0.816686,0][-1.25478,1.28957,0.384694][-0.101853,-0.722188,-0.684157][0.585403,0.815717,0][-1.26433,1.41578,0.345061][-0.431776,0.0157479,-0.901843][0.633569,0.898186,0][-1.20225,1.33704,0.30818][-0.526953,-0.557262,-0.641701][0.572428,0.876179,0][-1.24341,1.33514,0.329669][-0.333811,-0.418605,-0.844595][0.594097,0.860701,0][-1.21077,1.27501,0.385644][-0.203546,-0.747384,-0.632445][0.55927,0.816686,0][-1.24341,1.33514,0.329669][-0.333811,-0.418605,-0.844595][0.594097,0.860701,0][-1.20225,1.33704,0.30818][-0.526953,-0.557262,-0.641701][0.572428,0.876179,0][-1.20225,1.33704,0.30818][-0.526953,-0.557262,-0.641701][0.572428,0.876179,0][-1.26433,1.41578,0.345061][-0.431776,0.0157479,-0.901843][0.633569,0.898186,0][-1.26155,1.44831,0.334405][-0.734147,-0.246036,-0.632846][0.639759,0.918375,0][-1.20225,1.33704,0.30818][-0.526953,-0.557262,-0.641701][0.572428,0.876179,0][-1.12607,1.25532,0.384799][-0.353437,-0.795705,-0.491869][0.510588,0.82191,0][-1.21077,1.27501,0.385644][-0.203546,-0.747384,-0.632445][0.55927,0.816686,0][-1.26155,1.44831,0.334405][-0.734147,-0.246036,-0.632846][0.639759,0.918375,0][-1.17843,1.34024,0.277709][-0.269197,-0.376437,-0.886469][0.559275,0.891548,0][-1.20225,1.33704,0.30818][-0.526953,-0.557262,-0.641701][0.572428,0.876179,0][-1.17843,1.34024,0.277709][-0.269197,-0.376437,-0.886469][0.559275,0.891548,0][-1.12607,1.25532,0.384799][-0.353437,-0.795705,-0.491869][0.510588,0.82191,0][-1.20225,1.33704,0.30818][-0.526953,-0.557262,-0.641701][0.572428,0.876179,0][-1.17843,1.34024,0.277709][-0.269197,-0.376437,-0.886469][0.559275,0.891548,0][-1.26155,1.44831,0.334405][-0.734147,-0.246036,-0.632846][0.639759,0.918375,0][-1.27352,1.50327,0.317801][-0.342472,0.0284693,-0.939097][0.657165,0.955973,0][-1.17843,1.34024,0.277709][-0.269197,-0.376437,-0.886469][0.559275,0.891548,0][-1.05832,1.22103,0.390067][0.0451863,-0.666083,-0.744508][0.461627,0.819199,0][-1.12607,1.25532,0.384799][-0.353437,-0.795705,-0.491869][0.510588,0.82191,0][-1.17843,1.34024,0.277709][-0.269197,-0.376437,-0.886469][0.559275,0.891548,0][-1.27352,1.50327,0.317801][-0.342472,0.0284693,-0.939097][0.657165,0.955973,0][-1.15496,1.4879,0.312715][0.0391167,0.239193,-0.970184][0.581876,0.982664,0][-1.05832,1.22103,0.390067][0.0451863,-0.666083,-0.744508][0.461627,0.819199,0][-1.17843,1.34024,0.277709][-0.269197,-0.376437,-0.886469][0.559275,0.891548,0][-1.09963,1.36092,0.285081][0.184186,-0.151085,-0.97121][0.523604,0.914857,0][-1.15496,1.4879,0.312715][0.0391167,0.239193,-0.970184][0.581876,0.982664,0][-1.09963,1.36092,0.285081][0.184186,-0.151085,-0.97121][0.523604,0.914857,0][-1.17843,1.34024,0.277709][-0.269197,-0.376437,-0.886469][0.559275,0.891548,0][-1.15496,1.4879,0.312715][0.0391167,0.239193,-0.970184][0.581876,0.982664,0][-1.02523,1.44135,0.316675][0.124149,0.261143,-0.957283][0.49244,0.978464,0][-1.09963,1.36092,0.285081][0.184186,-0.151085,-0.97121][0.523604,0.914857,0][-1.05832,1.22103,0.390067][0.0451863,-0.666083,-0.744508][0.461627,0.819199,0][-1.09963,1.36092,0.285081][0.184186,-0.151085,-0.97121][0.523604,0.914857,0][-1.02541,1.26701,0.372555][0.267919,-0.525407,-0.807568][0.452519,0.856106,0][-1.02523,1.44135,0.316675][0.124149,0.261143,-0.957283][0.49244,0.978464,0][-1.00251,1.38741,0.305072][0.249343,-0.197603,-0.948041][0.47546,0.943766,0][-1.09963,1.36092,0.285081][0.184186,-0.151085,-0.97121][0.523604,0.914857,0][-1.02541,1.26701,0.372555][0.267919,-0.525407,-0.807568][0.452519,0.856106,0][-1.09963,1.36092,0.285081][0.184186,-0.151085,-0.97121][0.523604,0.914857,0][-1.00251,1.38741,0.305072][0.249343,-0.197603,-0.948041][0.47546,0.943766,0][-1.02541,1.26701,0.372555][0.267919,-0.525407,-0.807568][0.452519,0.856106,0][-1.00251,1.38741,0.305072][0.249343,-0.197603,-0.948041][0.47546,0.943766,0][-0.971786,1.34748,0.342241][0.306159,-0.509098,-0.804416][0.440762,0.922484,0][1.4059,1.31573,0.389072][0.409287,-0.0869602,-0.908252][0.675631,0.801272,0][1.44677,1.22846,0.420435][0.190985,-0.400721,-0.896073][0.673678,0.739106,0][1.37234,1.28899,0.3775][0.189715,-0.388644,-0.901645][0.649876,0.796248,0][1.37234,1.28899,0.3775][0.189715,-0.388644,-0.901645][0.649876,0.796248,0][1.44677,1.22846,0.420435][0.190985,-0.400721,-0.896073][0.673678,0.739106,0][1.33365,1.27125,0.397224][-0.0610402,-0.662638,-0.746449][0.622951,0.788343,0][1.3019,1.33454,0.342173][0.204112,-0.287013,-0.935928][0.624637,0.843207,0][1.4059,1.31573,0.389072][0.409287,-0.0869602,-0.908252][0.675631,0.801272,0][1.37234,1.28899,0.3775][0.189715,-0.388644,-0.901645][0.649876,0.796248,0][1.33365,1.27125,0.397224][-0.0610402,-0.662638,-0.746449][0.622951,0.788343,0][1.3019,1.33454,0.342173][0.204112,-0.287013,-0.935928][0.624637,0.843207,0][1.37234,1.28899,0.3775][0.189715,-0.388644,-0.901645][0.649876,0.796248,0][1.4059,1.31573,0.389072][0.409287,-0.0869602,-0.908252][0.675631,0.801272,0][1.3019,1.33454,0.342173][0.204112,-0.287013,-0.935928][0.624637,0.843207,0][1.33949,1.3962,0.357683][0.308432,0.039416,-0.950429][0.664163,0.865439,0][1.3019,1.33454,0.342173][0.204112,-0.287013,-0.935928][0.624637,0.843207,0][1.33365,1.27125,0.397224][-0.0610402,-0.662638,-0.746449][0.622951,0.788343,0][1.25478,1.28957,0.384694][0.101853,-0.722188,-0.684157][0.585403,0.815717,0][1.3019,1.33454,0.342173][0.204112,-0.287013,-0.935928][0.624637,0.843207,0][1.26433,1.41578,0.345061][0.431777,0.015748,-0.901843][0.633569,0.898186,0][1.33949,1.3962,0.357683][0.308432,0.039416,-0.950429][0.664163,0.865439,0][1.25478,1.28957,0.384694][0.101853,-0.722188,-0.684157][0.585403,0.815717,0][1.24341,1.33514,0.329669][0.333811,-0.418604,-0.844595][0.594097,0.860701,0][1.3019,1.33454,0.342173][0.204112,-0.287013,-0.935928][0.624637,0.843207,0][1.26433,1.41578,0.345061][0.431777,0.015748,-0.901843][0.633569,0.898186,0][1.3019,1.33454,0.342173][0.204112,-0.287013,-0.935928][0.624637,0.843207,0][1.24341,1.33514,0.329669][0.333811,-0.418604,-0.844595][0.594097,0.860701,0][1.24341,1.33514,0.329669][0.333811,-0.418604,-0.844595][0.594097,0.860701,0][1.25478,1.28957,0.384694][0.101853,-0.722188,-0.684157][0.585403,0.815717,0][1.21077,1.27501,0.385644][0.203546,-0.747384,-0.632444][0.55927,0.816686,0][1.20225,1.33704,0.30818][0.526951,-0.557261,-0.641702][0.572428,0.876179,0][1.26433,1.41578,0.345061][0.431777,0.015748,-0.901843][0.633569,0.898186,0][1.24341,1.33514,0.329669][0.333811,-0.418604,-0.844595][0.594097,0.860701,0][1.21077,1.27501,0.385644][0.203546,-0.747384,-0.632444][0.55927,0.816686,0][1.20225,1.33704,0.30818][0.526951,-0.557261,-0.641702][0.572428,0.876179,0][1.24341,1.33514,0.329669][0.333811,-0.418604,-0.844595][0.594097,0.860701,0][1.26433,1.41578,0.345061][0.431777,0.015748,-0.901843][0.633569,0.898186,0][1.20225,1.33704,0.30818][0.526951,-0.557261,-0.641702][0.572428,0.876179,0][1.26155,1.44831,0.334405][0.734144,-0.246035,-0.63285][0.639759,0.918375,0][1.20225,1.33704,0.30818][0.526951,-0.557261,-0.641702][0.572428,0.876179,0][1.21077,1.27501,0.385644][0.203546,-0.747384,-0.632444][0.55927,0.816686,0][1.12607,1.25532,0.384799][0.353437,-0.795705,-0.49187][0.510588,0.82191,0][1.17843,1.34024,0.277709][0.269196,-0.376436,-0.88647][0.559275,0.891548,0][1.26155,1.44831,0.334405][0.734144,-0.246035,-0.63285][0.639759,0.918375,0][1.20225,1.33704,0.30818][0.526951,-0.557261,-0.641702][0.572428,0.876179,0][1.12607,1.25532,0.384799][0.353437,-0.795705,-0.49187][0.510588,0.82191,0][1.17843,1.34024,0.277709][0.269196,-0.376436,-0.88647][0.559275,0.891548,0][1.20225,1.33704,0.30818][0.526951,-0.557261,-0.641702][0.572428,0.876179,0][1.26155,1.44831,0.334405][0.734144,-0.246035,-0.63285][0.639759,0.918375,0][1.17843,1.34024,0.277709][0.269196,-0.376436,-0.88647][0.559275,0.891548,0][1.27352,1.50327,0.317801][0.34247,0.0284698,-0.939097][0.657165,0.955973,0][1.17843,1.34024,0.277709][0.269196,-0.376436,-0.88647][0.559275,0.891548,0][1.12607,1.25532,0.384799][0.353437,-0.795705,-0.49187][0.510588,0.82191,0][1.05832,1.22103,0.390067][-0.0451866,-0.666083,-0.744508][0.461627,0.819199,0][1.27352,1.50327,0.317801][0.34247,0.0284698,-0.939097][0.657165,0.955973,0][1.17843,1.34024,0.277709][0.269196,-0.376436,-0.88647][0.559275,0.891548,0][1.15496,1.4879,0.312715][-0.0391169,0.239193,-0.970184][0.581876,0.982664,0][1.05832,1.22103,0.390067][-0.0451866,-0.666083,-0.744508][0.461627,0.819199,0][1.09963,1.36092,0.285081][-0.184186,-0.151084,-0.97121][0.523604,0.914857,0][1.17843,1.34024,0.277709][0.269196,-0.376436,-0.88647][0.559275,0.891548,0][1.15496,1.4879,0.312715][-0.0391169,0.239193,-0.970184][0.581876,0.982664,0][1.17843,1.34024,0.277709][0.269196,-0.376436,-0.88647][0.559275,0.891548,0][1.09963,1.36092,0.285081][-0.184186,-0.151084,-0.97121][0.523604,0.914857,0][1.15496,1.4879,0.312715][-0.0391169,0.239193,-0.970184][0.581876,0.982664,0][1.09963,1.36092,0.285081][-0.184186,-0.151084,-0.97121][0.523604,0.914857,0][1.02523,1.44135,0.316675][-0.124149,0.261143,-0.957283][0.49244,0.978464,0][1.09963,1.36092,0.285081][-0.184186,-0.151084,-0.97121][0.523604,0.914857,0][1.05832,1.22103,0.390067][-0.0451866,-0.666083,-0.744508][0.461627,0.819199,0][1.02541,1.26701,0.372555][-0.267918,-0.525407,-0.807569][0.452519,0.856106,0][1.02523,1.44135,0.316675][-0.124149,0.261143,-0.957283][0.49244,0.978464,0][1.09963,1.36092,0.285081][-0.184186,-0.151084,-0.97121][0.523604,0.914857,0][1.00251,1.38741,0.305072][-0.249343,-0.197603,-0.948041][0.47546,0.943766,0][1.02541,1.26701,0.372555][-0.267918,-0.525407,-0.807569][0.452519,0.856106,0][1.00251,1.38741,0.305072][-0.249343,-0.197603,-0.948041][0.47546,0.943766,0][1.09963,1.36092,0.285081][-0.184186,-0.151084,-0.97121][0.523604,0.914857,0][1.00251,1.38741,0.305072][-0.249343,-0.197603,-0.948041][0.47546,0.943766,0][1.02541,1.26701,0.372555][-0.267918,-0.525407,-0.807569][0.452519,0.856106,0][0.971786,1.34748,0.342241][-0.306159,-0.509098,-0.804417][0.440762,0.922484,0][-1.07681,1.42428,0.419631][-0.687355,-0.698511,-0.199064][0.8831,0.700847,0][-1.3039,1.58394,0.422676][-0.135875,-0.763509,-0.631341][0.897755,0.754213,0][-1.31511,1.62487,0.297019][-0.374724,-0.914264,-0.153956][0.843969,0.732755,0][-1.3039,1.58394,0.422676][-0.135875,-0.763509,-0.631341][0.897755,0.754213,0][-1.47179,1.60404,0.357705][0.269203,-0.663799,-0.697783][0.8369,0.775157,0][-1.31511,1.62487,0.297019][-0.374724,-0.914264,-0.153956][0.843969,0.732755,0][-1.07681,1.42428,0.419631][-0.687355,-0.698511,-0.199064][0.8831,0.700847,0][-1.14483,1.41035,0.551366][-0.243859,-0.589304,-0.77023][0.91553,0.718102,0][-1.3039,1.58394,0.422676][-0.135875,-0.763509,-0.631341][0.897755,0.754213,0][-1.07681,1.42428,0.419631][-0.687355,-0.698511,-0.199064][0.8831,0.700847,0][-0.88003,1.13333,0.5262][-0.8024,-0.498985,-0.327365][0.920403,0.665996,0][-1.14483,1.41035,0.551366][-0.243859,-0.589304,-0.77023][0.91553,0.718102,0][-1.14483,1.41035,0.551366][-0.243859,-0.589304,-0.77023][0.91553,0.718102,0][-0.88003,1.13333,0.5262][-0.8024,-0.498985,-0.327365][0.920403,0.665996,0][-0.971961,1.10449,0.667582][-0.315504,-0.379136,-0.869892][0.950525,0.679463,0][-1.07681,1.42428,0.419631][-0.687355,-0.698511,-0.199064][0.8831,0.700847,0][-0.860089,1.14667,0.283888][-0.831586,-0.536691,-0.142926][0.89028,0.652529,0][-0.88003,1.13333,0.5262][-0.8024,-0.498985,-0.327365][0.920403,0.665996,0][-1.07348,1.41769,0.187494][-0.694487,-0.71883,-0.0311826][0.853118,0.684215,0][-0.860089,1.14667,0.283888][-0.831586,-0.536691,-0.142926][0.89028,0.652529,0][-1.07681,1.42428,0.419631][-0.687355,-0.698511,-0.199064][0.8831,0.700847,0][-1.07348,1.41769,0.187494][-0.694487,-0.71883,-0.0311826][0.853118,0.684215,0][-1.07681,1.42428,0.419631][-0.687355,-0.698511,-0.199064][0.8831,0.700847,0][-1.31511,1.62487,0.297019][-0.374724,-0.914264,-0.153956][0.843969,0.732755,0][-1.07348,1.41769,0.187494][-0.694487,-0.71883,-0.0311826][0.853118,0.684215,0][-1.31511,1.62487,0.297019][-0.374724,-0.914264,-0.153956][0.843969,0.732755,0][-1.34002,1.6158,0.0891041][-0.442473,-0.89547,0.0484819][0.814343,0.717159,0][-1.55023,1.68621,0.196918][0.0567114,-0.955952,-0.287992][0.806223,0.756816,0][-1.31511,1.62487,0.297019][-0.374724,-0.914264,-0.153956][0.843969,0.732755,0][-1.47179,1.60404,0.357705][0.269203,-0.663799,-0.697783][0.8369,0.775157,0][-1.31511,1.62487,0.297019][-0.374724,-0.914264,-0.153956][0.843969,0.732755,0][-1.55023,1.68621,0.196918][0.0567114,-0.955952,-0.287992][0.806223,0.756816,0][-1.34002,1.6158,0.0891041][-0.442473,-0.89547,0.0484819][0.814343,0.717159,0][-1.47179,1.60404,0.357705][0.269203,-0.663799,-0.697783][0.8369,0.775157,0][-1.70421,1.5688,0.230447][0.450955,-0.505131,-0.735855][0.79692,0.790915,0][-1.55023,1.68621,0.196918][0.0567114,-0.955952,-0.287992][0.806223,0.756816,0][-1.59037,1.68377,0.0318773][-0.109062,-0.993829,0.0202182][0.782282,0.745271,0][-1.34002,1.6158,0.0891041][-0.442473,-0.89547,0.0484819][0.814343,0.717159,0][-1.55023,1.68621,0.196918][0.0567114,-0.955952,-0.287992][0.806223,0.756816,0][-1.59037,1.68377,0.0318773][-0.109062,-0.993829,0.0202182][0.782282,0.745271,0][-1.34348,1.61112,-0.0246457][-0.419433,-0.907243,0.0314015][0.801774,0.708466,0][-1.34002,1.6158,0.0891041][-0.442473,-0.89547,0.0484819][0.814343,0.717159,0][-1.77739,1.66361,0.105266][0.399897,-0.817657,-0.414149][0.772678,0.776231,0][-1.55023,1.68621,0.196918][0.0567114,-0.955952,-0.287992][0.806223,0.756816,0][-1.70421,1.5688,0.230447][0.450955,-0.505131,-0.735855][0.79692,0.790915,0][-1.55023,1.68621,0.196918][0.0567114,-0.955952,-0.287992][0.806223,0.756816,0][-1.77739,1.66361,0.105266][0.399897,-0.817657,-0.414149][0.772678,0.776231,0][-1.59037,1.68377,0.0318773][-0.109062,-0.993829,0.0202182][0.782282,0.745271,0][-1.78263,1.52674,0.208768][0.488405,-0.461161,-0.740805][0.787129,0.79905,0][-1.77739,1.66361,0.105266][0.399897,-0.817657,-0.414149][0.772678,0.776231,0][-1.70421,1.5688,0.230447][0.450955,-0.505131,-0.735855][0.79692,0.790915,0][-1.34348,1.61112,-0.0246457][-0.419433,-0.907243,0.0314015][0.801774,0.708466,0][-1.59037,1.68377,0.0318773][-0.109062,-0.993829,0.0202182][0.782282,0.745271,0][-1.61698,1.68175,-0.0800092][-0.116592,-0.992324,0.0412342][0.768125,0.738661,0][-1.61698,1.68175,-0.0800092][-0.116592,-0.992324,0.0412342][0.768125,0.738661,0][-1.34695,1.60645,-0.138396][-0.385066,-0.922166,0.0365161][0.789204,0.699773,0][-1.34348,1.61112,-0.0246457][-0.419433,-0.907243,0.0314015][0.801774,0.708466,0][-1.34695,1.60645,-0.138396][-0.385066,-0.922166,0.0365161][0.789204,0.699773,0][-1.61698,1.68175,-0.0800092][-0.116592,-0.992324,0.0412342][0.768125,0.738661,0][-1.64359,1.67973,-0.191896][-0.0886209,-0.995402,0.0363625][0.753967,0.732052,0][-1.80294,1.67652,-0.059128][0.209489,-0.975672,-0.0646456][0.738996,0.766616,0][-1.64359,1.67973,-0.191896][-0.0886209,-0.995402,0.0363625][0.753967,0.732052,0][-1.61698,1.68175,-0.0800092][-0.116592,-0.992324,0.0412342][0.768125,0.738661,0][-1.64359,1.67973,-0.191896][-0.0886209,-0.995402,0.0363625][0.753967,0.732052,0][-1.80294,1.67652,-0.059128][0.209489,-0.975672,-0.0646456][0.738996,0.766616,0][-1.85308,1.6725,-0.15297][0.187375,-0.98072,-0.0554844][0.723116,0.76321,0][-1.61698,1.68175,-0.0800092][-0.116592,-0.992324,0.0412342][0.768125,0.738661,0][-1.75279,1.68053,0.0347141][0.167798,-0.983879,-0.0618466][0.754876,0.770022,0][-1.80294,1.67652,-0.059128][0.209489,-0.975672,-0.0646456][0.738996,0.766616,0][-1.75279,1.68053,0.0347141][0.167798,-0.983879,-0.0618466][0.754876,0.770022,0][-1.61698,1.68175,-0.0800092][-0.116592,-0.992324,0.0412342][0.768125,0.738661,0][-1.59037,1.68377,0.0318773][-0.109062,-0.993829,0.0202182][0.782282,0.745271,0][-1.59037,1.68377,0.0318773][-0.109062,-0.993829,0.0202182][0.782282,0.745271,0][-1.77739,1.66361,0.105266][0.399897,-0.817657,-0.414149][0.772678,0.776231,0][-1.75279,1.68053,0.0347141][0.167798,-0.983879,-0.0618466][0.754876,0.770022,0][-1.78263,1.52674,0.208768][0.488405,-0.461161,-0.740805][0.787129,0.79905,0][-1.84459,1.64256,0.049182][0.493938,-0.775634,-0.392959][0.761476,0.777366,0][-1.77739,1.66361,0.105266][0.399897,-0.817657,-0.414149][0.772678,0.776231,0][-1.77739,1.66361,0.105266][0.399897,-0.817657,-0.414149][0.772678,0.776231,0][-1.84459,1.64256,0.049182][0.493938,-0.775634,-0.392959][0.761476,0.777366,0][-1.75279,1.68053,0.0347141][0.167798,-0.983879,-0.0618466][0.754876,0.770022,0][-1.86105,1.48468,0.187089][0.493661,-0.487471,-0.720188][0.777338,0.807186,0][-1.84459,1.64256,0.049182][0.493938,-0.775634,-0.392959][0.761476,0.777366,0][-1.78263,1.52674,0.208768][0.488405,-0.461161,-0.740805][0.787129,0.79905,0][-1.75279,1.68053,0.0347141][0.167798,-0.983879,-0.0618466][0.754876,0.770022,0][-1.84459,1.64256,0.049182][0.493938,-0.775634,-0.392959][0.761476,0.777366,0][-1.80294,1.67652,-0.059128][0.209489,-0.975672,-0.0646456][0.742411,0.761471,0][-1.86105,1.48468,0.187089][0.493661,-0.487471,-0.720188][0.777338,0.807186,0][-1.91179,1.6215,-0.00690189][0.470695,-0.820609,-0.324108][0.750275,0.778502,0][-1.84459,1.64256,0.049182][0.493938,-0.775634,-0.392959][0.761476,0.777366,0][-1.84459,1.64256,0.049182][0.493938,-0.775634,-0.392959][0.761476,0.777366,0][-1.91179,1.6215,-0.00690189][0.470695,-0.820609,-0.324108][0.750275,0.778502,0][-1.80294,1.67652,-0.059128][0.209489,-0.975672,-0.0646456][0.742411,0.761471,0][-1.80294,1.67652,-0.059128][0.209489,-0.975672,-0.0646456][0.742411,0.761471,0][-1.91179,1.6215,-0.00690189][0.470695,-0.820609,-0.324108][0.750275,0.778502,0][-1.85308,1.6725,-0.15297][0.187375,-0.98072,-0.0554844][0.729946,0.75292,0][1.07681,1.42428,0.419631][0.687355,-0.69851,-0.199064][0.8831,0.700847,0][1.3039,1.58394,0.422676][0.135875,-0.763509,-0.631341][0.897755,0.754213,0][1.14483,1.41035,0.551366][0.243859,-0.589304,-0.77023][0.91553,0.718102,0][1.14483,1.41035,0.551366][0.243859,-0.589304,-0.77023][0.91553,0.718102,0][0.97196,1.10449,0.667582][0.315505,-0.379136,-0.869892][0.950525,0.679463,0][0.88003,1.13333,0.5262][0.8024,-0.498985,-0.327365][0.920403,0.665996,0][0.88003,1.13333,0.5262][0.8024,-0.498985,-0.327365][0.920403,0.665996,0][1.07681,1.42428,0.419631][0.687355,-0.69851,-0.199064][0.8831,0.700847,0][1.14483,1.41035,0.551366][0.243859,-0.589304,-0.77023][0.91553,0.718102,0][1.07681,1.42428,0.419631][0.687355,-0.69851,-0.199064][0.8831,0.700847,0][0.88003,1.13333,0.5262][0.8024,-0.498985,-0.327365][0.920403,0.665996,0][0.860089,1.14667,0.283888][0.831586,-0.536691,-0.142926][0.89028,0.652529,0][0.860089,1.14667,0.283888][0.831586,-0.536691,-0.142926][0.89028,0.652529,0][1.07348,1.41769,0.187494][0.694487,-0.71883,-0.0311829][0.853118,0.684215,0][1.07681,1.42428,0.419631][0.687355,-0.69851,-0.199064][0.8831,0.700847,0][1.07348,1.41769,0.187494][0.694487,-0.71883,-0.0311829][0.853118,0.684215,0][1.31511,1.62487,0.297019][0.374725,-0.914264,-0.153956][0.843969,0.732755,0][1.07681,1.42428,0.419631][0.687355,-0.69851,-0.199064][0.8831,0.700847,0][1.07681,1.42428,0.419631][0.687355,-0.69851,-0.199064][0.8831,0.700847,0][1.31511,1.62487,0.297019][0.374725,-0.914264,-0.153956][0.843969,0.732755,0][1.3039,1.58394,0.422676][0.135875,-0.763509,-0.631341][0.897755,0.754213,0][1.07348,1.41769,0.187494][0.694487,-0.71883,-0.0311829][0.853118,0.684215,0][1.34002,1.6158,0.0891041][0.442473,-0.89547,0.0484818][0.814343,0.717159,0][1.31511,1.62487,0.297019][0.374725,-0.914264,-0.153956][0.843969,0.732755,0][1.31511,1.62487,0.297019][0.374725,-0.914264,-0.153956][0.843969,0.732755,0][1.47179,1.60404,0.357705][-0.269203,-0.663799,-0.697783][0.8369,0.775157,0][1.3039,1.58394,0.422676][0.135875,-0.763509,-0.631341][0.897755,0.754213,0][1.31511,1.62487,0.297019][0.374725,-0.914264,-0.153956][0.843969,0.732755,0][1.55023,1.68621,0.196918][-0.0567113,-0.955952,-0.287992][0.806223,0.756816,0][1.47179,1.60404,0.357705][-0.269203,-0.663799,-0.697783][0.8369,0.775157,0][1.34002,1.6158,0.0891041][0.442473,-0.89547,0.0484818][0.814343,0.717159,0][1.55023,1.68621,0.196918][-0.0567113,-0.955952,-0.287992][0.806223,0.756816,0][1.31511,1.62487,0.297019][0.374725,-0.914264,-0.153956][0.843969,0.732755,0][1.47179,1.60404,0.357705][-0.269203,-0.663799,-0.697783][0.8369,0.775157,0][1.55023,1.68621,0.196918][-0.0567113,-0.955952,-0.287992][0.806223,0.756816,0][1.70421,1.5688,0.230447][-0.450955,-0.505131,-0.735854][0.79692,0.790915,0][1.34002,1.6158,0.0891041][0.442473,-0.89547,0.0484818][0.814343,0.717159,0][1.59037,1.68377,0.0318773][0.109061,-0.993829,0.0202182][0.782282,0.745271,0][1.55023,1.68621,0.196918][-0.0567113,-0.955952,-0.287992][0.806223,0.756816,0][1.34348,1.61112,-0.0246457][0.419433,-0.907243,0.0314016][0.801774,0.708466,0][1.59037,1.68377,0.0318773][0.109061,-0.993829,0.0202182][0.782282,0.745271,0][1.34002,1.6158,0.0891041][0.442473,-0.89547,0.0484818][0.814343,0.717159,0][1.55023,1.68621,0.196918][-0.0567113,-0.955952,-0.287992][0.806223,0.756816,0][1.77739,1.66361,0.105266][-0.399897,-0.817657,-0.414148][0.772678,0.776231,0][1.70421,1.5688,0.230447][-0.450955,-0.505131,-0.735854][0.79692,0.790915,0][1.59037,1.68377,0.0318773][0.109061,-0.993829,0.0202182][0.782282,0.745271,0][1.77739,1.66361,0.105266][-0.399897,-0.817657,-0.414148][0.772678,0.776231,0][1.55023,1.68621,0.196918][-0.0567113,-0.955952,-0.287992][0.806223,0.756816,0][1.77739,1.66361,0.105266][-0.399897,-0.817657,-0.414148][0.772678,0.776231,0][1.78263,1.52674,0.208768][-0.488405,-0.46116,-0.740804][0.787129,0.79905,0][1.70421,1.5688,0.230447][-0.450955,-0.505131,-0.735854][0.79692,0.790915,0][1.59037,1.68377,0.0318773][0.109061,-0.993829,0.0202182][0.782282,0.745271,0][1.34348,1.61112,-0.0246457][0.419433,-0.907243,0.0314016][0.801774,0.708466,0][1.61698,1.68175,-0.0800092][0.116592,-0.992324,0.0412342][0.768125,0.738661,0][1.34695,1.60645,-0.138396][0.385066,-0.922166,0.0365164][0.789204,0.699773,0][1.61698,1.68175,-0.0800092][0.116592,-0.992324,0.0412342][0.768125,0.738661,0][1.34348,1.61112,-0.0246457][0.419433,-0.907243,0.0314016][0.801774,0.708466,0][1.61698,1.68175,-0.0800092][0.116592,-0.992324,0.0412342][0.768125,0.738661,0][1.34695,1.60645,-0.138396][0.385066,-0.922166,0.0365164][0.789204,0.699773,0][1.64359,1.67973,-0.191896][0.0886209,-0.995402,0.0363625][0.753967,0.732052,0][1.64359,1.67973,-0.191896][0.0886209,-0.995402,0.0363625][0.753967,0.732052,0][1.80294,1.67652,-0.059128][-0.209489,-0.975672,-0.0646457][0.738996,0.766616,0][1.61698,1.68175,-0.0800092][0.116592,-0.992324,0.0412342][0.768125,0.738661,0][1.80294,1.67652,-0.059128][-0.209489,-0.975672,-0.0646457][0.738996,0.766616,0][1.64359,1.67973,-0.191896][0.0886209,-0.995402,0.0363625][0.753967,0.732052,0][1.85308,1.6725,-0.15297][-0.187375,-0.98072,-0.0554845][0.723116,0.76321,0][1.75279,1.68053,0.0347141][-0.167798,-0.983879,-0.0618466][0.754876,0.770022,0][1.61698,1.68175,-0.0800092][0.116592,-0.992324,0.0412342][0.768125,0.738661,0][1.80294,1.67652,-0.059128][-0.209489,-0.975672,-0.0646457][0.738996,0.766616,0][1.61698,1.68175,-0.0800092][0.116592,-0.992324,0.0412342][0.768125,0.738661,0][1.75279,1.68053,0.0347141][-0.167798,-0.983879,-0.0618466][0.754876,0.770022,0][1.59037,1.68377,0.0318773][0.109061,-0.993829,0.0202182][0.782282,0.745271,0][1.77739,1.66361,0.105266][-0.399897,-0.817657,-0.414148][0.772678,0.776231,0][1.59037,1.68377,0.0318773][0.109061,-0.993829,0.0202182][0.782282,0.745271,0][1.75279,1.68053,0.0347141][-0.167798,-0.983879,-0.0618466][0.754876,0.770022,0][1.78263,1.52674,0.208768][-0.488405,-0.46116,-0.740804][0.787129,0.79905,0][1.77739,1.66361,0.105266][-0.399897,-0.817657,-0.414148][0.772678,0.776231,0][1.84459,1.64256,0.049182][-0.493938,-0.775634,-0.392959][0.761476,0.777366,0][1.77739,1.66361,0.105266][-0.399897,-0.817657,-0.414148][0.772678,0.776231,0][1.75279,1.68053,0.0347141][-0.167798,-0.983879,-0.0618466][0.754876,0.770022,0][1.84459,1.64256,0.049182][-0.493938,-0.775634,-0.392959][0.761476,0.777366,0][1.84459,1.64256,0.049182][-0.493938,-0.775634,-0.392959][0.761476,0.777366,0][1.86105,1.48468,0.187089][-0.493661,-0.487471,-0.720188][0.777338,0.807186,0][1.78263,1.52674,0.208768][-0.488405,-0.46116,-0.740804][0.787129,0.79905,0][1.75279,1.68053,0.0347141][-0.167798,-0.983879,-0.0618466][0.754876,0.770022,0][1.80294,1.67652,-0.059128][-0.209489,-0.975672,-0.0646457][0.742411,0.761471,0][1.84459,1.64256,0.049182][-0.493938,-0.775634,-0.392959][0.761476,0.777366,0][1.86105,1.48468,0.187089][-0.493661,-0.487471,-0.720188][0.777338,0.807186,0][1.84459,1.64256,0.049182][-0.493938,-0.775634,-0.392959][0.761476,0.777366,0][1.91179,1.6215,-0.00690189][-0.470695,-0.820609,-0.324108][0.750275,0.778502,0][1.84459,1.64256,0.049182][-0.493938,-0.775634,-0.392959][0.761476,0.777366,0][1.80294,1.67652,-0.059128][-0.209489,-0.975672,-0.0646457][0.742411,0.761471,0][1.91179,1.6215,-0.00690189][-0.470695,-0.820609,-0.324108][0.750275,0.778502,0][1.80294,1.67652,-0.059128][-0.209489,-0.975672,-0.0646457][0.742411,0.761471,0][1.85308,1.6725,-0.15297][-0.187375,-0.98072,-0.0554845][0.729946,0.75292,0][1.91179,1.6215,-0.00690189][-0.470695,-0.820609,-0.324108][0.750275,0.778502,0][-1.00251,1.38741,0.305072][0.86741,0.421996,-0.263665][0.47546,0.943766,0][-0.994503,1.40143,0.353846][0.86741,0.421996,-0.263665][0.449494,0.964806,0][-0.971786,1.34748,0.342241][0.86741,0.421996,-0.263665][0.440762,0.922484,0][-0.994503,1.40143,0.353846][0.86741,0.421996,-0.263665][0.449494,0.964806,0][-1.00251,1.38741,0.305072][0.86741,0.421996,-0.263665][0.47546,0.943766,0][-1.02523,1.44135,0.316675][0.86741,0.421996,-0.263665][0.49244,0.978464,0][0.994503,1.40143,0.353846][-0.867409,0.421995,-0.263669][0.449494,0.964806,0][1.00251,1.38741,0.305072][-0.867409,0.421995,-0.263669][0.47546,0.943766,0][0.971786,1.34748,0.342241][-0.867409,0.421995,-0.263669][0.440762,0.922484,0][1.00251,1.38741,0.305072][-0.867409,0.421995,-0.263669][0.47546,0.943766,0][0.994503,1.40143,0.353846][-0.867409,0.421995,-0.263669][0.449494,0.964806,0][1.02523,1.44135,0.316675][-0.867409,0.421995,-0.263669][0.49244,0.978464,0][-0.897356,1.11101,0.45562][0.29663,-0.517398,-0.802689][0.452519,0.856106,0][-0.981816,1.19651,0.367522][0.18142,-0.155413,-0.971048][0.523604,0.914857,0][-0.887305,1.23088,0.385356][0.251091,-0.197871,-0.947523][0.47546,0.943766,0][-0.897356,1.11101,0.45562][0.29663,-0.517398,-0.802689][0.452519,0.856106,0][-0.887305,1.23088,0.385356][0.251091,-0.197871,-0.947523][0.47546,0.943766,0][-0.852228,1.19446,0.422804][0.333741,-0.497368,-0.800776][0.440762,0.922484,0][-0.915017,1.28319,0.396221][0.0891219,0.250519,-0.964001][0.49244,0.978464,0][-0.887305,1.23088,0.385356][0.251091,-0.197871,-0.947523][0.47546,0.943766,0][-0.981816,1.19651,0.367522][0.18142,-0.155413,-0.971048][0.523604,0.914857,0][-0.925401,1.06316,0.474599][0.0880989,-0.675711,-0.731884][0.461627,0.819199,0][-0.981816,1.19651,0.367522][0.18142,-0.155413,-0.971048][0.523604,0.914857,0][-0.897356,1.11101,0.45562][0.29663,-0.517398,-0.802689][0.452519,0.856106,0][-1.04889,1.3195,0.393447][0.00555419,0.220116,-0.975458][0.581876,0.982664,0][-0.915017,1.28319,0.396221][0.0891219,0.250519,-0.964001][0.49244,0.978464,0][-0.981816,1.19651,0.367522][0.18142,-0.155413,-0.971048][0.523604,0.914857,0][-0.925401,1.06316,0.474599][0.0880989,-0.675711,-0.731884][0.461627,0.819199,0][-1.05844,1.16969,0.361874][-0.250633,-0.419241,-0.872594][0.559275,0.891548,0][-0.981816,1.19651,0.367522][0.18142,-0.155413,-0.971048][0.523604,0.914857,0][-1.04889,1.3195,0.393447][0.00555419,0.220116,-0.975458][0.581876,0.982664,0][-0.981816,1.19651,0.367522][0.18142,-0.155413,-0.971048][0.523604,0.914857,0][-1.05844,1.16969,0.361874][-0.250633,-0.419241,-0.872594][0.559275,0.891548,0][-1.05844,1.16969,0.361874][-0.250633,-0.419241,-0.872594][0.559275,0.891548,0][-1.16845,1.32586,0.400167][-0.357688,-0.0259187,-0.933481][0.657165,0.955973,0][-1.04889,1.3195,0.393447][0.00555419,0.220116,-0.975458][0.581876,0.982664,0][-1.05844,1.16969,0.361874][-0.250633,-0.419241,-0.872594][0.559275,0.891548,0][-0.925401,1.06316,0.474599][0.0880989,-0.675711,-0.731884][0.461627,0.819199,0][-0.996338,1.09198,0.469749][-0.297341,-0.834862,-0.463243][0.510588,0.82191,0][-1.05844,1.16969,0.361874][-0.250633,-0.419241,-0.872594][0.559275,0.891548,0][-1.15092,1.27247,0.417682][-0.719553,-0.329439,-0.611322][0.639759,0.918375,0][-1.16845,1.32586,0.400167][-0.357688,-0.0259187,-0.933481][0.657165,0.955973,0][-1.05844,1.16969,0.361874][-0.250633,-0.419241,-0.872594][0.559275,0.891548,0][-0.996338,1.09198,0.469749][-0.297341,-0.834862,-0.463243][0.510588,0.82191,0][-1.08139,1.16549,0.392778][-0.489018,-0.618219,-0.615358][0.572428,0.876179,0][-1.15092,1.27247,0.417682][-0.719553,-0.329439,-0.611322][0.639759,0.918375,0][-1.05844,1.16969,0.361874][-0.250633,-0.419241,-0.872594][0.559275,0.891548,0][-1.08139,1.16549,0.392778][-0.489018,-0.618219,-0.615358][0.572428,0.876179,0][-1.08139,1.16549,0.392778][-0.489018,-0.618219,-0.615358][0.572428,0.876179,0][-0.996338,1.09198,0.469749][-0.297341,-0.834862,-0.463243][0.510588,0.82191,0][-1.08264,1.10512,0.471585][-0.154609,-0.777673,-0.609361][0.55927,0.816686,0][-1.08139,1.16549,0.392778][-0.489018,-0.618219,-0.615358][0.572428,0.876179,0][-1.15035,1.24015,0.429041][-0.443768,-0.0455051,-0.894986][0.633569,0.898186,0][-1.15092,1.27247,0.417682][-0.719553,-0.329439,-0.611322][0.639759,0.918375,0][-1.08264,1.10512,0.471585][-0.154609,-0.777673,-0.609361][0.55927,0.816686,0][-1.12189,1.16101,0.414965][-0.313211,-0.467929,-0.826403][0.594097,0.860701,0][-1.08139,1.16549,0.392778][-0.489018,-0.618219,-0.615358][0.572428,0.876179,0][-1.15035,1.24015,0.429041][-0.443768,-0.0455051,-0.894986][0.633569,0.898186,0][-1.08139,1.16549,0.392778][-0.489018,-0.618219,-0.615358][0.572428,0.876179,0][-1.12189,1.16101,0.414965][-0.313211,-0.467929,-0.826403][0.594097,0.860701,0][-1.12189,1.16101,0.414965][-0.313211,-0.467929,-0.826403][0.594097,0.860701,0][-1.08264,1.10512,0.471585][-0.154609,-0.777673,-0.609361][0.55927,0.816686,0][-1.12793,1.11623,0.471063][-0.0564276,-0.745161,-0.664493][0.585403,0.815717,0][-1.15035,1.24015,0.429041][-0.443768,-0.0455051,-0.894986][0.633569,0.898186,0][-1.12189,1.16101,0.414965][-0.313211,-0.467929,-0.826403][0.594097,0.860701,0][-1.17992,1.15628,0.428434][-0.194476,-0.325297,-0.925398][0.624637,0.843207,0][-1.12793,1.11623,0.471063][-0.0564276,-0.745161,-0.664493][0.585403,0.815717,0][-1.17992,1.15628,0.428434][-0.194476,-0.325297,-0.925398][0.624637,0.843207,0][-1.12189,1.16101,0.414965][-0.313211,-0.467929,-0.826403][0.594097,0.860701,0][-1.17992,1.15628,0.428434][-0.194476,-0.325297,-0.925398][0.624637,0.843207,0][-1.22314,1.21522,0.443289][-0.324757,-0.0120602,-0.945721][0.664163,0.865439,0][-1.15035,1.24015,0.429041][-0.443768,-0.0455051,-0.894986][0.633569,0.898186,0][-1.17992,1.15628,0.428434][-0.194476,-0.325297,-0.925398][0.624637,0.843207,0][-1.12793,1.11623,0.471063][-0.0564276,-0.745161,-0.664493][0.585403,0.815717,0][-1.20454,1.09227,0.485254][0.101033,-0.672632,-0.733048][0.622951,0.788343,0][-1.17992,1.15628,0.428434][-0.194476,-0.325297,-0.925398][0.624637,0.843207,0][-1.281,1.13083,0.477389][-0.414171,-0.14597,-0.898418][0.675631,0.801272,0][-1.22314,1.21522,0.443289][-0.324757,-0.0120602,-0.945721][0.664163,0.865439,0][-1.17992,1.15628,0.428434][-0.194476,-0.325297,-0.925398][0.624637,0.843207,0][-1.20454,1.09227,0.485254][0.101033,-0.672632,-0.733048][0.622951,0.788343,0][-1.24513,1.10646,0.465821][-0.172035,-0.425699,-0.888361][0.649876,0.796248,0][-1.281,1.13083,0.477389][-0.414171,-0.14597,-0.898418][0.675631,0.801272,0][-1.17992,1.15628,0.428434][-0.194476,-0.325297,-0.925398][0.624637,0.843207,0][-1.24513,1.10646,0.465821][-0.172035,-0.425699,-0.888361][0.649876,0.796248,0][-1.24513,1.10646,0.465821][-0.172035,-0.425699,-0.888361][0.649876,0.796248,0][-1.20454,1.09227,0.485254][0.101033,-0.672632,-0.733048][0.622951,0.788343,0][-1.31274,1.04161,0.511182][-0.172798,-0.437215,-0.8826][0.673678,0.739106,0][-1.281,1.13083,0.477389][-0.414171,-0.14597,-0.898418][0.675631,0.801272,0][-1.24513,1.10646,0.465821][-0.172035,-0.425699,-0.888361][0.649876,0.796248,0][-1.31274,1.04161,0.511182][-0.172798,-0.437215,-0.8826][0.673678,0.739106,0][0.897356,1.11101,0.45562][-0.296631,-0.517398,-0.802689][0.452519,0.856106,0][0.887305,1.23088,0.385356][-0.251091,-0.197871,-0.947523][0.47546,0.943766,0][0.981816,1.19651,0.367522][-0.181421,-0.155413,-0.971047][0.523604,0.914857,0][0.887305,1.23088,0.385356][-0.251091,-0.197871,-0.947523][0.47546,0.943766,0][0.897356,1.11101,0.45562][-0.296631,-0.517398,-0.802689][0.452519,0.856106,0][0.852228,1.19446,0.422804][-0.333741,-0.497368,-0.800775][0.440762,0.922484,0][0.915017,1.28319,0.396221][-0.0891218,0.250519,-0.964001][0.49244,0.978464,0][0.981816,1.19651,0.367522][-0.181421,-0.155413,-0.971047][0.523604,0.914857,0][0.887305,1.23088,0.385356][-0.251091,-0.197871,-0.947523][0.47546,0.943766,0][0.981816,1.19651,0.367522][-0.181421,-0.155413,-0.971047][0.523604,0.914857,0][0.925401,1.06316,0.474599][-0.0880989,-0.675711,-0.731884][0.461627,0.819199,0][0.897356,1.11101,0.45562][-0.296631,-0.517398,-0.802689][0.452519,0.856106,0][1.04889,1.3195,0.393447][-0.0055543,0.220116,-0.975458][0.581876,0.982664,0][0.981816,1.19651,0.367522][-0.181421,-0.155413,-0.971047][0.523604,0.914857,0][0.915017,1.28319,0.396221][-0.0891218,0.250519,-0.964001][0.49244,0.978464,0][0.925401,1.06316,0.474599][-0.0880989,-0.675711,-0.731884][0.461627,0.819199,0][0.981816,1.19651,0.367522][-0.181421,-0.155413,-0.971047][0.523604,0.914857,0][1.05844,1.16969,0.361874][0.250632,-0.41924,-0.872595][0.559275,0.891548,0][1.04889,1.3195,0.393447][-0.0055543,0.220116,-0.975458][0.581876,0.982664,0][1.05844,1.16969,0.361874][0.250632,-0.41924,-0.872595][0.559275,0.891548,0][0.981816,1.19651,0.367522][-0.181421,-0.155413,-0.971047][0.523604,0.914857,0][1.16845,1.32586,0.400167][0.357687,-0.0259179,-0.933482][0.657165,0.955973,0][1.05844,1.16969,0.361874][0.250632,-0.41924,-0.872595][0.559275,0.891548,0][1.04889,1.3195,0.393447][-0.0055543,0.220116,-0.975458][0.581876,0.982664,0][0.925401,1.06316,0.474599][-0.0880989,-0.675711,-0.731884][0.461627,0.819199,0][1.05844,1.16969,0.361874][0.250632,-0.41924,-0.872595][0.559275,0.891548,0][0.996338,1.09198,0.469749][0.297342,-0.834862,-0.463241][0.510588,0.82191,0][1.15092,1.27247,0.417682][0.719551,-0.329438,-0.611324][0.639759,0.918375,0][1.05844,1.16969,0.361874][0.250632,-0.41924,-0.872595][0.559275,0.891548,0][1.16845,1.32586,0.400167][0.357687,-0.0259179,-0.933482][0.657165,0.955973,0][0.996338,1.09198,0.469749][0.297342,-0.834862,-0.463241][0.510588,0.82191,0][1.05844,1.16969,0.361874][0.250632,-0.41924,-0.872595][0.559275,0.891548,0][1.08139,1.16549,0.392778][0.489018,-0.618219,-0.615359][0.572428,0.876179,0][1.05844,1.16969,0.361874][0.250632,-0.41924,-0.872595][0.559275,0.891548,0][1.15092,1.27247,0.417682][0.719551,-0.329438,-0.611324][0.639759,0.918375,0][1.08139,1.16549,0.392778][0.489018,-0.618219,-0.615359][0.572428,0.876179,0][1.08139,1.16549,0.392778][0.489018,-0.618219,-0.615359][0.572428,0.876179,0][1.08264,1.10512,0.471585][0.154609,-0.777673,-0.60936][0.55927,0.816686,0][0.996338,1.09198,0.469749][0.297342,-0.834862,-0.463241][0.510588,0.82191,0][1.15035,1.24015,0.429041][0.443771,-0.0455057,-0.894984][0.633569,0.898186,0][1.08139,1.16549,0.392778][0.489018,-0.618219,-0.615359][0.572428,0.876179,0][1.15092,1.27247,0.417682][0.719551,-0.329438,-0.611324][0.639759,0.918375,0][1.08264,1.10512,0.471585][0.154609,-0.777673,-0.60936][0.55927,0.816686,0][1.08139,1.16549,0.392778][0.489018,-0.618219,-0.615359][0.572428,0.876179,0][1.12189,1.16101,0.414965][0.313212,-0.467929,-0.826402][0.594097,0.860701,0][1.08139,1.16549,0.392778][0.489018,-0.618219,-0.615359][0.572428,0.876179,0][1.15035,1.24015,0.429041][0.443771,-0.0455057,-0.894984][0.633569,0.898186,0][1.12189,1.16101,0.414965][0.313212,-0.467929,-0.826402][0.594097,0.860701,0][1.12189,1.16101,0.414965][0.313212,-0.467929,-0.826402][0.594097,0.860701,0][1.12793,1.11623,0.471063][0.0564276,-0.745161,-0.664494][0.585403,0.815717,0][1.08264,1.10512,0.471585][0.154609,-0.777673,-0.60936][0.55927,0.816686,0][1.15035,1.24015,0.429041][0.443771,-0.0455057,-0.894984][0.633569,0.898186,0][1.17992,1.15628,0.428434][0.194476,-0.325296,-0.925398][0.624637,0.843207,0][1.12189,1.16101,0.414965][0.313212,-0.467929,-0.826402][0.594097,0.860701,0][1.12793,1.11623,0.471063][0.0564276,-0.745161,-0.664494][0.585403,0.815717,0][1.12189,1.16101,0.414965][0.313212,-0.467929,-0.826402][0.594097,0.860701,0][1.17992,1.15628,0.428434][0.194476,-0.325296,-0.925398][0.624637,0.843207,0][1.17992,1.15628,0.428434][0.194476,-0.325296,-0.925398][0.624637,0.843207,0][1.15035,1.24015,0.429041][0.443771,-0.0455057,-0.894984][0.633569,0.898186,0][1.22314,1.21522,0.443289][0.324757,-0.0120602,-0.945721][0.664163,0.865439,0][1.17992,1.15628,0.428434][0.194476,-0.325296,-0.925398][0.624637,0.843207,0][1.20454,1.09227,0.485254][-0.101033,-0.672631,-0.733048][0.622951,0.788343,0][1.12793,1.11623,0.471063][0.0564276,-0.745161,-0.664494][0.585403,0.815717,0][1.281,1.13083,0.477389][0.414173,-0.14597,-0.898417][0.675631,0.801272,0][1.17992,1.15628,0.428434][0.194476,-0.325296,-0.925398][0.624637,0.843207,0][1.22314,1.21522,0.443289][0.324757,-0.0120602,-0.945721][0.664163,0.865439,0][1.17992,1.15628,0.428434][0.194476,-0.325296,-0.925398][0.624637,0.843207,0][1.24513,1.10646,0.465821][0.172036,-0.425698,-0.888361][0.649876,0.796248,0][1.20454,1.09227,0.485254][-0.101033,-0.672631,-0.733048][0.622951,0.788343,0][1.17992,1.15628,0.428434][0.194476,-0.325296,-0.925398][0.624637,0.843207,0][1.281,1.13083,0.477389][0.414173,-0.14597,-0.898417][0.675631,0.801272,0][1.24513,1.10646,0.465821][0.172036,-0.425698,-0.888361][0.649876,0.796248,0][1.24513,1.10646,0.465821][0.172036,-0.425698,-0.888361][0.649876,0.796248,0][1.31274,1.04161,0.511182][0.172799,-0.437215,-0.882601][0.673678,0.739106,0][1.20454,1.09227,0.485254][-0.101033,-0.672631,-0.733048][0.622951,0.788343,0][1.281,1.13083,0.477389][0.414173,-0.14597,-0.898417][0.675631,0.801272,0][1.31274,1.04161,0.511182][0.172799,-0.437215,-0.882601][0.673678,0.739106,0][1.24513,1.10646,0.465821][0.172036,-0.425698,-0.888361][0.649876,0.796248,0][-0.657841,0.742347,0.459023][0.949283,0.169376,-0.264904][0.47546,0.943766,0][-0.644515,0.754447,0.514512][0.949283,0.169376,-0.264904][0.449494,0.964806,0][-0.636764,0.689397,0.500695][0.949283,0.169376,-0.264904][0.440762,0.922484,0][-0.644515,0.754447,0.514512][0.949283,0.169376,-0.264904][0.449494,0.964806,0][-0.657841,0.742347,0.459023][0.949283,0.169376,-0.264904][0.47546,0.943766,0][-0.665592,0.807395,0.472838][0.949283,0.169376,-0.264904][0.49244,0.978464,0][0.644515,0.754447,0.514512][-0.949283,0.169376,-0.264904][0.449494,0.964806,0][0.657841,0.742347,0.459023][-0.949283,0.169376,-0.264904][0.47546,0.943766,0][0.636764,0.689397,0.500695][-0.949283,0.169376,-0.264904][0.440762,0.922484,0][0.657841,0.742347,0.459023][-0.949283,0.169376,-0.264904][0.47546,0.943766,0][0.644515,0.754447,0.514512][-0.949283,0.169376,-0.264904][0.449494,0.964806,0][0.665592,0.807395,0.472838][-0.949283,0.169376,-0.264904][0.49244,0.978464,0][-0.743687,0.976504,0.474105][0.949385,0.184185,-0.254449][0.47546,0.943766,0][-0.730322,0.985164,0.530241][0.949385,0.184185,-0.254449][0.449494,0.964806,0][-0.722675,0.92104,0.512357][0.949385,0.184185,-0.254449][0.440762,0.922484,0][-0.730322,0.985164,0.530241][0.949385,0.184185,-0.254449][0.449494,0.964806,0][-0.743687,0.976504,0.474105][0.949385,0.184185,-0.254449][0.47546,0.943766,0][-0.751335,1.04063,0.491986][0.949385,0.184185,-0.254449][0.49244,0.978464,0][0.730322,0.985164,0.530241][-0.949385,0.184186,-0.254449][0.449494,0.964806,0][0.743687,0.976504,0.474105][-0.949385,0.184186,-0.254449][0.47546,0.943766,0][0.722675,0.92104,0.512357][-0.949385,0.184186,-0.254449][0.440762,0.922484,0][0.743687,0.976504,0.474105][-0.949385,0.184186,-0.254449][0.47546,0.943766,0][0.730322,0.985164,0.530241][-0.949385,0.184186,-0.254449][0.449494,0.964806,0][0.751335,1.04063,0.491986][-0.949385,0.184186,-0.254449][0.49244,0.978464,0][-1.47179,1.60404,0.357705][0.269203,-0.663799,-0.697783][0.8369,0.775157,0][-1.58991,1.32806,0.384659][0.425427,-0.262274,-0.866155][0.831104,0.819275,0][-1.70421,1.5688,0.230447][0.450955,-0.505131,-0.735855][0.79692,0.790915,0][-1.58991,1.32806,0.384659][0.425427,-0.262274,-0.866155][0.831104,0.819275,0][-1.78263,1.52674,0.208768][0.488405,-0.461161,-0.740805][0.787129,0.79905,0][-1.70421,1.5688,0.230447][0.450955,-0.505131,-0.735855][0.79692,0.790915,0][-1.58991,1.32806,0.384659][0.425427,-0.262274,-0.866155][0.831104,0.819275,0][-1.47179,1.60404,0.357705][0.269203,-0.663799,-0.697783][0.8369,0.775157,0][-1.3324,1.37972,0.517181][0.34894,-0.289219,-0.8914][0.873369,0.804917,0][-1.3039,1.58394,0.422676][-0.135875,-0.763509,-0.631341][0.897755,0.754213,0][-1.3324,1.37972,0.517181][0.34894,-0.289219,-0.8914][0.873369,0.804917,0][-1.47179,1.60404,0.357705][0.269203,-0.663799,-0.697783][0.8369,0.775157,0][-1.3324,1.37972,0.517181][0.34894,-0.289219,-0.8914][0.873369,0.804917,0][-1.3039,1.58394,0.422676][-0.135875,-0.763509,-0.631341][0.897755,0.754213,0][-1.14483,1.41035,0.551366][-0.243859,-0.589304,-0.77023][0.917741,0.790015,0][-1.14483,1.41035,0.551366][-0.243859,-0.589304,-0.77023][0.917741,0.790015,0][-1.18387,1.04983,0.640748][0.303431,-0.14004,-0.942507][0.91036,0.841109,0][-1.3324,1.37972,0.517181][0.34894,-0.289219,-0.8914][0.873369,0.804917,0][-1.18387,1.04983,0.640748][0.303431,-0.14004,-0.942507][0.91036,0.841109,0][-1.14483,1.41035,0.551366][-0.243859,-0.589304,-0.77023][0.917741,0.790015,0][-0.971961,1.10449,0.667582][-0.315504,-0.379136,-0.869892][0.953739,0.82881,0][-1.46777,0.979677,0.512985][0.389013,-0.116585,-0.913825][0.866982,0.853408,0][-1.3324,1.37972,0.517181][0.34894,-0.289219,-0.8914][0.873369,0.804917,0][-1.18387,1.04983,0.640748][0.303431,-0.14004,-0.942507][0.91036,0.841109,0][-1.3324,1.37972,0.517181][0.34894,-0.289219,-0.8914][0.873369,0.804917,0][-1.46777,0.979677,0.512985][0.389013,-0.116585,-0.913825][0.866982,0.853408,0][-1.58991,1.32806,0.384659][0.425427,-0.262274,-0.866155][0.831104,0.819275,0][-1.78263,1.52674,0.208768][0.488405,-0.461161,-0.740805][0.787129,0.79905,0][-1.58991,1.32806,0.384659][0.425427,-0.262274,-0.866155][0.831104,0.819275,0][-1.67521,1.27209,0.372054][0.364102,-0.286235,-0.886284][0.822965,0.829834,0][-1.46777,0.979677,0.512985][0.389013,-0.116585,-0.913825][0.866982,0.853408,0][-1.67521,1.27209,0.372054][0.364102,-0.286235,-0.886284][0.822965,0.829834,0][-1.58991,1.32806,0.384659][0.425427,-0.262274,-0.866155][0.831104,0.819275,0][-1.67521,1.27209,0.372054][0.364102,-0.286235,-0.886284][0.822965,0.829834,0][-1.86105,1.48468,0.187089][0.493661,-0.487471,-0.720188][0.777338,0.807186,0][-1.78263,1.52674,0.208768][0.488405,-0.461161,-0.740805][0.787129,0.79905,0][-1.86105,1.48468,0.187089][0.493661,-0.487471,-0.720188][0.777338,0.807186,0][-1.67521,1.27209,0.372054][0.364102,-0.286235,-0.886284][0.822965,0.829834,0][-1.76052,1.21612,0.359448][0.357577,-0.2735,-0.892937][0.814825,0.840392,0][-1.67521,1.27209,0.372054][0.364102,-0.286235,-0.886284][0.822965,0.829834,0][-1.46777,0.979677,0.512985][0.389013,-0.116585,-0.913825][0.866982,0.853408,0][-1.55292,0.906512,0.4931][0.327885,-0.112855,-0.937953][0.860609,0.863119,0][-1.55292,0.906512,0.4931][0.327885,-0.112855,-0.937953][0.860609,0.863119,0][-1.76052,1.21612,0.359448][0.357577,-0.2735,-0.892937][0.814825,0.840392,0][-1.67521,1.27209,0.372054][0.364102,-0.286235,-0.886284][0.822965,0.829834,0][-1.76052,1.21612,0.359448][0.357577,-0.2735,-0.892937][0.814825,0.840392,0][-1.55292,0.906512,0.4931][0.327885,-0.112855,-0.937953][0.860609,0.863119,0][-1.63807,0.833351,0.473215][0.315568,-0.0820667,-0.945347][0.854236,0.872829,0][-1.34953,0.613037,0.578772][0.376969,-0.00111538,-0.926225][0.896908,0.882968,0][-1.55292,0.906512,0.4931][0.327885,-0.112855,-0.937953][0.860609,0.863119,0][-1.46777,0.979677,0.512985][0.389013,-0.116585,-0.913825][0.866982,0.853408,0][-1.55292,0.906512,0.4931][0.327885,-0.112855,-0.937953][0.860609,0.863119,0][-1.34953,0.613037,0.578772][0.376969,-0.00111538,-0.926225][0.896908,0.882968,0][-1.42605,0.503865,0.547741][0.345482,0.023003,-0.938143][0.891827,0.891138,0][-1.42605,0.503865,0.547741][0.345482,0.023003,-0.938143][0.891827,0.891138,0][-1.63807,0.833351,0.473215][0.315568,-0.0820667,-0.945347][0.854236,0.872829,0][-1.55292,0.906512,0.4931][0.327885,-0.112855,-0.937953][0.860609,0.863119,0][-1.63807,0.833351,0.473215][0.315568,-0.0820667,-0.945347][0.854236,0.872829,0][-1.42605,0.503865,0.547741][0.345482,0.023003,-0.938143][0.891827,0.891138,0][-1.50094,0.400024,0.517841][0.336898,0.0510216,-0.940158][0.886907,0.898988,0][-1.20812,0.379595,0.630472][0.369802,0.078385,-0.925798][0.923753,0.902366,0][-1.42605,0.503865,0.547741][0.345482,0.023003,-0.938143][0.891827,0.891138,0][-1.34953,0.613037,0.578772][0.376969,-0.00111538,-0.926225][0.896908,0.882968,0][-1.25278,0.233328,0.595605][0.338576,0.131936,-0.931643][0.920568,0.911479,0][-1.50094,0.400024,0.517841][0.336898,0.0510216,-0.940158][0.886907,0.898988,0][-1.42605,0.503865,0.547741][0.345482,0.023003,-0.938143][0.891827,0.891138,0][-1.42605,0.503865,0.547741][0.345482,0.023003,-0.938143][0.891827,0.891138,0][-1.20812,0.379595,0.630472][0.369802,0.078385,-0.925798][0.923753,0.902366,0][-1.25278,0.233328,0.595605][0.338576,0.131936,-0.931643][0.920568,0.911479,0][-1.50094,0.400024,0.517841][0.336898,0.0510216,-0.940158][0.886907,0.898988,0][-1.25278,0.233328,0.595605][0.338576,0.131936,-0.931643][0.920568,0.911479,0][-1.3065,0.100806,0.555922][0.324363,0.155286,-0.9331][0.915697,0.919211,0][-1.25278,0.233328,0.595605][0.338576,0.131936,-0.931643][0.920568,0.911479,0][-1.03516,0.0830826,0.631508][0.142045,0.280123,-0.949397][0.945235,0.935348,0][-1.3065,0.100806,0.555922][0.324363,0.155286,-0.9331][0.915697,0.919211,0][-1.03516,0.0830826,0.631508][0.142045,0.280123,-0.949397][0.945235,0.935348,0][-1.25278,0.233328,0.595605][0.338576,0.131936,-0.931643][0.920568,0.911479,0][-1.01434,0.216288,0.677505][0.0954035,0.254606,-0.962327][0.951716,0.9244,0][-1.20812,0.379595,0.630472][0.369802,0.078385,-0.925798][0.923753,0.902366,0][-1.01434,0.216288,0.677505][0.0954035,0.254606,-0.962327][0.951716,0.9244,0][-1.25278,0.233328,0.595605][0.338576,0.131936,-0.931643][0.920568,0.911479,0][-0.779123,0.224132,0.638553][-0.459119,0.303389,-0.834964][0.975703,0.94942,0][-1.03516,0.0830826,0.631508][0.142045,0.280123,-0.949397][0.945235,0.935348,0][-1.01434,0.216288,0.677505][0.0954035,0.254606,-0.962327][0.951716,0.9244,0][-1.01434,0.216288,0.677505][0.0954035,0.254606,-0.962327][0.951716,0.9244,0][-0.790696,0.337866,0.693315][-0.467259,0.187911,-0.86392][0.985899,0.933577,0][-0.779123,0.224132,0.638553][-0.459119,0.303389,-0.834964][0.975703,0.94942,0][-1.01434,0.216288,0.677505][0.0954035,0.254606,-0.962327][0.951716,0.9244,0][-1.01681,0.408307,0.708041][0.191931,0.0996254,-0.976339][0.951655,0.906724,0][-0.790696,0.337866,0.693315][-0.467259,0.187911,-0.86392][0.985899,0.933577,0][-1.01681,0.408307,0.708041][0.191931,0.0996254,-0.976339][0.951655,0.906724,0][-1.01434,0.216288,0.677505][0.0954035,0.254606,-0.962327][0.951716,0.9244,0][-1.20812,0.379595,0.630472][0.369802,0.078385,-0.925798][0.923753,0.902366,0][-1.01681,0.408307,0.708041][0.191931,0.0996254,-0.976339][0.951655,0.906724,0][-0.814269,0.510267,0.728245][-0.396709,0.000128923,-0.917944][0.989021,0.909332,0][-0.790696,0.337866,0.693315][-0.467259,0.187911,-0.86392][0.985899,0.933577,0][-1.20812,0.379595,0.630472][0.369802,0.078385,-0.925798][0.923753,0.902366,0][-1.07722,0.697631,0.699347][0.263656,-0.0255901,-0.964277][0.937288,0.877469,0][-1.01681,0.408307,0.708041][0.191931,0.0996254,-0.976339][0.951654,0.906724,0][-1.07722,0.697631,0.699347][0.263656,-0.0255901,-0.964277][0.937288,0.877469,0][-0.814269,0.510267,0.728245][-0.396709,0.000128923,-0.917944][0.989021,0.909332,0][-1.01681,0.408307,0.708041][0.191931,0.0996254,-0.976339][0.951654,0.906724,0][-1.34953,0.613037,0.578772][0.376969,-0.00111538,-0.926225][0.896908,0.882968,0][-1.07722,0.697631,0.699347][0.263656,-0.0255901,-0.964277][0.937288,0.877469,0][-1.20812,0.379595,0.630472][0.369802,0.078385,-0.925798][0.923753,0.902366,0][-0.814269,0.510267,0.728245][-0.396709,0.000128923,-0.917944][0.989021,0.909332,0][-1.07722,0.697631,0.699347][0.263656,-0.0255901,-0.964277][0.937288,0.877469,0][-0.865469,0.779846,0.724576][-0.354541,-0.183834,-0.916791][0.978994,0.87163,0][-1.34953,0.613037,0.578772][0.376969,-0.00111538,-0.926225][0.896908,0.882968,0][-1.18387,1.04983,0.640748][0.303431,-0.14004,-0.942507][0.91036,0.841109,0][-1.07722,0.697631,0.699347][0.263656,-0.0255901,-0.964277][0.937288,0.877469,0][-1.18387,1.04983,0.640748][0.303431,-0.14004,-0.942507][0.91036,0.841109,0][-0.865469,0.779846,0.724576][-0.354541,-0.183834,-0.916791][0.978994,0.87163,0][-1.07722,0.697631,0.699347][0.263656,-0.0255901,-0.964277][0.937288,0.877469,0][-1.18387,1.04983,0.640748][0.303431,-0.14004,-0.942507][0.91036,0.841109,0][-1.34953,0.613037,0.578772][0.376969,-0.00111538,-0.926225][0.896908,0.882968,0][-1.46777,0.979677,0.512985][0.389013,-0.116585,-0.913825][0.866982,0.853408,0][-0.865469,0.779846,0.724576][-0.354541,-0.183834,-0.916791][0.978994,0.87163,0][-1.18387,1.04983,0.640748][0.303431,-0.14004,-0.942507][0.91036,0.841109,0][-0.971961,1.10449,0.667582][-0.315504,-0.379136,-0.869892][0.953739,0.82881,0][1.58991,1.32806,0.384659][-0.425427,-0.262274,-0.866155][0.831104,0.819275,0][1.47179,1.60404,0.357705][-0.269203,-0.663799,-0.697783][0.8369,0.775157,0][1.70421,1.5688,0.230447][-0.450955,-0.505131,-0.735854][0.79692,0.790915,0][1.78263,1.52674,0.208768][-0.488405,-0.46116,-0.740804][0.787129,0.79905,0][1.58991,1.32806,0.384659][-0.425427,-0.262274,-0.866155][0.831104,0.819275,0][1.70421,1.5688,0.230447][-0.450955,-0.505131,-0.735854][0.79692,0.790915,0][1.47179,1.60404,0.357705][-0.269203,-0.663799,-0.697783][0.8369,0.775157,0][1.58991,1.32806,0.384659][-0.425427,-0.262274,-0.866155][0.831104,0.819275,0][1.3324,1.37972,0.517181][-0.34894,-0.289219,-0.8914][0.873369,0.804917,0][1.3324,1.37972,0.517181][-0.34894,-0.289219,-0.8914][0.873369,0.804917,0][1.3039,1.58394,0.422676][0.135875,-0.763509,-0.631341][0.897755,0.754213,0][1.47179,1.60404,0.357705][-0.269203,-0.663799,-0.697783][0.8369,0.775157,0][1.3039,1.58394,0.422676][0.135875,-0.763509,-0.631341][0.897755,0.754213,0][1.3324,1.37972,0.517181][-0.34894,-0.289219,-0.8914][0.873369,0.804917,0][1.14483,1.41035,0.551366][0.243859,-0.589304,-0.77023][0.917741,0.790015,0][1.18387,1.04983,0.640748][-0.303431,-0.14004,-0.942507][0.91036,0.841109,0][1.14483,1.41035,0.551366][0.243859,-0.589304,-0.77023][0.917741,0.790015,0][1.3324,1.37972,0.517181][-0.34894,-0.289219,-0.8914][0.873369,0.804917,0][1.14483,1.41035,0.551366][0.243859,-0.589304,-0.77023][0.917741,0.790015,0][1.18387,1.04983,0.640748][-0.303431,-0.14004,-0.942507][0.91036,0.841109,0][0.97196,1.10449,0.667582][0.315505,-0.379136,-0.869892][0.953739,0.82881,0][1.3324,1.37972,0.517181][-0.34894,-0.289219,-0.8914][0.873369,0.804917,0][1.46777,0.979677,0.512985][-0.389013,-0.116586,-0.913825][0.866982,0.853408,0][1.18387,1.04983,0.640748][-0.303431,-0.14004,-0.942507][0.91036,0.841109,0][1.46777,0.979677,0.512985][-0.389013,-0.116586,-0.913825][0.866982,0.853408,0][1.3324,1.37972,0.517181][-0.34894,-0.289219,-0.8914][0.873369,0.804917,0][1.58991,1.32806,0.384659][-0.425427,-0.262274,-0.866155][0.831104,0.819275,0][1.58991,1.32806,0.384659][-0.425427,-0.262274,-0.866155][0.831104,0.819275,0][1.78263,1.52674,0.208768][-0.488405,-0.46116,-0.740804][0.787129,0.79905,0][1.67521,1.27209,0.372054][-0.364102,-0.286235,-0.886284][0.822965,0.829834,0][1.67521,1.27209,0.372054][-0.364102,-0.286235,-0.886284][0.822965,0.829834,0][1.46777,0.979677,0.512985][-0.389013,-0.116586,-0.913825][0.866982,0.853408,0][1.58991,1.32806,0.384659][-0.425427,-0.262274,-0.866155][0.831104,0.819275,0][1.86105,1.48468,0.187089][-0.493661,-0.487471,-0.720188][0.777338,0.807186,0][1.67521,1.27209,0.372054][-0.364102,-0.286235,-0.886284][0.822965,0.829834,0][1.78263,1.52674,0.208768][-0.488405,-0.46116,-0.740804][0.787129,0.79905,0][1.67521,1.27209,0.372054][-0.364102,-0.286235,-0.886284][0.822965,0.829834,0][1.86105,1.48468,0.187089][-0.493661,-0.487471,-0.720188][0.777338,0.807186,0][1.76052,1.21612,0.359448][-0.357577,-0.2735,-0.892937][0.814825,0.840392,0][1.46777,0.979677,0.512985][-0.389013,-0.116586,-0.913825][0.866982,0.853408,0][1.67521,1.27209,0.372054][-0.364102,-0.286235,-0.886284][0.822965,0.829834,0][1.55292,0.906512,0.4931][-0.327885,-0.112855,-0.937953][0.860609,0.863119,0][1.76052,1.21612,0.359448][-0.357577,-0.2735,-0.892937][0.814825,0.840392,0][1.55292,0.906512,0.4931][-0.327885,-0.112855,-0.937953][0.860609,0.863119,0][1.67521,1.27209,0.372054][-0.364102,-0.286235,-0.886284][0.822965,0.829834,0][1.55292,0.906512,0.4931][-0.327885,-0.112855,-0.937953][0.860609,0.863119,0][1.76052,1.21612,0.359448][-0.357577,-0.2735,-0.892937][0.814825,0.840392,0][1.63807,0.833351,0.473215][-0.315568,-0.0820666,-0.945347][0.854236,0.872829,0][1.55292,0.906512,0.4931][-0.327885,-0.112855,-0.937953][0.860609,0.863119,0][1.34953,0.613037,0.578772][-0.376969,-0.00111541,-0.926225][0.896908,0.882968,0][1.46777,0.979677,0.512985][-0.389013,-0.116586,-0.913825][0.866982,0.853408,0][1.34953,0.613037,0.578772][-0.376969,-0.00111541,-0.926225][0.896908,0.882968,0][1.55292,0.906512,0.4931][-0.327885,-0.112855,-0.937953][0.860609,0.863119,0][1.42605,0.503865,0.547741][-0.345482,0.023003,-0.938143][0.891827,0.891138,0][1.63807,0.833351,0.473215][-0.315568,-0.0820666,-0.945347][0.854236,0.872829,0][1.42605,0.503865,0.547741][-0.345482,0.023003,-0.938143][0.891827,0.891138,0][1.55292,0.906512,0.4931][-0.327885,-0.112855,-0.937953][0.860609,0.863119,0][1.42605,0.503865,0.547741][-0.345482,0.023003,-0.938143][0.891827,0.891138,0][1.63807,0.833351,0.473215][-0.315568,-0.0820666,-0.945347][0.854236,0.872829,0][1.50094,0.400024,0.517841][-0.336898,0.0510216,-0.940158][0.886907,0.898988,0][1.42605,0.503865,0.547741][-0.345482,0.023003,-0.938143][0.891827,0.891138,0][1.20812,0.379595,0.630472][-0.369802,0.078385,-0.925798][0.923753,0.902366,0][1.34953,0.613037,0.578772][-0.376969,-0.00111541,-0.926225][0.896908,0.882968,0][1.50094,0.400024,0.517841][-0.336898,0.0510216,-0.940158][0.886907,0.898988,0][1.25278,0.233328,0.595605][-0.338576,0.131936,-0.931643][0.920568,0.911479,0][1.42605,0.503865,0.547741][-0.345482,0.023003,-0.938143][0.891827,0.891138,0][1.20812,0.379595,0.630472][-0.369802,0.078385,-0.925798][0.923753,0.902366,0][1.42605,0.503865,0.547741][-0.345482,0.023003,-0.938143][0.891827,0.891138,0][1.25278,0.233328,0.595605][-0.338576,0.131936,-0.931643][0.920568,0.911479,0][1.25278,0.233328,0.595605][-0.338576,0.131936,-0.931643][0.920568,0.911479,0][1.50094,0.400024,0.517841][-0.336898,0.0510216,-0.940158][0.886907,0.898988,0][1.3065,0.100806,0.555922][-0.324363,0.155286,-0.9331][0.915697,0.919211,0][1.25278,0.233328,0.595605][-0.338576,0.131936,-0.931643][0.920568,0.911479,0][1.3065,0.100806,0.555922][-0.324363,0.155286,-0.9331][0.915697,0.919211,0][1.03516,0.0830826,0.631508][-0.142045,0.280123,-0.949397][0.945235,0.935348,0][1.01434,0.216288,0.677505][-0.0954037,0.254606,-0.962327][0.951716,0.9244,0][1.25278,0.233328,0.595605][-0.338576,0.131936,-0.931643][0.920568,0.911479,0][1.03516,0.0830826,0.631508][-0.142045,0.280123,-0.949397][0.945235,0.935348,0][1.20812,0.379595,0.630472][-0.369802,0.078385,-0.925798][0.923753,0.902366,0][1.25278,0.233328,0.595605][-0.338576,0.131936,-0.931643][0.920568,0.911479,0][1.01434,0.216288,0.677505][-0.0954037,0.254606,-0.962327][0.951716,0.9244,0][1.03516,0.0830826,0.631508][-0.142045,0.280123,-0.949397][0.945235,0.935348,0][0.779123,0.224132,0.638553][0.459119,0.303389,-0.834964][0.975703,0.94942,0][1.01434,0.216288,0.677505][-0.0954037,0.254606,-0.962327][0.951716,0.9244,0][0.790697,0.337866,0.693315][0.467259,0.187911,-0.86392][0.985899,0.933577,0][1.01434,0.216288,0.677505][-0.0954037,0.254606,-0.962327][0.951716,0.9244,0][0.779123,0.224132,0.638553][0.459119,0.303389,-0.834964][0.975703,0.94942,0][1.01434,0.216288,0.677505][-0.0954037,0.254606,-0.962327][0.951716,0.9244,0][0.790697,0.337866,0.693315][0.467259,0.187911,-0.86392][0.985899,0.933577,0][1.01681,0.408307,0.708041][-0.191931,0.0996254,-0.976339][0.951655,0.906724,0][1.01681,0.408307,0.708041][-0.191931,0.0996254,-0.976339][0.951655,0.906724,0][1.20812,0.379595,0.630472][-0.369802,0.078385,-0.925798][0.923753,0.902366,0][1.01434,0.216288,0.677505][-0.0954037,0.254606,-0.962327][0.951716,0.9244,0][0.814269,0.510267,0.728245][0.396709,0.000128903,-0.917944][0.989021,0.909332,0][1.01681,0.408307,0.708041][-0.191931,0.0996254,-0.976339][0.951655,0.906724,0][0.790697,0.337866,0.693315][0.467259,0.187911,-0.86392][0.985899,0.933577,0][1.20812,0.379595,0.630472][-0.369802,0.078385,-0.925798][0.923753,0.902366,0][1.01681,0.408307,0.708041][-0.191931,0.0996254,-0.976339][0.951654,0.906724,0][1.07722,0.697631,0.699347][-0.263656,-0.0255901,-0.964277][0.937288,0.877469,0][0.814269,0.510267,0.728245][0.396709,0.000128903,-0.917944][0.989021,0.909332,0][1.07722,0.697631,0.699347][-0.263656,-0.0255901,-0.964277][0.937288,0.877469,0][1.01681,0.408307,0.708041][-0.191931,0.0996254,-0.976339][0.951654,0.906724,0][1.34953,0.613037,0.578772][-0.376969,-0.00111541,-0.926225][0.896908,0.882968,0][1.20812,0.379595,0.630472][-0.369802,0.078385,-0.925798][0.923753,0.902366,0][1.07722,0.697631,0.699347][-0.263656,-0.0255901,-0.964277][0.937288,0.877469,0][1.07722,0.697631,0.699347][-0.263656,-0.0255901,-0.964277][0.937288,0.877469,0][0.814269,0.510267,0.728245][0.396709,0.000128903,-0.917944][0.989021,0.909332,0][0.865469,0.779846,0.724576][0.354542,-0.183834,-0.916791][0.978994,0.87163,0][1.34953,0.613037,0.578772][-0.376969,-0.00111541,-0.926225][0.896908,0.882968,0][1.07722,0.697631,0.699347][-0.263656,-0.0255901,-0.964277][0.937288,0.877469,0][1.18387,1.04983,0.640748][-0.303431,-0.14004,-0.942507][0.91036,0.841109,0][0.865469,0.779846,0.724576][0.354542,-0.183834,-0.916791][0.978994,0.87163,0][1.18387,1.04983,0.640748][-0.303431,-0.14004,-0.942507][0.91036,0.841109,0][1.07722,0.697631,0.699347][-0.263656,-0.0255901,-0.964277][0.937288,0.877469,0][1.46777,0.979677,0.512985][-0.389013,-0.116586,-0.913825][0.866982,0.853408,0][1.34953,0.613037,0.578772][-0.376969,-0.00111541,-0.926225][0.896908,0.882968,0][1.18387,1.04983,0.640748][-0.303431,-0.14004,-0.942507][0.91036,0.841109,0][1.18387,1.04983,0.640748][-0.303431,-0.14004,-0.942507][0.91036,0.841109,0][0.865469,0.779846,0.724576][0.354542,-0.183834,-0.916791][0.978994,0.87163,0][0.97196,1.10449,0.667582][0.315505,-0.379136,-0.869892][0.953739,0.82881,0]