version 1.00
488
[1.43718,0.711898,0.4342][0.944882,0.19685,0.259843][35.9729,-39.018,0][1.22914,0.585758,0.945][0.716535,0.385827,0.582677][35.9409,-39.0259,0][1.45858,0.584698,0.4424][0.913386,0.314961,0.244094][35.9724,-39.026,0][1.47398,0.711938,0][0.976378,0.204724,0][36,-39.018,0][1.43718,0.711898,0.4342][0.944882,0.19685,0.259843][35.9729,-39.018,0][1.45858,0.584698,0.4424][0.913386,0.314961,0.244094][35.9724,-39.026,0][1.43718,0.711898,-0.4342][0.944882,0.19685,-0.259843][36.0271,-39.018,0][1.45858,0.584698,-0.4424][0.913386,0.314961,-0.244094][36.0276,-39.026,0][1.22914,0.585758,-0.945][0.716535,0.385827,-0.582677][36.0591,-39.0259,0][1.47398,0.711938,0][0.976378,0.204724,0][36,-39.018,0][1.45858,0.584698,-0.4424][0.913386,0.314961,-0.244094][36.0276,-39.026,0][1.43718,0.711898,-0.4342][0.944882,0.19685,-0.259843][36.0271,-39.018,0][1.38742,1.16232,0][0.968504,0.251969,0][36,-38.9899,0][1.43718,0.711898,0.4342][0.944882,0.19685,0.259843][35.9729,-39.018,0][1.47398,0.711938,0][0.976378,0.204724,0][36,-39.018,0][1.35036,1.17006,0.4018][0.913386,0.299213,0.267717][35.9749,-38.9894,0][1.19548,0.712838,0.907][0.740157,0.299213,0.606299][35.9433,-39.0179,0][1.43718,0.711898,0.4342][0.944882,0.19685,0.259843][35.9729,-39.018,0][1.38742,1.16232,0][0.968504,0.251969,0][36,-38.9899,0][1.35036,1.17006,0.4018][0.913386,0.299213,0.267717][35.9749,-38.9894,0][1.43718,0.711898,0.4342][0.944882,0.19685,0.259843][35.9729,-39.018,0][1.38742,1.16232,0][0.968504,0.251969,0][36,-38.9899,0][1.47398,0.711938,0][0.976378,0.204724,0][36,-39.018,0][1.43718,0.711898,-0.4342][0.944882,0.19685,-0.259843][36.0271,-39.018,0][1.35036,1.17006,-0.4018][0.913386,0.299213,-0.267717][36.0251,-38.9894,0][1.43718,0.711898,-0.4342][0.944882,0.19685,-0.259843][36.0271,-39.018,0][1.19548,0.712838,-0.907][0.740157,0.299213,-0.606299][36.0567,-39.0179,0][1.38742,1.16232,0][0.968504,0.251969,0][36,-38.9899,0][1.43718,0.711898,-0.4342][0.944882,0.19685,-0.259843][36.0271,-39.018,0][1.35036,1.17006,-0.4018][0.913386,0.299213,-0.267717][36.0251,-38.9894,0][1.38742,1.16232,0][0.968504,0.251969,0][36,-38.9899,0][1.3231,1.3791,0][0.88189,0.464567,0][36,-38.9763,0][1.2585,1.39068,0.3772][0.818898,0.511811,0.267717][35.9764,-38.9756,0][1.38742,1.16232,0][0.968504,0.251969,0][36,-38.9899,0][1.2585,1.39068,-0.3772][0.818898,0.511811,-0.267717][36.0236,-38.9756,0][1.3231,1.3791,0][0.88189,0.464567,0][36,-38.9763,0][1.47398,0.711938,0][0.976378,0.204724,0][36,-39.018,0][1.45858,0.584698,0.4424][0.913386,0.314961,0.244094][35.9724,-39.026,0][1.50348,0.584678,0][0.944882,0.338583,0][36,-39.026,0][1.47398,0.711938,0][0.976378,0.204724,0][36,-39.018,0][1.50348,0.584678,0][0.944882,0.338583,0][36,-39.026,0][1.45858,0.584698,-0.4424][0.913386,0.314961,-0.244094][36.0276,-39.026,0][1.35036,1.17006,0.4018][0.913386,0.299213,0.267717][35.9749,-38.9894,0][1.12296,1.17964,0.83][0.740157,0.330709,0.582677][35.9481,-38.9888,0][1.19548,0.712838,0.907][0.740157,0.299213,0.606299][35.9433,-39.0179,0][1.35036,1.17006,-0.4018][0.913386,0.299213,-0.267717][36.0251,-38.9894,0][1.19548,0.712838,-0.907][0.740157,0.299213,-0.606299][36.0567,-39.0179,0][1.12296,1.17964,-0.83][0.740157,0.330709,-0.582677][36.0519,-38.9888,0][1.38742,1.16232,0][0.968504,0.251969,0][36,-38.9899,0][1.2585,1.39068,0.3772][0.818898,0.511811,0.267717][35.9764,-38.9756,0][1.35036,1.17006,0.4018][0.913386,0.299213,0.267717][35.9749,-38.9894,0][1.38742,1.16232,0][0.968504,0.251969,0][36,-38.9899,0][1.35036,1.17006,-0.4018][0.913386,0.299213,-0.267717][36.0251,-38.9894,0][1.2585,1.39068,-0.3772][0.818898,0.511811,-0.267717][36.0236,-38.9756,0][1.35036,1.17006,0.4018][0.913386,0.299213,0.267717][35.9749,-38.9894,0][1.2585,1.39068,0.3772][0.818898,0.511811,0.267717][35.9764,-38.9756,0][1.04338,1.40198,0.7442][0.677165,0.535433,0.503937][35.9535,-38.9749,0][1.35036,1.17006,-0.4018][0.913386,0.299213,-0.267717][36.0251,-38.9894,0][1.04338,1.40198,-0.7442][0.677165,0.535433,-0.503937][36.0465,-38.9749,0][1.2585,1.39068,-0.3772][0.818898,0.511811,-0.267717][36.0236,-38.9756,0][1.35036,1.17006,0.4018][0.913386,0.299213,0.267717][35.9749,-38.9894,0][1.04338,1.40198,0.7442][0.677165,0.535433,0.503937][35.9535,-38.9749,0][1.12296,1.17964,0.83][0.740157,0.330709,0.582677][35.9481,-38.9888,0][1.35036,1.17006,-0.4018][0.913386,0.299213,-0.267717][36.0251,-38.9894,0][1.12296,1.17964,-0.83][0.740157,0.330709,-0.582677][36.0519,-38.9888,0][1.04338,1.40198,-0.7442][0.677165,0.535433,-0.503937][36.0465,-38.9749,0][1.43718,0.711898,0.4342][0.944882,0.19685,0.259843][35.9729,-39.018,0][1.19548,0.712838,0.907][0.740157,0.299213,0.606299][35.9433,-39.0179,0][1.22914,0.585758,0.945][0.716535,0.385827,0.582677][35.9409,-39.0259,0][1.43718,0.711898,-0.4342][0.944882,0.19685,-0.259843][36.0271,-39.018,0][1.22914,0.585758,-0.945][0.716535,0.385827,-0.582677][36.0591,-39.0259,0][1.19548,0.712838,-0.907][0.740157,0.299213,-0.606299][36.0567,-39.0179,0][1.2585,1.39068,0.3772][0.818898,0.511811,0.267717][35.9764,-38.9756,0][1.12252,1.6143,0][0.661417,0.748031,0][36,-38.9616,0][1.06774,1.62632,0.329][0.637795,0.740157,0.204724][35.9794,-38.9609,0][1.2585,1.39068,-0.3772][0.818898,0.511811,-0.267717][36.0236,-38.9756,0][1.06774,1.62632,-0.329][0.637795,0.740157,-0.204724][36.0206,-38.9609,0][1.12252,1.6143,0][0.661417,0.748031,0][36,-38.9616,0][1.2585,1.39068,0.3772][0.818898,0.511811,0.267717][35.9764,-38.9756,0][1.3231,1.3791,0][0.88189,0.464567,0][36,-38.9763,0][1.12252,1.6143,0][0.661417,0.748031,0][36,-38.9616,0][1.2585,1.39068,-0.3772][0.818898,0.511811,-0.267717][36.0236,-38.9756,0][1.12252,1.6143,0][0.661417,0.748031,0][36,-38.9616,0][1.3231,1.3791,0][0.88189,0.464567,0][36,-38.9763,0][1.04338,1.40198,0.7442][0.677165,0.535433,0.503937][35.9535,-38.9749,0][1.06774,1.62632,0.329][0.637795,0.740157,0.204724][35.9794,-38.9609,0][0.898422,1.63404,0.6162][0.566929,0.724409,0.401575][35.9615,-38.9604,0][1.04338,1.40198,0.7442][0.677165,0.535433,0.503937][35.9535,-38.9749,0][1.2585,1.39068,0.3772][0.818898,0.511811,0.267717][35.9764,-38.9756,0][1.06774,1.62632,0.329][0.637795,0.740157,0.204724][35.9794,-38.9609,0][1.04338,1.40198,-0.7442][0.677165,0.535433,-0.503937][36.0465,-38.9749,0][0.898422,1.63404,-0.6162][0.566929,0.724409,-0.401575][36.0385,-38.9604,0][1.06774,1.62632,-0.329][0.637795,0.740157,-0.204724][36.0206,-38.9609,0][1.04338,1.40198,-0.7442][0.677165,0.535433,-0.503937][36.0465,-38.9749,0][1.06774,1.62632,-0.329][0.637795,0.740157,-0.204724][36.0206,-38.9609,0][1.2585,1.39068,-0.3772][0.818898,0.511811,-0.267717][36.0236,-38.9756,0][1.22914,0.585758,0.945][0.716535,0.385827,0.582677][35.9409,-39.0259,0][1.43074,0.0407976,1.092][0.708661,0.417323,0.566929][35.9318,-39.06,0][1.71112,0.0407976,0.5066][0.866142,0.433071,0.244094][35.9683,-39.06,0][1.22914,0.585758,-0.945][0.716535,0.385827,-0.582677][36.0591,-39.0259,0][1.71112,0.0407976,-0.5066][0.866142,0.433071,-0.244094][36.0317,-39.06,0][1.43074,0.0407976,-1.092][0.708661,0.417323,-0.566929][36.0682,-39.06,0][1.22914,0.585758,-0.945][0.716535,0.385827,-0.582677][36.0591,-39.0259,0][1.45858,0.584698,-0.4424][0.913386,0.314961,-0.244094][36.0276,-39.026,0][1.71112,0.0407976,-0.5066][0.866142,0.433071,-0.244094][36.0317,-39.06,0][1.50348,0.584678,0][0.944882,0.338583,0][36,-39.026,0][1.71112,0.0407976,-0.5066][0.866142,0.433071,-0.244094][36.0317,-39.06,0][1.45858,0.584698,-0.4424][0.913386,0.314961,-0.244094][36.0276,-39.026,0][1.22914,0.585758,0.945][0.716535,0.385827,0.582677][35.9409,-39.0259,0][1.71112,0.0407976,0.5066][0.866142,0.433071,0.244094][35.9683,-39.06,0][1.45858,0.584698,0.4424][0.913386,0.314961,0.244094][35.9724,-39.026,0][1.50348,0.584678,0][0.944882,0.338583,0][36,-39.026,0][1.45858,0.584698,0.4424][0.913386,0.314961,0.244094][35.9724,-39.026,0][1.71112,0.0407976,0.5066][0.866142,0.433071,0.244094][35.9683,-39.06,0][1.50348,0.584678,0][0.944882,0.338583,0][36,-39.026,0][1.71112,0.0407976,0.5066][0.866142,0.433071,0.244094][35.9683,-39.06,0][1.78052,0.0407976,0][0.889764,0.456693,0][36,-39.06,0][1.50348,0.584678,0][0.944882,0.338583,0][36,-39.026,0][1.78052,0.0407976,0][0.889764,0.456693,0][36,-39.06,0][1.71112,0.0407976,-0.5066][0.866142,0.433071,-0.244094][36.0317,-39.06,0][-1.01532,0.878878,0][0.590551,-0.811024,0][36,-39.0076,0][-1.11688,0.741758,-0.3394][0.653543,-0.740157,0.181102][36.0212,-39.0161,0][-0.965298,0.885878,-0.4134][0.622047,-0.755906,0.204724][36.0258,-39.0071,0][-1.11688,0.741758,0.3394][0.653543,-0.740157,-0.181102][35.9788,-39.0161,0][-1.01532,0.878878,0][0.590551,-0.811024,0][36,-39.0076,0][-0.965298,0.885878,0.4134][0.622047,-0.755906,-0.204724][35.9742,-39.0071,0][-0.965298,0.885878,-0.4134][0.622047,-0.755906,0.204724][36.0258,-39.0071,0][-0.944758,0.741758,-0.6882][0.582677,-0.708661,0.401575][36.043,-39.0161,0][-0.810958,0.890958,-0.684][0.582677,-0.692913,0.425197][36.0428,-39.0068,0][-0.965298,0.885878,-0.4134][0.622047,-0.755906,0.204724][36.0258,-39.0071,0][-1.11688,0.741758,-0.3394][0.653543,-0.740157,0.181102][36.0212,-39.0161,0][-0.944758,0.741758,-0.6882][0.582677,-0.708661,0.401575][36.043,-39.0161,0][-0.944758,0.741758,0.6882][0.582677,-0.708661,-0.401575][35.957,-39.0161,0][-0.965298,0.885878,0.4134][0.622047,-0.755906,-0.204724][35.9742,-39.0071,0][-0.810958,0.890958,0.684][0.582677,-0.692913,-0.425197][35.9572,-39.0068,0][-0.944758,0.741758,0.6882][0.582677,-0.708661,-0.401575][35.957,-39.0161,0][-1.11688,0.741758,0.3394][0.653543,-0.740157,-0.181102][35.9788,-39.0161,0][-0.965298,0.885878,0.4134][0.622047,-0.755906,-0.204724][35.9742,-39.0071,0][-0.687318,0.741758,0.9472][0.456693,-0.669291,-0.590551][35.9408,-39.0161,0][-0.944758,0.741758,0.6882][0.582677,-0.708661,-0.401575][35.957,-39.0161,0][-0.810958,0.890958,0.684][0.582677,-0.692913,-0.425197][35.9572,-39.0068,0][-0.810958,0.890958,-0.684][0.582677,-0.692913,0.425197][36.0428,-39.0068,0][-0.944758,0.741758,-0.6882][0.582677,-0.708661,0.401575][36.043,-39.0161,0][-0.687318,0.741758,-0.9472][0.456693,-0.669291,0.590551][36.0592,-39.0161,0][-0.687318,0.741758,0.9472][0.456693,-0.669291,-0.590551][35.9408,-39.0161,0][-0.810958,0.890958,0.684][0.582677,-0.692913,-0.425197][35.9572,-39.0068,0][-0.519178,0.973358,0.917][0.377953,-0.732283,-0.574803][35.9427,-39.0017,0][-0.810958,0.890958,-0.684][0.582677,-0.692913,0.425197][36.0428,-39.0068,0][-0.687318,0.741758,-0.9472][0.456693,-0.669291,0.590551][36.0592,-39.0161,0][-0.519178,0.973358,-0.917][0.377953,-0.732283,0.574803][36.0573,-39.0017,0][0.704022,1.49134,1.0098][0.480315,0.574803,0.669291][35.956,-38.9369,0][1.04338,1.40198,0.7442][0.677165,0.535433,0.503937][35.9348,-38.9535,0][0.898422,1.63404,0.6162][0.566929,0.724409,0.401575][35.9439,-38.9615,0][0.704022,1.49134,-1.0098][0.480315,0.574803,-0.669291][35.956,-39.0631,0][0.898422,1.63404,-0.6162][0.566929,0.724409,-0.401575][35.9439,-39.0385,0][1.04338,1.40198,-0.7442][0.677165,0.535433,-0.503937][35.9348,-39.0465,0][0.326082,1.56076,1.1498][0.23622,0.637795,0.740157][35.9796,-38.9281,0][0.704022,1.49134,1.0098][0.480315,0.574803,0.669291][35.956,-38.9369,0][0.579622,1.77786,0.73][0.346457,0.826772,0.433071][35.9638,-38.9544,0][0.326082,1.56076,-1.1498][0.23622,0.637795,-0.740157][35.9796,-39.0719,0][0.579622,1.77786,-0.73][0.346457,0.826772,-0.433071][35.9638,-39.0456,0][0.704022,1.49134,-1.0098][0.480315,0.574803,-0.669291][35.956,-39.0631,0][0.650242,1.89124,0.329][0.377953,0.913386,0.165354][35.9594,-38.9794,0][0.898422,1.63404,0.6162][0.566929,0.724409,0.401575][35.9439,-38.9615,0][1.06774,1.62632,0.329][0.637795,0.740157,0.204724][35.9333,-38.9794,0][0.650242,1.89124,0.329][0.377953,0.913386,0.165354][35.9594,-38.9794,0][0.579622,1.77786,0.73][0.346457,0.826772,0.433071][35.9638,-38.9544,0][0.898422,1.63404,0.6162][0.566929,0.724409,0.401575][35.9439,-38.9615,0][0.704022,1.49134,1.0098][0.480315,0.574803,0.669291][35.956,-38.9369,0][0.898422,1.63404,0.6162][0.566929,0.724409,0.401575][35.9439,-38.9615,0][0.579622,1.77786,0.73][0.346457,0.826772,0.433071][35.9638,-38.9544,0][0.650242,1.89124,-0.329][0.377953,0.913386,-0.165354][35.9594,-39.0206,0][1.06774,1.62632,-0.329][0.637795,0.740157,-0.204724][35.9333,-39.0206,0][0.898422,1.63404,-0.6162][0.566929,0.724409,-0.401575][35.9439,-39.0385,0][0.650242,1.89124,-0.329][0.377953,0.913386,-0.165354][35.9594,-39.0206,0][0.898422,1.63404,-0.6162][0.566929,0.724409,-0.401575][35.9439,-39.0385,0][0.579622,1.77786,-0.73][0.346457,0.826772,-0.433071][35.9638,-39.0456,0][0.704022,1.49134,-1.0098][0.480315,0.574803,-0.669291][35.956,-39.0631,0][0.579622,1.77786,-0.73][0.346457,0.826772,-0.433071][35.9638,-39.0456,0][0.898422,1.63404,-0.6162][0.566929,0.724409,-0.401575][35.9439,-39.0385,0][-1.50016,0.598678,0][-0.614173,0.787402,0][36.0938,-39,0][-1.7042,0.465198,0.5022][-0.401575,0.905512,0.141732][36.1065,-38.9686,0][-1.42746,0.598318,0.4324][-0.606299,0.76378,0.204724][36.0892,-38.973,0][-1.50016,0.598678,0][-0.614173,0.787402,0][36.0938,-39,0][-1.42746,0.598318,-0.4324][-0.606299,0.76378,-0.204724][36.0892,-39.027,0][-1.7042,0.465198,-0.5022][-0.401575,0.905512,-0.141732][36.1065,-39.0314,0][0.326082,1.56076,1.1498][0.23622,0.637795,0.740157][35.9796,-38.9281,0][0.579622,1.77786,0.73][0.346457,0.826772,0.433071][35.9638,-38.9544,0][0.291984,1.81994,0.7872][0.141732,0.889764,0.440945][35.9818,-38.9508,0][0.326082,1.56076,-1.1498][0.23622,0.637795,-0.740157][35.9796,-39.0719,0][0.291984,1.81994,-0.7872][0.141732,0.889764,-0.440945][35.9818,-39.0492,0][0.579622,1.77786,-0.73][0.346457,0.826772,-0.433071][35.9638,-39.0456,0][0.326082,1.56076,1.1498][0.23622,0.637795,0.740157][35.9796,-38.9281,0][0.00326288,1.8322,0.8178][0,0.897638,0.448819][35.9998,-38.9489,0][0.00316274,1.565,1.1988][0,0.653543,0.755906][35.9998,-38.9251,0][0.326082,1.56076,-1.1498][0.23622,0.637795,-0.740157][35.9796,-39.0719,0][0.00316274,1.565,-1.1988][0,0.653543,-0.755906][35.9998,-39.0749,0][0.00326288,1.8322,-0.8178][0,0.897638,-0.448819][35.9998,-39.0511,0][-0.319758,1.56096,1.1498][-0.228346,0.637795,0.732283][36.02,-38.9281,0][0.00326288,1.8322,0.8178][0,0.897638,0.448819][35.9998,-38.9489,0][-0.285478,1.82012,0.7872][-0.141732,0.889764,0.440945][36.0178,-38.9508,0][-0.319758,1.56096,1.1498][-0.228346,0.637795,0.732283][36.02,-38.9281,0][-0.285478,1.82012,0.7872][-0.141732,0.889764,0.440945][36.0178,-38.9508,0][-0.573136,1.77822,0.73][-0.346457,0.834646,0.433071][36.0358,-38.9544,0][-0.319758,1.56096,1.1498][-0.228346,0.637795,0.732283][36.02,-38.9281,0][-0.573136,1.77822,0.73][-0.346457,0.834646,0.433071][36.0358,-38.9544,0][-0.715538,1.49178,1.0098][-0.488189,0.574803,0.661417][36.0447,-38.9369,0][-0.319758,1.56096,-1.1498][-0.228346,0.637795,-0.732283][36.02,-39.0719,0][-0.285458,1.82012,-0.7872][-0.141732,0.889764,-0.440945][36.0178,-39.0492,0][0.00326288,1.8322,-0.8178][0,0.897638,-0.448819][35.9998,-39.0511,0][-0.319758,1.56096,-1.1498][-0.228346,0.637795,-0.732283][36.02,-39.0719,0][-0.573136,1.77822,-0.73][-0.346457,0.834646,-0.433071][36.0358,-39.0456,0][-0.285458,1.82012,-0.7872][-0.141732,0.889764,-0.440945][36.0178,-39.0492,0][-0.319758,1.56096,-1.1498][-0.228346,0.637795,-0.732283][36.02,-39.0719,0][-0.715538,1.49178,-1.0098][-0.488189,0.574803,-0.661417][36.0447,-39.0631,0][-0.573136,1.77822,-0.73][-0.346457,0.834646,-0.433071][36.0358,-39.0456,0][-0.319758,1.56096,1.1498][-0.228346,0.637795,0.732283][36.02,-38.9281,0][0.00316274,1.565,1.1988][0,0.653543,0.755906][35.9998,-38.9251,0][0.00326288,1.8322,0.8178][0,0.897638,0.448819][35.9998,-38.9489,0][-0.319758,1.56096,-1.1498][-0.228346,0.637795,-0.732283][36.02,-39.0719,0][0.00326288,1.8322,-0.8178][0,0.897638,-0.448819][35.9998,-39.0511,0][0.00316274,1.565,-1.1988][0,0.653543,-0.755906][35.9998,-39.0749,0][-0.676958,1.8859,0][-0.393701,0.92126,0][36.0423,-39,0][-1.11616,1.615,0][-0.661417,0.748031,0][36.0698,-39,0][-1.06136,1.627,0.329][-0.637795,0.740157,0.204724][36.0663,-38.9794,0][0.683542,1.88548,0][0.393701,0.92126,0][35.9573,-39,0][0.650242,1.89124,0.329][0.377953,0.913386,0.165354][35.9594,-38.9794,0][1.06774,1.62632,0.329][0.637795,0.740157,0.204724][35.9333,-38.9794,0][-0.676958,1.8859,0][-0.393701,0.92126,0][36.0423,-39,0][-1.06136,1.627,-0.329][-0.637795,0.740157,-0.204724][36.0663,-39.0206,0][-1.11616,1.615,0][-0.661417,0.748031,0][36.0698,-39,0][0.683542,1.88548,0][0.393701,0.92126,0][35.9573,-39,0][1.06774,1.62632,-0.329][0.637795,0.740157,-0.204724][35.9333,-39.0206,0][0.650242,1.89124,-0.329][0.377953,0.913386,-0.165354][35.9594,-39.0206,0][0.683542,1.88548,0][0.393701,0.92126,0][35.9573,-39,0][1.06774,1.62632,0.329][0.637795,0.740157,0.204724][35.9333,-38.9794,0][1.12252,1.6143,0][0.661417,0.748031,0][35.9298,-39,0][0.683542,1.88548,0][0.393701,0.92126,0][35.9573,-39,0][1.12252,1.6143,0][0.661417,0.748031,0][35.9298,-39,0][1.06774,1.62632,-0.329][0.637795,0.740157,-0.204724][35.9333,-39.0206,0][-0.715538,1.49178,-1.0098][-0.488189,0.574803,-0.661417][36.0447,-39.0631,0][-1.03718,1.40264,-0.7442][-0.692913,0.527559,-0.496063][36.0648,-39.0465,0][-0.892038,1.6346,-0.6162][-0.566929,0.724409,-0.393701][36.0558,-39.0385,0][-0.715538,1.49178,-1.0098][-0.488189,0.574803,-0.661417][36.0447,-39.0631,0][-0.892038,1.6346,-0.6162][-0.566929,0.724409,-0.393701][36.0558,-39.0385,0][-0.573136,1.77822,-0.73][-0.346457,0.834646,-0.433071][36.0358,-39.0456,0][-0.643658,1.89164,-0.329][-0.377953,0.913386,-0.165354][36.0402,-39.0206,0][-0.573136,1.77822,-0.73][-0.346457,0.834646,-0.433071][36.0358,-39.0456,0][-0.892038,1.6346,-0.6162][-0.566929,0.724409,-0.393701][36.0558,-39.0385,0][-0.643658,1.89164,-0.329][-0.377953,0.913386,-0.165354][36.0402,-39.0206,0][-0.892038,1.6346,-0.6162][-0.566929,0.724409,-0.393701][36.0558,-39.0385,0][-1.06136,1.627,-0.329][-0.637795,0.740157,-0.204724][36.0663,-39.0206,0][-0.676958,1.8859,0][-0.393701,0.92126,0][36.0423,-39,0][-0.643658,1.89164,-0.329][-0.377953,0.913386,-0.165354][36.0402,-39.0206,0][-1.06136,1.627,-0.329][-0.637795,0.740157,-0.204724][36.0663,-39.0206,0][-0.308638,1.96998,-0.329][-0.125984,0.976378,-0.15748][36.0193,-39.0206,0][-0.573136,1.77822,-0.73][-0.346457,0.834646,-0.433071][36.0358,-39.0456,0][-0.643658,1.89164,-0.329][-0.377953,0.913386,-0.165354][36.0402,-39.0206,0][0.315282,1.96978,0.329][0.133858,0.976378,0.15748][35.9803,-38.9794,0][0.579622,1.77786,0.73][0.346457,0.826772,0.433071][35.9638,-38.9544,0][0.650242,1.89124,0.329][0.377953,0.913386,0.165354][35.9594,-38.9794,0][0.315282,1.96978,-0.329][0.133858,0.976378,-0.15748][35.9803,-39.0206,0][0.650242,1.89124,-0.329][0.377953,0.913386,-0.165354][35.9594,-39.0206,0][0.579622,1.77786,-0.73][0.346457,0.826772,-0.433071][35.9638,-39.0456,0][-0.715538,1.49178,1.0098][-0.488189,0.574803,0.661417][36.0447,-38.9369,0][-0.892038,1.6346,0.6162][-0.566929,0.724409,0.393701][36.0558,-38.9615,0][-1.03718,1.40264,0.7442][-0.692913,0.527559,0.496063][36.0648,-38.9535,0][-0.715538,1.49178,1.0098][-0.488189,0.574803,0.661417][36.0447,-38.9369,0][-0.573136,1.77822,0.73][-0.346457,0.834646,0.433071][36.0358,-38.9544,0][-0.892038,1.6346,0.6162][-0.566929,0.724409,0.393701][36.0558,-38.9615,0][-0.643658,1.89164,0.329][-0.377953,0.913386,0.165354][36.0402,-38.9794,0][-0.892038,1.6346,0.6162][-0.566929,0.724409,0.393701][36.0558,-38.9615,0][-0.573136,1.77822,0.73][-0.346457,0.834646,0.433071][36.0358,-38.9544,0][-0.308638,1.96998,0][-0.133858,0.992126,0][36.0193,-39,0][-0.643658,1.89164,0.329][-0.377953,0.913386,0.165354][36.0402,-38.9794,0][-0.308638,1.96998,0.329][-0.125984,0.976378,0.15748][36.0193,-38.9794,0][-0.643658,1.89164,0.329][-0.377953,0.913386,0.165354][36.0402,-38.9794,0][-1.06136,1.627,0.329][-0.637795,0.740157,0.204724][36.0663,-38.9794,0][-0.892038,1.6346,0.6162][-0.566929,0.724409,0.393701][36.0558,-38.9615,0][-0.676958,1.8859,0][-0.393701,0.92126,0][36.0423,-39,0][-1.06136,1.627,0.329][-0.637795,0.740157,0.204724][36.0663,-38.9794,0][-0.643658,1.89164,0.329][-0.377953,0.913386,0.165354][36.0402,-38.9794,0][-0.308638,1.96998,0.329][-0.125984,0.976378,0.15748][36.0193,-38.9794,0][-0.643658,1.89164,0.329][-0.377953,0.913386,0.165354][36.0402,-38.9794,0][-0.573136,1.77822,0.73][-0.346457,0.834646,0.433071][36.0358,-38.9544,0][-0.308638,1.96998,0.329][-0.125984,0.976378,0.15748][36.0193,-38.9794,0][-0.573136,1.77822,0.73][-0.346457,0.834646,0.433071][36.0358,-38.9544,0][-0.285478,1.82012,0.7872][-0.141732,0.889764,0.440945][36.0178,-38.9508,0][-0.308638,1.96998,-0.329][-0.125984,0.976378,-0.15748][36.0193,-39.0206,0][-0.285458,1.82012,-0.7872][-0.141732,0.889764,-0.440945][36.0178,-39.0492,0][-0.573136,1.77822,-0.73][-0.346457,0.834646,-0.433071][36.0358,-39.0456,0][0.315282,1.96978,0.329][0.133858,0.976378,0.15748][35.9803,-38.9794,0][0.291984,1.81994,0.7872][0.141732,0.889764,0.440945][35.9818,-38.9508,0][0.579622,1.77786,0.73][0.346457,0.826772,0.433071][35.9638,-38.9544,0][0.326082,1.56076,1.1498][0.23622,0.637795,0.740157][35.9796,-38.9281,0][0.291984,1.81994,0.7872][0.141732,0.889764,0.440945][35.9818,-38.9508,0][0.00326288,1.8322,0.8178][0,0.897638,0.448819][35.9998,-38.9489,0][0.315282,1.96978,0][0.133858,0.992126,0][35.9803,-39,0][0.315282,1.96978,0.329][0.133858,0.976378,0.15748][35.9803,-38.9794,0][0.650242,1.89124,0.329][0.377953,0.913386,0.165354][35.9594,-38.9794,0][0.315282,1.96978,-0.329][0.133858,0.976378,-0.15748][35.9803,-39.0206,0][0.579622,1.77786,-0.73][0.346457,0.826772,-0.433071][35.9638,-39.0456,0][0.291984,1.81994,-0.7872][0.141732,0.889764,-0.440945][35.9818,-39.0492,0][0.326082,1.56076,-1.1498][0.23622,0.637795,-0.740157][35.9796,-39.0719,0][0.00326288,1.8322,-0.8178][0,0.897638,-0.448819][35.9998,-39.0511,0][0.291984,1.81994,-0.7872][0.141732,0.889764,-0.440945][35.9818,-39.0492,0][0.315282,1.96978,0][0.133858,0.992126,0][35.9803,-39,0][0.650242,1.89124,-0.329][0.377953,0.913386,-0.165354][35.9594,-39.0206,0][0.315282,1.96978,-0.329][0.133858,0.976378,-0.15748][35.9803,-39.0206,0][0.00332296,1.98164,0.329][0,0.984252,0.15748][35.9998,-38.9794,0][0.291984,1.81994,0.7872][0.141732,0.889764,0.440945][35.9818,-38.9508,0][0.315282,1.96978,0.329][0.133858,0.976378,0.15748][35.9803,-38.9794,0][0.00332296,1.98164,-0.329][0,0.984252,-0.15748][35.9998,-39.0206,0][0.315282,1.96978,-0.329][0.133858,0.976378,-0.15748][35.9803,-39.0206,0][0.291984,1.81994,-0.7872][0.141732,0.889764,-0.440945][35.9818,-39.0492,0][0.00332296,1.98164,0.329][0,0.984252,0.15748][35.9998,-38.9794,0][-0.308638,1.96998,0.329][-0.125984,0.976378,0.15748][36.0193,-38.9794,0][-0.285478,1.82012,0.7872][-0.141732,0.889764,0.440945][36.0178,-38.9508,0][0.00332296,1.98164,-0.329][0,0.984252,-0.15748][35.9998,-39.0206,0][-0.285458,1.82012,-0.7872][-0.141732,0.889764,-0.440945][36.0178,-39.0492,0][-0.308638,1.96998,-0.329][-0.125984,0.976378,-0.15748][36.0193,-39.0206,0][0.00332296,1.98164,0.329][0,0.984252,0.15748][35.9998,-38.9794,0][-0.285478,1.82012,0.7872][-0.141732,0.889764,0.440945][36.0178,-38.9508,0][0.00326288,1.8322,0.8178][0,0.897638,0.448819][35.9998,-38.9489,0][0.00332296,1.98164,0.329][0,0.984252,0.15748][35.9998,-38.9794,0][0.00326288,1.8322,0.8178][0,0.897638,0.448819][35.9998,-38.9489,0][0.291984,1.81994,0.7872][0.141732,0.889764,0.440945][35.9818,-38.9508,0][0.00332296,1.98164,-0.329][0,0.984252,-0.15748][35.9998,-39.0206,0][0.00326288,1.8322,-0.8178][0,0.897638,-0.448819][35.9998,-39.0511,0][-0.285458,1.82012,-0.7872][-0.141732,0.889764,-0.440945][36.0178,-39.0492,0][0.00332296,1.98164,-0.329][0,0.984252,-0.15748][35.9998,-39.0206,0][0.291984,1.81994,-0.7872][0.141732,0.889764,-0.440945][35.9818,-39.0492,0][0.00326288,1.8322,-0.8178][0,0.897638,-0.448819][35.9998,-39.0511,0][0.315282,1.96978,0][0.133858,0.992126,0][35.9803,-39,0][0.650242,1.89124,0.329][0.377953,0.913386,0.165354][35.9594,-38.9794,0][0.683542,1.88548,0][0.393701,0.92126,0][35.9573,-39,0][0.315282,1.96978,0][0.133858,0.992126,0][35.9803,-39,0][0.683542,1.88548,0][0.393701,0.92126,0][35.9573,-39,0][0.650242,1.89124,-0.329][0.377953,0.913386,-0.165354][35.9594,-39.0206,0][-0.308638,1.96998,0][-0.133858,0.992126,0][36.0193,-39,0][-0.676958,1.8859,0][-0.393701,0.92126,0][36.0423,-39,0][-0.643658,1.89164,0.329][-0.377953,0.913386,0.165354][36.0402,-38.9794,0][-0.308638,1.96998,0][-0.133858,0.992126,0][36.0193,-39,0][-0.308638,1.96998,-0.329][-0.125984,0.976378,-0.15748][36.0193,-39.0206,0][-0.643658,1.89164,-0.329][-0.377953,0.913386,-0.165354][36.0402,-39.0206,0][-0.308638,1.96998,0][-0.133858,0.992126,0][36.0193,-39,0][-0.643658,1.89164,-0.329][-0.377953,0.913386,-0.165354][36.0402,-39.0206,0][-0.676958,1.8859,0][-0.393701,0.92126,0][36.0423,-39,0][0.315282,1.96978,0][0.133858,0.992126,0][35.9803,-39,0][0.00332296,1.9875,0][0,1,0][35.9998,-39,0][0.00332296,1.98164,0.329][0,0.984252,0.15748][35.9998,-38.9794,0][0.315282,1.96978,0][0.133858,0.992126,0][35.9803,-39,0][0.00332296,1.98164,-0.329][0,0.984252,-0.15748][35.9998,-39.0206,0][0.00332296,1.9875,0][0,1,0][35.9998,-39,0][-0.308638,1.96998,0][-0.133858,0.992126,0][36.0193,-39,0][0.00332296,1.98164,0.329][0,0.984252,0.15748][35.9998,-38.9794,0][0.00332296,1.9875,0][0,1,0][35.9998,-39,0][-0.308638,1.96998,0][-0.133858,0.992126,0][36.0193,-39,0][0.00332296,1.9875,0][0,1,0][35.9998,-39,0][0.00332296,1.98164,-0.329][0,0.984252,-0.15748][35.9998,-39.0206,0][0.315282,1.96978,0][0.133858,0.992126,0][35.9803,-39,0][0.00332296,1.98164,0.329][0,0.984252,0.15748][35.9998,-38.9794,0][0.315282,1.96978,0.329][0.133858,0.976378,0.15748][35.9803,-38.9794,0][0.315282,1.96978,0][0.133858,0.992126,0][35.9803,-39,0][0.315282,1.96978,-0.329][0.133858,0.976378,-0.15748][35.9803,-39.0206,0][0.00332296,1.98164,-0.329][0,0.984252,-0.15748][35.9998,-39.0206,0][-0.308638,1.96998,0][-0.133858,0.992126,0][36.0193,-39,0][-0.308638,1.96998,0.329][-0.125984,0.976378,0.15748][36.0193,-38.9794,0][0.00332296,1.98164,0.329][0,0.984252,0.15748][35.9998,-38.9794,0][-0.308638,1.96998,0][-0.133858,0.992126,0][36.0193,-39,0][0.00332296,1.98164,-0.329][0,0.984252,-0.15748][35.9998,-39.0206,0][-0.308638,1.96998,-0.329][-0.125984,0.976378,-0.15748][36.0193,-39.0206,0][-1.21658,0.596378,0.8646][-0.543307,0.716535,0.440945][36.076,-38.946,0][-1.30338,0.465198,1.0334][-0.338583,0.818898,0.464567][36.0815,-38.9354,0][-1.06236,0.465198,1.1704][-0.433071,0.669291,0.606299][36.0664,-38.9268,0][-1.21658,0.596378,0.8646][-0.543307,0.716535,0.440945][36.076,-38.946,0][-1.06236,0.465198,1.1704][-0.433071,0.669291,0.606299][36.0664,-38.9268,0][-0.870038,0.594758,1.185][-0.472441,0.433071,0.76378][36.0544,-38.9259,0][-1.21658,0.596378,-0.8646][-0.543307,0.716535,-0.440945][36.076,-39.054,0][-1.06236,0.465198,-1.1704][-0.433071,0.669291,-0.606299][36.0664,-39.0732,0][-1.30338,0.465198,-1.0334][-0.338583,0.818898,-0.464567][36.0815,-39.0646,0][-1.21658,0.596378,-0.8646][-0.543307,0.716535,-0.440945][36.076,-39.054,0][-0.870018,0.594758,-1.185][-0.472441,0.433071,-0.76378][36.0544,-39.0741,0][-1.06236,0.465198,-1.1704][-0.433071,0.669291,-0.606299][36.0664,-39.0732,0][-1.48036,0.465198,0.8634][-0.409449,0.866142,0.283465][36.0925,-38.946,0][-1.30338,0.465198,1.0334][-0.338583,0.818898,0.464567][36.0815,-38.9354,0][-1.21658,0.596378,0.8646][-0.543307,0.716535,0.440945][36.076,-38.946,0][-1.48036,0.465198,-0.8634][-0.409449,0.866142,-0.283465][36.0925,-39.054,0][-1.21658,0.596378,-0.8646][-0.543307,0.716535,-0.440945][36.076,-39.054,0][-1.30338,0.465198,-1.0334][-0.338583,0.818898,-0.464567][36.0815,-39.0646,0][-1.42746,0.598318,0.4324][-0.606299,0.76378,0.204724][36.0892,-38.973,0][-1.48036,0.465198,0.8634][-0.409449,0.866142,0.283465][36.0925,-38.946,0][-1.21658,0.596378,0.8646][-0.543307,0.716535,0.440945][36.076,-38.946,0][-1.42746,0.598318,-0.4324][-0.606299,0.76378,-0.204724][36.0892,-39.027,0][-1.21658,0.596378,-0.8646][-0.543307,0.716535,-0.440945][36.076,-39.054,0][-1.48036,0.465198,-0.8634][-0.409449,0.866142,-0.283465][36.0925,-39.054,0][-1.42746,0.598318,-0.4324][-0.606299,0.76378,-0.204724][36.0892,-39.027,0][-1.48036,0.465198,-0.8634][-0.409449,0.866142,-0.283465][36.0925,-39.054,0][-1.7042,0.465198,-0.5022][-0.401575,0.905512,-0.141732][36.1065,-39.0314,0][-1.42746,0.598318,0.4324][-0.606299,0.76378,0.204724][36.0892,-38.973,0][-1.7042,0.465198,0.5022][-0.401575,0.905512,0.141732][36.1065,-38.9686,0][-1.48036,0.465198,0.8634][-0.409449,0.866142,0.283465][36.0925,-38.946,0][-1.50016,0.598678,0][-0.614173,0.787402,0][36.0938,-39,0][-1.78048,0.465198,0][-0.433071,0.905512,0][36.1113,-39,0][-1.7042,0.465198,0.5022][-0.401575,0.905512,0.141732][36.1065,-38.9686,0][-1.50016,0.598678,0][-0.614173,0.787402,0][36.0938,-39,0][-1.7042,0.465198,-0.5022][-0.401575,0.905512,-0.141732][36.1065,-39.0314,0][-1.78048,0.465198,0][-0.433071,0.905512,0][36.1113,-39,0][1.12296,1.17964,0.83][0.740157,0.330709,0.582677][36.0702,-38.9888,0][0.795362,1.18148,1.129][0.535433,0.291339,0.787402][36.0497,-38.9887,0][0.838022,0.714158,1.1836][0.519685,0.291339,0.80315][36.0524,-39.0179,0][1.12296,1.17964,0.83][0.740157,0.330709,0.582677][36.0702,-38.9888,0][0.838022,0.714158,1.1836][0.519685,0.291339,0.80315][36.0524,-39.0179,0][1.19548,0.712838,0.907][0.740157,0.299213,0.606299][36.0747,-39.0179,0][0.441202,0.715038,1.3818][0.299213,0.267717,0.913386][36.0276,-39.0178,0][0.00302256,1.1681,1.408][0,0.283465,0.96063][36.0002,-38.9895,0][0.00190294,0.715798,1.454][-0.0314961,0.149606,0.984252][36.0001,-39.0178,0][0.838022,0.714158,1.1836][0.519685,0.291339,0.80315][36.0524,-39.0179,0][0.403542,1.17508,1.3188][0.314961,0.291339,0.905512][36.0252,-38.9891,0][0.441202,0.715038,1.3818][0.299213,0.267717,0.913386][36.0276,-39.0178,0][0.00190294,0.715798,1.454][-0.0314961,0.149606,0.984252][36.0001,-39.0178,0][-0.433278,0.715338,1.3706][-0.330709,0.0866142,0.937008][35.9729,-39.0178,0][-0.425616,0.590778,1.3824][-0.291339,0.291339,0.913386][35.9734,-39.0256,0][0.838022,0.714158,1.1836][0.519685,0.291339,0.80315][36.0524,-39.0179,0][0.795362,1.18148,1.129][0.535433,0.291339,0.787402][36.0497,-38.9887,0][0.403542,1.17508,1.3188][0.314961,0.291339,0.905512][36.0252,-38.9891,0][1.19548,0.712838,0.907][0.740157,0.299213,0.606299][36.0747,-39.0179,0][0.838022,0.714158,1.1836][0.519685,0.291339,0.80315][36.0524,-39.0179,0][0.868922,0.587538,1.2302][0.488189,0.393701,0.779528][36.0543,-39.0258,0][0.00302256,1.1681,1.408][0,0.283465,0.96063][36.0002,-38.9895,0][-0.404878,1.17758,1.326][-0.307087,0.275591,0.913386][35.9747,-38.9889,0][-0.433278,0.715338,1.3706][-0.330709,0.0866142,0.937008][35.9729,-39.0178,0][-0.831018,0.717658,1.1624][-0.559055,0.212598,0.795276][35.9481,-39.0176,0][-0.425616,0.590778,1.3824][-0.291339,0.291339,0.913386][35.9734,-39.0256,0][-0.433278,0.715338,1.3706][-0.330709,0.0866142,0.937008][35.9729,-39.0178,0][0.795362,1.18148,1.129][0.535433,0.291339,0.787402][36.0497,-38.9887,0][1.04338,1.40198,0.7442][0.677165,0.535433,0.503937][36.0652,-38.9749,0][0.704022,1.49134,1.0098][0.480315,0.574803,0.669291][36.044,-38.9693,0][0.795362,1.18148,1.129][0.535433,0.291339,0.787402][36.0497,-38.9887,0][1.12296,1.17964,0.83][0.740157,0.330709,0.582677][36.0702,-38.9888,0][1.04338,1.40198,0.7442][0.677165,0.535433,0.503937][36.0652,-38.9749,0][0.403542,1.17508,1.3188][0.314961,0.291339,0.905512][36.0252,-38.9891,0][0.795362,1.18148,1.129][0.535433,0.291339,0.787402][36.0497,-38.9887,0][0.704022,1.49134,1.0098][0.480315,0.574803,0.669291][36.044,-38.9693,0][0.441202,0.715038,1.3818][0.299213,0.267717,0.913386][36.0276,-39.0178,0][0.403542,1.17508,1.3188][0.314961,0.291339,0.905512][36.0252,-38.9891,0][0.00302256,1.1681,1.408][0,0.283465,0.96063][36.0002,-38.9895,0][0.00302256,1.1681,1.408][0,0.283465,0.96063][36.0002,-38.9895,0][0.403542,1.17508,1.3188][0.314961,0.291339,0.905512][36.0252,-38.9891,0][0.326082,1.56076,1.1498][0.23622,0.637795,0.740157][36.0204,-38.965,0][0.403542,1.17508,1.3188][0.314961,0.291339,0.905512][36.0252,-38.9891,0][0.704022,1.49134,1.0098][0.480315,0.574803,0.669291][36.044,-38.9693,0][0.326082,1.56076,1.1498][0.23622,0.637795,0.740157][36.0204,-38.965,0][0.00302256,1.1681,1.408][0,0.283465,0.96063][36.0002,-38.9895,0][0.326082,1.56076,1.1498][0.23622,0.637795,0.740157][36.0204,-38.965,0][0.00316274,1.565,1.1988][0,0.653543,0.755906][36.0002,-38.9647,0][-0.404878,1.17758,1.326][-0.307087,0.275591,0.913386][35.9747,-38.9889,0][-0.802418,1.18676,1.122][-0.566929,0.259843,0.779528][35.9498,-38.9883,0][-0.831018,0.717658,1.1624][-0.559055,0.212598,0.795276][35.9481,-39.0176,0][-0.404878,1.17758,1.326][-0.307087,0.275591,0.913386][35.9747,-38.9889,0][-0.831018,0.717658,1.1624][-0.559055,0.212598,0.795276][35.9481,-39.0176,0][-0.433278,0.715338,1.3706][-0.330709,0.0866142,0.937008][35.9729,-39.0178,0][0.00302256,1.1681,1.408][0,0.283465,0.96063][36.0002,-38.9895,0][-0.319758,1.56096,1.1498][-0.228346,0.637795,0.732283][35.98,-38.9649,0][-0.404878,1.17758,1.326][-0.307087,0.275591,0.913386][35.9747,-38.9889,0][0.00302256,1.1681,1.408][0,0.283465,0.96063][36.0002,-38.9895,0][0.00316274,1.565,1.1988][0,0.653543,0.755906][36.0002,-38.9647,0][-0.319758,1.56096,1.1498][-0.228346,0.637795,0.732283][35.98,-38.9649,0][0.00302256,1.1681,1.408][0,0.283465,0.96063][36.0002,-38.9895,0][-0.433278,0.715338,1.3706][-0.330709,0.0866142,0.937008][35.9729,-39.0178,0][0.00190294,0.715798,1.454][-0.0314961,0.149606,0.984252][36.0001,-39.0178,0][0.465042,0.588918,1.4284][0.267717,0.354331,0.897638][36.0291,-39.0257,0][0.441202,0.715038,1.3818][0.299213,0.267717,0.913386][36.0276,-39.0178,0][0.00190294,0.715798,1.454][-0.0314961,0.149606,0.984252][36.0001,-39.0178,0][0.465042,0.588918,1.4284][0.267717,0.354331,0.897638][36.0291,-39.0257,0][0.0027231,0.590398,1.4794][-0.0314961,0.283465,0.96063][36.0002,-39.0256,0][-0.000557542,0.0407976,1.6652][0.0551181,0.322835,0.944882][36,-39.06,0][-0.802418,1.18676,1.122][-0.566929,0.259843,0.779528][35.9498,-38.9883,0][-1.11728,1.1872,0.8152][-0.779528,0.251969,0.574803][35.9302,-38.9883,0][-1.13684,0.719758,0.8316][-0.771654,0.330709,0.543307][35.9289,-39.0175,0][-0.404878,1.17758,1.326][-0.307087,0.275591,0.913386][35.9747,-38.9889,0][-0.715538,1.49178,1.0098][-0.488189,0.574803,0.661417][35.9553,-38.9693,0][-0.802418,1.18676,1.122][-0.566929,0.259843,0.779528][35.9498,-38.9883,0][-0.404878,1.17758,1.326][-0.307087,0.275591,0.913386][35.9747,-38.9889,0][-0.319758,1.56096,1.1498][-0.228346,0.637795,0.732283][35.98,-38.9649,0][-0.715538,1.49178,1.0098][-0.488189,0.574803,0.661417][35.9553,-38.9693,0][-0.802418,1.18676,1.122][-0.566929,0.259843,0.779528][35.9498,-38.9883,0][-1.03718,1.40264,0.7442][-0.692913,0.527559,0.496063][35.9352,-38.9748,0][-1.11728,1.1872,0.8152][-0.779528,0.251969,0.574803][35.9302,-38.9883,0][1.19548,0.712838,0.907][0.740157,0.299213,0.606299][36.0747,-39.0179,0][0.868922,0.587538,1.2302][0.488189,0.393701,0.779528][36.0543,-39.0258,0][1.22914,0.585758,0.945][0.716535,0.385827,0.582677][36.0768,-39.0259,0][-0.105378,0.074798,1.6544][-0.0314961,0.322835,0.944882][35.9934,-39.0578,0][-0.000557542,0.0407976,1.6652][0.0551181,0.322835,0.944882][36,-39.06,0][0.0027231,0.590398,1.4794][-0.0314961,0.283465,0.96063][36.0002,-39.0256,0][0.868922,0.587538,1.2302][0.488189,0.393701,0.779528][36.0543,-39.0258,0][0.465042,0.588918,1.4284][0.267717,0.354331,0.897638][36.0291,-39.0257,0][0.542744,0.0407976,1.6206][0.23622,0.362205,0.897638][36.0339,-39.06,0][-0.355938,0.213898,1.585][-0.149606,0.393701,0.905512][35.9778,-39.0491,0][-0.105378,0.074798,1.6544][-0.0314961,0.322835,0.944882][35.9934,-39.0578,0][0.0027231,0.590398,1.4794][-0.0314961,0.283465,0.96063][36.0002,-39.0256,0][0.465042,0.588918,1.4284][0.267717,0.354331,0.897638][36.0291,-39.0257,0][-0.000557542,0.0407976,1.6652][0.0551181,0.322835,0.944882][36,-39.06,0][0.542744,0.0407976,1.6206][0.23622,0.362205,0.897638][36.0339,-39.06,0][0.868922,0.587538,1.2302][0.488189,0.393701,0.779528][36.0543,-39.0258,0][1.43074,0.0407976,1.092][0.708661,0.417323,0.566929][36.0894,-39.06,0][1.22914,0.585758,0.945][0.716535,0.385827,0.582677][36.0768,-39.0259,0][-0.831018,0.717658,1.1624][-0.559055,0.212598,0.795276][35.9481,-39.0176,0][-0.870038,0.594758,1.185][-0.472441,0.433071,0.76378][35.9456,-39.0253,0][-0.425616,0.590778,1.3824][-0.291339,0.291339,0.913386][35.9734,-39.0256,0][0.868922,0.587538,1.2302][0.488189,0.393701,0.779528][36.0543,-39.0258,0][0.838022,0.714158,1.1836][0.519685,0.291339,0.80315][36.0524,-39.0179,0][0.441202,0.715038,1.3818][0.299213,0.267717,0.913386][36.0276,-39.0178,0][0.868922,0.587538,1.2302][0.488189,0.393701,0.779528][36.0543,-39.0258,0][0.441202,0.715038,1.3818][0.299213,0.267717,0.913386][36.0276,-39.0178,0][0.465042,0.588918,1.4284][0.267717,0.354331,0.897638][36.0291,-39.0257,0][0.868922,0.587538,1.2302][0.488189,0.393701,0.779528][36.0543,-39.0258,0][1.00458,0.0407976,1.4254][0.464567,0.401575,0.787402][36.0628,-39.06,0][1.43074,0.0407976,1.092][0.708661,0.417323,0.566929][36.0894,-39.06,0][0.868922,0.587538,1.2302][0.488189,0.393701,0.779528][36.0543,-39.0258,0][0.542744,0.0407976,1.6206][0.23622,0.362205,0.897638][36.0339,-39.06,0][1.00458,0.0407976,1.4254][0.464567,0.401575,0.787402][36.0628,-39.06,0][0.465042,0.588918,1.4284][0.267717,0.354331,0.897638][36.0291,-39.0257,0][0.00190294,0.715798,1.454][-0.0314961,0.149606,0.984252][36.0001,-39.0178,0][0.0027231,0.590398,1.4794][-0.0314961,0.283465,0.96063][36.0002,-39.0256,0][0.00190294,0.715798,1.454][-0.0314961,0.149606,0.984252][36.0001,-39.0178,0][-0.425616,0.590778,1.3824][-0.291339,0.291339,0.913386][35.9734,-39.0256,0][0.0027231,0.590398,1.4794][-0.0314961,0.283465,0.96063][36.0002,-39.0256,0][-0.355938,0.213898,1.585][-0.149606,0.393701,0.905512][35.9778,-39.0491,0][0.0027231,0.590398,1.4794][-0.0314961,0.283465,0.96063][36.0002,-39.0256,0][-0.425616,0.590778,1.3824][-0.291339,0.291339,0.913386][35.9734,-39.0256,0][-0.640838,0.341018,1.4502][-0.299213,0.472441,0.826772][35.9599,-39.0412,0][-0.355938,0.213898,1.585][-0.149606,0.393701,0.905512][35.9778,-39.0491,0][-0.425616,0.590778,1.3824][-0.291339,0.291339,0.913386][35.9734,-39.0256,0][-0.640838,0.341018,1.4502][-0.299213,0.472441,0.826772][35.9599,-39.0412,0][-0.870038,0.594758,1.185][-0.472441,0.433071,0.76378][35.9456,-39.0253,0][-0.860618,0.431758,1.2856][-0.393701,0.464567,0.795276][35.9462,-39.0355,0][-1.06236,0.465198,1.1704][-0.433071,0.669291,0.606299][35.9336,-39.0334,0][-0.860618,0.431758,1.2856][-0.393701,0.464567,0.795276][35.9462,-39.0355,0][-0.870038,0.594758,1.185][-0.472441,0.433071,0.76378][35.9456,-39.0253,0][-0.640838,0.341018,1.4502][-0.299213,0.472441,0.826772][35.9599,-39.0412,0][-0.425616,0.590778,1.3824][-0.291339,0.291339,0.913386][35.9734,-39.0256,0][-0.870038,0.594758,1.185][-0.472441,0.433071,0.76378][35.9456,-39.0253,0][-0.831018,0.717658,1.1624][-0.559055,0.212598,0.795276][35.9481,-39.0176,0][-1.21658,0.596378,0.8646][-0.543307,0.716535,0.440945][35.924,-39.0252,0][-0.870038,0.594758,1.185][-0.472441,0.433071,0.76378][35.9456,-39.0253,0][-0.256738,0.998278,-0.9888][0.15748,-0.779528,0.606299][35.984,-39.0001,0][-0.363678,0.741758,-1.1136][0.220472,-0.645669,0.724409][35.9773,-39.0161,0][-0.00383722,0.741758,-1.1708][0.00787402,-0.661417,0.748031][35.9998,-39.0161,0][-0.519178,0.973358,-0.917][0.377953,-0.732283,0.574803][35.9675,-39.0017,0][-0.363678,0.741758,-1.1136][0.220472,-0.645669,0.724409][35.9773,-39.0161,0][-0.256738,0.998278,-0.9888][0.15748,-0.779528,0.606299][35.984,-39.0001,0][-0.00383722,0.741758,-1.1708][0.00787402,-0.661417,0.748031][35.9998,-39.0161,0][0.269362,1.00084,-0.9888][-0.15748,-0.771654,0.614173][36.0168,-38.9999,0][0.0064224,1.00642,-1.0272][0,-0.771654,0.637795][36.0004,-38.9996,0][-0.256738,0.998278,-0.9888][0.15748,-0.779528,0.606299][35.984,-39.0001,0][-0.00383722,0.741758,-1.1708][0.00787402,-0.661417,0.748031][35.9998,-39.0161,0][0.0064224,1.00642,-1.0272][0,-0.771654,0.637795][36.0004,-38.9996,0][0.358024,0.741758,-1.1136][-0.228346,-0.653543,0.716535][36.0224,-39.0161,0][0.531062,0.978458,-0.917][-0.385827,-0.716535,0.582677][36.0332,-39.0013,0][0.269362,1.00084,-0.9888][-0.15748,-0.771654,0.614173][36.0168,-38.9999,0][0.680942,0.741758,-0.943][-0.464567,-0.645669,0.606299][36.0426,-39.0161,0][0.941222,0.741758,-0.6882][-0.551181,-0.708661,0.440945][36.0588,-39.0161,0][0.820262,0.898878,-0.684][-0.598425,-0.669291,0.448819][36.0513,-39.0063,0][-0.00383722,0.741758,-1.1708][0.00787402,-0.661417,0.748031][35.9998,-39.0161,0][0.358024,0.741758,-1.1136][-0.228346,-0.653543,0.716535][36.0224,-39.0161,0][0.269362,1.00084,-0.9888][-0.15748,-0.771654,0.614173][36.0168,-38.9999,0][-0.630258,0.307798,-1.4038][0.283465,-0.496063,0.818898][35.9606,-39.0433,0][-0.421858,0.567458,-1.318][0.220472,-0.637795,0.740157][35.9736,-39.027,0][-0.785098,0.567458,-1.1544][0.370079,-0.685039,0.622047][35.9509,-39.027,0][-0.519178,0.973358,-0.917][0.377953,-0.732283,0.574803][35.9675,-39.0017,0][-0.687318,0.741758,-0.9472][0.456693,-0.669291,0.590551][35.957,-39.0161,0][-0.363678,0.741758,-1.1136][0.220472,-0.645669,0.724409][35.9773,-39.0161,0][-0.843818,0.396458,-1.243][0.362205,-0.527559,0.771654][35.9473,-39.0377,0][-0.785098,0.567458,-1.1544][0.370079,-0.685039,0.622047][35.9509,-39.027,0][-1.03936,0.427738,-1.1314][0.393701,-0.740157,0.551181][35.935,-39.0358,0][-0.630258,0.307798,-1.4038][0.283465,-0.496063,0.818898][35.9606,-39.0433,0][-0.785098,0.567458,-1.1544][0.370079,-0.685039,0.622047][35.9509,-39.027,0][-0.843818,0.396458,-1.243][0.362205,-0.527559,0.771654][35.9473,-39.0377,0][0.358024,0.741758,-1.1136][-0.228346,-0.653543,0.716535][36.0224,-39.0161,0][0.680942,0.741758,-0.943][-0.464567,-0.645669,0.606299][36.0426,-39.0161,0][0.531062,0.978458,-0.917][-0.385827,-0.716535,0.582677][36.0332,-39.0013,0][1.17262,0.567458,-0.8262][-0.590551,-0.661417,0.456693][36.0733,-39.027,0][0.989862,0.0125183,-1.3808][-0.448819,-0.488189,0.748031][36.0619,-39.0617,0][1.39724,0.0125183,-1.0642][-0.669291,-0.503937,0.551181][36.0873,-39.0617,0][0.818004,0.567458,-1.1268][-0.425197,-0.645669,0.629921][36.0511,-39.027,0][0.542642,0.0125183,-1.5692][-0.244094,-0.433071,0.866142][36.0339,-39.0617,0][0.989862,0.0125183,-1.3808][-0.448819,-0.488189,0.748031][36.0619,-39.0617,0][-0.345938,0.182678,-1.5352][0.125984,-0.417323,0.897638][35.9784,-39.0511,0][-0.421858,0.567458,-1.318][0.220472,-0.637795,0.740157][35.9736,-39.027,0][-0.630258,0.307798,-1.4038][0.283465,-0.496063,0.818898][35.9606,-39.0433,0][0.00204312,0.567458,-1.4054][0,-0.606299,0.795276][36.0001,-39.027,0][-0.421858,0.567458,-1.318][0.220472,-0.637795,0.740157][35.9736,-39.027,0][-0.345938,0.182678,-1.5352][0.125984,-0.417323,0.897638][35.9784,-39.0511,0][1.17262,0.567458,-0.8262][-0.590551,-0.661417,0.456693][36.0733,-39.027,0][0.818004,0.567458,-1.1268][-0.425197,-0.645669,0.629921][36.0511,-39.027,0][0.989862,0.0125183,-1.3808][-0.448819,-0.488189,0.748031][36.0619,-39.0617,0][0.434382,0.567458,-1.3366][-0.244094,-0.614173,0.755906][36.0271,-39.027,0][-0.00075686,0.0125183,-1.6192][-0.0393701,-0.370079,0.929134][36,-39.0617,0][0.542642,0.0125183,-1.5692][-0.244094,-0.433071,0.866142][36.0339,-39.0617,0][0.818004,0.567458,-1.1268][-0.425197,-0.645669,0.629921][36.0511,-39.027,0][0.434382,0.567458,-1.3366][-0.244094,-0.614173,0.755906][36.0271,-39.027,0][0.542642,0.0125183,-1.5692][-0.244094,-0.433071,0.866142][36.0339,-39.0617,0][0.434382,0.567458,-1.3366][-0.244094,-0.614173,0.755906][36.0271,-39.027,0][0.00204312,0.567458,-1.4054][0,-0.606299,0.795276][36.0001,-39.027,0][-0.00075686,0.0125183,-1.6192][-0.0393701,-0.370079,0.929134][36,-39.0617,0][-0.00075686,0.0125183,-1.6192][-0.0393701,-0.370079,0.929134][36,-39.0617,0][0.00204312,0.567458,-1.4054][0,-0.606299,0.795276][36.0001,-39.027,0][-0.105597,0.0456576,-1.6014][0.0472441,-0.362205,0.929134][35.9934,-39.0596,0][0.00204312,0.567458,-1.4054][0,-0.606299,0.795276][36.0001,-39.027,0][-0.345938,0.182678,-1.5352][0.125984,-0.417323,0.897638][35.9784,-39.0511,0][-0.105597,0.0456576,-1.6014][0.0472441,-0.362205,0.929134][35.9934,-39.0596,0][-1.38156,1.17176,0][-0.984252,0.181102,0][36,-38.9893,0][-1.2523,1.39148,0.3772][-0.826772,0.488189,0.275591][36.0236,-38.9755,0][-1.31692,1.37994,0][-0.88189,0.472441,0][36,-38.9763,0][-1.38156,1.17176,0][-0.984252,0.181102,0][36,-38.9893,0][-1.31692,1.37994,0][-0.88189,0.472441,0][36,-38.9763,0][-1.2523,1.39148,-0.3772][-0.826772,0.488189,-0.275591][35.9764,-38.9755,0][-1.38156,1.17176,0][-0.984252,0.181102,0][36,-38.9893,0][-1.32366,1.17906,0.4088][-0.929134,0.204724,0.299213][36.0256,-38.9888,0][-1.2523,1.39148,0.3772][-0.826772,0.488189,0.275591][36.0236,-38.9755,0][-1.38156,1.17176,0][-0.984252,0.181102,0][36,-38.9893,0][-1.2523,1.39148,-0.3772][-0.826772,0.488189,-0.275591][35.9764,-38.9755,0][-1.32366,1.17906,-0.4088][-0.929134,0.204724,-0.299213][35.9744,-38.9888,0][-0.802418,1.18676,1.122][-0.566929,0.259843,0.779528][36.0701,-38.9883,0][-1.13684,0.719758,0.8316][-0.771654,0.330709,0.543307][36.052,-39.0175,0][-0.831018,0.717658,1.1624][-0.559055,0.212598,0.795276][36.0727,-39.0176,0][-0.802418,1.18676,-1.122][-0.566929,0.259843,-0.779528][35.9299,-38.9883,0][-0.831018,0.717658,-1.1624][-0.559055,0.212598,-0.795276][35.9273,-39.0176,0][-1.13684,0.719758,-0.8316][-0.771654,0.330709,-0.543307][35.948,-39.0175,0][-1.13684,0.719758,0.8316][-0.771654,0.330709,0.543307][36.052,-39.0175,0][-1.11728,1.1872,0.8152][-0.779528,0.251969,0.574803][36.0509,-38.9883,0][-1.32366,1.17906,0.4088][-0.929134,0.204724,0.299213][36.0256,-38.9888,0][-1.13684,0.719758,-0.8316][-0.771654,0.330709,-0.543307][35.948,-39.0175,0][-1.32366,1.17906,-0.4088][-0.929134,0.204724,-0.299213][35.9744,-38.9888,0][-1.11728,1.1872,-0.8152][-0.779528,0.251969,-0.574803][35.9491,-38.9883,0][-1.13684,0.719758,0.8316][-0.771654,0.330709,0.543307][36.052,-39.0175,0][-1.32366,1.17906,0.4088][-0.929134,0.204724,0.299213][36.0256,-38.9888,0][-1.34696,0.721278,0.4174][-0.897638,0.322835,0.291339][36.0261,-39.0174,0][-1.13684,0.719758,-0.8316][-0.771654,0.330709,-0.543307][35.948,-39.0175,0][-1.34696,0.721278,-0.4174][-0.897638,0.322835,-0.291339][35.9739,-39.0174,0][-1.32366,1.17906,-0.4088][-0.929134,0.204724,-0.299213][35.9744,-38.9888,0][-1.32366,1.17906,0.4088][-0.929134,0.204724,0.299213][36.0256,-38.9888,0][-1.03718,1.40264,0.7442][-0.692913,0.527559,0.496063][36.0465,-38.9748,0][-1.2523,1.39148,0.3772][-0.826772,0.488189,0.275591][36.0236,-38.9755,0][-1.32366,1.17906,-0.4088][-0.929134,0.204724,-0.299213][35.9744,-38.9888,0][-1.2523,1.39148,-0.3772][-0.826772,0.488189,-0.275591][35.9764,-38.9755,0][-1.03718,1.40264,-0.7442][-0.692913,0.527559,-0.496063][35.9535,-38.9748,0][-0.802418,1.18676,1.122][-0.566929,0.259843,0.779528][36.0701,-38.9883,0][-0.715538,1.49178,1.0098][-0.488189,0.574803,0.661417][36.0631,-38.9693,0][-1.03718,1.40264,0.7442][-0.692913,0.527559,0.496063][36.0465,-38.9748,0][-0.802418,1.18676,-1.122][-0.566929,0.259843,-0.779528][35.9299,-38.9883,0][-1.03718,1.40264,-0.7442][-0.692913,0.527559,-0.496063][35.9535,-38.9748,0][-0.715538,1.49178,-1.0098][-0.488189,0.574803,-0.661417][35.9369,-38.9693,0][-1.32366,1.17906,0.4088][-0.929134,0.204724,0.299213][36.0256,-38.9888,0][-1.11728,1.1872,0.8152][-0.779528,0.251969,0.574803][36.0509,-38.9883,0][-1.03718,1.40264,0.7442][-0.692913,0.527559,0.496063][36.0465,-38.9748,0][-1.32366,1.17906,-0.4088][-0.929134,0.204724,-0.299213][35.9744,-38.9888,0][-1.03718,1.40264,-0.7442][-0.692913,0.527559,-0.496063][35.9535,-38.9748,0][-1.11728,1.1872,-0.8152][-0.779528,0.251969,-0.574803][35.9491,-38.9883,0][-1.03718,1.40264,0.7442][-0.692913,0.527559,0.496063][36.0465,-38.9748,0][-1.06136,1.627,0.329][-0.637795,0.740157,0.204724][36.0206,-38.9608,0][-1.2523,1.39148,0.3772][-0.826772,0.488189,0.275591][36.0236,-38.9755,0][-1.03718,1.40264,0.7442][-0.692913,0.527559,0.496063][36.0465,-38.9748,0][-0.892038,1.6346,0.6162][-0.566929,0.724409,0.393701][36.0385,-38.9603,0][-1.06136,1.627,0.329][-0.637795,0.740157,0.204724][36.0206,-38.9608,0][-1.03718,1.40264,-0.7442][-0.692913,0.527559,-0.496063][35.9535,-38.9748,0][-1.2523,1.39148,-0.3772][-0.826772,0.488189,-0.275591][35.9764,-38.9755,0][-1.06136,1.627,-0.329][-0.637795,0.740157,-0.204724][35.9794,-38.9608,0][-1.03718,1.40264,-0.7442][-0.692913,0.527559,-0.496063][35.9535,-38.9748,0][-1.06136,1.627,-0.329][-0.637795,0.740157,-0.204724][35.9794,-38.9608,0][-0.892038,1.6346,-0.6162][-0.566929,0.724409,-0.393701][35.9615,-38.9603,0][-1.34696,0.721278,0.4174][-0.897638,0.322835,0.291339][36.0261,-39.0174,0][-1.38156,1.17176,0][-0.984252,0.181102,0][36,-38.9893,0][-1.40628,0.721358,0][-0.937008,0.354331,0][36,-39.0174,0][-1.34696,0.721278,0.4174][-0.897638,0.322835,0.291339][36.0261,-39.0174,0][-1.32366,1.17906,0.4088][-0.929134,0.204724,0.299213][36.0256,-38.9888,0][-1.38156,1.17176,0][-0.984252,0.181102,0][36,-38.9893,0][-1.34696,0.721278,0.4174][-0.897638,0.322835,0.291339][36.0261,-39.0174,0][-1.50016,0.598678,0][-0.614173,0.787402,0][36,-39.0251,0][-1.42746,0.598318,0.4324][-0.606299,0.76378,0.204724][36.027,-39.0251,0][-1.34696,0.721278,0.4174][-0.897638,0.322835,0.291339][36.0261,-39.0174,0][-1.40628,0.721358,0][-0.937008,0.354331,0][36,-39.0174,0][-1.50016,0.598678,0][-0.614173,0.787402,0][36,-39.0251,0][-1.34696,0.721278,-0.4174][-0.897638,0.322835,-0.291339][35.9739,-39.0174,0][-1.40628,0.721358,0][-0.937008,0.354331,0][36,-39.0174,0][-1.38156,1.17176,0][-0.984252,0.181102,0][36,-38.9893,0][-1.34696,0.721278,-0.4174][-0.897638,0.322835,-0.291339][35.9739,-39.0174,0][-1.38156,1.17176,0][-0.984252,0.181102,0][36,-38.9893,0][-1.32366,1.17906,-0.4088][-0.929134,0.204724,-0.299213][35.9744,-38.9888,0][-1.34696,0.721278,-0.4174][-0.897638,0.322835,-0.291339][35.9739,-39.0174,0][-1.42746,0.598318,-0.4324][-0.606299,0.76378,-0.204724][35.973,-39.0251,0][-1.50016,0.598678,0][-0.614173,0.787402,0][36,-39.0251,0][-1.34696,0.721278,-0.4174][-0.897638,0.322835,-0.291339][35.9739,-39.0174,0][-1.50016,0.598678,0][-0.614173,0.787402,0][36,-39.0251,0][-1.40628,0.721358,0][-0.937008,0.354331,0][36,-39.0174,0][-1.2523,1.39148,0.3772][-0.826772,0.488189,0.275591][36.0236,-38.9755,0][-1.11616,1.615,0][-0.661417,0.748031,0][36,-38.9616,0][-1.31692,1.37994,0][-0.88189,0.472441,0][36,-38.9763,0][-1.2523,1.39148,0.3772][-0.826772,0.488189,0.275591][36.0236,-38.9755,0][-1.06136,1.627,0.329][-0.637795,0.740157,0.204724][36.0206,-38.9608,0][-1.11616,1.615,0][-0.661417,0.748031,0][36,-38.9616,0][-1.2523,1.39148,-0.3772][-0.826772,0.488189,-0.275591][35.9764,-38.9755,0][-1.31692,1.37994,0][-0.88189,0.472441,0][36,-38.9763,0][-1.11616,1.615,0][-0.661417,0.748031,0][36,-38.9616,0][-1.2523,1.39148,-0.3772][-0.826772,0.488189,-0.275591][35.9764,-38.9755,0][-1.11616,1.615,0][-0.661417,0.748031,0][36,-38.9616,0][-1.06136,1.627,-0.329][-0.637795,0.740157,-0.204724][35.9794,-38.9608,0][-0.831018,0.717658,1.1624][-0.559055,0.212598,0.795276][36.0727,-39.0176,0][-1.13684,0.719758,0.8316][-0.771654,0.330709,0.543307][36.052,-39.0175,0][-1.21658,0.596378,0.8646][-0.543307,0.716535,0.440945][36.054,-39.0252,0][-0.831018,0.717658,-1.1624][-0.559055,0.212598,-0.795276][35.9273,-39.0176,0][-1.21658,0.596378,-0.8646][-0.543307,0.716535,-0.440945][35.946,-39.0252,0][-1.13684,0.719758,-0.8316][-0.771654,0.330709,-0.543307][35.948,-39.0175,0][-1.13684,0.719758,0.8316][-0.771654,0.330709,0.543307][36.052,-39.0175,0][-1.34696,0.721278,0.4174][-0.897638,0.322835,0.291339][36.0261,-39.0174,0][-1.42746,0.598318,0.4324][-0.606299,0.76378,0.204724][36.027,-39.0251,0][-1.13684,0.719758,-0.8316][-0.771654,0.330709,-0.543307][35.948,-39.0175,0][-1.42746,0.598318,-0.4324][-0.606299,0.76378,-0.204724][35.973,-39.0251,0][-1.34696,0.721278,-0.4174][-0.897638,0.322835,-0.291339][35.9739,-39.0174,0][-1.13684,0.719758,0.8316][-0.771654,0.330709,0.543307][36.052,-39.0175,0][-1.42746,0.598318,0.4324][-0.606299,0.76378,0.204724][36.027,-39.0251,0][-1.21658,0.596378,0.8646][-0.543307,0.716535,0.440945][36.054,-39.0252,0][-1.13684,0.719758,-0.8316][-0.771654,0.330709,-0.543307][35.948,-39.0175,0][-1.21658,0.596378,-0.8646][-0.543307,0.716535,-0.440945][35.946,-39.0252,0][-1.42746,0.598318,-0.4324][-0.606299,0.76378,-0.204724][35.973,-39.0251,0][0.680942,0.741758,0.943][-0.464567,-0.645669,-0.606299][36.0589,-39.0161,0][0.531062,0.978458,0.917][-0.385827,-0.716535,-0.582677][36.0573,-39.0013,0][0.820262,0.898878,0.684][-0.598425,-0.669291,-0.448819][36.0428,-39.0063,0][0.680942,0.741758,-0.943][-0.464567,-0.645669,0.606299][35.9411,-39.0161,0][0.820262,0.898878,-0.684][-0.598425,-0.669291,0.448819][35.9572,-39.0063,0][0.531062,0.978458,-0.917][-0.385827,-0.716535,0.582677][35.9427,-39.0013,0][0.941222,0.741758,0.6882][-0.551181,-0.708661,-0.440945][36.043,-39.0161,0][0.820262,0.898878,0.684][-0.598425,-0.669291,-0.448819][36.0428,-39.0063,0][0.974462,0.895318,0.4134][-0.598425,-0.771654,-0.220472][36.0258,-39.0065,0][1.6744,0.0125183,0.4906][-0.834646,-0.496063,-0.251969][36.0307,-39.0617,0][1.17262,0.567458,0.8262][-0.590551,-0.661417,-0.456693][36.0516,-39.027,0][1.35316,0.567458,0.4344][-0.732283,-0.637795,-0.228346][36.0271,-39.027,0][0.941222,0.741758,-0.6882][-0.551181,-0.708661,0.440945][35.957,-39.0161,0][0.974462,0.895318,-0.4134][-0.598425,-0.771654,0.220472][35.9742,-39.0065,0][0.820262,0.898878,-0.684][-0.598425,-0.669291,0.448819][35.9572,-39.0063,0][1.6744,0.0125183,-0.4906][-0.834646,-0.496063,0.251969][35.9693,-39.0617,0][1.35316,0.567458,-0.4344][-0.732283,-0.637795,0.228346][35.9729,-39.027,0][1.17262,0.567458,-0.8262][-0.590551,-0.661417,0.456693][35.9484,-39.027,0][0.941222,0.741758,0.6882][-0.551181,-0.708661,-0.440945][36.043,-39.0161,0][0.974462,0.895318,0.4134][-0.598425,-0.771654,-0.220472][36.0258,-39.0065,0][1.15876,0.741758,0.3618][-0.614173,-0.76378,-0.19685][36.0226,-39.0161,0][0.941222,0.741758,-0.6882][-0.551181,-0.708661,0.440945][35.957,-39.0161,0][1.15876,0.741758,-0.3618][-0.614173,-0.76378,0.19685][35.9774,-39.0161,0][0.974462,0.895318,-0.4134][-0.598425,-0.771654,0.220472][35.9742,-39.0065,0][1.4265,0.567458,0][-0.771654,-0.637795,0][36,-39.027,0][1.6744,0.0125183,0.4906][-0.834646,-0.496063,-0.251969][36.0307,-39.0617,0][1.35316,0.567458,0.4344][-0.732283,-0.637795,-0.228346][36.0271,-39.027,0][1.4265,0.567458,0][-0.771654,-0.637795,0][36,-39.027,0][1.35316,0.567458,-0.4344][-0.732283,-0.637795,0.228346][35.9729,-39.027,0][1.6744,0.0125183,-0.4906][-0.834646,-0.496063,0.251969][35.9693,-39.0617,0][1.4265,0.567458,0][-0.771654,-0.637795,0][36,-39.027,0][1.74136,0.0125183,0][-0.866142,-0.496063,0][36,-39.0617,0][1.6744,0.0125183,0.4906][-0.834646,-0.496063,-0.251969][36.0307,-39.0617,0][1.4265,0.567458,0][-0.771654,-0.637795,0][36,-39.027,0][1.6744,0.0125183,-0.4906][-0.834646,-0.496063,0.251969][35.9693,-39.0617,0][1.74136,0.0125183,0][-0.866142,-0.496063,0][36,-39.0617,0][1.6744,0.0125183,0.4906][-0.834646,-0.496063,-0.251969][36.0307,-39.0617,0][1.39724,0.0125183,1.0642][-0.669291,-0.503937,-0.551181][36.0665,-39.0617,0][1.17262,0.567458,0.8262][-0.590551,-0.661417,-0.456693][36.0516,-39.027,0][1.6744,0.0125183,-0.4906][-0.834646,-0.496063,0.251969][35.9693,-39.0617,0][1.17262,0.567458,-0.8262][-0.590551,-0.661417,0.456693][35.9484,-39.027,0][1.39724,0.0125183,-1.0642][-0.669291,-0.503937,0.551181][35.9335,-39.0617,0][1.71112,0.0407976,0.5066][0.551181,-0.818898,0.173228][36.1069,-38.9683,0][1.74136,0.0125183,0][0.582677,-0.811024,0][36.1088,-39,0][1.78052,0.0407976,0][0.582677,-0.811024,0][36.1113,-39,0][1.71112,0.0407976,-0.5066][0.551181,-0.818898,-0.173228][36.1069,-39.0317,0][1.78052,0.0407976,0][0.582677,-0.811024,0][36.1113,-39,0][1.74136,0.0125183,0][0.582677,-0.811024,0][36.1088,-39,0][1.43074,0.0407976,1.092][0.425197,-0.834646,0.346457][36.0894,-38.9318,0][1.6744,0.0125183,0.4906][0.559055,-0.811024,0.15748][36.1046,-38.9693,0][1.71112,0.0407976,0.5066][0.551181,-0.818898,0.173228][36.1069,-38.9683,0][1.71112,0.0407976,0.5066][0.551181,-0.818898,0.173228][36.1069,-38.9683,0][1.6744,0.0125183,0.4906][0.559055,-0.811024,0.15748][36.1046,-38.9693,0][1.74136,0.0125183,0][0.582677,-0.811024,0][36.1088,-39,0][1.43074,0.0407976,-1.092][0.425197,-0.834646,-0.346457][36.0894,-39.0682,0][1.71112,0.0407976,-0.5066][0.551181,-0.818898,-0.173228][36.1069,-39.0317,0][1.6744,0.0125183,-0.4906][0.559055,-0.811024,-0.15748][36.1046,-39.0307,0][1.71112,0.0407976,-0.5066][0.551181,-0.818898,-0.173228][36.1069,-39.0317,0][1.74136,0.0125183,0][0.582677,-0.811024,0][36.1088,-39,0][1.6744,0.0125183,-0.4906][0.559055,-0.811024,-0.15748][36.1046,-39.0307,0][1.43074,0.0407976,1.092][0.425197,-0.834646,0.346457][36.0894,-38.9318,0][1.39724,0.0125183,1.0642][0.425197,-0.84252,0.338583][36.0873,-38.9335,0][1.6744,0.0125183,0.4906][0.559055,-0.811024,0.15748][36.1046,-38.9693,0][1.43074,0.0407976,-1.092][0.425197,-0.834646,-0.346457][36.0894,-39.0682,0][1.6744,0.0125183,-0.4906][0.559055,-0.811024,-0.15748][36.1046,-39.0307,0][1.39724,0.0125183,-1.0642][0.425197,-0.84252,-0.338583][36.0873,-39.0665,0][1.00458,0.0407976,1.4254][0.259843,-0.850394,0.456693][36.0628,-38.9109,0][1.39724,0.0125183,1.0642][0.425197,-0.84252,0.338583][36.0873,-38.9335,0][1.43074,0.0407976,1.092][0.425197,-0.834646,0.346457][36.0894,-38.9318,0][1.00458,0.0407976,-1.4254][0.259843,-0.850394,-0.456693][36.0628,-39.0891,0][1.43074,0.0407976,-1.092][0.425197,-0.834646,-0.346457][36.0894,-39.0682,0][1.39724,0.0125183,-1.0642][0.425197,-0.84252,-0.338583][36.0873,-39.0665,0][1.00458,0.0407976,-1.4254][0.259843,-0.850394,-0.456693][36.0628,-39.0891,0][1.39724,0.0125183,-1.0642][0.425197,-0.84252,-0.338583][36.0873,-39.0665,0][0.989862,0.0125183,-1.3808][0.275591,-0.850394,-0.448819][36.0619,-39.0863,0][1.00458,0.0407976,1.4254][0.259843,-0.850394,0.456693][36.0628,-38.9109,0][0.989862,0.0125183,1.3808][0.275591,-0.850394,0.448819][36.0619,-38.9137,0][1.39724,0.0125183,1.0642][0.425197,-0.84252,0.338583][36.0873,-38.9335,0][0.542642,0.0125183,1.5692][0.133858,-0.866142,0.480315][36.0339,-38.9019,0][0.989862,0.0125183,1.3808][0.275591,-0.850394,0.448819][36.0619,-38.9137,0][1.00458,0.0407976,1.4254][0.259843,-0.850394,0.456693][36.0628,-38.9109,0][0.542642,0.0125183,-1.5692][0.133858,-0.866142,-0.480315][36.0339,-39.0981,0][1.00458,0.0407976,-1.4254][0.259843,-0.850394,-0.456693][36.0628,-39.0891,0][0.989862,0.0125183,-1.3808][0.275591,-0.850394,-0.448819][36.0619,-39.0863,0][0.542642,0.0125183,1.5692][0.133858,-0.866142,0.480315][36.0339,-38.9019,0][1.00458,0.0407976,1.4254][0.259843,-0.850394,0.456693][36.0628,-38.9109,0][0.542744,0.0407976,1.6206][0.110236,-0.874016,0.480315][36.0339,-38.8987,0][0.542642,0.0125183,-1.5692][0.133858,-0.866142,-0.480315][36.0339,-39.0981,0][0.542744,0.0407976,-1.6206][0.110236,-0.874016,-0.480315][36.0339,-39.1013,0][1.00458,0.0407976,-1.4254][0.259843,-0.850394,-0.456693][36.0628,-39.0891,0][-0.00075686,0.0125183,1.6192][-0.141732,-0.84252,0.519685][36,-38.8988,0][0.542744,0.0407976,1.6206][0.110236,-0.874016,0.480315][36.0339,-38.8987,0][-0.000557542,0.0407976,1.6652][-0.15748,-0.84252,0.511811][36,-38.8959,0][-0.00075686,0.0125183,-1.6192][-0.141732,-0.84252,-0.519685][36,-39.1012,0][-0.000557542,0.0407976,-1.6652][-0.15748,-0.84252,-0.511811][36,-39.1041,0][0.542744,0.0407976,-1.6206][0.110236,-0.874016,-0.480315][36.0339,-39.1013,0][-0.00075686,0.0125183,1.6192][-0.141732,-0.84252,0.519685][36,-38.8988,0][0.542642,0.0125183,1.5692][0.133858,-0.866142,0.480315][36.0339,-38.9019,0][0.542744,0.0407976,1.6206][0.110236,-0.874016,0.480315][36.0339,-38.8987,0][-0.00075686,0.0125183,-1.6192][-0.141732,-0.84252,-0.519685][36,-39.1012,0][0.542744,0.0407976,-1.6206][0.110236,-0.874016,-0.480315][36.0339,-39.1013,0][0.542642,0.0125183,-1.5692][0.133858,-0.866142,-0.480315][36.0339,-39.0981,0][-0.000557542,0.0407976,1.6652][-0.15748,-0.84252,0.511811][36,-38.8959,0][-0.105597,0.0456576,1.6014][-0.433071,-0.787402,0.440945][35.9934,-38.8999,0][-0.00075686,0.0125183,1.6192][-0.141732,-0.84252,0.519685][36,-38.8988,0][-0.105597,0.0456576,-1.6014][-0.433071,-0.787402,-0.440945][35.9934,-39.1001,0][-0.000557542,0.0407976,-1.6652][-0.15748,-0.84252,-0.511811][36,-39.1041,0][-0.00075686,0.0125183,-1.6192][-0.141732,-0.84252,-0.519685][36,-39.1012,0][-1.73654,0.427738,0][-0.645669,-0.76378,0][35.8915,-39,0][-1.7042,0.465198,-0.5022][-0.614173,-0.755906,-0.228346][35.8935,-39.0314,0][-1.66354,0.427738,-0.4874][-0.614173,-0.755906,-0.228346][35.896,-39.0305,0][-1.73654,0.427738,0][-0.645669,-0.76378,0][35.8915,-39,0][-1.66354,0.427738,0.4872][-0.614173,-0.755906,0.228346][35.896,-38.9696,0][-1.7042,0.465198,0.5022][-0.614173,-0.755906,0.228346][35.8935,-38.9686,0][-0.000557542,0.0407976,1.6652][-0.15748,-0.84252,0.511811][36,-38.8959,0][-0.105378,0.074798,1.6544][-0.433071,-0.787402,0.433071][35.9934,-38.8966,0][-0.105597,0.0456576,1.6014][-0.433071,-0.787402,0.440945][35.9934,-38.8999,0][-0.105597,0.0456576,-1.6014][-0.433071,-0.787402,-0.440945][35.9934,-39.1001,0][-0.105378,0.074798,-1.6544][-0.433071,-0.787402,-0.433071][35.9934,-39.1034,0][-0.000557542,0.0407976,-1.6652][-0.15748,-0.84252,-0.511811][36,-39.1041,0][-1.73654,0.427738,0][-0.645669,-0.76378,0][35.8915,-39,0][-1.7042,0.465198,0.5022][-0.614173,-0.755906,0.228346][35.8935,-38.9686,0][-1.78048,0.465198,0][-0.645669,-0.76378,0][35.8887,-39,0][-1.73654,0.427738,0][-0.645669,-0.76378,0][35.8915,-39,0][-1.78048,0.465198,0][-0.645669,-0.76378,0][35.8887,-39,0][-1.7042,0.465198,-0.5022][-0.614173,-0.755906,-0.228346][35.8935,-39.0314,0][-1.7042,0.465198,-0.5022][-0.614173,-0.755906,-0.228346][35.8935,-39.0314,0][-1.4463,0.427738,-0.831][-0.488189,-0.779528,-0.393701][35.9096,-39.0519,0][-1.66354,0.427738,-0.4874][-0.614173,-0.755906,-0.228346][35.896,-39.0305,0][-1.7042,0.465198,0.5022][-0.614173,-0.755906,0.228346][35.8935,-38.9686,0][-1.66354,0.427738,0.4872][-0.614173,-0.755906,0.228346][35.896,-38.9696,0][-1.4463,0.427738,0.831][-0.488189,-0.779528,0.393701][35.9096,-38.9481,0][-1.7042,0.465198,0.5022][-0.614173,-0.755906,0.228346][35.8935,-38.9686,0][-1.4463,0.427738,0.831][-0.488189,-0.779528,0.393701][35.9096,-38.9481,0][-1.48036,0.465198,0.8634][-0.480315,-0.779528,0.393701][35.9075,-38.946,0][-1.7042,0.465198,-0.5022][-0.614173,-0.755906,-0.228346][35.8935,-39.0314,0][-1.48036,0.465198,-0.8634][-0.480315,-0.779528,-0.393701][35.9075,-39.054,0][-1.4463,0.427738,-0.831][-0.488189,-0.779528,-0.393701][35.9096,-39.0519,0][-1.30338,0.465198,1.0334][-0.377953,-0.787402,0.496063][35.9185,-38.9354,0][-1.48036,0.465198,0.8634][-0.480315,-0.779528,0.393701][35.9075,-38.946,0][-1.4463,0.427738,0.831][-0.488189,-0.779528,0.393701][35.9096,-38.9481,0][-1.4463,0.427738,-0.831][-0.488189,-0.779528,-0.393701][35.9096,-39.0519,0][-1.48036,0.465198,-0.8634][-0.480315,-0.779528,-0.393701][35.9075,-39.054,0][-1.30338,0.465198,-1.0334][-0.377953,-0.787402,-0.496063][35.9185,-39.0646,0][-1.30338,0.465198,1.0334][-0.377953,-0.787402,0.496063][35.9185,-38.9354,0][-1.4463,0.427738,0.831][-0.488189,-0.779528,0.393701][35.9096,-38.9481,0][-1.26862,0.427738,1.0004][-0.362205,-0.779528,0.503937][35.9207,-38.9375,0][-1.4463,0.427738,-0.831][-0.488189,-0.779528,-0.393701][35.9096,-39.0519,0][-1.30338,0.465198,-1.0334][-0.377953,-0.787402,-0.496063][35.9185,-39.0646,0][-1.26862,0.427738,-1.0004][-0.362205,-0.779528,-0.503937][35.9207,-39.0625,0][-1.03936,0.427738,1.1314][-0.362205,-0.771654,0.519685][35.935,-38.9293,0][-0.860618,0.431758,1.2856][-0.496063,-0.755906,0.433071][35.9462,-38.9197,0][-1.06236,0.465198,1.1704][-0.362205,-0.771654,0.527559][35.9336,-38.9268,0][-1.03936,0.427738,-1.1314][-0.362205,-0.771654,-0.519685][35.935,-39.0707,0][-1.06236,0.465198,-1.1704][-0.362205,-0.771654,-0.527559][35.9336,-39.0732,0][-0.860618,0.431758,-1.2856][-0.496063,-0.755906,-0.433071][35.9462,-39.0803,0][-0.630258,0.307798,1.4038][-0.551181,-0.732283,0.393701][35.9606,-38.9123,0][-0.355938,0.213898,1.585][-0.519685,-0.76378,0.377953][35.9778,-38.9009,0][-0.640838,0.341018,1.4502][-0.551181,-0.732283,0.401575][35.9599,-38.9094,0][-0.630258,0.307798,-1.4038][-0.551181,-0.732283,-0.393701][35.9606,-39.0877,0][-0.640838,0.341018,-1.4502][-0.551181,-0.732283,-0.401575][35.9599,-39.0906,0][-0.355938,0.213898,-1.585][-0.519685,-0.76378,-0.377953][35.9778,-39.0991,0][-0.345938,0.182678,-1.5352][-0.519685,-0.76378,-0.377953][35.9784,-39.096,0][-0.105378,0.074798,-1.6544][-0.433071,-0.787402,-0.433071][35.9934,-39.1034,0][-0.105597,0.0456576,-1.6014][-0.433071,-0.787402,-0.440945][35.9934,-39.1001,0][-0.345938,0.182678,1.5352][-0.519685,-0.76378,0.377953][35.9784,-38.904,0][-0.105597,0.0456576,1.6014][-0.433071,-0.787402,0.440945][35.9934,-38.8999,0][-0.105378,0.074798,1.6544][-0.433071,-0.787402,0.433071][35.9934,-38.8966,0][-1.03936,0.427738,1.1314][-0.362205,-0.771654,0.519685][35.935,-38.9293,0][-0.843818,0.396458,1.243][-0.496063,-0.755906,0.433071][35.9473,-38.9223,0][-0.860618,0.431758,1.2856][-0.496063,-0.755906,0.433071][35.9462,-38.9197,0][-1.26862,0.427738,1.0004][-0.362205,-0.779528,0.503937][35.9207,-38.9375,0][-1.03936,0.427738,1.1314][-0.362205,-0.771654,0.519685][35.935,-38.9293,0][-1.06236,0.465198,1.1704][-0.362205,-0.771654,0.527559][35.9336,-38.9268,0][-1.03936,0.427738,-1.1314][-0.362205,-0.771654,-0.519685][35.935,-39.0707,0][-0.860618,0.431758,-1.2856][-0.496063,-0.755906,-0.433071][35.9462,-39.0803,0][-0.843818,0.396458,-1.243][-0.496063,-0.755906,-0.433071][35.9473,-39.0777,0][-1.06236,0.465198,-1.1704][-0.362205,-0.771654,-0.527559][35.9336,-39.0732,0][-1.03936,0.427738,-1.1314][-0.362205,-0.771654,-0.519685][35.935,-39.0707,0][-1.26862,0.427738,-1.0004][-0.362205,-0.779528,-0.503937][35.9207,-39.0625,0][-0.630258,0.307798,1.4038][-0.551181,-0.732283,0.393701][35.9606,-38.9123,0][-0.640838,0.341018,1.4502][-0.551181,-0.732283,0.401575][35.9599,-38.9094,0][-0.860618,0.431758,1.2856][-0.496063,-0.755906,0.433071][35.9462,-38.9197,0][-0.860618,0.431758,-1.2856][-0.496063,-0.755906,-0.433071][35.9462,-39.0803,0][-0.640838,0.341018,-1.4502][-0.551181,-0.732283,-0.401575][35.9599,-39.0906,0][-0.630258,0.307798,-1.4038][-0.551181,-0.732283,-0.393701][35.9606,-39.0877,0][-1.26862,0.427738,1.0004][-0.362205,-0.779528,0.503937][35.9207,-38.9375,0][-1.06236,0.465198,1.1704][-0.362205,-0.771654,0.527559][35.9336,-38.9268,0][-1.30338,0.465198,1.0334][-0.377953,-0.787402,0.496063][35.9185,-38.9354,0][-1.06236,0.465198,-1.1704][-0.362205,-0.771654,-0.527559][35.9336,-39.0732,0][-1.26862,0.427738,-1.0004][-0.362205,-0.779528,-0.503937][35.9207,-39.0625,0][-1.30338,0.465198,-1.0334][-0.377953,-0.787402,-0.496063][35.9185,-39.0646,0][-0.630258,0.307798,1.4038][-0.551181,-0.732283,0.393701][35.9606,-38.9123,0][-0.860618,0.431758,1.2856][-0.496063,-0.755906,0.433071][35.9462,-38.9197,0][-0.843818,0.396458,1.243][-0.496063,-0.755906,0.433071][35.9473,-38.9223,0][-0.860618,0.431758,-1.2856][-0.496063,-0.755906,-0.433071][35.9462,-39.0803,0][-0.630258,0.307798,-1.4038][-0.551181,-0.732283,-0.393701][35.9606,-39.0877,0][-0.843818,0.396458,-1.243][-0.496063,-0.755906,-0.433071][35.9473,-39.0777,0][-0.630258,0.307798,-1.4038][-0.551181,-0.732283,-0.393701][35.9606,-39.0877,0][-0.355938,0.213898,-1.585][-0.519685,-0.76378,-0.377953][35.9778,-39.0991,0][-0.345938,0.182678,-1.5352][-0.519685,-0.76378,-0.377953][35.9784,-39.096,0][-0.630258,0.307798,1.4038][-0.551181,-0.732283,0.393701][35.9606,-38.9123,0][-0.345938,0.182678,1.5352][-0.519685,-0.76378,0.377953][35.9784,-38.904,0][-0.355938,0.213898,1.585][-0.519685,-0.76378,0.377953][35.9778,-38.9009,0][-0.345938,0.182678,1.5352][-0.519685,-0.76378,0.377953][35.9784,-38.904,0][-0.105378,0.074798,1.6544][-0.433071,-0.787402,0.433071][35.9934,-38.8966,0][-0.355938,0.213898,1.585][-0.519685,-0.76378,0.377953][35.9778,-38.9009,0][-0.345938,0.182678,-1.5352][-0.519685,-0.76378,-0.377953][35.9784,-39.096,0][-0.355938,0.213898,-1.585][-0.519685,-0.76378,-0.377953][35.9778,-39.0991,0][-0.105378,0.074798,-1.6544][-0.433071,-0.787402,-0.433071][35.9934,-39.1034,0][-1.4463,0.427738,0.831][0.362205,-0.897638,-0.251969][35.9096,-38.9481,0][-1.32256,0.567458,0.4096][0.472441,-0.866142,-0.15748][35.9173,-38.9744,0][-1.1246,0.567458,0.8262][0.425197,-0.834646,-0.354331][35.9297,-38.9484,0][-1.4463,0.427738,0.831][0.362205,-0.897638,-0.251969][35.9096,-38.9481,0][-1.66354,0.427738,0.4872][0.354331,-0.929134,-0.125984][35.896,-38.9696,0][-1.32256,0.567458,0.4096][0.472441,-0.866142,-0.15748][35.9173,-38.9744,0][-1.32256,0.567458,-0.4096][0.472441,-0.866142,0.15748][35.9173,-39.0256,0][-1.4463,0.427738,-0.831][0.362205,-0.897638,0.251969][35.9096,-39.0519,0][-1.1246,0.567458,-0.8262][0.425197,-0.834646,0.354331][35.9297,-39.0516,0][-1.32256,0.567458,-0.4096][0.472441,-0.866142,0.15748][35.9173,-39.0256,0][-1.66354,0.427738,-0.4874][0.354331,-0.929134,0.125984][35.896,-39.0305,0][-1.4463,0.427738,-0.831][0.362205,-0.897638,0.251969][35.9096,-39.0519,0][0.291862,1.14448,0][-0.0787402,-1,0][36.0182,-39,0][0.00776232,1.14974,0.4864][0.00787402,-0.992126,-0.133858][36.0005,-38.9696,0][0.00780236,1.15304,0][0.00787402,-1,0][36.0005,-39,0][0.00776232,1.14974,0.4864][0.00787402,-0.992126,-0.133858][36.0005,-38.9696,0][-0.276558,1.14172,0][0.0944882,-0.992126,0][35.9827,-39,0][0.00780236,1.15304,0][0.00787402,-1,0][36.0005,-39,0][0.00776232,1.14974,-0.4864][0.00787402,-0.992126,0.133858][36.0005,-39.0304,0][0.291862,1.14448,0][-0.0787402,-1,0][36.0182,-39,0][0.00780236,1.15304,0][0.00787402,-1,0][36.0005,-39,0][-0.276558,1.14172,0][0.0944882,-0.992126,0][35.9827,-39,0][0.00776232,1.14974,-0.4864][0.00787402,-0.992126,0.133858][36.0005,-39.0304,0][0.00780236,1.15304,0][0.00787402,-1,0][36.0005,-39,0][0.596362,1.10178,0.4864][-0.314961,-0.937008,-0.15748][36.0373,-38.9696,0][0.291862,1.14448,0.4864][-0.0787402,-0.984252,-0.141732][36.0182,-38.9696,0][0.291862,1.14448,0][-0.0787402,-1,0][36.0182,-39,0][0.291862,1.14448,0][-0.0787402,-1,0][36.0182,-39,0][0.291862,1.14448,0.4864][-0.0787402,-0.984252,-0.141732][36.0182,-38.9696,0][0.00776232,1.14974,0.4864][0.00787402,-0.992126,-0.133858][36.0005,-38.9696,0][0.291862,1.14448,0][-0.0787402,-1,0][36.0182,-39,0][0.291862,1.14448,-0.4864][-0.0787402,-0.984252,0.141732][36.0182,-39.0304,0][0.596362,1.10178,-0.4864][-0.314961,-0.937008,0.15748][36.0373,-39.0304,0][0.00776232,1.14974,-0.4864][0.00787402,-0.992126,0.133858][36.0005,-39.0304,0][0.291862,1.14448,-0.4864][-0.0787402,-0.984252,0.141732][36.0182,-39.0304,0][0.291862,1.14448,0][-0.0787402,-1,0][36.0182,-39,0][0.596362,1.10178,0.4864][-0.314961,-0.937008,-0.15748][36.0373,-38.9696,0][0.291862,1.14448,0][-0.0787402,-1,0][36.0182,-39,0][0.626662,1.09868,0][-0.314961,-0.944882,0][36.0392,-39,0][0.291862,1.14448,0][-0.0787402,-1,0][36.0182,-39,0][0.596362,1.10178,-0.4864][-0.314961,-0.937008,0.15748][36.0373,-39.0304,0][0.626662,1.09868,0][-0.314961,-0.944882,0][36.0392,-39,0][-0.276558,1.14172,0][0.0944882,-0.992126,0][35.9827,-39,0][-0.582478,1.09604,0.4864][0.322835,-0.929134,-0.15748][35.9636,-38.9696,0][-0.612858,1.09266,0][0.322835,-0.944882,0][35.9617,-39,0][-0.612858,1.09266,0][0.322835,-0.944882,0][35.9617,-39,0][-0.582478,1.09604,0.4864][0.322835,-0.929134,-0.15748][35.9636,-38.9696,0][-0.965298,0.885878,0.4134][0.622047,-0.755906,-0.204724][35.9397,-38.9742,0][-0.965298,0.885878,-0.4134][0.622047,-0.755906,0.204724][35.9397,-39.0258,0][-0.582478,1.09604,-0.4864][0.322835,-0.929134,0.15748][35.9636,-39.0304,0][-0.612858,1.09266,0][0.322835,-0.944882,0][35.9617,-39,0][-0.582478,1.09604,-0.4864][0.322835,-0.929134,0.15748][35.9636,-39.0304,0][-0.276558,1.14172,0][0.0944882,-0.992126,0][35.9827,-39,0][-0.612858,1.09266,0][0.322835,-0.944882,0][35.9617,-39,0][-0.276558,1.14172,0.4864][0.0866142,-0.984252,-0.141732][35.9827,-38.9696,0][-0.519178,0.973358,0.917][0.377953,-0.732283,-0.574803][35.9675,-38.9427,0][-0.582478,1.09604,0.4864][0.322835,-0.929134,-0.15748][35.9636,-38.9696,0][-0.582478,1.09604,0.4864][0.322835,-0.929134,-0.15748][35.9636,-38.9696,0][-0.519178,0.973358,0.917][0.377953,-0.732283,-0.574803][35.9675,-38.9427,0][-0.810958,0.890958,0.684][0.582677,-0.692913,-0.425197][35.9493,-38.9572,0][-0.582478,1.09604,0.4864][0.322835,-0.929134,-0.15748][35.9636,-38.9696,0][-0.810958,0.890958,0.684][0.582677,-0.692913,-0.425197][35.9493,-38.9572,0][-0.965298,0.885878,0.4134][0.622047,-0.755906,-0.204724][35.9397,-38.9742,0][-0.276558,1.14172,0][0.0944882,-0.992126,0][35.9827,-39,0][-0.276558,1.14172,0.4864][0.0866142,-0.984252,-0.141732][35.9827,-38.9696,0][-0.582478,1.09604,0.4864][0.322835,-0.929134,-0.15748][35.9636,-38.9696,0][0.00776232,1.14974,0.4864][0.00787402,-0.992126,-0.133858][36.0005,-38.9696,0][-0.276558,1.14172,0.4864][0.0866142,-0.984252,-0.141732][35.9827,-38.9696,0][-0.276558,1.14172,0][0.0944882,-0.992126,0][35.9827,-39,0][-0.519178,0.973358,-0.917][0.377953,-0.732283,0.574803][35.9675,-39.0573,0][-0.276558,1.14172,-0.4864][0.0866142,-0.984252,0.141732][35.9827,-39.0304,0][-0.582478,1.09604,-0.4864][0.322835,-0.929134,0.15748][35.9636,-39.0304,0][-0.810958,0.890958,-0.684][0.582677,-0.692913,0.425197][35.9493,-39.0428,0][-0.519178,0.973358,-0.917][0.377953,-0.732283,0.574803][35.9675,-39.0573,0][-0.582478,1.09604,-0.4864][0.322835,-0.929134,0.15748][35.9636,-39.0304,0][-0.810958,0.890958,-0.684][0.582677,-0.692913,0.425197][35.9493,-39.0428,0][-0.582478,1.09604,-0.4864][0.322835,-0.929134,0.15748][35.9636,-39.0304,0][-0.965298,0.885878,-0.4134][0.622047,-0.755906,0.204724][35.9397,-39.0258,0][-0.582478,1.09604,-0.4864][0.322835,-0.929134,0.15748][35.9636,-39.0304,0][-0.276558,1.14172,-0.4864][0.0866142,-0.984252,0.141732][35.9827,-39.0304,0][-0.276558,1.14172,0][0.0944882,-0.992126,0][35.9827,-39,0][-0.276558,1.14172,0][0.0944882,-0.992126,0][35.9827,-39,0][-0.276558,1.14172,-0.4864][0.0866142,-0.984252,0.141732][35.9827,-39.0304,0][0.00776232,1.14974,-0.4864][0.00787402,-0.992126,0.133858][36.0005,-39.0304,0][0.00776232,1.14974,0.4864][0.00787402,-0.992126,-0.133858][36.0005,-38.9696,0][0.0064224,1.00642,1.0272][0,-0.771654,-0.637795][36.0004,-38.9358,0][-0.256738,0.998278,0.9888][0.15748,-0.779528,-0.606299][35.984,-38.9382,0][0.269362,1.00084,0.9888][-0.15748,-0.771654,-0.614173][36.0168,-38.9382,0][0.0064224,1.00642,1.0272][0,-0.771654,-0.637795][36.0004,-38.9358,0][0.00776232,1.14974,0.4864][0.00787402,-0.992126,-0.133858][36.0005,-38.9696,0][-0.256738,0.998278,-0.9888][0.15748,-0.779528,0.606299][35.984,-39.0618,0][0.0064224,1.00642,-1.0272][0,-0.771654,0.637795][36.0004,-39.0642,0][0.00776232,1.14974,-0.4864][0.00787402,-0.992126,0.133858][36.0005,-39.0304,0][0.00776232,1.14974,-0.4864][0.00787402,-0.992126,0.133858][36.0005,-39.0304,0][0.0064224,1.00642,-1.0272][0,-0.771654,0.637795][36.0004,-39.0642,0][0.269362,1.00084,-0.9888][-0.15748,-0.771654,0.614173][36.0168,-39.0618,0][0.269362,1.00084,0.9888][-0.15748,-0.771654,-0.614173][36.0168,-38.9382,0][0.00776232,1.14974,0.4864][0.00787402,-0.992126,-0.133858][36.0005,-38.9696,0][0.291862,1.14448,0.4864][-0.0787402,-0.984252,-0.141732][36.0182,-38.9696,0][0.00776232,1.14974,-0.4864][0.00787402,-0.992126,0.133858][36.0005,-39.0304,0][0.269362,1.00084,-0.9888][-0.15748,-0.771654,0.614173][36.0168,-39.0618,0][0.291862,1.14448,-0.4864][-0.0787402,-0.984252,0.141732][36.0182,-39.0304,0][0.00776232,1.14974,0.4864][0.00787402,-0.992126,-0.133858][36.0005,-38.9696,0][-0.256738,0.998278,0.9888][0.15748,-0.779528,-0.606299][35.984,-38.9382,0][-0.276558,1.14172,0.4864][0.0866142,-0.984252,-0.141732][35.9827,-38.9696,0][-0.276558,1.14172,0.4864][0.0866142,-0.984252,-0.141732][35.9827,-38.9696,0][-0.256738,0.998278,0.9888][0.15748,-0.779528,-0.606299][35.984,-38.9382,0][-0.519178,0.973358,0.917][0.377953,-0.732283,-0.574803][35.9675,-38.9427,0][-0.256738,0.998278,-0.9888][0.15748,-0.779528,0.606299][35.984,-39.0618,0][0.00776232,1.14974,-0.4864][0.00787402,-0.992126,0.133858][36.0005,-39.0304,0][-0.276558,1.14172,-0.4864][0.0866142,-0.984252,0.141732][35.9827,-39.0304,0][-0.519178,0.973358,-0.917][0.377953,-0.732283,0.574803][35.9675,-39.0573,0][-0.256738,0.998278,-0.9888][0.15748,-0.779528,0.606299][35.984,-39.0618,0][-0.276558,1.14172,-0.4864][0.0866142,-0.984252,0.141732][35.9827,-39.0304,0][-1.66354,0.427738,-0.4874][0.354331,-0.929134,0.125984][35.896,-39.0305,0][-1.39088,0.567458,0][0.488189,-0.874016,0][35.9131,-39,0][-1.73654,0.427738,0][0.377953,-0.929134,0][35.8915,-39,0][-1.39088,0.567458,0][0.488189,-0.874016,0][35.9131,-39,0][-1.32256,0.567458,-0.4096][0.472441,-0.866142,0.15748][35.9173,-39.0256,0][-1.11688,0.741758,-0.3394][0.653543,-0.740157,0.181102][35.9302,-39.0212,0][-0.965298,0.885878,-0.4134][0.622047,-0.755906,0.204724][35.9397,-39.0258,0][-0.612858,1.09266,0][0.322835,-0.944882,0][35.9617,-39,0][-1.01532,0.878878,0][0.590551,-0.811024,0][35.9365,-39,0][-1.66354,0.427738,-0.4874][0.354331,-0.929134,0.125984][35.896,-39.0305,0][-1.32256,0.567458,-0.4096][0.472441,-0.866142,0.15748][35.9173,-39.0256,0][-1.39088,0.567458,0][0.488189,-0.874016,0][35.9131,-39,0][-1.32256,0.567458,-0.4096][0.472441,-0.866142,0.15748][35.9173,-39.0256,0][-0.944758,0.741758,-0.6882][0.582677,-0.708661,0.401575][35.941,-39.043,0][-1.11688,0.741758,-0.3394][0.653543,-0.740157,0.181102][35.9302,-39.0212,0][0.531062,0.978458,0.917][-0.385827,-0.716535,-0.582677][36.0332,-38.9427,0][0.269362,1.00084,0.9888][-0.15748,-0.771654,-0.614173][36.0168,-38.9382,0][0.291862,1.14448,0.4864][-0.0787402,-0.984252,-0.141732][36.0182,-38.9696,0][0.291862,1.14448,-0.4864][-0.0787402,-0.984252,0.141732][36.0182,-39.0304,0][0.269362,1.00084,-0.9888][-0.15748,-0.771654,0.614173][36.0168,-39.0618,0][0.531062,0.978458,-0.917][-0.385827,-0.716535,0.582677][36.0332,-39.0573,0][-1.39088,0.567458,0][0.488189,-0.874016,0][35.9131,-39,0][-1.11688,0.741758,0.3394][0.653543,-0.740157,-0.181102][35.9302,-38.9788,0][-1.32256,0.567458,0.4096][0.472441,-0.866142,-0.15748][35.9173,-38.9744,0][-1.66354,0.427738,0.4872][0.354331,-0.929134,-0.125984][35.896,-38.9696,0][-1.73654,0.427738,0][0.377953,-0.929134,0][35.8915,-39,0][-1.39088,0.567458,0][0.488189,-0.874016,0][35.9131,-39,0][-1.66354,0.427738,0.4872][0.354331,-0.929134,-0.125984][35.896,-38.9696,0][-1.39088,0.567458,0][0.488189,-0.874016,0][35.9131,-39,0][-1.32256,0.567458,0.4096][0.472441,-0.866142,-0.15748][35.9173,-38.9744,0][-1.32256,0.567458,0.4096][0.472441,-0.866142,-0.15748][35.9173,-38.9744,0][-1.11688,0.741758,0.3394][0.653543,-0.740157,-0.181102][35.9302,-38.9788,0][-0.944758,0.741758,0.6882][0.582677,-0.708661,-0.401575][35.941,-38.957,0][-0.612858,1.09266,0][0.322835,-0.944882,0][35.9617,-39,0][-0.965298,0.885878,0.4134][0.622047,-0.755906,-0.204724][35.9397,-38.9742,0][-1.01532,0.878878,0][0.590551,-0.811024,0][35.9365,-39,0][0.626662,1.09868,0][-0.314961,-0.944882,0][36.0392,-39,0][0.974462,0.895318,-0.4134][-0.598425,-0.771654,0.220472][36.0609,-39.0258,0][1.02428,0.888778,0][-0.551181,-0.834646,0][36.064,-39,0][0.974462,0.895318,0.4134][-0.598425,-0.771654,-0.220472][36.0609,-38.9742,0][0.626662,1.09868,0][-0.314961,-0.944882,0][36.0392,-39,0][1.02428,0.888778,0][-0.551181,-0.834646,0][36.064,-39,0][0.626662,1.09868,0][-0.314961,-0.944882,0][36.0392,-39,0][0.596362,1.10178,-0.4864][-0.314961,-0.937008,0.15748][36.0373,-39.0304,0][0.974462,0.895318,-0.4134][-0.598425,-0.771654,0.220472][36.0609,-39.0258,0][0.974462,0.895318,0.4134][-0.598425,-0.771654,-0.220472][36.0609,-38.9742,0][0.596362,1.10178,0.4864][-0.314961,-0.937008,-0.15748][36.0373,-38.9696,0][0.626662,1.09868,0][-0.314961,-0.944882,0][36.0392,-39,0][-1.03936,0.427738,1.1314][0.393701,-0.740157,-0.551181][35.935,-38.9293,0][-1.1246,0.567458,0.8262][0.425197,-0.834646,-0.354331][35.9297,-38.9484,0][-0.785098,0.567458,1.1544][0.370079,-0.685039,-0.622047][35.9509,-38.9278,0][-1.03936,0.427738,1.1314][0.393701,-0.740157,-0.551181][35.935,-38.9293,0][-1.26862,0.427738,1.0004][0.314961,-0.850394,-0.417323][35.9207,-38.9375,0][-1.1246,0.567458,0.8262][0.425197,-0.834646,-0.354331][35.9297,-38.9484,0][-1.26862,0.427738,1.0004][0.314961,-0.850394,-0.417323][35.9207,-38.9375,0][-1.4463,0.427738,0.831][0.362205,-0.897638,-0.251969][35.9096,-38.9481,0][-1.1246,0.567458,0.8262][0.425197,-0.834646,-0.354331][35.9297,-38.9484,0][-1.03936,0.427738,-1.1314][0.393701,-0.740157,0.551181][35.935,-39.0707,0][-1.1246,0.567458,-0.8262][0.425197,-0.834646,0.354331][35.9297,-39.0516,0][-1.26862,0.427738,-1.0004][0.314961,-0.850394,0.417323][35.9207,-39.0625,0][-1.03936,0.427738,-1.1314][0.393701,-0.740157,0.551181][35.935,-39.0707,0][-0.785098,0.567458,-1.1544][0.370079,-0.685039,0.622047][35.9509,-39.0722,0][-1.1246,0.567458,-0.8262][0.425197,-0.834646,0.354331][35.9297,-39.0516,0][-1.26862,0.427738,-1.0004][0.314961,-0.850394,0.417323][35.9207,-39.0625,0][-1.1246,0.567458,-0.8262][0.425197,-0.834646,0.354331][35.9297,-39.0516,0][-1.4463,0.427738,-0.831][0.362205,-0.897638,0.251969][35.9096,-39.0519,0][0.00204312,0.567458,1.4054][0,-0.606299,-0.795276][36.0001,-38.9122,0][0.358024,0.741758,1.1136][-0.228346,-0.653543,-0.716535][36.0224,-38.9304,0][0.434382,0.567458,1.3366][-0.244094,-0.614173,-0.755906][36.0271,-38.9165,0][0.818004,0.567458,1.1268][-0.425197,-0.645669,-0.629921][36.0511,-38.9296,0][0.434382,0.567458,1.3366][-0.244094,-0.614173,-0.755906][36.0271,-38.9165,0][0.358024,0.741758,1.1136][-0.228346,-0.653543,-0.716535][36.0224,-38.9304,0][0.00204312,0.567458,1.4054][0,-0.606299,-0.795276][36.0001,-38.9122,0][-0.00383722,0.741758,1.1708][0.00787402,-0.661417,-0.748031][35.9998,-38.9268,0][0.358024,0.741758,1.1136][-0.228346,-0.653543,-0.716535][36.0224,-38.9304,0][-0.00383722,0.741758,1.1708][0.00787402,-0.661417,-0.748031][35.9998,-38.9268,0][0.00204312,0.567458,1.4054][0,-0.606299,-0.795276][36.0001,-38.9122,0][-0.421858,0.567458,1.318][0.220472,-0.637795,-0.740157][35.9736,-38.9176,0][0.00204312,0.567458,-1.4054][0,-0.606299,0.795276][36.0001,-39.0878,0][0.434382,0.567458,-1.3366][-0.244094,-0.614173,0.755906][36.0271,-39.0835,0][0.358024,0.741758,-1.1136][-0.228346,-0.653543,0.716535][36.0224,-39.0696,0][0.818004,0.567458,-1.1268][-0.425197,-0.645669,0.629921][36.0511,-39.0704,0][0.358024,0.741758,-1.1136][-0.228346,-0.653543,0.716535][36.0224,-39.0696,0][0.434382,0.567458,-1.3366][-0.244094,-0.614173,0.755906][36.0271,-39.0835,0][0.00204312,0.567458,-1.4054][0,-0.606299,0.795276][36.0001,-39.0878,0][0.358024,0.741758,-1.1136][-0.228346,-0.653543,0.716535][36.0224,-39.0696,0][-0.00383722,0.741758,-1.1708][0.00787402,-0.661417,0.748031][35.9998,-39.0732,0][-0.00383722,0.741758,-1.1708][0.00787402,-0.661417,0.748031][35.9998,-39.0732,0][-0.421858,0.567458,-1.318][0.220472,-0.637795,0.740157][35.9736,-39.0824,0][0.00204312,0.567458,-1.4054][0,-0.606299,0.795276][36.0001,-39.0878,0][-1.32256,0.567458,0.4096][0.472441,-0.866142,-0.15748][35.9173,-38.9744,0][-0.944758,0.741758,0.6882][0.582677,-0.708661,-0.401575][35.941,-38.957,0][-1.1246,0.567458,0.8262][0.425197,-0.834646,-0.354331][35.9297,-38.9484,0][-0.363678,0.741758,1.1136][0.220472,-0.645669,-0.724409][35.9773,-38.9304,0][-0.785098,0.567458,1.1544][0.370079,-0.685039,-0.622047][35.9509,-38.9278,0][-0.687318,0.741758,0.9472][0.456693,-0.669291,-0.590551][35.957,-38.9408,0][-1.32256,0.567458,-0.4096][0.472441,-0.866142,0.15748][35.9173,-39.0256,0][-1.1246,0.567458,-0.8262][0.425197,-0.834646,0.354331][35.9297,-39.0516,0][-0.944758,0.741758,-0.6882][0.582677,-0.708661,0.401575][35.941,-39.043,0][-0.363678,0.741758,-1.1136][0.220472,-0.645669,0.724409][35.9773,-39.0696,0][-0.687318,0.741758,-0.9472][0.456693,-0.669291,0.590551][35.957,-39.0592,0][-0.785098,0.567458,-1.1544][0.370079,-0.685039,0.622047][35.9509,-39.0722,0][-1.1246,0.567458,0.8262][0.425197,-0.834646,-0.354331][35.9297,-38.9484,0][-0.944758,0.741758,0.6882][0.582677,-0.708661,-0.401575][35.941,-38.957,0][-0.687318,0.741758,0.9472][0.456693,-0.669291,-0.590551][35.957,-38.9408,0][-1.1246,0.567458,-0.8262][0.425197,-0.834646,0.354331][35.9297,-39.0516,0][-0.687318,0.741758,-0.9472][0.456693,-0.669291,0.590551][35.957,-39.0592,0][-0.944758,0.741758,-0.6882][0.582677,-0.708661,0.401575][35.941,-39.043,0][0.818004,0.567458,1.1268][-0.425197,-0.645669,-0.629921][36.0511,-38.9296,0][0.680942,0.741758,0.943][-0.464567,-0.645669,-0.606299][36.0426,-38.9411,0][0.941222,0.741758,0.6882][-0.551181,-0.708661,-0.440945][36.0588,-38.957,0][0.818004,0.567458,1.1268][-0.425197,-0.645669,-0.629921][36.0511,-38.9296,0][0.358024,0.741758,1.1136][-0.228346,-0.653543,-0.716535][36.0224,-38.9304,0][0.680942,0.741758,0.943][-0.464567,-0.645669,-0.606299][36.0426,-38.9411,0][0.818004,0.567458,-1.1268][-0.425197,-0.645669,0.629921][36.0511,-39.0704,0][0.941222,0.741758,-0.6882][-0.551181,-0.708661,0.440945][36.0588,-39.043,0][0.680942,0.741758,-0.943][-0.464567,-0.645669,0.606299][36.0426,-39.0589,0][0.818004,0.567458,-1.1268][-0.425197,-0.645669,0.629921][36.0511,-39.0704,0][0.680942,0.741758,-0.943][-0.464567,-0.645669,0.606299][36.0426,-39.0589,0][0.358024,0.741758,-1.1136][-0.228346,-0.653543,0.716535][36.0224,-39.0696,0][-1.1246,0.567458,0.8262][0.425197,-0.834646,-0.354331][35.9297,-38.9484,0][-0.687318,0.741758,0.9472][0.456693,-0.669291,-0.590551][35.957,-38.9408,0][-0.785098,0.567458,1.1544][0.370079,-0.685039,-0.622047][35.9509,-38.9278,0][-1.1246,0.567458,-0.8262][0.425197,-0.834646,0.354331][35.9297,-39.0516,0][-0.785098,0.567458,-1.1544][0.370079,-0.685039,0.622047][35.9509,-39.0722,0][-0.687318,0.741758,-0.9472][0.456693,-0.669291,0.590551][35.957,-39.0592,0][-1.39088,0.567458,0][0.488189,-0.874016,0][35.9131,-39,0][-1.16736,0.741758,0][0.637795,-0.76378,0][35.927,-39,0][-1.11688,0.741758,0.3394][0.653543,-0.740157,-0.181102][35.9302,-38.9788,0][-1.11688,0.741758,0.3394][0.653543,-0.740157,-0.181102][35.9302,-38.9788,0][-1.16736,0.741758,0][0.637795,-0.76378,0][35.927,-39,0][-1.01532,0.878878,0][0.590551,-0.811024,0][35.9365,-39,0][-1.39088,0.567458,0][0.488189,-0.874016,0][35.9131,-39,0][-1.11688,0.741758,-0.3394][0.653543,-0.740157,0.181102][35.9302,-39.0212,0][-1.16736,0.741758,0][0.637795,-0.76378,0][35.927,-39,0][-1.01532,0.878878,0][0.590551,-0.811024,0][35.9365,-39,0][-1.16736,0.741758,0][0.637795,-0.76378,0][35.927,-39,0][-1.11688,0.741758,-0.3394][0.653543,-0.740157,0.181102][35.9302,-39.0212,0][-0.00383722,0.741758,1.1708][0.00787402,-0.661417,-0.748031][35.9998,-38.9268,0][-0.421858,0.567458,1.318][0.220472,-0.637795,-0.740157][35.9736,-38.9176,0][-0.363678,0.741758,1.1136][0.220472,-0.645669,-0.724409][35.9773,-38.9304,0][-0.00383722,0.741758,-1.1708][0.00787402,-0.661417,0.748031][35.9998,-39.0732,0][-0.363678,0.741758,-1.1136][0.220472,-0.645669,0.724409][35.9773,-39.0696,0][-0.421858,0.567458,-1.318][0.220472,-0.637795,0.740157][35.9736,-39.0824,0][0.531062,0.978458,0.917][-0.385827,-0.716535,-0.582677][36.0332,-38.9427,0][0.291862,1.14448,0.4864][-0.0787402,-0.984252,-0.141732][36.0182,-38.9696,0][0.596362,1.10178,0.4864][-0.314961,-0.937008,-0.15748][36.0373,-38.9696,0][0.291862,1.14448,-0.4864][-0.0787402,-0.984252,0.141732][36.0182,-39.0304,0][0.531062,0.978458,-0.917][-0.385827,-0.716535,0.582677][36.0332,-39.0573,0][0.596362,1.10178,-0.4864][-0.314961,-0.937008,0.15748][36.0373,-39.0304,0][0.596362,1.10178,-0.4864][-0.314961,-0.937008,0.15748][36.0373,-39.0304,0][0.820262,0.898878,-0.684][-0.598425,-0.669291,0.448819][36.0513,-39.0428,0][0.974462,0.895318,-0.4134][-0.598425,-0.771654,0.220472][36.0609,-39.0258,0][0.820262,0.898878,0.684][-0.598425,-0.669291,-0.448819][36.0513,-38.9572,0][0.596362,1.10178,0.4864][-0.314961,-0.937008,-0.15748][36.0373,-38.9696,0][0.974462,0.895318,0.4134][-0.598425,-0.771654,-0.220472][36.0609,-38.9742,0][0.596362,1.10178,-0.4864][-0.314961,-0.937008,0.15748][36.0373,-39.0304,0][0.531062,0.978458,-0.917][-0.385827,-0.716535,0.582677][36.0332,-39.0573,0][0.820262,0.898878,-0.684][-0.598425,-0.669291,0.448819][36.0513,-39.0428,0][0.820262,0.898878,0.684][-0.598425,-0.669291,-0.448819][36.0513,-38.9572,0][0.531062,0.978458,0.917][-0.385827,-0.716535,-0.582677][36.0332,-38.9427,0][0.596362,1.10178,0.4864][-0.314961,-0.937008,-0.15748][36.0373,-38.9696,0][1.35316,0.567458,0.4344][-0.732283,-0.637795,-0.228346][36.0846,-38.9729,0][1.21582,0.741758,0][-0.629921,-0.779528,0][36.076,-39,0][1.4265,0.567458,0][-0.771654,-0.637795,0][36.0892,-39,0][1.35316,0.567458,0.4344][-0.732283,-0.637795,-0.228346][36.0846,-38.9729,0][1.15876,0.741758,0.3618][-0.614173,-0.76378,-0.19685][36.0724,-38.9774,0][1.21582,0.741758,0][-0.629921,-0.779528,0][36.076,-39,0][1.35316,0.567458,-0.4344][-0.732283,-0.637795,0.228346][36.0846,-39.0271,0][1.4265,0.567458,0][-0.771654,-0.637795,0][36.0892,-39,0][1.21582,0.741758,0][-0.629921,-0.779528,0][36.076,-39,0][1.35316,0.567458,-0.4344][-0.732283,-0.637795,0.228346][36.0846,-39.0271,0][1.21582,0.741758,0][-0.629921,-0.779528,0][36.076,-39,0][1.15876,0.741758,-0.3618][-0.614173,-0.76378,0.19685][36.0724,-39.0226,0][1.15876,0.741758,0.3618][-0.614173,-0.76378,-0.19685][36.0724,-38.9774,0][1.02428,0.888778,0][-0.551181,-0.834646,0][36.064,-39,0][1.21582,0.741758,0][-0.629921,-0.779528,0][36.076,-39,0][1.15876,0.741758,0.3618][-0.614173,-0.76378,-0.19685][36.0724,-38.9774,0][0.974462,0.895318,0.4134][-0.598425,-0.771654,-0.220472][36.0609,-38.9742,0][1.02428,0.888778,0][-0.551181,-0.834646,0][36.064,-39,0][1.17262,0.567458,0.8262][-0.590551,-0.661417,-0.456693][36.0733,-38.9484,0][1.15876,0.741758,0.3618][-0.614173,-0.76378,-0.19685][36.0724,-38.9774,0][1.35316,0.567458,0.4344][-0.732283,-0.637795,-0.228346][36.0846,-38.9729,0][1.17262,0.567458,0.8262][-0.590551,-0.661417,-0.456693][36.0733,-38.9484,0][0.941222,0.741758,0.6882][-0.551181,-0.708661,-0.440945][36.0588,-38.957,0][1.15876,0.741758,0.3618][-0.614173,-0.76378,-0.19685][36.0724,-38.9774,0][0.818004,0.567458,1.1268][-0.425197,-0.645669,-0.629921][36.0511,-38.9296,0][0.941222,0.741758,0.6882][-0.551181,-0.708661,-0.440945][36.0588,-38.957,0][1.17262,0.567458,0.8262][-0.590551,-0.661417,-0.456693][36.0733,-38.9484,0][1.15876,0.741758,-0.3618][-0.614173,-0.76378,0.19685][36.0724,-39.0226,0][1.02428,0.888778,0][-0.551181,-0.834646,0][36.064,-39,0][0.974462,0.895318,-0.4134][-0.598425,-0.771654,0.220472][36.0609,-39.0258,0][1.15876,0.741758,-0.3618][-0.614173,-0.76378,0.19685][36.0724,-39.0226,0][1.21582,0.741758,0][-0.629921,-0.779528,0][36.076,-39,0][1.02428,0.888778,0][-0.551181,-0.834646,0][36.064,-39,0][1.17262,0.567458,-0.8262][-0.590551,-0.661417,0.456693][36.0733,-39.0516,0][1.15876,0.741758,-0.3618][-0.614173,-0.76378,0.19685][36.0724,-39.0226,0][0.941222,0.741758,-0.6882][-0.551181,-0.708661,0.440945][36.0588,-39.043,0][0.818004,0.567458,-1.1268][-0.425197,-0.645669,0.629921][36.0511,-39.0704,0][1.17262,0.567458,-0.8262][-0.590551,-0.661417,0.456693][36.0733,-39.0516,0][0.941222,0.741758,-0.6882][-0.551181,-0.708661,0.440945][36.0588,-39.043,0][1.17262,0.567458,-0.8262][-0.590551,-0.661417,0.456693][36.0733,-39.0516,0][1.35316,0.567458,-0.4344][-0.732283,-0.637795,0.228346][36.0846,-39.0271,0][1.15876,0.741758,-0.3618][-0.614173,-0.76378,0.19685][36.0724,-39.0226,0][-0.363678,0.741758,1.1136][0.220472,-0.645669,-0.724409][35.9773,-38.9304,0][-0.421858,0.567458,1.318][0.220472,-0.637795,-0.740157][35.9736,-38.9176,0][-0.785098,0.567458,1.1544][0.370079,-0.685039,-0.622047][35.9509,-38.9278,0][-0.363678,0.741758,-1.1136][0.220472,-0.645669,0.724409][35.9773,-39.0696,0][-0.785098,0.567458,-1.1544][0.370079,-0.685039,0.622047][35.9509,-39.0722,0][-0.421858,0.567458,-1.318][0.220472,-0.637795,0.740157][35.9736,-39.0824,0][1.12296,1.17964,-0.83][0.740157,0.330709,-0.582677][35.9298,-38.9888,0][0.838022,0.714158,-1.1836][0.519685,0.291339,-0.80315][35.9476,-39.0179,0][0.795362,1.18148,-1.129][0.535433,0.291339,-0.787402][35.9503,-38.9887,0][1.12296,1.17964,-0.83][0.740157,0.330709,-0.582677][35.9298,-38.9888,0][1.19548,0.712838,-0.907][0.740157,0.299213,-0.606299][35.9253,-39.0179,0][0.838022,0.714158,-1.1836][0.519685,0.291339,-0.80315][35.9476,-39.0179,0][0.441202,0.715038,-1.3818][0.299213,0.267717,-0.913386][35.9724,-39.0178,0][0.00190294,0.715798,-1.454][-0.0314961,0.149606,-0.984252][35.9999,-39.0178,0][0.00302256,1.1681,-1.408][0,0.283465,-0.96063][35.9998,-38.9895,0][0.838022,0.714158,-1.1836][0.519685,0.291339,-0.80315][35.9476,-39.0179,0][0.441202,0.715038,-1.3818][0.299213,0.267717,-0.913386][35.9724,-39.0178,0][0.403542,1.17508,-1.3188][0.314961,0.291339,-0.905512][35.9748,-38.9891,0][0.00190294,0.715798,-1.454][-0.0314961,0.149606,-0.984252][35.9999,-39.0178,0][-0.425616,0.590778,-1.3824][-0.291339,0.291339,-0.913386][36.0266,-39.0256,0][-0.433278,0.715338,-1.3706][-0.330709,0.0866142,-0.937008][36.0271,-39.0178,0][0.838022,0.714158,-1.1836][0.519685,0.291339,-0.80315][35.9476,-39.0179,0][0.403542,1.17508,-1.3188][0.314961,0.291339,-0.905512][35.9748,-38.9891,0][0.795362,1.18148,-1.129][0.535433,0.291339,-0.787402][35.9503,-38.9887,0][1.19548,0.712838,-0.907][0.740157,0.299213,-0.606299][35.9253,-39.0179,0][0.868922,0.587538,-1.2302][0.488189,0.393701,-0.779528][35.9457,-39.0258,0][0.838022,0.714158,-1.1836][0.519685,0.291339,-0.80315][35.9476,-39.0179,0][0.00302256,1.1681,-1.408][0,0.283465,-0.96063][35.9998,-38.9895,0][-0.433278,0.715338,-1.3706][-0.330709,0.0866142,-0.937008][36.0271,-39.0178,0][-0.404878,1.17758,-1.326][-0.307087,0.275591,-0.913386][36.0253,-38.9889,0][-0.425616,0.590778,-1.3824][-0.291339,0.291339,-0.913386][36.0266,-39.0256,0][-0.831018,0.717658,-1.1624][-0.559055,0.212598,-0.795276][36.0519,-39.0176,0][-0.433278,0.715338,-1.3706][-0.330709,0.0866142,-0.937008][36.0271,-39.0178,0][0.795362,1.18148,-1.129][0.535433,0.291339,-0.787402][35.9503,-38.9887,0][0.704022,1.49134,-1.0098][0.480315,0.574803,-0.669291][35.956,-38.9693,0][1.04338,1.40198,-0.7442][0.677165,0.535433,-0.503937][35.9348,-38.9749,0][0.795362,1.18148,-1.129][0.535433,0.291339,-0.787402][35.9503,-38.9887,0][1.04338,1.40198,-0.7442][0.677165,0.535433,-0.503937][35.9348,-38.9749,0][1.12296,1.17964,-0.83][0.740157,0.330709,-0.582677][35.9298,-38.9888,0][0.403542,1.17508,-1.3188][0.314961,0.291339,-0.905512][35.9748,-38.9891,0][0.704022,1.49134,-1.0098][0.480315,0.574803,-0.669291][35.956,-38.9693,0][0.795362,1.18148,-1.129][0.535433,0.291339,-0.787402][35.9503,-38.9887,0][0.441202,0.715038,-1.3818][0.299213,0.267717,-0.913386][35.9724,-39.0178,0][0.00302256,1.1681,-1.408][0,0.283465,-0.96063][35.9998,-38.9895,0][0.403542,1.17508,-1.3188][0.314961,0.291339,-0.905512][35.9748,-38.9891,0][0.00302256,1.1681,-1.408][0,0.283465,-0.96063][35.9998,-38.9895,0][0.326082,1.56076,-1.1498][0.23622,0.637795,-0.740157][35.9796,-38.965,0][0.403542,1.17508,-1.3188][0.314961,0.291339,-0.905512][35.9748,-38.9891,0][0.403542,1.17508,-1.3188][0.314961,0.291339,-0.905512][35.9748,-38.9891,0][0.326082,1.56076,-1.1498][0.23622,0.637795,-0.740157][35.9796,-38.965,0][0.704022,1.49134,-1.0098][0.480315,0.574803,-0.669291][35.956,-38.9693,0][0.00302256,1.1681,-1.408][0,0.283465,-0.96063][35.9998,-38.9895,0][0.00316274,1.565,-1.1988][0,0.653543,-0.755906][35.9998,-38.9647,0][0.326082,1.56076,-1.1498][0.23622,0.637795,-0.740157][35.9796,-38.965,0][-0.404878,1.17758,-1.326][-0.307087,0.275591,-0.913386][36.0253,-38.9889,0][-0.831018,0.717658,-1.1624][-0.559055,0.212598,-0.795276][36.0519,-39.0176,0][-0.802418,1.18676,-1.122][-0.566929,0.259843,-0.779528][36.0502,-38.9883,0][-0.404878,1.17758,-1.326][-0.307087,0.275591,-0.913386][36.0253,-38.9889,0][-0.433278,0.715338,-1.3706][-0.330709,0.0866142,-0.937008][36.0271,-39.0178,0][-0.831018,0.717658,-1.1624][-0.559055,0.212598,-0.795276][36.0519,-39.0176,0][0.00302256,1.1681,-1.408][0,0.283465,-0.96063][35.9998,-38.9895,0][-0.404878,1.17758,-1.326][-0.307087,0.275591,-0.913386][36.0253,-38.9889,0][-0.319758,1.56096,-1.1498][-0.228346,0.637795,-0.732283][36.02,-38.9649,0][0.00302256,1.1681,-1.408][0,0.283465,-0.96063][35.9998,-38.9895,0][-0.319758,1.56096,-1.1498][-0.228346,0.637795,-0.732283][36.02,-38.9649,0][0.00316274,1.565,-1.1988][0,0.653543,-0.755906][35.9998,-38.9647,0][0.00302256,1.1681,-1.408][0,0.283465,-0.96063][35.9998,-38.9895,0][0.00190294,0.715798,-1.454][-0.0314961,0.149606,-0.984252][35.9999,-39.0178,0][-0.433278,0.715338,-1.3706][-0.330709,0.0866142,-0.937008][36.0271,-39.0178,0][0.465042,0.588918,-1.4284][0.267717,0.354331,-0.897638][35.9709,-39.0257,0][0.00190294,0.715798,-1.454][-0.0314961,0.149606,-0.984252][35.9999,-39.0178,0][0.441202,0.715038,-1.3818][0.299213,0.267717,-0.913386][35.9724,-39.0178,0][0.465042,0.588918,-1.4284][0.267717,0.354331,-0.897638][35.9709,-39.0257,0][-0.000557542,0.0407976,-1.6652][0.0551181,0.322835,-0.944882][36,-39.06,0][0.0027231,0.590398,-1.4794][-0.0314961,0.283465,-0.96063][35.9998,-39.0256,0][-0.802418,1.18676,-1.122][-0.566929,0.259843,-0.779528][36.0502,-38.9883,0][-1.13684,0.719758,-0.8316][-0.771654,0.330709,-0.543307][36.0711,-39.0175,0][-1.11728,1.1872,-0.8152][-0.779528,0.251969,-0.574803][36.0698,-38.9883,0][-0.404878,1.17758,-1.326][-0.307087,0.275591,-0.913386][36.0253,-38.9889,0][-0.802418,1.18676,-1.122][-0.566929,0.259843,-0.779528][36.0502,-38.9883,0][-0.715538,1.49178,-1.0098][-0.488189,0.574803,-0.661417][36.0447,-38.9693,0][-0.404878,1.17758,-1.326][-0.307087,0.275591,-0.913386][36.0253,-38.9889,0][-0.715538,1.49178,-1.0098][-0.488189,0.574803,-0.661417][36.0447,-38.9693,0][-0.319758,1.56096,-1.1498][-0.228346,0.637795,-0.732283][36.02,-38.9649,0][-0.802418,1.18676,-1.122][-0.566929,0.259843,-0.779528][36.0502,-38.9883,0][-1.11728,1.1872,-0.8152][-0.779528,0.251969,-0.574803][36.0698,-38.9883,0][-1.03718,1.40264,-0.7442][-0.692913,0.527559,-0.496063][36.0648,-38.9748,0][1.19548,0.712838,-0.907][0.740157,0.299213,-0.606299][35.9253,-39.0179,0][1.22914,0.585758,-0.945][0.716535,0.385827,-0.582677][35.9232,-39.0259,0][0.868922,0.587538,-1.2302][0.488189,0.393701,-0.779528][35.9457,-39.0258,0][-0.105378,0.074798,-1.6544][-0.0314961,0.322835,-0.944882][36.0066,-39.0578,0][0.0027231,0.590398,-1.4794][-0.0314961,0.283465,-0.96063][35.9998,-39.0256,0][-0.000557542,0.0407976,-1.6652][0.0551181,0.322835,-0.944882][36,-39.06,0][-0.355938,0.213898,-1.585][-0.149606,0.393701,-0.905512][36.0222,-39.0491,0][0.0027231,0.590398,-1.4794][-0.0314961,0.283465,-0.96063][35.9998,-39.0256,0][-0.105378,0.074798,-1.6544][-0.0314961,0.322835,-0.944882][36.0066,-39.0578,0][0.868922,0.587538,-1.2302][0.488189,0.393701,-0.779528][35.9457,-39.0258,0][0.542744,0.0407976,-1.6206][0.23622,0.362205,-0.897638][35.9661,-39.06,0][0.465042,0.588918,-1.4284][0.267717,0.354331,-0.897638][35.9709,-39.0257,0][0.465042,0.588918,-1.4284][0.267717,0.354331,-0.897638][35.9709,-39.0257,0][0.542744,0.0407976,-1.6206][0.23622,0.362205,-0.897638][35.9661,-39.06,0][-0.000557542,0.0407976,-1.6652][0.0551181,0.322835,-0.944882][36,-39.06,0][0.868922,0.587538,-1.2302][0.488189,0.393701,-0.779528][35.9457,-39.0258,0][1.22914,0.585758,-0.945][0.716535,0.385827,-0.582677][35.9232,-39.0259,0][1.43074,0.0407976,-1.092][0.708661,0.417323,-0.566929][35.9106,-39.06,0][-0.425616,0.590778,-1.3824][-0.291339,0.291339,-0.913386][36.0266,-39.0256,0][-0.870018,0.594758,-1.185][-0.472441,0.433071,-0.76378][36.0544,-39.0253,0][-0.831018,0.717658,-1.1624][-0.559055,0.212598,-0.795276][36.0519,-39.0176,0][0.868922,0.587538,-1.2302][0.488189,0.393701,-0.779528][35.9457,-39.0258,0][0.441202,0.715038,-1.3818][0.299213,0.267717,-0.913386][35.9724,-39.0178,0][0.838022,0.714158,-1.1836][0.519685,0.291339,-0.80315][35.9476,-39.0179,0][0.868922,0.587538,-1.2302][0.488189,0.393701,-0.779528][35.9457,-39.0258,0][0.465042,0.588918,-1.4284][0.267717,0.354331,-0.897638][35.9709,-39.0257,0][0.441202,0.715038,-1.3818][0.299213,0.267717,-0.913386][35.9724,-39.0178,0][0.868922,0.587538,-1.2302][0.488189,0.393701,-0.779528][35.9457,-39.0258,0][1.43074,0.0407976,-1.092][0.708661,0.417323,-0.566929][35.9106,-39.06,0][1.00458,0.0407976,-1.4254][0.464567,0.401575,-0.787402][35.9372,-39.06,0][0.868922,0.587538,-1.2302][0.488189,0.393701,-0.779528][35.9457,-39.0258,0][1.00458,0.0407976,-1.4254][0.464567,0.401575,-0.787402][35.9372,-39.06,0][0.542744,0.0407976,-1.6206][0.23622,0.362205,-0.897638][35.9661,-39.06,0][0.465042,0.588918,-1.4284][0.267717,0.354331,-0.897638][35.9709,-39.0257,0][0.0027231,0.590398,-1.4794][-0.0314961,0.283465,-0.96063][35.9998,-39.0256,0][0.00190294,0.715798,-1.454][-0.0314961,0.149606,-0.984252][35.9999,-39.0178,0][-0.355938,0.213898,-1.585][-0.149606,0.393701,-0.905512][36.0222,-39.0491,0][-0.425616,0.590778,-1.3824][-0.291339,0.291339,-0.913386][36.0266,-39.0256,0][0.0027231,0.590398,-1.4794][-0.0314961,0.283465,-0.96063][35.9998,-39.0256,0][0.00190294,0.715798,-1.454][-0.0314961,0.149606,-0.984252][35.9999,-39.0178,0][0.0027231,0.590398,-1.4794][-0.0314961,0.283465,-0.96063][35.9998,-39.0256,0][-0.425616,0.590778,-1.3824][-0.291339,0.291339,-0.913386][36.0266,-39.0256,0][-0.640838,0.341018,-1.4502][-0.299213,0.472441,-0.826772][36.0401,-39.0412,0][-0.425616,0.590778,-1.3824][-0.291339,0.291339,-0.913386][36.0266,-39.0256,0][-0.355938,0.213898,-1.585][-0.149606,0.393701,-0.905512][36.0222,-39.0491,0][-0.870018,0.594758,-1.185][-0.472441,0.433071,-0.76378][36.0544,-39.0253,0][-0.640838,0.341018,-1.4502][-0.299213,0.472441,-0.826772][36.0401,-39.0412,0][-0.860618,0.431758,-1.2856][-0.393701,0.464567,-0.795276][36.0538,-39.0355,0][-1.06236,0.465198,-1.1704][-0.433071,0.669291,-0.606299][36.0664,-39.0334,0][-0.870018,0.594758,-1.185][-0.472441,0.433071,-0.76378][36.0544,-39.0253,0][-0.860618,0.431758,-1.2856][-0.393701,0.464567,-0.795276][36.0538,-39.0355,0][-0.870018,0.594758,-1.185][-0.472441,0.433071,-0.76378][36.0544,-39.0253,0][-0.425616,0.590778,-1.3824][-0.291339,0.291339,-0.913386][36.0266,-39.0256,0][-0.640838,0.341018,-1.4502][-0.299213,0.472441,-0.826772][36.0401,-39.0412,0][-0.831018,0.717658,-1.1624][-0.559055,0.212598,-0.795276][36.0519,-39.0176,0][-0.870018,0.594758,-1.185][-0.472441,0.433071,-0.76378][36.0544,-39.0253,0][-1.21658,0.596378,-0.8646][-0.543307,0.716535,-0.440945][36.076,-39.0252,0][-0.00383722,0.741758,1.1708][0.00787402,-0.661417,-0.748031][36.0002,-39.0161,0][-0.363678,0.741758,1.1136][0.220472,-0.645669,-0.724409][36.0227,-39.0161,0][-0.256738,0.998278,0.9888][0.15748,-0.779528,-0.606299][36.016,-39.0001,0][-0.363678,0.741758,1.1136][0.220472,-0.645669,-0.724409][36.0227,-39.0161,0][-0.519178,0.973358,0.917][0.377953,-0.732283,-0.574803][36.0325,-39.0017,0][-0.256738,0.998278,0.9888][0.15748,-0.779528,-0.606299][36.016,-39.0001,0][-0.00383722,0.741758,1.1708][0.00787402,-0.661417,-0.748031][36.0002,-39.0161,0][-0.256738,0.998278,0.9888][0.15748,-0.779528,-0.606299][36.016,-39.0001,0][0.0064224,1.00642,1.0272][0,-0.771654,-0.637795][35.9996,-38.9996,0][-0.00383722,0.741758,1.1708][0.00787402,-0.661417,-0.748031][36.0002,-39.0161,0][0.0064224,1.00642,1.0272][0,-0.771654,-0.637795][35.9996,-38.9996,0][0.269362,1.00084,0.9888][-0.15748,-0.771654,-0.614173][35.9832,-38.9999,0][0.680942,0.741758,0.943][-0.464567,-0.645669,-0.606299][35.9574,-39.0161,0][0.820262,0.898878,0.684][-0.598425,-0.669291,-0.448819][35.9487,-39.0063,0][0.941222,0.741758,0.6882][-0.551181,-0.708661,-0.440945][35.9412,-39.0161,0][0.358024,0.741758,1.1136][-0.228346,-0.653543,-0.716535][35.9776,-39.0161,0][0.269362,1.00084,0.9888][-0.15748,-0.771654,-0.614173][35.9832,-38.9999,0][0.531062,0.978458,0.917][-0.385827,-0.716535,-0.582677][35.9668,-39.0013,0][-0.00383722,0.741758,1.1708][0.00787402,-0.661417,-0.748031][36.0002,-39.0161,0][0.269362,1.00084,0.9888][-0.15748,-0.771654,-0.614173][35.9832,-38.9999,0][0.358024,0.741758,1.1136][-0.228346,-0.653543,-0.716535][35.9776,-39.0161,0][-0.630258,0.307798,1.4038][0.283465,-0.496063,-0.818898][36.0394,-39.0433,0][-0.785098,0.567458,1.1544][0.370079,-0.685039,-0.622047][36.0491,-39.027,0][-0.421858,0.567458,1.318][0.220472,-0.637795,-0.740157][36.0264,-39.027,0][-0.363678,0.741758,1.1136][0.220472,-0.645669,-0.724409][36.0227,-39.0161,0][-0.687318,0.741758,0.9472][0.456693,-0.669291,-0.590551][36.043,-39.0161,0][-0.519178,0.973358,0.917][0.377953,-0.732283,-0.574803][36.0325,-39.0017,0][-0.843818,0.396458,1.243][0.362205,-0.527559,-0.771654][36.0527,-39.0377,0][-1.03936,0.427738,1.1314][0.393701,-0.740157,-0.551181][36.065,-39.0358,0][-0.785098,0.567458,1.1544][0.370079,-0.685039,-0.622047][36.0491,-39.027,0][-0.630258,0.307798,1.4038][0.283465,-0.496063,-0.818898][36.0394,-39.0433,0][-0.843818,0.396458,1.243][0.362205,-0.527559,-0.771654][36.0527,-39.0377,0][-0.785098,0.567458,1.1544][0.370079,-0.685039,-0.622047][36.0491,-39.027,0][0.358024,0.741758,1.1136][-0.228346,-0.653543,-0.716535][35.9776,-39.0161,0][0.531062,0.978458,0.917][-0.385827,-0.716535,-0.582677][35.9668,-39.0013,0][0.680942,0.741758,0.943][-0.464567,-0.645669,-0.606299][35.9574,-39.0161,0][1.17262,0.567458,0.8262][-0.590551,-0.661417,-0.456693][35.9267,-39.027,0][1.39724,0.0125183,1.0642][-0.669291,-0.503937,-0.551181][35.9127,-39.0617,0][0.989862,0.0125183,1.3808][-0.448819,-0.488189,-0.748031][35.9381,-39.0617,0][0.818004,0.567458,1.1268][-0.425197,-0.645669,-0.629921][35.9489,-39.027,0][0.989862,0.0125183,1.3808][-0.448819,-0.488189,-0.748031][35.9381,-39.0617,0][0.542642,0.0125183,1.5692][-0.244094,-0.433071,-0.866142][35.9661,-39.0617,0][-0.345938,0.182678,1.5352][0.125984,-0.417323,-0.897638][36.0216,-39.0511,0][-0.630258,0.307798,1.4038][0.283465,-0.496063,-0.818898][36.0394,-39.0433,0][-0.421858,0.567458,1.318][0.220472,-0.637795,-0.740157][36.0264,-39.027,0][-0.345938,0.182678,1.5352][0.125984,-0.417323,-0.897638][36.0216,-39.0511,0][-0.421858,0.567458,1.318][0.220472,-0.637795,-0.740157][36.0264,-39.027,0][0.00204312,0.567458,1.4054][0,-0.606299,-0.795276][35.9999,-39.027,0][1.17262,0.567458,0.8262][-0.590551,-0.661417,-0.456693][35.9267,-39.027,0][0.989862,0.0125183,1.3808][-0.448819,-0.488189,-0.748031][35.9381,-39.0617,0][0.818004,0.567458,1.1268][-0.425197,-0.645669,-0.629921][35.9489,-39.027,0][0.434382,0.567458,1.3366][-0.244094,-0.614173,-0.755906][35.9729,-39.027,0][0.542642,0.0125183,1.5692][-0.244094,-0.433071,-0.866142][35.9661,-39.0617,0][-0.00075686,0.0125183,1.6192][-0.0393701,-0.370079,-0.929134][36,-39.0617,0][0.818004,0.567458,1.1268][-0.425197,-0.645669,-0.629921][35.9489,-39.027,0][0.542642,0.0125183,1.5692][-0.244094,-0.433071,-0.866142][35.9661,-39.0617,0][0.434382,0.567458,1.3366][-0.244094,-0.614173,-0.755906][35.9729,-39.027,0][0.434382,0.567458,1.3366][-0.244094,-0.614173,-0.755906][35.9729,-39.027,0][-0.00075686,0.0125183,1.6192][-0.0393701,-0.370079,-0.929134][36,-39.0617,0][0.00204312,0.567458,1.4054][0,-0.606299,-0.795276][35.9999,-39.027,0][-0.00075686,0.0125183,1.6192][-0.0393701,-0.370079,-0.929134][36,-39.0617,0][-0.105597,0.0456576,1.6014][0.0472441,-0.362205,-0.929134][36.0066,-39.0596,0][0.00204312,0.567458,1.4054][0,-0.606299,-0.795276][35.9999,-39.027,0][-0.345938,0.182678,1.5352][0.125984,-0.417323,-0.897638][36.0216,-39.0511,0][0.00204312,0.567458,1.4054][0,-0.606299,-0.795276][35.9999,-39.027,0][-0.105597,0.0456576,1.6014][0.0472441,-0.362205,-0.929134][36.0066,-39.0596,0]